                        ; ==============================================================================
                        ; RCA 1802/1806 Chess Engine - Complete Assembly
                        ; ==============================================================================
                        ; Auto-generated by build.sh
                        ; Target: RCA 1806 @ 12 MHz, 32KB RAM
                        ; ==============================================================================
                        
   0000                     ORG $0000
                            CPU 1805        ; Enable CDP1806 extended opcodes (RLDI, DBNZ, etc.)
                        
                        ; Entry point - jump to main program
   0000   c0 5f 63          LBR START
                        
                        ; ==============================================================================
                        ; Build Configuration (preprocessed)
                        ; ==============================================================================
                        ; ==============================================================================
                        ; RCA 1802/1806 Chess Engine - Build Configuration  
                        ; ==============================================================================
                        ; Edit the #define lines below to configure your build
                        ; This file is preprocessed with cpp before assembly
                        ; ==============================================================================
                        
                        ; ==============================================================================
                        ; SERIAL I/O CONFIGURATION
                        ; ==============================================================================
                        
                        ; Uncomment ONE: USE_BIOS, USE_UART, or USE_BITBANG
                        
                        
                        
   0001                 USE_BIOS        EQU 1
   0000                 USE_UART        EQU 0
   0000                 USE_BITBANG     EQU 0
                        
                        ; ------------------------------------------------------------------------------
                        ; EF Line Selection for Bit-Bang Serial
                        ; ------------------------------------------------------------------------------
                        ; Uncomment ONE: CFG_USE_EF1, CFG_USE_EF2, CFG_USE_EF3, or CFG_USE_EF4
                        
                        
                        
                        
   0000                 USE_EF1 EQU 0
                        
   0000                 USE_EF2 EQU 0
                        
   0001                 USE_EF3 EQU 1
                        
   0000                 USE_EF4 EQU 0
                        
                        ; ==============================================================================
                        ; SERIAL PARAMETERS
                        ; ==============================================================================
                        ; Membership Card: 1.75 MHz clock, 9600 baud
                        ; Uses Chuck's proven serial I/O routine (serial-io-9600.asm)
                        ; R14.0 delay counter = 2 on entry (decremented to 1 for 9600 baud)
   2580                 BAUD_RATE   EQU 9600
                        ; CPU_CLOCK = 1.75 MHz (Membership Card) - comment only, not used in code
                        
                        ; Note: The serial-io-9600.asm uses inline delays with NOPs and the
                        ; SMI 01H / BNZ loop structure. These values are for reference only.
                        ; The actual timing is built into the proven routine.
   0002                 BIT_DELAY   EQU 2       ; R14.0 value for 9600 baud (Chuck's routine)
   0001                 HALF_DELAY  EQU 1       ; Not used by Chuck's routine     
                        
                        ; UART ports
   0001                 UART_DATA   EQU $01     
   0002                 UART_STATUS EQU $02     
   0001                 UART_RX_RDY EQU $01     
   0002                 UART_TX_RDY EQU $02     
                        
                        ; ==============================================================================
                        ; SYSTEM CONFIGURATION
                        ; ==============================================================================
   0000                 CODE_START  EQU $0000   
   7fff                 STACK_TOP   EQU $7FFF   
   5000                 BOARD_BASE  EQU $5000   
   5080                 STATE_BASE  EQU $5080   
                        
                        ; ==============================================================================
                        ; SEARCH CONFIGURATION
                        ; ==============================================================================
   0006                 DEFAULT_DEPTH   EQU 6   
   000c                 MAX_DEPTH       EQU 12  
                        
                        ; ==============================================================================
                        ; DEBUGGING OPTIONS
                        ; ==============================================================================
                        
                        
                        
                        
   0000                 DEBUG_NODES EQU 0
                        
   0000                 DEBUG_MOVES EQU 0
                        
   0000                 DEBUG_EVAL EQU 0
                        
                        ; ==============================================================================
                        ; OPTIMIZATION OPTIONS
                        ; ==============================================================================
                        
                        
                        
                            
                        
                        
   0000                 USE_TRANSPOSITION_TABLE EQU 0
                        
   0000                 USE_OPENING_BOOK EQU 0
                        
   0000                 USE_PST EQU 0
                        
   0000                 USE_KILLER_MOVES EQU 0
                        
   0000                 USE_HISTORY EQU 0
                        
                        ; ==============================================================================
                        ; EMULATOR-SPECIFIC SETTINGS
                        ; ==============================================================================
                        
                        
                        
                        
                        
   0000                 EMU1802 EQU 0
                        
   0000                 EMMA02 EQU 0
                        
   0000                 COSMAC_ELF_SIM EQU 0
                        
   0000                 FAST_EMU_SERIAL EQU 0
                        
                        ; ==============================================================================
                        ; VALIDATION
                        ; ==============================================================================
                        
                        
                        ; ==============================================================================
                        ; End of Configuration
                        ; ==============================================================================
                        
                        ; ==============================================================================
                        ; Module: Support Routines (16-bit arithmetic)
                        ; ==============================================================================
                        ; ==============================================================================
                        ; SERIAL I/O MODULE - RCA 1802/1806
                        ; Supports two modes via compile-time 1 define:
                        ; - 1 mode: Uses 1 entry points (F_TYPE, F_READ, F_MSG)
                        ; - Standalone mode: Chuck Yakym's 9600 baud bit-bang routines
                        ;
                        ; For use with Mark Abene's SCRT implementation (R4=CALL, R5=RET, R2=stack)
                        ; ==============================================================================
                        ;
                        ; ROUTINES:
                        ; SERIAL_READ_CHAR - Read character, returns in D
                        ; SERIAL_WRITE_CHAR - Write character from D
                        ; SERIAL_PRINT_STRING - Print null-terminated string, R15 = pointer
                        ; SERIAL_PRINT_HEX - Print byte as 2 hex digits, D = byte
                        ; SERIAL_READ_LINE - Read line with echo, R8 = buffer, R9.0 = max length
                        ;
                        ; REGISTER USAGE:
                        ; R7 - Buffer pointer (READ_LINE internal - copies from R8 to preserve R8)
                        ; R8 - Buffer pointer input (READ_LINE), preserved for caller
                        ; R9 - R9.0 = max length, R9.1 = count (READ_LINE only)
                        ; NOTE: R9 is NOT used by PRINT_HEX - it's the move list pointer!
                        ; R10 - Temp storage (READ_LINE)
                        ; R11 - Serial shift register (standalone mode only)
                        ; R13 - Saved/restored by output routine
                        ; R14 - 1: R14.1 = baud constant (DO NOT TOUCH), R14.0 clobbered by F_TYPE
                        ; PRINT_HEX uses R14.0 for temp (already clobbered by F_TYPE anyway)
                        ; Standalone: R14.0 = baud rate delay counter
                        ; R15 - 1: Used by F_MSG for string pointer
                        ; Standalone: Bit counter (output routine)
                        ;
                        ; IMPORTANT: R9 is reserved for NEGAMAX move list pointer - never clobber!
                        ;
                        ; REQUIRES:
                        ; - SCRT initialized (R4 = CALL, R5 = RET)
                        ; - Stack pointer set (R2)
                        ; - Standalone mode: Q set to idle state (REQ) before first use
                        ;
                        ; ==============================================================================
                        ; ==============================================================================
                        ; 1 I/O Entry Points
                        ; ==============================================================================
   ff03                 F_TYPE EQU $FF03 ; Output character in D
   ff06                 F_READ EQU $FF06 ; Read character into D (with echo)
   ff09                 F_MSG EQU $FF09 ; Output string pointed to by R15
   ff60                 F_UINTOUT EQU $FF60 ; Convert R13 (16-bit unsigned) to ASCII at R15, R15 left at end
                        ; ==============================================================================
                        ; SERIAL_READ_LINE / SERIAL_PRINT_HEX / SERIAL_PRINT_NIBBLE - REMOVED 2026-06-30:
                        ; dead in the 1 build (zero call-sites). SERIAL_READ_LINE was superseded by
                        ; UCI_READ_LINE; PRINT_HEX/_NIBBLE were debug-only (not called in the regular
                        ; build). Reclaimed ~128 bytes for the queen-mobility eval term. Live serial
                        ; routines (SERIAL_READ_CHAR / SERIAL_WRITE_CHAR / SERIAL_PRINT_STRING) are the
                        ; 1 thin-wrappers below.
                        ; ==============================================================================
                        ; ==============================================================================
                        ; 1 MODE - Thin wrappers around 1 entry points
                        ; ==============================================================================
                        ; ==============================================================================
                        ; SERIAL_PRINT_STRING - Print null-terminated string
                        ; Input: R15 = pointer to null-terminated string (F_MSG uses R15 directly)
                        ; NOTE: Caller must load R15 directly - R8 is NOT used!
                        ; ==============================================================================
   0003                 SERIAL_PRINT_STRING:
   0003   d4                SEP 4
   0004   ff 09             DW F_MSG ; Call 1 string output (uses R15)
   0006   d5                SEP 5 ; Return
                        ; ==============================================================================
                        ; SERIAL_READ_CHAR - Read character from console
                        ; Returns: D = character (with echo, handled by 1)
                        ; ==============================================================================
   0007                 SERIAL_READ_CHAR:
   0007   d4                SEP 4
   0008   ff 06             DW F_READ ; Call 1 read (includes echo)
   000a   d5                SEP 5 ; Return
                        ; ==============================================================================
                        ; SERIAL_WRITE_CHAR - Write character to console
                        ; Input: D = character to send
                        ; Note: R14.0 is clobbered, R14.1 (baud constant) preserved by 1
                        ; ==============================================================================
   000b                 SERIAL_WRITE_CHAR:
   000b   d4                SEP 4
   000c   ff 03             DW F_TYPE ; Call 1 character output
   000e   d5                SEP 5 ; Return
                        ; ==============================================================================
                        ; END OF SERIAL I/O MODULE
                        ; ==============================================================================
                        ; ==============================================================================
                        ; RCA 1802/1806 Chess Engine - Support Routines
                        ; ==============================================================================
                        ; 16-bit arithmetic helpers.
                        ;
                        ; All routines except NEG16_R7 REMOVED 2026-06-04 — zero external call-sites
                        ; (the engine inlines its 16-bit add/sub/compare, and loads immediates with the
                        ; native 1806 RLDI). Reclaimed for SEE. Removed set: NEG16, ADD16, SUB16,
                        ; CMP16_S, CMP16_U, SWAP16, LOAD16_R6/R7/R8, MIN16_S/MIN16_R7, MAX16_S/MAX16_R6,
                        ; and the unused INFINITY/NEG_INF EQUs.
                        ; ==============================================================================
                        
                        ; ------------------------------------------------------------------------------
                        ; NEG16_R7 - Negate 16-bit value in R7 (two's complement)
                        ; ------------------------------------------------------------------------------
                        ; Input:  R7 = 16-bit value to negate
                        ; Output: R7 = negated value
                        ; Uses:   D (accumulator)
                        ; ------------------------------------------------------------------------------
   000f                 NEG16_R7:
   000f   87                GLO 7
   0010   fd 00             SDI 0
   0012   a7                PLO 7
   0013   97                GHI 7
   0014   7d 00             SDBI 0
   0016   b7                PHI 7
   0017   d5                RETN
                        
                        ; ==============================================================================
                        ; End of Support Routines
                        ; ==============================================================================
                        ; ==============================================================================
                        ; RCA 1802/1806 Chess Engine - Stack Management Utilities
                        ; ==============================================================================
                        ; Register save/restore for recursion
                        ; Stack grows downward from $7FFF
                        ; 2 is the stack pointer (X register)
                        ; ==============================================================================
                        
                        ; ------------------------------------------------------------------------------
                        ; Stack Frame for Negamax Recursion
                        ; ------------------------------------------------------------------------------
                        ; Each recursive call saves:
                        ;   6  (alpha)          - 2 bytes
                        ;   7  (beta)           - 2 bytes
                        ;   8  (best score)     - 2 bytes
                        ;   9  (move list ptr)  - 2 bytes
                        ;   B  (current move)   - 2 bytes
                        ;   C  (color)          - 2 bytes
                        ;   Return address       - 2 bytes
                        ; NOTE: R5 is SRET in BIOS mode - DO NOT save/restore!
                        ; NOTE: Depth is now in memory at SEARCH_DEPTH, not R5
                        ; ------------------------------------------------------------------------------
                        ; Total: 14 bytes per recursion level
                        ; At 6 ply depth: 84 bytes maximum
                        ; Stack working area: 1.25KB ($7B00-$7FFF). Shrunk 2026-04-28 from $7800-$7FFF
                        ; (2KB) to make room for MOVE_LIST relocation (5-ply expansion). Worst-case
                        ; observed usage <300 bytes including SCRT and QS, so 1.25KB has ~4× margin.
                        ; ------------------------------------------------------------------------------
                        
                        ; ------------------------------------------------------------------------------
                        ; INIT_STACK - Initialize stack pointer
                        ; ------------------------------------------------------------------------------
                        ; Call this once at program startup
                        ; Sets 2 to $7FFF (top of 32KB RAM)
                        ; ------------------------------------------------------------------------------
                        ; INIT_STACK - REMOVED 2026-06-04: zero call-sites (BIOS/main sets R2 stack
                        ;   top); reclaimed for SEE.
                        
                        ; ------------------------------------------------------------------------------
                        ; PUSH16_R{7,8,9,B,C} / POP16_R{7,8,9,B,C} - REMOVED 2026-06-26: zero call-sites
                        ;   (referenced only in their own comments). Leftover from before the engine moved
                        ;   to memory-based context saving (ply-state array + LOOP_MOVE_PTR/CNT). Reclaimed
                        ;   55 bytes ($0098-$00CE) for the endgame-eval Fix A1 knight-count work.
                        ;   (R5/R6 variants were never created: R5=SRET, R6=SCRT linkage.)
                        ; ------------------------------------------------------------------------------
                        ; SAVE_SEARCH_CONTEXT / RESTORE_SEARCH_CONTEXT - REMOVED (Dec 28, 2025)
                        ; ------------------------------------------------------------------------------
                        ; The stack-based save/restore caused endless problems with SCRT interference:
                        ;   - Bug #4: RESTORE popping SCRT linkage as context
                        ;   - Bug #5: SAVE corrupting R6 on return
                        ;   - Bug #6: Can't modify R3 while P=3 (required trampoline hack)
                        ;
                        ; Replaced with ply-indexed state arrays (SAVE_PLY_STATE / RESTORE_PLY_STATE).
                        ; This approach uses fixed memory at PLY_STATE_BASE + (ply × 10), completely
                        ; avoiding stack manipulation. System stack is now only used for SCRT linkage.
                        ; ------------------------------------------------------------------------------
                        
                        ; ==============================================================================
                        ; PLY-INDEXED STATE MANAGEMENT (Replaces stack-based SAVE/RESTORE)
                        ; ==============================================================================
                        ; These functions use a fixed memory array indexed by CURRENT_PLY.
                        ; No stack manipulation = no SCRT interference!
                        ; ==============================================================================
                        
                        ; ------------------------------------------------------------------------------
                        ; SAVE_PLY_STATE - Save registers to ply-indexed state array
                        ; ------------------------------------------------------------------------------
                        ; Saves R7, R8, R9, R11, R12 to PLY_STATE_BASE + (CURRENT_PLY × 10)
                        ; Uses: R10, R13 (clobbered)
                        ; ------------------------------------------------------------------------------
   0018                 SAVE_PLY_STATE:
                            ; Get current ply and calculate frame address
   0018   68 ca 64 48       RLDI 10, CURRENT_PLY
   001c   0a                LDN 10              ; D = current ply (0-7)
                            ; --- PLY ASSERTION (2026-07-07 crash hunt): ply must be 0-7 here (the
                            ; NEGAMAX entry guard returns before any per-ply access at ply >= 8). A
                            ; larger value = CURRENT_PLY corruption (it neighbors SCORE_LO at $6447)
                            ; or drift -> the frame math would read/write OUTSIDE $6450-$649F, which
                            ; is the leading theory for the 7/3 wild-jump crash. Hard-trap into the
                            ; ROM monitor via MARK/SEP 1 with LIVE registers.
   001d   ff 08             SMI 8               ; D = ply - 8
   001f   cb 00 24          LBNF SPS_PLY_OK          ; ply <= 7 -> fine
   0022   79                MARK
   0023   d1                SEP 1               ; corrupt ply: breakpoint with full state
   0024                 SPS_PLY_OK:
   0024   0a                LDN 10              ; reload D = ply (assertion clobbered it)
                        
                            ; Multiply ply by 10: ×10 = ×8 + ×2
                            ; Use stack for temp storage (push then immediate pop - net zero change)
   0025   bd                PHI 13              ; R13.1 = ply (save original)
   0026   fe                SHL                 ; D = ply × 2
   0027   fe                SHL                 ; D = ply × 4
   0028   fe                SHL                 ; D = ply × 8
   0029   73                STXD                ; Push ply×8 to stack (R2 decremented)
   002a   9d                GHI 13              ; D = ply (original)
   002b   fe                SHL                 ; D = ply × 2
   002c   60                IRX                 ; Point R2 back at ply×8
   002d   f4                ADD                 ; D = ply×2 + ply×8 = ply × 10 (R2 unchanged)
                        
                            ; Add to base address: R10 = PLY_STATE_BASE + offset
   002e   fc 50             ADI LOW(PLY_STATE_BASE)
   0030   aa                PLO 10
   0031   f8 64             LDI HIGH(PLY_STATE_BASE)
   0033   7c 00             ADCI 0              ; Add carry if any
   0035   ba                PHI 10              ; R10 = frame address
                        
                            ; Store registers (high byte first for big-endian consistency)
   0036   97                GHI 7
   0037   5a                STR 10
   0038   1a                INC 10
   0039   87                GLO 7
   003a   5a                STR 10
   003b   1a                INC 10
                        
   003c   98                GHI 8
   003d   5a                STR 10
   003e   1a                INC 10
   003f   88                GLO 8
   0040   5a                STR 10
   0041   1a                INC 10
                        
   0042   99                GHI 9
   0043   5a                STR 10
   0044   1a                INC 10
   0045   89                GLO 9
   0046   5a                STR 10
   0047   1a                INC 10
                        
   0048   9b                GHI 11
   0049   5a                STR 10
   004a   1a                INC 10
   004b   8b                GLO 11
   004c   5a                STR 10
   004d   1a                INC 10
                        
   004e   9c                GHI 12
   004f   5a                STR 10
   0050   1a                INC 10
   0051   8c                GLO 12
   0052   5a                STR 10
                        
   0053   d5                RETN
                        
                        ; ------------------------------------------------------------------------------
                        ; RESTORE_PLY_STATE - Restore registers from ply-indexed state array
                        ; ------------------------------------------------------------------------------
                        ; Restores R7, R8, R9, R11, R12 from PLY_STATE_BASE + (CURRENT_PLY × 10)
                        ; Uses: R10, R13 (clobbered)
                        ; ------------------------------------------------------------------------------
   0054                 RESTORE_PLY_STATE:
                            ; Get current ply and calculate frame address
   0054   68 ca 64 48       RLDI 10, CURRENT_PLY
   0058   0a                LDN 10              ; D = current ply (0-7)
                            ; --- PLY ASSERTION (2026-07-07 crash hunt): ply must be 0-7 here (the
                            ; NEGAMAX entry guard returns before any per-ply access at ply >= 8). A
                            ; larger value = CURRENT_PLY corruption (it neighbors SCORE_LO at $6447)
                            ; or drift -> the frame math would read/write OUTSIDE $6450-$649F, which
                            ; is the leading theory for the 7/3 wild-jump crash. Hard-trap into the
                            ; ROM monitor via MARK/SEP 1 with LIVE registers.
   0059   ff 08             SMI 8               ; D = ply - 8
   005b   cb 00 60          LBNF RPS_PLY_OK          ; ply <= 7 -> fine
   005e   79                MARK
   005f   d1                SEP 1               ; corrupt ply: breakpoint with full state
   0060                 RPS_PLY_OK:
   0060   0a                LDN 10              ; reload D = ply (assertion clobbered it)
                        
                            ; Multiply ply by 10: ×10 = ×8 + ×2
                            ; Use stack for temp storage (push then immediate pop - net zero change)
   0061   bd                PHI 13              ; R13.1 = ply (save original)
   0062   fe                SHL                 ; D = ply × 2
   0063   fe                SHL                 ; D = ply × 4
   0064   fe                SHL                 ; D = ply × 8
   0065   73                STXD                ; Push ply×8 to stack (R2 decremented)
   0066   9d                GHI 13              ; D = ply (original)
   0067   fe                SHL                 ; D = ply × 2
   0068   60                IRX                 ; Point R2 back at ply×8
   0069   f4                ADD                 ; D = ply×2 + ply×8 = ply × 10 (R2 unchanged)
                        
                            ; Add to base address: R10 = PLY_STATE_BASE + offset
   006a   fc 50             ADI LOW(PLY_STATE_BASE)
   006c   aa                PLO 10
   006d   f8 64             LDI HIGH(PLY_STATE_BASE)
   006f   7c 00             ADCI 0              ; Add carry if any
   0071   ba                PHI 10              ; R10 = frame address
                        
                            ; Load registers (high byte first for big-endian consistency)
   0072   4a                LDA 10
   0073   b7                PHI 7
   0074   4a                LDA 10
   0075   a7                PLO 7
                        
   0076   4a                LDA 10
   0077   b8                PHI 8
   0078   4a                LDA 10
   0079   a8                PLO 8
                        
   007a   4a                LDA 10
   007b   b9                PHI 9
   007c   4a                LDA 10
   007d   a9                PLO 9
                        
   007e   4a                LDA 10
   007f   bb                PHI 11
   0080   4a                LDA 10
   0081   ab                PLO 11
                        
   0082   4a                LDA 10
   0083   bc                PHI 12
   0084   0a                LDN 10
   0085   ac                PLO 12
                        
   0086   d5                RETN
                        
                        ; ------------------------------------------------------------------------------
                        ; SAVE_PARTIAL - REMOVED: R6 is SCRT linkage, alpha/beta now memory-based
                        ; ------------------------------------------------------------------------------
                        ; SAVE_ALPHA_BETA and RESTORE_ALPHA_BETA removed - they used R6 which is
                        ; corrupted by every CALL. Alpha/beta are now stored in memory (ALPHA_LO/HI,
                        ; BETA_LO/HI) and saved/restored inline in negamax.asm.
                        ; ------------------------------------------------------------------------------
                        
                        ; SAVE_ALPHA_BETA - REMOVED: R6 is SCRT linkage, alpha/beta now memory-based
                        ; RESTORE_ALPHA_BETA - REMOVED: R6 is SCRT linkage, alpha/beta now memory-based
                        ; SAVE_DEPTH_COLOR - REMOVED: R5 is SRET, depth is now in memory (SEARCH_DEPTH)
                        ; RESTORE_DEPTH_COLOR - REMOVED: R5 is SRET, depth is now in memory (SEARCH_DEPTH)
                        
                        ; ------------------------------------------------------------------------------
                        ; Stack Utilities
                        ; ------------------------------------------------------------------------------
                        
                        ; PUSH_BYTE / POP_BYTE / GET_STACK_DEPTH - REMOVED 2026-06-04: zero call-sites;
                        ;   reclaimed for SEE. (Byte push/pop is inlined via STXD/IRX-LDXA at use sites;
                        ;   stack depth was a dev-only diagnostic.)
                        
                        ; ------------------------------------------------------------------------------
                        ; DEBUG: Stack overflow check (optional, for development)
                        ; ------------------------------------------------------------------------------
                        ; Call periodically to ensure stack hasn't overflowed into other memory
                        ; Checks if 2 < $7B00 (bottom of 1.25KB stack area; below = MOVE_LIST at $7800)
                        ; If overflow detected, could halt or set error flag
                        ; ------------------------------------------------------------------------------
   0087                 CHECK_STACK_OVERFLOW:
   0087   92                GHI 2
   0088   ff 7d             SMI $7D             ; Compare with $7D
   008a   c3 00 95          LBDF STACK_OK       ; If DF=1, R2.HI >= $7D, OK (no overflow)
                            ; Stack pointer below $7D00 — would corrupt XMODEM ($7C00-$7CFF)
                            ; or, if deeper, MOVE_LIST ($7800-$7A7F). System state at this point
                            ; is unsafe; allowing execution to continue produces garbage I/O and
                            ; runaway corruption (observed 2026-05-15 match crash).
                            ;
                            ; Memory map with XMODEM resident:
                            ;   $7800-$7A7F  MOVE_LIST (640 B, 5 plies × 128)
                            ;   $7A80-$7AFF  gap (zeroed by WORKSPACE_CLEAR)
                            ;   $7B00-$7BFF  unused buffer between MOVE_LIST and XMODEM
                            ;   $7C00-$7CFF  XMODEM reserved — DO NOT TOUCH
                            ;   $7D00-$7FFF  stack working zone (768 B usable)
                            ;
                            ; Record R2.HI to flag byte so it's recoverable via memory dump after
                            ; the trap, then hard-halt via MARK + SEP 1. MARK saves X:P; SEP 1
                            ; transfers control to R1 (BIOS monitor). No info-string emit attempt
                            ; — emitting via the corrupted stack would garble the UART output and
                            ; mask the real failure (changed 2026-05-16).
   008d   68 ca 64 ee       RLDI 10, STACK_OVERFLOW_FLAG    ; RLDI clobbers D, must precede GHI 2
   0091   92                GHI 2
   0092   5a                STR 10              ; STACK_OVERFLOW_FLAG = R2.HI (for post-mortem)
   0093   79                MARK                ; Save X:P to memory (1802 monitor-trap convention)
   0094   d1                SEP 1               ; Hard halt → R1 (BIOS monitor entry)
   0095                 STACK_OK:
   0095   d5                RETN
                        
                        ; ==============================================================================
                        ; End of Stack Management
                        ; ==============================================================================
                        ; ==============================================================================
                        ; RCA 1802/1806 Chess Engine - Board Module (0x88 Representation)
                        ; ==============================================================================
                        ; 0x88 board uses 128 bytes where valid squares have (index & 0x88) == 0
                        ; This simplifies boundary checking - invalid moves wrap to invalid squares
                        ; ==============================================================================
                        
                        ; ------------------------------------------------------------------------------
                        ; Piece Encoding (3-bit type + 1-bit color in bit 3)
                        ; ------------------------------------------------------------------------------
                        ; Bits 0-2: Piece type (0-6)
                        ; Bit 3:    Color (0=white, 1=black)
                        ; Bits 4-7: Unused
                        ; ------------------------------------------------------------------------------
   0000                 EMPTY       EQU $00
                        
                        ; White pieces (bit 3 = 0)
   0001                 W_PAWN      EQU $01
   0002                 W_KNIGHT    EQU $02
   0003                 W_BISHOP    EQU $03
   0004                 W_ROOK      EQU $04
   0005                 W_QUEEN     EQU $05
   0006                 W_KING      EQU $06
                        
                        ; Black pieces (bit 3 = 1)
   0009                 B_PAWN      EQU $09     ; $01 + $08
   000a                 B_KNIGHT    EQU $0A     ; $02 + $08
   000b                 B_BISHOP    EQU $0B     ; $03 + $08
   000c                 B_ROOK      EQU $0C     ; $04 + $08
   000d                 B_QUEEN     EQU $0D     ; $05 + $08
   000e                 B_KING      EQU $0E     ; $06 + $08
                        
                        ; Masks
   0008                 COLOR_MASK  EQU $08     ; Bit 3 indicates color
   0007                 PIECE_MASK  EQU $07     ; Bits 0-2 are piece type
   0000                 WHITE       EQU $00     ; White side value
   0008                 BLACK       EQU $08     ; Black side value
                        
                        ; Piece types (without color)
   0001                 PAWN_TYPE   EQU 1
   0002                 KNIGHT_TYPE EQU 2
   0003                 BISHOP_TYPE EQU 3
   0004                 ROOK_TYPE   EQU 4
   0005                 QUEEN_TYPE  EQU 5
   0006                 KING_TYPE   EQU 6
                        
                        ; ------------------------------------------------------------------------------
                        ; Memory Layout - ALL engine data consolidated at $6000
                        ; ------------------------------------------------------------------------------
                        ; Total: ~4096 bytes ($6000-$6FFF)
                        ;
                        ; Board and game data: $6000-$63FF
   6000                 BOARD       EQU $6000   ; 128 bytes - 0x88 board array ($6000-$607F)
   6080                 GAME_STATE  EQU $6080   ; Game state structure (16 bytes) ($6080-$608F)
   6090                 MOVE_HIST   EQU $6090   ; Move history for undo (256 bytes) ($6090-$618F)
                        ; MOVE_LIST relocated 2026-04-28 from $6200 (512B / 4 plies) to $7800 (640B / 5
                        ; plies) to support adaptive IDS extension to depth 5. Stack working area
                        ; correspondingly shrunk from $7800-$7FFF (2KB) to $7B00-$7FFF (1.25KB) — still
                        ; ~4× peak observed usage. See CHECK_STACK_OVERFLOW guard update in stack.asm.
   7800                 MOVE_LIST   EQU $7800   ; Ply-indexed move lists (640 bytes) ($7800-$7A7F)
                                                ; Each ply gets 128 bytes (64 moves max): ply×128 + $6200
   6780                 QS_MOVE_LIST EQU $6780  ; Quiescence moves (128 bytes) ($6780-$67FF) - 64 captures max
                        
                        ; ------------------------------------------------------------------------------
                        ; Engine Variables: $6400-$64FF
                        ; ------------------------------------------------------------------------------
                        ; Move history pointer and temps
   6400                 HISTORY_PTR EQU $6400   ; 2 bytes - current history pointer ($6400-$6401)
   6402                 MOVE_FROM   EQU $6402   ; 1 byte - move from square (temp)
   6403                 MOVE_TO     EQU $6403   ; 1 byte - move to square (temp)
   6404                 UNDO_PROMOTION  EQU $6404   ; 1 byte - promotion piece type (Q=5,R=4,B=3,N=2) or 0
                        
                        ; Move encoding temps (avoiding R14 - BIOS uses it)
   6405                 DECODED_FLAGS   EQU $6405   ; 1 byte - flags from DECODE_MOVE_16BIT
   6406                 MOVE_FLAGS_TEMP EQU $6406   ; 1 byte - flags for ENCODE_MOVE_16BIT
   6407                 GM_SCAN_IDX     EQU $6407   ; 1 byte - board scan index for movegen
                        
                        ; Undo information for make/unmake move (MUST be in RAM, not ROM!)
   6408                 UNDO_CAPTURED   EQU $6408   ; 1 byte - captured piece (or EMPTY)
   6409                 UNDO_FROM       EQU $6409   ; 1 byte - from square
   640a                 UNDO_TO         EQU $640A   ; 1 byte - to square
   640b                 UNDO_CASTLING   EQU $640B   ; 1 byte - previous castling rights
   640c                 UNDO_EP         EQU $640C   ; 1 byte - previous en passant square
   640d                 UNDO_HALFMOVE   EQU $640D   ; 1 byte - previous halfmove clock
                        
                        ; Search state (aligned to $6410)
                        ; BEST_SCORE in memory - avoids register shuffling bugs!
   640e                 BEST_SCORE_HI   EQU $640E   ; 1 byte - best score high byte (big-endian)
   640f                 BEST_SCORE_LO   EQU $640F   ; 1 byte - best score low byte
   6410                 BEST_MOVE       EQU $6410   ; 2 bytes - best move found ($6410-$6411)
   6412                 NODES_SEARCHED  EQU $6412   ; 4 bytes - node counter ($6412-$6415)
   6416                 SEARCH_DEPTH    EQU $6416   ; 2 bytes - current search depth ($6416-$6417)
                        
                        ; Quiescence search state (big-endian: HI at lower address)
   6418                 QS_BEST_HI      EQU $6418   ; 1 byte - stand-pat/best score high
   6419                 QS_BEST_LO      EQU $6419   ; 1 byte - stand-pat/best score low
   641a                 QS_MOVE_PTR_HI  EQU $641A   ; 1 byte - move list pointer high
   641b                 QS_MOVE_PTR_LO  EQU $641B   ; 1 byte - move list pointer low
   641c                 QS_TEMP         EQU $641C   ; 1 byte - temp storage
                        ; Debug tracer (2026-07-03, crash hunt): TRACE_WHERE = last region entered.
                        ; IDs: $A1 NEGAMAX node  $C1 QSEARCH  $E1 EVALUATE  $E2 KING_SAFETY_V3
                        ;      $E3 QUEEN_MOBILITY  $B1 TT_PROBE  $B2 TT_STORE
                        ; CANARY_ZONE $64F7-$64FC: DELIBERATELY UNUSED, must stay 0. The 7/3 crash dump
                        ; showed stray writes here ($64FB=2B $64FC=12) — evidence of a computed-address
                        ; bug. CANARY_HIT = sticky OR of the zone, checked once per SEARCH_POSITION.
   641d                 TRACE_WHERE     EQU $641D   ; 1 byte - tracer: last region entered
   641e                 CANARY_HIT      EQU $641E   ; 1 byte - sticky stray-write detector
   64f7                 CANARY_ZONE     EQU $64F7   ; 6 bytes - unclaimed zone under watch
                        
                        ; Evaluation state
   641d                 EVAL_SQ_INDEX   EQU $641D   ; 1 byte - square counter for evaluate
                        
                        ; Move generation state
   641e                 GEN_LOOP_CTR    EQU $641E   ; 1 byte - loop counter for knight/king gen
   641f                 GEN_FROM_SQ     EQU $641F   ; 1 byte - from square for knight/king gen
                        
                        ; Killer moves table (aligned to $6420)
   6420                 KILLER_MOVES    EQU $6420   ; 32 bytes - 2 per ply × 16 ply ($6420-$643F)
                        
                        ; Evaluation temps (after killer moves)
   6440                 EVAL_TEMP1      EQU $6440   ; 1 byte - PST loop counter / endgame temp
   6441                 EVAL_TEMP2      EQU $6441   ; 1 byte - piece type temp for evaluation
                        
                        ; Search alpha/beta/score (memory-based to avoid R6/R7 corruption by SCRT)
                        ; Big-endian layout: high byte at lower address, low byte at higher address
   6442                 ALPHA_HI        EQU $6442   ; 1 byte - alpha high byte
   6443                 ALPHA_LO        EQU $6443   ; 1 byte - alpha low byte
   6444                 BETA_HI         EQU $6444   ; 1 byte - beta high byte
   6445                 BETA_LO         EQU $6445   ; 1 byte - beta low byte
   6446                 SCORE_HI        EQU $6446   ; 1 byte - score return high byte
   6447                 SCORE_LO        EQU $6447   ; 1 byte - score return low byte
   6448                 CURRENT_PLY     EQU $6448   ; 1 byte - current search ply (0=root)
   6449                 COMPARE_TEMP    EQU $6449   ; 1 byte - scratch for comparisons (NEVER use STR 2!)
   644a                 MOVECOUNT_TEMP  EQU $644A   ; 1 byte - saved move count for loop decrement
   644b                 MOVE_TEMP_HI    EQU $644B   ; 1 byte - saved encoded move high byte (SCRT clobbers R8!)
   644c                 MOVE_TEMP_LO    EQU $644C   ; 1 byte - saved encoded move low byte
                        
                        ; Opening book support
   644d                 GAME_PLY        EQU $644D   ; 1 byte - game ply (moves since start position)
   000f                 BOOK_PLY_LIMIT  EQU 15      ; Stop MOVE_HIST recording past this ply (max book ply + 1)
   644e                 BOOK_MOVE_FROM  EQU $644E   ; 1 byte - book response from square
   644f                 BOOK_MOVE_TO    EQU $644F   ; 1 byte - book response to square
                        
                        ; ------------------------------------------------------------------------------
                        ; Ply-Indexed State Array: $6450-$649F (80 bytes = 8 plies × 10 bytes)
                        ; ------------------------------------------------------------------------------
                        ; Each ply frame stores registers that must be preserved across recursion:
                        ;   Offset 0: R7.hi    Offset 1: R7.lo   (alpha/beta temp)
                        ;   Offset 2: R8.hi    Offset 3: R8.lo   (best score)
                        ;   Offset 4: R9.hi    Offset 5: R9.lo   (move list pointer)
                        ;   Offset 6: R11.hi   Offset 7: R11.lo  (current move)
                        ;   Offset 8: R12.hi   Offset 9: R12.lo  (side to move)
                        ;
                        ; Address for ply N = PLY_STATE_BASE + (N × 10)
                        ; This replaces stack-based SAVE/RESTORE_SEARCH_CONTEXT - no SCRT interference!
                        ; ------------------------------------------------------------------------------
   6450                 PLY_STATE_BASE  EQU $6450   ; Base address of ply state array
   000a                 PLY_FRAME_SIZE  EQU 10      ; Bytes per ply frame
   0008                 MAX_PLY         EQU 8       ; Maximum search depth supported
                        
                        ; ------------------------------------------------------------------------------
                        ; Futility Pruning: $64A0-$64A3
                        ; ------------------------------------------------------------------------------
                        ; At depth 1, skip quiet moves where static_eval + margin < alpha
   64a0                 STATIC_EVAL_HI  EQU $64A0   ; 1 byte - cached static eval high byte
   64a1                 STATIC_EVAL_LO  EQU $64A1   ; 1 byte - cached static eval low byte
   64a2                 FUTILITY_OK     EQU $64A2   ; 1 byte - 1 if futility pruning enabled this node
                        
                        ; Futility margin: depth 1 = 150cp, depth 2 = 500cp (extended futility)
   0000                 FUTILITY_MARGIN_D1_HI  EQU $00
   0096                 FUTILITY_MARGIN_D1_LO  EQU $96     ; 150 centipawns (~1.5 pawns)
   0001                 FUTILITY_MARGIN_D2_HI  EQU $01
   00f4                 FUTILITY_MARGIN_D2_LO  EQU $F4     ; 500 centipawns (~1 queen trade away)
                        
                        ; Reverse Futility Pruning margins (depth-indexed)
                        ; At depth 1-2, if eval - margin >= beta, prune entire node
   0000                 RFP_MARGIN_D1_HI  EQU $00
   0096                 RFP_MARGIN_D1_LO  EQU $96     ; 150 centipawns (~1.5 pawns)
   0001                 RFP_MARGIN_D2_HI  EQU $01
   002c                 RFP_MARGIN_D2_LO  EQU $2C     ; 300 centipawns (~1 minor piece)
                        
                        ; ------------------------------------------------------------------------------
                        ; Late Move Reductions: $64A3-$64A6
                        ; ------------------------------------------------------------------------------
                        ; At depth >= 3, reduce search depth for later quiet moves
   64a3                 LMR_MOVE_INDEX    EQU $64A3   ; 1 byte - moves searched so far at this node
   64a4                 LMR_REDUCED       EQU $64A4   ; 1 byte - flag: 1=current move searched at reduced depth
   64a5                 LMR_IS_CAPTURE    EQU $64A5   ; 1 byte - flag: 1=current move is a capture
   64a6                 LMR_OUTER         EQU $64A6   ; 1 byte - saved LMR_REDUCED (survives recursive calls)
                        
                        ; ------------------------------------------------------------------------------
                        ; QS Evaluation Flag: $64AA
                        ; ------------------------------------------------------------------------------
   64aa                 EVAL_SKIP_PST     EQU $64AA   ; 1 byte - flag: 1=skip PST in EVALUATE (for QS speed)
                        
                        ; ------------------------------------------------------------------------------
                        ; King-safety v3: rook SQUARES (0x88) for enemy-pressure proximity. $64AB-$64AE.
                        ; ------------------------------------------------------------------------------
                        ; The scan already tracks rook FILES (EVAL_*_ROOK_F1/F2) for open-file eval; v3
                        ; ALSO needs full squares for Chebyshev-to-king. Stored alongside the files in the
                        ; same rook-track branches (non-destructive LDN 13). VALID IFF the matching file var
                        ; != $FF (written in the same branch) — never read a SQ without checking its F first.
   64ab                 EVAL_W_ROOK_SQ1   EQU $64AB   ; 1 byte - white rook 1 square (0x88)
   64ac                 EVAL_W_ROOK_SQ2   EQU $64AC   ; 1 byte - white rook 2 square
   64ad                 EVAL_B_ROOK_SQ1   EQU $64AD   ; 1 byte - black rook 1 square
   64ae                 EVAL_B_ROOK_SQ2   EQU $64AE   ; 1 byte - black rook 2 square
                        
                        ; ------------------------------------------------------------------------------
                        ; Move Loop Pointer Save: $64DB-$64EA
                        ; ------------------------------------------------------------------------------
                        ; Ply-indexed save for R9 (move list pointer) during negamax move loop.
                        ; Avoids fragile stack save/restore across hundreds of instructions.
                        ; 2 bytes per ply (hi, lo), 8 plies max = 16 bytes.
                        ; NOTE: Previous location $64B0 only had 8 bytes — plies 4-7 overlapped
                        ;       UCI_STATE/HASH/TT variables, causing corruption at higher plies.
   64db                 LOOP_MOVE_PTR     EQU $64DB   ; 16 bytes - R9 save per ply ($64DB-$64EA)
                        
                        ; Ply-indexed save for the move COUNT during the negamax move loop.
                        ; Was on the stack at M(R2+1), peeked every iteration — a single-byte stack
                        ; imbalance on any sub-call path shifted R2 and the loop ran past the move list
                        ; forever (the 2026-06-18 hang). Same lifetime as LOOP_MOVE_PTR (survives the
                        ; recursive CALL NEGAMAX), so ply-indexed identically. 1 byte/ply, 8 plies.
                        ; Free slot: STACK_OVERFLOW_FLAG=$64EE below, ADV_PAWN_W=$64FD above.
   64ef                 LOOP_MOVE_CNT     EQU $64EF   ; 8 bytes - move count save per ply ($64EF-$64F6)
                        
                        ; ------------------------------------------------------------------------------
                        ; Null Move Pruning: $64A7-$64A8
                        ; ------------------------------------------------------------------------------
   64a7                 NULL_MOVE_OK      EQU $64A7   ; 1 byte - flag: 1=can try null move, 0=cannot (prevents double-null)
   64a8                 NULL_SAVED_EP     EQU $64A8   ; 1 byte - saved EP square before null move
                        
                        ; ------------------------------------------------------------------------------
                        ; Check Detection: $64A9
                        ; ------------------------------------------------------------------------------
   64a9                 ENEMY_COLOR_TEMP  EQU $64A9   ; 1 byte - enemy color for IS_SQUARE_ATTACKED
                        
                        ; ------------------------------------------------------------------------------
                        ; Pawn Structure / Bishop Pair / Rook Eval: $64AF-$64B5, $6710-$671F
                        ; ------------------------------------------------------------------------------
                        ; Transient: reset each EVALUATE call, used during board scan
                        ; Per-file pawn counts (8 bytes each, indexed by file 0-7)
   6710                 W_PAWN_FILE_CT    EQU $6710   ; 8 bytes - white pawns per file ($6710-$6717)
   6718                 B_PAWN_FILE_CT    EQU $6718   ; 8 bytes - black pawns per file ($6718-$671F)
                        ; Bishop counts
   64af                 EVAL_W_BISHOPS    EQU $64AF   ; 1 byte - white bishop count
   64b0                 EVAL_B_BISHOPS    EQU $64B0   ; 1 byte - black bishop count
                        ; Rook file tracking (up to 2 rooks per side, $FF = no rook)
   64b1                 EVAL_W_ROOK_F1    EQU $64B1   ; 1 byte - first white rook's file
   64b2                 EVAL_W_ROOK_F2    EQU $64B2   ; 1 byte - second white rook's file
   64b3                 EVAL_B_ROOK_F1    EQU $64B3   ; 1 byte - first black rook's file
   64b4                 EVAL_B_ROOK_F2    EQU $64B4   ; 1 byte - second black rook's file
                        ; Queen counts (for redundant-queen cap: extra queens past the first score 0 cp)
   64b5                 W_QUEEN_CNT       EQU $64B5   ; 1 byte - white queen count
   64b6                 B_QUEEN_CNT       EQU $64B6   ; 1 byte - black queen count
   64b7                 PIECE_BALANCE     EQU $64B7   ; 1 byte - SIGNED (W - B) non-pawn piece count (N/B/R/Q),
                                                      ;   accumulated in the eval scan (+1 white, -1 black). Used by
                                                      ;   the white RUNNER_BONUS gate: only race a passer if white is
                                                      ;   NOT behind in pieces (delta >= 0) — i.e. white has the force
                                                      ;   to escort it. Negative => skip runner. Reset each EVALUATE.
                        ; Queen squares (last queen seen, for queen-king proximity bonus). $FF = no queen.
   6720                 W_QUEEN_SQ        EQU $6720   ; 1 byte - 0x88 square of white queen ($FF if none)
   6721                 B_QUEEN_SQ        EQU $6721   ; 1 byte - 0x88 square of black queen ($FF if none)
                        
                        ; ------------------------------------------------------------------------------
                        ; UCI/Hash/TT variables: $64B8-$64C1
                        ; ------------------------------------------------------------------------------
                        ; Relocated from $6600+ to free up space for larger UCI_BUFFER
   64b8                 UCI_STATE       EQU $64B8   ; 1 byte - UCI state
   64b9                 HASH_HI         EQU $64B9   ; 1 byte - hash high byte
   64ba                 HASH_LO         EQU $64BA   ; 1 byte - hash low byte
   64bb                 TT_HIT          EQU $64BB   ; 1 byte - 0=miss, 1=hit
   64bc                 TT_SCORE_HI     EQU $64BC   ; 1 byte - stored score high
   64bd                 TT_SCORE_LO     EQU $64BD   ; 1 byte - stored score low
   64be                 TT_DEPTH        EQU $64BE   ; 1 byte - stored depth
   64bf                 TT_FLAG         EQU $64BF   ; 1 byte - stored flag (EXACT/ALPHA/BETA)
   64c0                 TT_MOVE_HI      EQU $64C0   ; 1 byte - stored best move high
   64c1                 TT_MOVE_LO      EQU $64C1   ; 1 byte - stored best move low
                        
                        ; ------------------------------------------------------------------------------
                        ; Iterative Deepening State: $64C2-$64C9
                        ; ------------------------------------------------------------------------------
   64c2                 ITER_BEST_FROM    EQU $64C2   ; 1 byte - best from square (last completed depth)
   64c3                 ITER_BEST_TO      EQU $64C3   ; 1 byte - best to square (last completed depth)
   64c4                 SEARCH_ABORTED    EQU $64C4   ; 1 byte - flag: 1 = current depth search was aborted
   64c5                 CURRENT_MAX_DEPTH EQU $64C5   ; 1 byte - current iteration's target depth
   64c6                 TARGET_DEPTH      EQU $64C6   ; 1 byte - overall target depth from UCI "go depth N"
   64c7                 NODE_BUDGET_HI    EQU $64C7   ; 1 byte - node budget threshold (byte 2 of node counter)
   64c8                 ITER_SCORE_HI     EQU $64C8   ; 1 byte - score high byte (last completed depth)
   64c9                 ITER_SCORE_LO     EQU $64C9   ; 1 byte - score low byte (last completed depth)
                        
                        ; RTC-based time management
   64ca                 SEARCH_PREV_SECS  EQU $64CA   ; 1 byte - last RTC seconds reading (for delta)
   64cb                 SEARCH_ELAPSED    EQU $64CB   ; 1 byte - accumulated elapsed seconds (0-255)
   64ed                 ITER_START_ELAPSED EQU $64ED  ; 1 byte - SEARCH_ELAPSED snapshot at iteration start (for iter-time gate)
   64ee                 STACK_OVERFLOW_FLAG EQU $64EE ; 1 byte - 0=no overflow; nonzero=R2.HI at last overflow detection
   64cc                 UINT_BUFFER       EQU $64CC   ; 6 bytes - ASCII scratch for F_UINTOUT ($64CC-$64D1)
   64d2                 NODE_TT_FLAGS     EQU $64D2   ; 8 bytes - TT bound type per ply ($64D2-$64D9)
   64da                 CHECK_EXT_FLAG    EQU $64DA   ; 1 byte - 1 if current move gives check (extension)
                        
                        ; ------------------------------------------------------------------------------
                        ; Repetition Detection: $6500-$66FD, $64EB
                        ; ------------------------------------------------------------------------------
   6500                 HASH_HIST       EQU $6500   ; 510 bytes - position hash history ($6500-$66FD, 255 entries)
   64eb                 HASH_HIST_COUNT EQU $64EB   ; 1 byte - number of entries in hash history
   64ec                 EG_PIECE_COUNT  EQU $64EC   ; 1 byte - non-king piece count for endgame detection
                        ; FUTILITY_TABLE relocated 2026-04-24 from $64ED (16 bytes, 4 plies) to $6722
                        ; (32 bytes, 8 plies) to accommodate QS/check-extension reaching plies 4-7. With
                        ; the 180s budget bump, search reaches deeper plies more often, and the old
                        ; 4-ply size was overflowing into ADV_PAWN_W ($64FD) at ply 4 and HASH_HIST
                        ; ($6500+) at ply 5+, causing intermittent hangs. Old $64ED-$64FC now free.
   6722                 FUTILITY_TABLE  EQU $6722   ; 32 bytes - per-ply futility data ($6722-$6741)
                                                    ; 4 bytes/ply: [flag][eval_hi][eval_lo][pad] × 8 plies
   6742                 NODE_IN_CHECK   EQU $6742   ; 8 bytes - per-ply "is this node in check" snapshot
                                                    ; ($6742-$6749). Snapshotted at NEGAMAX entry from
                                                    ; CHECK_EXT_FLAG (set by parent's checking move).
                                                    ; Used by LMP to avoid pruning legal escape moves
                                                    ; when in check (parent was a checking move).
   64fd                 ADV_PAWN_W      EQU $64FD   ; 1 byte - accumulated white advanced pawn bonus
   64fe                 ADV_PAWN_B      EQU $64FE   ; 1 byte - accumulated black advanced pawn bonus
   64ff                 UNDO_CAP_SQ     EQU $64FF   ; 1 byte - square where captured piece was (EP: computed, normal: to)
                        
                        ; ------------------------------------------------------------------------------
                        ; Per-Ply Node Best Move: $6700-$670F (16 bytes)
                        ; ------------------------------------------------------------------------------
   6700                 NODE_BEST_MOVE  EQU $6700   ; 16 bytes: per-ply best move ($6700-$670F)
                                                    ; Ply N: $6700 + N*2 = from, $6700 + N*2 + 1 = to
                        
                        ; ------------------------------------------------------------------------------
                        ; UCI input buffer: $7000-$77FF (2048 bytes)
                        ; ------------------------------------------------------------------------------
   7000                 UCI_BUFFER      EQU $7000   ; 2048 bytes - input buffer ($7000-$77FF)
                        
                        ; ------------------------------------------------------------------------------
                        ; Transposition Table: $6800-$6FFF (256 entries × 8 bytes = 2KB)
                        ; ------------------------------------------------------------------------------
                        
                        ; TT table base address and sizing
   6800                 TT_TABLE        EQU $6800   ; 256 entries × 8 bytes = 2KB ($6800-$6FFF)
   0100                 TT_ENTRIES      EQU 256     ; Number of entries (power of 2 for masking)
   0008                 TT_ENTRY_SIZE   EQU 8       ; Bytes per entry
   00ff                 TT_INDEX_MASK   EQU $FF     ; Mask for 256 entries (hash_lo & $FF)
                        
                        ; TT entry structure (8 bytes per entry):
                        ;   Offset 0: hash_verify_hi  - Upper hash bits for collision detection
                        ;   Offset 1: hash_verify_lo  - (we store full hash, index with low bits)
                        ;   Offset 2: score_hi        - Stored score high byte
                        ;   Offset 3: score_lo        - Stored score low byte
                        ;   Offset 4: depth           - Search depth when stored
                        ;   Offset 5: flag            - Bound type (EXACT/ALPHA/BETA)
                        ;   Offset 6: best_move_hi    - Best move high byte
                        ;   Offset 7: best_move_lo    - Best move low byte
   0000                 TT_OFF_HASH_HI  EQU 0
   0001                 TT_OFF_HASH_LO  EQU 1
   0002                 TT_OFF_SCORE_HI EQU 2
   0003                 TT_OFF_SCORE_LO EQU 3
   0004                 TT_OFF_DEPTH    EQU 4
   0005                 TT_OFF_FLAG     EQU 5
   0006                 TT_OFF_MOVE_HI  EQU 6
   0007                 TT_OFF_MOVE_LO  EQU 7
                        
                        ; TT flag values
   0000                 TT_FLAG_NONE    EQU 0       ; Empty/invalid entry
   0001                 TT_FLAG_EXACT   EQU 1       ; Exact score (PV node)
   0002                 TT_FLAG_ALPHA   EQU 2       ; Upper bound (fail-low)
   0003                 TT_FLAG_BETA    EQU 3       ; Lower bound (fail-high)
                        
                        ; History entry size
   0008                 HIST_ENTRY_SIZE EQU 8   ; 8 bytes per history entry
                        
                        ; Game state offsets
   0000                 STATE_SIDE_TO_MOVE  EQU 0   ; 1 byte: 0=white, 8=black
   6080                 SIDE    EQU GAME_STATE      ; Alias for side-to-move (offset 0)
   0001                 STATE_CASTLING      EQU 1   ; 1 byte: castling rights bits
   0002                 STATE_EP_SQUARE     EQU 2   ; 1 byte: en passant target (0x88), $FF=none
   0003                 STATE_HALFMOVE      EQU 3   ; 1 byte: halfmove clock (50-move rule)
   0004                 STATE_FULLMOVE_LO   EQU 4   ; 1 byte: fullmove number low byte
   0005                 STATE_FULLMOVE_HI   EQU 5   ; 1 byte: fullmove number high byte
   0006                 STATE_W_KING_SQ     EQU 6   ; 1 byte: white king square (0x88)
   0007                 STATE_B_KING_SQ     EQU 7   ; 1 byte: black king square (0x88)
                        
                        ; Castling rights bit flags
   0001                 CASTLE_WK   EQU $01     ; White kingside (e1-g1)
   0002                 CASTLE_WQ   EQU $02     ; White queenside (e1-c1)
   0004                 CASTLE_BK   EQU $04     ; Black kingside (e8-g8)
   0008                 CASTLE_BQ   EQU $08     ; Black queenside (e8-c8)
   000f                 ALL_CASTLING EQU $0F    ; All castling rights
                        
                        ; Move encoding flags
   0000                 MOVE_NORMAL     EQU $00
   0001                 MOVE_CASTLE     EQU $01
   0002                 MOVE_EP         EQU $02
   0003                 MOVE_PROMOTION  EQU $03
                        
                        ; ------------------------------------------------------------------------------
                        ; Direction Offsets (0x88 board)
                        ; ------------------------------------------------------------------------------
                        ; In 0x88, each rank is 16 bytes apart (8 valid + 8 invalid)
                        ; Direction = rank_delta * 16 + file_delta
                        ; ------------------------------------------------------------------------------
   00f0                 DIR_N   EQU $F0     ; -16 (up one rank)
   0010                 DIR_S   EQU $10     ; +16 (down one rank)
   0001                 DIR_E   EQU $01     ; +1 (right one file)
   00ff                 DIR_W   EQU $FF     ; -1 (left one file)
   00f1                 DIR_NE  EQU $F1     ; -15 (up-right)
   00ef                 DIR_NW  EQU $EF     ; -17 (up-left)
   0011                 DIR_SE  EQU $11     ; +17 (down-right)
   000f                 DIR_SW  EQU $0F     ; +15 (down-left)
                        
                        ; ------------------------------------------------------------------------------
                        ; Knight Move Offsets (8 L-shaped moves)
                        ; ------------------------------------------------------------------------------
   0096                 KNIGHT_OFFSETS:
   0096   df                DB $DF      ; -33: up 2, left 1
   0097   e1                DB $E1      ; -31: up 2, right 1
   0098   ee                DB $EE      ; -18: up 1, left 2
   0099   f2                DB $F2      ; -14: up 1, right 2
   009a   0e                DB $0E      ; +14: down 1, left 2
   009b   12                DB $12      ; +18: down 1, right 2
   009c   1f                DB $1F      ; +31: down 2, left 1
   009d   21                DB $21      ; +33: down 2, right 1
                        
                        ; ------------------------------------------------------------------------------
                        ; King Move Offsets (8 adjacent squares)
                        ; ------------------------------------------------------------------------------
   009e                 KING_OFFSETS:
   009e   f0                DB DIR_N    ; $F0: up
   009f   f1                DB DIR_NE   ; $F1: up-right
   00a0   01                DB DIR_E    ; $01: right
   00a1   11                DB DIR_SE   ; $11: down-right
   00a2   10                DB DIR_S    ; $10: down
   00a3   0f                DB DIR_SW   ; $0F: down-left
   00a4   ff                DB DIR_W    ; $FF: left
   00a5   ef                DB DIR_NW   ; $EF: up-left
                        
                        ; ------------------------------------------------------------------------------
                        ; Square Constants (0x88 format)
                        ; ------------------------------------------------------------------------------
                        ; Rank 1 (white's back rank)
   0000                 SQ_A1   EQU $00
   0001                 SQ_B1   EQU $01
   0002                 SQ_C1   EQU $02
   0003                 SQ_D1   EQU $03
   0004                 SQ_E1   EQU $04     ; White king starting square
   0005                 SQ_F1   EQU $05
   0006                 SQ_G1   EQU $06     ; White kingside castle target
   0007                 SQ_H1   EQU $07
                        
                        ; Rank 2 (white pawns)
   0010                 SQ_A2   EQU $10
   0014                 SQ_E2   EQU $14
   0017                 SQ_H2   EQU $17
                        
                        ; Rank 7 (black pawns)
   0060                 SQ_A7   EQU $60
   0064                 SQ_E7   EQU $64
   0067                 SQ_H7   EQU $67
                        
                        ; Rank 8 (black's back rank)
   0070                 SQ_A8   EQU $70
   0071                 SQ_B8   EQU $71
   0072                 SQ_C8   EQU $72
   0073                 SQ_D8   EQU $73
   0074                 SQ_E8   EQU $74     ; Black king starting square
   0075                 SQ_F8   EQU $75
   0076                 SQ_G8   EQU $76     ; Black kingside castle target
   0077                 SQ_H8   EQU $77
                        
                        ; Special values
   00ff                 INVALID_SQ  EQU $FF
   00ff                 NO_EP       EQU $FF
                        
                        ; Short aliases for common squares (used by makemove)
   0000                 A1  EQU SQ_A1
   0007                 H1  EQU SQ_H1
   0070                 A8  EQU SQ_A8
   0077                 H8  EQU SQ_H8
                        
                        ; ==============================================================================
                        ; INIT_BOARD - Initialize board to starting position
                        ; ==============================================================================
                        ; Sets up standard chess starting position with 0x88 layout
                        ; Initializes game state
                        ; Uses: A, D
                        ; ==============================================================================
   00a6                 INIT_BOARD:
                            ; Clear entire 128-byte board to empty
   00a6   68 ca 60 00       RLDI 10, BOARD
                        
   00aa   f8 80             LDI 128
   00ac   ad                PLO 13
                        
   00ad                 INIT_CLEAR:
   00ad   f8 00             LDI EMPTY           ; Must reload each iteration (GLO clobbers D)
   00af   5a                STR 10
   00b0   1a                INC 10
   00b1   2d                DEC 13
   00b2   8d                GLO 13
   00b3   3a ad             BNZ INIT_CLEAR
                        
                            ; Set up white back rank (rank 1 = offset $00)
   00b5   68 ca 60 00       RLDI 10, BOARD
                        
   00b9   f8 04             LDI W_ROOK
   00bb   5a                STR 10
   00bc   1a                INC 10
   00bd   f8 02             LDI W_KNIGHT
   00bf   5a                STR 10
   00c0   1a                INC 10
   00c1   f8 03             LDI W_BISHOP
   00c3   5a                STR 10
   00c4   1a                INC 10
   00c5   f8 05             LDI W_QUEEN
   00c7   5a                STR 10
   00c8   1a                INC 10
   00c9   f8 06             LDI W_KING
   00cb   5a                STR 10
   00cc   1a                INC 10
   00cd   f8 03             LDI W_BISHOP
   00cf   5a                STR 10
   00d0   1a                INC 10
   00d1   f8 02             LDI W_KNIGHT
   00d3   5a                STR 10
   00d4   1a                INC 10
   00d5   f8 04             LDI W_ROOK
   00d7   5a                STR 10
                        
                            ; Set up white pawns (rank 2 = offset $10)
   00d8   68 ca 60 10       RLDI 10, BOARD + $10
                        
   00dc   f8 08             LDI 8
   00de   ad                PLO 13
   00df                 INIT_WP:
   00df   f8 01             LDI W_PAWN          ; Must reload - GLO clobbers D
   00e1   5a                STR 10
   00e2   1a                INC 10
   00e3   2d                DEC 13
   00e4   8d                GLO 13
   00e5   ca 00 df          LBNZ INIT_WP        ; Long branch - target may cross page boundary
                        
                            ; Set up black pawns (rank 7 = offset $60)
   00e8   68 ca 60 60       RLDI 10, BOARD + $60
                        
   00ec   f8 08             LDI 8
   00ee   ad                PLO 13
   00ef                 INIT_BP:
   00ef   f8 09             LDI B_PAWN          ; Must reload - GLO clobbers D
   00f1   5a                STR 10
   00f2   1a                INC 10
   00f3   2d                DEC 13
   00f4   8d                GLO 13
   00f5   3a ef             BNZ INIT_BP
                        
                            ; Set up black back rank (rank 8 = offset $70)
   00f7   68 ca 60 70       RLDI 10, BOARD + $70
                        
   00fb   f8 0c             LDI B_ROOK
   00fd   5a                STR 10
   00fe   1a                INC 10
   00ff   f8 0a             LDI B_KNIGHT
   0101   5a                STR 10
   0102   1a                INC 10
   0103   f8 0b             LDI B_BISHOP
   0105   5a                STR 10
   0106   1a                INC 10
   0107   f8 0d             LDI B_QUEEN
   0109   5a                STR 10
   010a   1a                INC 10
   010b   f8 0e             LDI B_KING
   010d   5a                STR 10
   010e   1a                INC 10
   010f   f8 0b             LDI B_BISHOP
   0111   5a                STR 10
   0112   1a                INC 10
   0113   f8 0a             LDI B_KNIGHT
   0115   5a                STR 10
   0116   1a                INC 10
   0117   f8 0c             LDI B_ROOK
   0119   5a                STR 10
                        
                            ; Initialize game state
   011a   68 ca 60 80       RLDI 10, GAME_STATE
                        
   011e   f8 00             LDI WHITE
   0120   5a                STR 10               ; Side to move = white
   0121   1a                INC 10
                        
   0122   f8 0f             LDI ALL_CASTLING
   0124   5a                STR 10               ; All castling rights
   0125   1a                INC 10
                        
   0126   f8 ff             LDI NO_EP
   0128   5a                STR 10               ; No en passant
   0129   1a                INC 10
                        
   012a   f8 00             LDI 0
   012c   5a                STR 10               ; Halfmove clock = 0
   012d   1a                INC 10
                        
   012e   f8 01             LDI 1
   0130   5a                STR 10               ; Fullmove = 1 (low byte)
   0131   1a                INC 10
                        
   0132   f8 00             LDI 0
   0134   5a                STR 10               ; Fullmove high byte = 0
   0135   1a                INC 10
                        
   0136   f8 04             LDI SQ_E1
   0138   5a                STR 10               ; White king on e1
   0139   1a                INC 10
                        
   013a   f8 74             LDI SQ_E8
   013c   5a                STR 10               ; Black king on e8
                        
   013d   d5                RETN
                        
                        ; ==============================================================================
                        ; GET_SIDE_TO_MOVE - Get current side to move
                        ; ==============================================================================
                        ; Output: D = side (WHITE=0 or BLACK=8)
                        ; Uses: A
                        ; ==============================================================================
   013e                 GET_SIDE_TO_MOVE:
   013e   68 ca 60 80       RLDI 10, GAME_STATE + STATE_SIDE_TO_MOVE
   0142   0a                LDN 10
   0143   d5                RETN
                        
                        ; ==============================================================================
                        ; SET_SIDE_TO_MOVE - Set side to move
                        ; ==============================================================================
                        ; Input: D = side (WHITE=0 or BLACK=8)
                        ; Uses: A
                        ; ==============================================================================
   0144                 SET_SIDE_TO_MOVE:
   0144   73                STXD                ; Save D
   0145   68 ca 60 80       RLDI 10, GAME_STATE + STATE_SIDE_TO_MOVE
   0149   60                IRX
   014a   02                LDN 2
   014b   5a                STR 10
   014c   d5                RETN
                        
                        ; ==============================================================================
                        ; FLIP_SIDE - Toggle side to move
                        ; ==============================================================================
                        ; Uses: A, D
                        ; ==============================================================================
   014d                 FLIP_SIDE:
   014d   68 ca 60 80       RLDI 10, GAME_STATE + STATE_SIDE_TO_MOVE
   0151   0a                LDN 10
   0152   fb 08             XRI BLACK           ; Toggle between 0 and 8
   0154   5a                STR 10
   0155   d5                RETN
                        
                        ; ==============================================================================
                        ; GET_CASTLING_RIGHTS - Get castling rights byte
                        ; ==============================================================================
                        ; Output: D = castling rights
                        ; Uses: A
                        ; ==============================================================================
   0156                 GET_CASTLING_RIGHTS:
   0156   68 cd 60 81       RLDI 13, GAME_STATE + STATE_CASTLING
   015a   0d                LDN 13
   015b   d5                RETN
                        
                        ; ==============================================================================
                        ; CLEAR_CASTLING_RIGHT - Clear specific castling right(s)
                        ; ==============================================================================
                        ; Input: D = castling bit(s) to clear (CASTLE_WK, CASTLE_WQ, etc.)
                        ; Uses: A (R10), D, R13.0
                        ; ==============================================================================
   015c                 CLEAR_CASTLING_RIGHT:
   015c   fb ff             XRI $FF             ; Invert to create mask
   015e   ad                PLO 13              ; Save mask in R13.0
                        
   015f   68 ca 60 81       RLDI 10, GAME_STATE + STATE_CASTLING
                        
   0163   ea                SEX 10              ; Point X to castling rights
   0164   8d                GLO 13              ; Get mask
   0165   f2                AND                 ; D = mask AND current rights
   0166   5a                STR 10              ; Store back
   0167   e2                SEX 2               ; Restore X to stack
   0168   d5                RETN
                        
                        ; ==============================================================================
                        ; GET_PIECE_AT - Get piece at square
                        ; ==============================================================================
                        ; Input: D = square (0x88 format)
                        ; Output: D = piece code (0 if empty or invalid square)
                        ; Uses: A
                        ; ==============================================================================
   0169                 GET_PIECE_AT:
                            ; Save square in A.0
   0169   aa                PLO 10
                        
                            ; Check if valid square using original value
   016a   fa 88             ANI $88
   016c   3a 73             BNZ GET_PIECE_INVALID
                        
                            ; Valid square - build address and get piece
   016e   f8 60             LDI HIGH(BOARD)
   0170   ba                PHI 10
                            ; A.0 already has square offset
   0171   0a                LDN 10               ; Load piece at BOARD + square
   0172   d5                RETN
                        
   0173                 GET_PIECE_INVALID:
   0173   f8 00             LDI 0               ; Return empty for invalid squares
   0175   d5                RETN
                        
                        ; ==============================================================================
                        ; INIT_MOVE_HISTORY - Initialize history pointer to start of history buffer
                        ; ==============================================================================
                        ; Sets HISTORY_PTR to point to MOVE_HIST base address
                        ; Uses: R10, D
                        ; ==============================================================================
   0176                 INIT_MOVE_HISTORY:
                            ; Set HISTORY_PTR to point to start of MOVE_HIST buffer
   0176   68 ca 64 00       RLDI 10, HISTORY_PTR
   017a   f8 60             LDI HIGH(MOVE_HIST)
   017c   5a                STR 10              ; HISTORY_PTR high byte = $60
   017d   1a                INC 10
   017e   f8 90             LDI LOW(MOVE_HIST)
   0180   5a                STR 10              ; HISTORY_PTR low byte = $90
                        
                            ; Clear GAME_PLY for opening book tracking
   0181   68 ca 64 4d       RLDI 10, GAME_PLY
   0185   f8 00             LDI 0
   0187   5a                STR 10              ; GAME_PLY = 0
                        
                            ; Clear HASH_HIST_COUNT for repetition detection
   0188   68 ca 64 eb       RLDI 10, HASH_HIST_COUNT   ; D still 0 from LDI above (RLDI doesn't clobber D)
   018c   5a                STR 10              ; HASH_HIST_COUNT = 0
   018d   d5                RETN
                        
                        ; ==============================================================================
                        ; SERIAL_INIT - Initialize serial I/O (placeholder for build compatibility)
                        ; ==============================================================================
                        ; The actual serial init is in serial-io-9600.asm
                        ; This is just a placeholder if that file is not included
                        ; ==============================================================================
                        ; SERIAL_INIT already defined in serial-io-9600.asm
                        
                        ; ==============================================================================
                        ; End of Board Module (0x88)
                        ; ==============================================================================
                        ; ==============================================================================
                        ; RCA 1802/1806 Chess Engine - Check Detection (FIXED)
                        ; ==============================================================================
                        ; Detect if a square is attacked or if king is in check
                        ; Critical for legal move generation and mate detection
                        ;
                        ; FIXES:
                        ; - Enemy color now pushed to stack and accessed properly
                        ; - Removed erroneous LDN 2 after XOR that overwrote comparison results
                        ; ==============================================================================
                        
                        ; ------------------------------------------------------------------------------
                        ; IS_IN_CHECK - Determine if current side's king is in check
                        ; ------------------------------------------------------------------------------
                        ; Input:  C = side to check (WHITE or BLACK)
                        ;         A = board pointer (BOARD)
                        ; Output: D = 1 if in check, 0 if safe
                        ; Uses:   Multiple registers
                        ; ------------------------------------------------------------------------------
   018e                 IS_IN_CHECK:
                            ; Get king position from game state
   018e   8c                GLO 12
   018f   32 9a             BZ IS_CHECK_WHITE
                        
   0191                 IS_CHECK_BLACK:
                            ; Get black king position
   0191   68 cd 60 87       RLDI 13, GAME_STATE + STATE_B_KING_SQ
   0195   0d                LDN 13
   0196   ab                PLO 11              ; B.0 = black king square
   0197   c0 01 a0          LBR IS_CHECK_TEST
                        
   019a                 IS_CHECK_WHITE:
                            ; Get white king position
   019a   68 cd 60 86       RLDI 13, GAME_STATE + STATE_W_KING_SQ
   019e   0d                LDN 13
   019f   ab                PLO 11              ; B.0 = white king square
                        
   01a0                 IS_CHECK_TEST:
                            ; Check if king square is attacked by enemy
                            ; C already has side being checked
   01a0   d4 01 a4          CALL IS_SQUARE_ATTACKED
                            ; D = 1 if attacked, 0 if safe
   01a3   d5                RETN
                        
                        ; ------------------------------------------------------------------------------
                        ; IS_SQUARE_ATTACKED - Check if square is attacked by enemy
                        ; ------------------------------------------------------------------------------
                        ; Input:  B.0 = square to check (0x88 format)
                        ;         C = side being attacked (WHITE or BLACK)
                        ; Output: D = 1 if square is attacked by enemy, 0 if safe
                        ; Uses:   Most registers, stack
                        ;
                        ; Strategy:
                        ;   1. Check for pawn attacks (2 squares)
                        ;   2. Check for knight attacks (8 squares)
                        ;   3. Check for king attacks (8 squares - for king vs king)
                        ;   4. Check for sliding attacks (8 directions)
                        ;      - Bishop/Queen on diagonals
                        ;      - Rook/Queen on orthogonals
                        ;
                        ; Stack layout after prologue:
                        ;   M[R2+1] = C (our color)
                        ;   M[R2+2] = B.0 (target square)
                        ;   ENEMY_COLOR_TEMP = enemy color (in memory, not stack)
                        ; ------------------------------------------------------------------------------
   01a4                 IS_SQUARE_ATTACKED:
                            ; Ensure X=2 for all stack operations in this function
   01a4   e2                SEX 2
                        
                            ; Save context
   01a5   8b                GLO 11
   01a6   73                STXD
   01a7   8c                GLO 12
   01a8   73                STXD
                        
                            ; Calculate enemy color and store in memory (NOT stack!)
                            ; This avoids complex stack offset calculations in nested calls
   01a9   68 ca 64 a9       RLDI 10, ENEMY_COLOR_TEMP
   01ad   8c                GLO 12
   01ae   fb 08             XRI BLACK           ; Flip color (0 -> 8, 8 -> 0)
   01b0   5a                STR 10              ; Store enemy color at ENEMY_COLOR_TEMP
                        
                            ; -----------------------------------------------
                            ; 1. Check for enemy pawn attacks
                            ; -----------------------------------------------
                            ; Pawns attack diagonally
                            ; White pawns attack NE and NW from their position
                            ; Black pawns attack SE and SW from their position
                            ; So from target square, check opposite directions
                        
   01b1   8c                GLO 12
   01b2   c2 01 e0          LBZ ATTACK_CHECK_W_PAWNS
                        
   01b5                 ATTACK_CHECK_B_PAWNS:
                            ; We're checking if black king is attacked by white pawns
                            ; White pawns would attack from SE and SW of our square
                            ; So check NW and NE for white pawns
   01b5   8b                GLO 11              ; Target square
   01b6   fc ef             ADI DIR_NW
   01b8   ad                PLO 13
                        
   01b9   fa 88             ANI $88
   01bb   ca 01 c9          LBNZ ATTACK_PAWN_2
                        
                            ; Valid square, check for white pawn
   01be   f8 60             LDI HIGH(BOARD)
   01c0   ba                PHI 10
   01c1   8d                GLO 13
   01c2   aa                PLO 10
   01c3   0a                LDN 10
   01c4   fb 01             XRI W_PAWN
   01c6   c2 02 dd          LBZ ATTACK_FOUND    ; White pawn attacks this square!
                        
   01c9                 ATTACK_PAWN_2:
   01c9   8b                GLO 11
   01ca   fc f1             ADI DIR_NE
   01cc   ad                PLO 13
                        
   01cd   fa 88             ANI $88
   01cf   ca 02 08          LBNZ ATTACK_CHECK_KNIGHTS
                        
   01d2   f8 60             LDI HIGH(BOARD)
   01d4   ba                PHI 10
   01d5   8d                GLO 13
   01d6   aa                PLO 10
   01d7   0a                LDN 10
   01d8   fb 01             XRI W_PAWN
   01da   c2 02 dd          LBZ ATTACK_FOUND
                        
   01dd   c0 02 08          LBR ATTACK_CHECK_KNIGHTS
                        
   01e0                 ATTACK_CHECK_W_PAWNS:
                            ; Check if white king attacked by black pawns
                            ; Black pawns attack from NE and NW of their position
                            ; So check SE and SW for black pawns
   01e0   8b                GLO 11
   01e1   fc 11             ADI DIR_SE
   01e3   ad                PLO 13
                        
   01e4   fa 88             ANI $88
   01e6   ca 01 f4          LBNZ ATTACK_PAWN_W2
                        
   01e9   f8 60             LDI HIGH(BOARD)
   01eb   ba                PHI 10
   01ec   8d                GLO 13
   01ed   aa                PLO 10
   01ee   0a                LDN 10
   01ef   fb 09             XRI B_PAWN
   01f1   c2 02 dd          LBZ ATTACK_FOUND
                        
   01f4                 ATTACK_PAWN_W2:
   01f4   8b                GLO 11
   01f5   fc 0f             ADI DIR_SW
   01f7   ad                PLO 13
                        
   01f8   fa 88             ANI $88
   01fa   ca 02 08          LBNZ ATTACK_CHECK_KNIGHTS
                        
   01fd   f8 60             LDI HIGH(BOARD)
   01ff   ba                PHI 10
   0200   8d                GLO 13
   0201   aa                PLO 10
   0202   0a                LDN 10
   0203   fb 09             XRI B_PAWN
   0205   c2 02 dd          LBZ ATTACK_FOUND
                        
                            ; -----------------------------------------------
                            ; 2. Check for enemy knight attacks
                            ; -----------------------------------------------
   0208                 ATTACK_CHECK_KNIGHTS:
                            ; Use knight offset table
   0208   68 cd 00 96       RLDI 13, KNIGHT_OFFSETS
                        
   020c   f8 08             LDI 8
   020e   73                STXD                ; Push loop counter to stack (R14 is off-limits)
                        
   020f                 ATTACK_KNIGHT_LOOP:
                            ; Save table pointer
   020f   8d                GLO 13
   0210   73                STXD
   0211   9d                GHI 13
   0212   73                STXD
                        
                            ; Get offset from table
   0213   0d                LDN 13              ; Load offset (don't increment, we saved pointer)
   0214   52                STR 2              ; Save offset to stack top temporarily
                        
                            ; Calculate target square
   0215   8b                GLO 11              ; Target square
   0216   f4                ADD                 ; Add offset (from M[R2])
   0217   af                PLO 15              ; F.0 = test square
                        
                            ; Validate square
   0218   fa 88             ANI $88
   021a   ca 02 3c          LBNZ ATTACK_KNIGHT_NEXT
                        
                            ; Check for piece at square
   021d   f8 60             LDI HIGH(BOARD)
   021f   ba                PHI 10
   0220   8f                GLO 15
   0221   aa                PLO 10
   0222   0a                LDN 10              ; Load piece
   0223   c2 02 3c          LBZ ATTACK_KNIGHT_NEXT
                        
                            ; Check if it's a knight
   0226   af                PLO 15              ; Save piece in F.0
   0227   fa 07             ANI PIECE_MASK
   0229   fb 02             XRI KNIGHT_TYPE    ; Is it a knight?
   022b   ca 02 3c          LBNZ ATTACK_KNIGHT_NEXT
                        
                            ; It's a knight - check if enemy color
   022e   8f                GLO 15              ; Get piece back
   022f   fa 08             ANI COLOR_MASK     ; D = piece color
   0231   52                STR 2              ; Store piece color at M[R2]
                        
                            ; Get enemy color from memory (simple and reliable!)
   0232   68 ca 64 a9       RLDI 10, ENEMY_COLOR_TEMP
   0236   0a                LDN 10              ; D = enemy color
                        
                            ; Now D = enemy color, M[R2] = piece color
   0237   e2                SEX 2               ; Ensure X=2 for XOR
   0238   f3                XOR                 ; D = enemy_color XOR piece_color
   0239   c2 02 d5          LBZ ATTACK_FOUND_POP3 ; If equal (XOR=0), it's an enemy knight!
                        
   023c                 ATTACK_KNIGHT_NEXT:
                            ; Restore table pointer and advance
   023c   60                IRX
   023d   72                LDXA
   023e   bd                PHI 13
   023f   f0                LDX
   0240   ad                PLO 13
   0241   1d                INC 13              ; Advance to next offset
                        
                            ; Decrement counter (on stack)
   0242   60                IRX                 ; Point to counter
   0243   02                LDN 2               ; Load counter
   0244   ff 01             SMI 1
   0246   52                STR 2               ; Store decremented counter
   0247   22                DEC 2               ; Restore stack pointer
   0248   ca 02 0f          LBNZ ATTACK_KNIGHT_LOOP
                        
                            ; Pop counter from stack
   024b   60                IRX
                        
                            ; -----------------------------------------------
                            ; 3. Check for enemy king attacks (king vs king)
                            ; -----------------------------------------------
   024c                 ATTACK_CHECK_KING:
   024c   68 cd 00 9e       RLDI 13, KING_OFFSETS
                        
   0250   f8 08             LDI 8
   0252   73                STXD                ; Push loop counter to stack (R14 is off-limits)
                        
   0253                 ATTACK_KING_LOOP:
                            ; Save table pointer
   0253   8d                GLO 13
   0254   73                STXD
   0255   9d                GHI 13
   0256   73                STXD
                        
   0257   0d                LDN 13              ; Get offset
   0258   52                STR 2
                        
   0259   8b                GLO 11
   025a   f4                ADD
   025b   af                PLO 15
                        
   025c   fa 88             ANI $88
   025e   ca 02 80          LBNZ ATTACK_KING_NEXT
                        
   0261   f8 60             LDI HIGH(BOARD)
   0263   ba                PHI 10
   0264   8f                GLO 15
   0265   aa                PLO 10
   0266   0a                LDN 10
   0267   c2 02 80          LBZ ATTACK_KING_NEXT
                        
   026a   af                PLO 15
   026b   fa 07             ANI PIECE_MASK
   026d   fb 06             XRI KING_TYPE      ; Is it a king?
   026f   ca 02 80          LBNZ ATTACK_KING_NEXT
                        
                            ; It's a king - check color
   0272   8f                GLO 15
   0273   fa 08             ANI COLOR_MASK     ; D = piece color
   0275   52                STR 2              ; Store piece color at M[R2]
                        
                            ; Get enemy color from memory (simple and reliable!)
   0276   68 ca 64 a9       RLDI 10, ENEMY_COLOR_TEMP
   027a   0a                LDN 10              ; D = enemy color
                        
   027b   e2                SEX 2               ; Ensure X=2 for XOR
   027c   f3                XOR
   027d   c2 02 d5          LBZ ATTACK_FOUND_POP3
                        
   0280                 ATTACK_KING_NEXT:
   0280   60                IRX
   0281   72                LDXA
   0282   bd                PHI 13
   0283   f0                LDX
   0284   ad                PLO 13
   0285   1d                INC 13
                        
                            ; Decrement counter (on stack)
   0286   60                IRX                 ; Point to counter
   0287   02                LDN 2               ; Load counter
   0288   ff 01             SMI 1
   028a   52                STR 2               ; Store decremented counter
   028b   22                DEC 2               ; Restore stack pointer
   028c   ca 02 53          LBNZ ATTACK_KING_LOOP
                        
                            ; Pop counter from stack
   028f   60                IRX
                        
                            ; -----------------------------------------------
                            ; 4. Check for sliding piece attacks
                            ; -----------------------------------------------
                            ; Check diagonals for bishops and queens
   0290   f8 f1             LDI DIR_NE
   0292   d4 02 e7          CALL ATTACK_CHECK_SLIDING
   0295   ca 02 dd          LBNZ ATTACK_FOUND
                        
   0298   f8 ef             LDI DIR_NW
   029a   d4 02 e7          CALL ATTACK_CHECK_SLIDING
   029d   ca 02 dd          LBNZ ATTACK_FOUND
                        
   02a0   f8 11             LDI DIR_SE
   02a2   d4 02 e7          CALL ATTACK_CHECK_SLIDING
   02a5   ca 02 dd          LBNZ ATTACK_FOUND
                        
   02a8   f8 0f             LDI DIR_SW
   02aa   d4 02 e7          CALL ATTACK_CHECK_SLIDING
   02ad   ca 02 dd          LBNZ ATTACK_FOUND
                        
                            ; Check orthogonals for rooks and queens
   02b0   f8 f0             LDI DIR_N
   02b2   d4 02 e7          CALL ATTACK_CHECK_SLIDING
   02b5   ca 02 dd          LBNZ ATTACK_FOUND
                        
   02b8   f8 10             LDI DIR_S
   02ba   d4 02 e7          CALL ATTACK_CHECK_SLIDING
   02bd   ca 02 dd          LBNZ ATTACK_FOUND
                        
   02c0   f8 01             LDI DIR_E
   02c2   d4 02 e7          CALL ATTACK_CHECK_SLIDING
   02c5   ca 02 dd          LBNZ ATTACK_FOUND
                        
   02c8   f8 ff             LDI DIR_W
   02ca   d4 02 e7          CALL ATTACK_CHECK_SLIDING
   02cd   ca 02 dd          LBNZ ATTACK_FOUND
                        
                            ; No attackers found
   02d0   f8 00             LDI 0
   02d2   c0 02 df          LBR ATTACK_RESTORE
                        
   02d5                 ATTACK_FOUND_POP3:
                            ; Pop counter + 2 bytes for table pointer
   02d5   60                IRX
   02d6   60                IRX
   02d7   60                IRX
   02d8   c0 02 dd          LBR ATTACK_FOUND
                        
   02db                 ATTACK_FOUND_POP2:
                            ; Pop the saved D pointer before going to ATTACK_FOUND
   02db   60                IRX
   02dc   60                IRX
                        
   02dd                 ATTACK_FOUND:
                            ; Attack found!
   02dd   f8 01             LDI 1
                        
   02df                 ATTACK_RESTORE:
                            ; Save result
   02df   af                PLO 15
                        
                            ; Restore context (pop C, B - enemy_color now in memory, not stack)
   02e0   60                IRX
   02e1   72                LDXA               ; Pop C
   02e2   ac                PLO 12
   02e3   f0                LDX                ; Pop B (leave R2 pointing here)
   02e4   ab                PLO 11
                        
                            ; Return result
   02e5   8f                GLO 15
   02e6   d5                RETN
                        
                        ; ------------------------------------------------------------------------------
                        ; ATTACK_CHECK_SLIDING - Check for sliding piece attack in one direction
                        ; ------------------------------------------------------------------------------
                        ; Input:  D = direction offset
                        ;         B.0 = target square
                        ;         Stack has enemy color at known offset
                        ; Output: D = 1 if attack found, 0 if not
                        ; Uses:   A, R7, F (R14 is off-limits - BIOS uses it)
                        ; ------------------------------------------------------------------------------
   02e7                 ATTACK_CHECK_SLIDING:
                            ; Ensure X=2 for stack address calculations
   02e7   e2                SEX 2
                        
                            ; Save direction
   02e8   af                PLO 15              ; F.0 = direction
                        
                            ; Start from target square
   02e9   8b                GLO 11
   02ea   a7                PLO 7               ; R7.0 = current square (not R14!)
                        
   02eb                 ATTACK_SLIDE_LOOP:
   02eb   3f ef             BN4  BRK_ATTACK_SLIDE_LOOP      ; /EF4 break trap (DEBUG)
   02ed   79                MARK
   02ee   d1                SEP  1
   02ef                 BRK_ATTACK_SLIDE_LOOP:
                            ; Move in direction
   02ef   87                GLO 7
   02f0   52                STR 2
   02f1   8f                GLO 15              ; Direction
   02f2   f4                ADD                 ; New square
   02f3   a7                PLO 7
                        
                            ; Check if off board
   02f4   fa 88             ANI $88
   02f6   ca 03 5f          LBNZ ATTACK_SLIDE_NONE
                        
                            ; Check what's on square
   02f9   f8 60             LDI HIGH(BOARD)
   02fb   ba                PHI 10
   02fc   87                GLO 7
   02fd   aa                PLO 10
   02fe   0a                LDN 10              ; Load piece
   02ff   c2 02 eb          LBZ ATTACK_SLIDE_LOOP ; Empty, continue sliding
                        
                            ; Piece found - save it
   0302   bf                PHI 15              ; F.1 = piece (F.0 still has direction)
                        
                            ; Check if enemy color
   0303   fa 08             ANI COLOR_MASK     ; D = piece color
   0305   52                STR 2              ; Save piece color at M[R2]
                        
                            ; Get enemy color from memory (simple and reliable!)
   0306   68 ca 64 a9       RLDI 10, ENEMY_COLOR_TEMP
   030a   0a                LDN 10              ; D = enemy color
                        
                            ; Compare: D = enemy_color, M[R2] = piece_color
   030b   e2                SEX 2               ; Ensure X=2 for XOR instruction
   030c   f3                XOR                 ; D = enemy_color XOR piece_color
   030d   ca 03 5f          LBNZ ATTACK_SLIDE_NONE ; Wrong color, blocked by friendly
                        
                            ; Right color - check piece type
   0310   9f                GHI 15              ; Get piece back
   0311   fa 07             ANI PIECE_MASK     ; Get type
   0313   aa                PLO 10              ; Save type in A.0 temporarily
                        
                            ; Check based on direction (diagonal vs orthogonal)
   0314   8f                GLO 15              ; Get direction
   0315   fa 0f             ANI $0F            ; Low nibble
                            ; Diagonal directions: NE=$F1, NW=$EF, SE=$11, SW=$0F
                            ; Orthogonal: N=$F0, S=$10, E=$01, W=$FF
                            ; Diagonal low nibbles: 1, F (15), 1, F
                            ; Orthogonal low nibbles: 0, 0, 1, F
                            ; Hmm, this doesn't cleanly separate them...
                        
                            ; Simpler: check if piece is bishop, rook, or queen
   0317   8a                GLO 10              ; piece type
   0318   fb 05             XRI QUEEN_TYPE
   031a   c2 03 62          LBZ ATTACK_SLIDE_YES ; Queen attacks in all directions
                        
   031d   8a                GLO 10
   031e   fb 03             XRI BISHOP_TYPE
   0320   c2 03 2c          LBZ ATTACK_SLIDE_CHECK_DIAG
                        
   0323   8a                GLO 10
   0324   fb 04             XRI ROOK_TYPE
   0326   c2 03 47          LBZ ATTACK_SLIDE_CHECK_ORTH
                        
                            ; Not a sliding piece, blocked
   0329   c0 03 5f          LBR ATTACK_SLIDE_NONE
                        
   032c                 ATTACK_SLIDE_CHECK_DIAG:
                            ; Bishop - only attacks on diagonals
                            ; Check if direction is diagonal (NE, NW, SE, SW)
   032c   8f                GLO 15
   032d   fb f1             XRI DIR_NE
   032f   c2 03 62          LBZ ATTACK_SLIDE_YES
   0332   8f                GLO 15
   0333   fb ef             XRI DIR_NW
   0335   c2 03 62          LBZ ATTACK_SLIDE_YES
   0338   8f                GLO 15
   0339   fb 11             XRI DIR_SE
   033b   c2 03 62          LBZ ATTACK_SLIDE_YES
   033e   8f                GLO 15
   033f   fb 0f             XRI DIR_SW
   0341   c2 03 62          LBZ ATTACK_SLIDE_YES
   0344   c0 03 5f          LBR ATTACK_SLIDE_NONE
                        
   0347                 ATTACK_SLIDE_CHECK_ORTH:
                            ; Rook - only attacks on orthogonals
   0347   8f                GLO 15
   0348   fb f0             XRI DIR_N
   034a   c2 03 62          LBZ ATTACK_SLIDE_YES
   034d   8f                GLO 15
   034e   fb 10             XRI DIR_S
   0350   c2 03 62          LBZ ATTACK_SLIDE_YES
   0353   8f                GLO 15
   0354   fb 01             XRI DIR_E
   0356   c2 03 62          LBZ ATTACK_SLIDE_YES
   0359   8f                GLO 15
   035a   fb ff             XRI DIR_W
   035c   c2 03 62          LBZ ATTACK_SLIDE_YES
                            ; Fall through to none
                        
   035f                 ATTACK_SLIDE_NONE:
   035f   f8 00             LDI 0
   0361   d5                RETN
                        
   0362                 ATTACK_SLIDE_YES:
   0362   f8 01             LDI 1
   0364   d5                RETN
                        
                        ; ==============================================================================
                        ; End of Check Detection
                        ; ==============================================================================
                        ; ==============================================================================
                        ; RCA 1802/1806 Chess Engine - Move Generation Helpers
                        ; ==============================================================================
                        ; Helper functions for move generation
                        ; ==============================================================================
                        
                        ; ------------------------------------------------------------------------------
                        ; CHECK_TARGET_SQUARE - Check if move to target square is valid
                        ; ------------------------------------------------------------------------------
                        ; Input:  B.0 = target square (0x88 format)
                        ;         C = side to move color
                        ; Output: D = 0 (can't move), 1 (empty square), 2 (capture)
                        ;         DF = 1 if can move, 0 if blocked by friendly
                        ; Uses:   Temp register
                        ; ------------------------------------------------------------------------------
   0365                 CHECK_TARGET_SQUARE:
                            ; Ensure X=2 for XOR instruction
   0365   e2                SEX 2
                        
                            ; First check if square is valid
   0366   8b                GLO 11
   0367   fa 88             ANI $88
   0369   ca 03 8a          LBNZ CHECK_TARGET_INVALID
                        
                            ; Get piece at target square (use R7, not R13 - R13 is loop counter!)
   036c   f8 60             LDI HIGH(BOARD)
   036e   b7                PHI 7
   036f   8b                GLO 11
   0370   a7                PLO 7               ; R7 = BOARD + target square
                        
   0371   07                LDN 7               ; Load piece at target
   0372   c2 03 84          LBZ CHECK_TARGET_EMPTY
                        
                            ; Square occupied - check color
   0375   fa 08             ANI COLOR_MASK
   0377   52                STR 2
   0378   8c                GLO 12              ; Side to move
   0379   f3                XOR                 ; D = side XOR piece_color (0 if same color)
   037a   c2 03 81          LBZ CHECK_TARGET_FRIENDLY
                        
                            ; Enemy piece - capture
   037d   f8 01             LDI 1
   037f   fe                SHL                 ; Set DF (D becomes 2, which we want)
   0380   d5                RETN
                        
   0381                 CHECK_TARGET_FRIENDLY:
                            ; Friendly piece - can't move here
   0381   f8 00             LDI 0               ; D = 0, DF unchanged
   0383   d5                RETN
                        
   0384                 CHECK_TARGET_EMPTY:
                            ; Empty square - can move
   0384   f8 00             LDI 0
   0386   fe                SHL                 ; Set DF, D stays 0
   0387   f8 01             LDI 1               ; D = 1
   0389   d5                RETN
                        
   038a                 CHECK_TARGET_INVALID:
   038a   f8 00             LDI 0               ; D = 0, DF unchanged
   038c   d5                RETN
                        
                        ; MOVE_FLAGS_TEMP defined in board.asm ($6406)
                        ; All engine variables consolidated at $6400+ region
                        
                        ; ------------------------------------------------------------------------------
                        ; ENCODE_MOVE_16BIT - Properly encode move as 16-bit value
                        ; ------------------------------------------------------------------------------
                        ; Input:  R13.1 = from square (7 bits)
                        ;         R13.0 = to square (7 bits)
                        ;         MOVE_FLAGS_TEMP = special flags (2 bits) - set before CALL
                        ; Output: R8 = encoded 16-bit move
                        ; Uses:   D
                        ;
                        ; Encoding: [flags:2][to:7][from:7]
                        ; Bits 0-6: from, Bits 7-13: to, Bits 14-15: flags
                        ; NOTE: R14 is off-limits (BIOS uses it for serial baud rate)
                        ; ------------------------------------------------------------------------------
   038d                 ENCODE_MOVE_16BIT:
                            ; Low byte = from (bits 0-6) + bit 0 of to (bit 7)
                            ; NO STACK OPERATIONS - use conditional ORI instead
   038d   9d                GHI 13              ; From square
   038e   fa 7f             ANI $7F             ; Ensure 7 bits
   0390   a8                PLO 8               ; 8.0 = from
                        
   0391   8d                GLO 13              ; To square
   0392   fa 01             ANI $01             ; Get bit 0 of to
   0394   c2 03 9b          LBZ ENCODE_LOW_DONE ; If to.0 = 0, R8.0 already correct
                            ; to.0 = 1, need to set bit 7
   0397   88                GLO 8
   0398   f9 80             ORI $80
   039a   a8                PLO 8               ; 8.0 = from | $80
   039b                 ENCODE_LOW_DONE:
                        
                            ; High byte = bits 1-6 of to (bits 0-5) + flags (bits 6-7)
   039b   8d                GLO 13              ; To square
   039c   f6                SHR                 ; Shift right 1 (remove bit 0)
   039d   fa 3f             ANI $3F             ; Mask to 6 bits
   039f   b8                PHI 8               ; 8.1 = to.bits[1-6]
                        
                            ; Get flags from memory - use conditional ORI (no stack!)
   03a0   68 c7 64 06       RLDI 7, MOVE_FLAGS_TEMP
   03a4   07                LDN 7               ; D = flags
   03a5   fa 03             ANI $03             ; Ensure 2 bits
   03a7   c2 03 c6          LBZ ENCODE_HI_DONE  ; flags = 0 (MOVE_NORMAL), no change needed
   03aa   ff 01             SMI 1
   03ac   c2 03 c2          LBZ ENCODE_FLAG_1   ; flags = 1
   03af   ff 01             SMI 1
   03b1   c2 03 bb          LBZ ENCODE_FLAG_2   ; flags = 2
                            ; flags = 3
   03b4   98                GHI 8
   03b5   f9 c0             ORI $C0
   03b7   b8                PHI 8
   03b8   c0 03 c6          LBR ENCODE_HI_DONE
   03bb                 ENCODE_FLAG_2:
   03bb   98                GHI 8
   03bc   f9 80             ORI $80
   03be   b8                PHI 8
   03bf   c0 03 c6          LBR ENCODE_HI_DONE
   03c2                 ENCODE_FLAG_1:
   03c2   98                GHI 8
   03c3   f9 40             ORI $40
   03c5   b8                PHI 8
   03c6                 ENCODE_HI_DONE:
   03c6   d5                RETN
                        
                        ; DECODED_FLAGS defined in board.asm ($6405)
                        ; All engine variables consolidated at $6400+ region
                        
                        ; ------------------------------------------------------------------------------
                        ; DECODE_MOVE_16BIT - Decode 16-bit move
                        ; ------------------------------------------------------------------------------
                        ; Input:  8 = encoded move (R8, not R6!)
                        ; Output: R13.1 = from square
                        ;         R13.0 = to square
                        ;         DECODED_FLAGS = special flags (stored in memory, not R14!)
                        ; NOTE: R14 is off-limits (BIOS uses it for serial baud rate)
                        ; ------------------------------------------------------------------------------
   03c7                 DECODE_MOVE_16BIT:
                            ; NO STACK OPERATIONS - use conditional ORI instead
                        
                            ; Extract from (bits 0-6 of low byte)
   03c7   88                GLO 8
   03c8   fa 7f             ANI $7F
   03ca   bd                PHI 13              ; R13.1 = from
                        
                            ; Extract to square (bit 7 of low byte + bits 0-5 of high byte)
                            ; First get to.bits[1-6] from high byte, shifted left
   03cb   98                GHI 8               ; High byte
   03cc   fa 3f             ANI $3F             ; Bits 0-5 are to.bits[1-6]
   03ce   fe                SHL                 ; Shift left 1
   03cf   ad                PLO 13              ; R13.0 = to.bits[1-6] << 1
                        
                            ; Now check if bit 7 of low byte (to.bit0) is set
   03d0   88                GLO 8               ; Low byte
   03d1   fa 80             ANI $80             ; Check bit 7
   03d3   c2 03 da          LBZ DECODE_TO_DONE  ; If 0, R13.0 is complete
                            ; to.bit0 = 1, add it
   03d6   8d                GLO 13
   03d7   f9 01             ORI $01
   03d9   ad                PLO 13              ; R13.0 = to (full 7 bits)
   03da                 DECODE_TO_DONE:
                        
                            ; Extract flags (bits 6-7 of high byte) - store to memory
                            ; Set up pointer first (before extracting, since LDI clobbers D)
   03da   68 c7 64 05       RLDI 7, DECODED_FLAGS
                            ; Now extract and store flags
   03de   98                GHI 8
   03df   f6                SHR
   03e0   f6                SHR
   03e1   f6                SHR
   03e2   f6                SHR
   03e3   f6                SHR
   03e4   f6                SHR                 ; Shift right 6
   03e5   fa 03             ANI $03             ; Mask to 2 bits
   03e7   57                STR 7               ; Store to DECODED_FLAGS memory
                        
   03e8   d5                RETN
                        
                        ; ------------------------------------------------------------------------------
                        ; ADD_MOVE_ENCODED - Add properly encoded move to list
                        ; ------------------------------------------------------------------------------
                        ; Input:  R13.1 = from square
                        ;         R13.0 = to square
                        ;         D = special flags (MOVE_NORMAL, MOVE_EP, etc.)
                        ;         R9 = move list pointer (updated)
                        ; Output: Move added to list, R9 incremented by 2
                        ; NOTE: R14 is off-limits (BIOS uses it for serial baud rate)
                        ; ------------------------------------------------------------------------------
   03e9                 ADD_MOVE_ENCODED:
                            ; Ensure X=2 for stack operations
   03e9   e2                SEX 2
                        
                            ; Save flags in R8.1 IMMEDIATELY (D = flags on entry)
                            ; R8 is output register — ENCODE_MOVE_16BIT will overwrite it
   03ea   b8                PHI 8               ; R8.1 = flags (safe from D clobber)
                        
                            ; Bounds guard: cap at 64 moves per ply (128 bytes)
                            ; R15 = ply start, R9 = current write pointer
                            ; When (R9.0 XOR R15.0) has bit 7 set, we've crossed the 128-byte boundary
   03eb   89                GLO 9
   03ec   52                STR 2
   03ed   8f                GLO 15
   03ee   f3                XOR                 ; D = R9.0 XOR R15.0
   03ef   fa 80             ANI $80             ; Check bit 7
   03f1   ca 04 0d          LBNZ AME_FULL       ; Move list full, skip this move
                        
                            ; Save R7 (used by slider loops for current position!)
   03f4   87                GLO 7
   03f5   73                STXD
   03f6   97                GHI 7
   03f7   73                STXD
                        
                            ; Store saved flags from R8.1 to MOVE_FLAGS_TEMP
   03f8   68 c7 64 06       RLDI 7, MOVE_FLAGS_TEMP
   03fc   98                GHI 8               ; D = saved flags
   03fd   57                STR 7               ; MOVE_FLAGS_TEMP = flags
                        
   03fe   d4 03 8d          CALL ENCODE_MOVE_16BIT
                            ; R8 now has encoded move
                        
                            ; Store to move list (big-endian: high byte first)
   0401   98                GHI 8
   0402   59                STR 9
   0403   19                INC 9
                        
   0404   88                GLO 8
   0405   59                STR 9
   0406   19                INC 9
                        
                            ; Restore R7
   0407   60                IRX
   0408   72                LDXA
   0409   b7                PHI 7
   040a   f0                LDX
   040b   a7                PLO 7
                        
   040c   d5                RETN
                        
   040d                 AME_FULL:
                            ; Move list full (64 moves) - silently discard
   040d   d5                RETN
                        
                        ; ------------------------------------------------------------------------------
                        ; GEN_PAWN_PROMOTION - Generate queen promotion move
                        ; ------------------------------------------------------------------------------
                        ; Input:  R11.1 = from square (pawn on 7th rank)
                        ;         R11.0 = to square (8th rank)
                        ;         R9 = move list pointer
                        ; Output: 1 queen promotion move added
                        ; ------------------------------------------------------------------------------
   040e                 GEN_PAWN_PROMOTION:
                            ; Generate queen promotion only (engine always promotes to queen)
                            ; NOTE: ADD_MOVE_ENCODED now takes flags in D (not R14 - BIOS uses it)
   040e   9b                GHI 11              ; From (from R11.1)
   040f   bd                PHI 13
   0410   8b                GLO 11              ; To
   0411   ad                PLO 13
   0412   f8 03             LDI MOVE_PROMOTION
   0414   d4 03 e9          CALL ADD_MOVE_ENCODED
                        
   0417   d5                RETN
                        
                        ; ------------------------------------------------------------------------------
                        ; CHECK_EN_PASSANT - Check if en passant capture is legal
                        ; ------------------------------------------------------------------------------
                        ; Input:  B.0 = target square
                        ;         C = side to move
                        ; Output: D = 1 if legal en passant, 0 otherwise
                        ; ------------------------------------------------------------------------------
   0418                 CHECK_EN_PASSANT:
                            ; Ensure X=2 for XOR instruction
   0418   e2                SEX 2
                        
                            ; Get en passant square from game state
   0419   68 cd 60 82       RLDI 13, GAME_STATE + STATE_EP_SQUARE
                        
   041d   0d                LDN 13              ; Load EP square
   041e   52                STR 2
   041f   8b                GLO 11              ; Target square
   0420   f3                XOR                 ; Compare (D = target XOR ep, 0 if match)
   0421   3a 26             BNZ CHECK_EP_NO     ; Not EP square (different)
                        
                            ; Target matches EP square
   0423   f8 01             LDI 1
   0425   d5                RETN
                        
   0426                 CHECK_EP_NO:
   0426   f8 00             LDI 0
   0428   d5                RETN
                        
                        ; ------------------------------------------------------------------------------
                        ; GEN_CASTLING_MOVES - Generate castling moves if legal
                        ; ------------------------------------------------------------------------------
                        ; Input:  D = king square (passed in)
                        ;         R12 = side to move
                        ;         R9 = move list pointer
                        ; Output: Castling moves added if legal
                        ; ------------------------------------------------------------------------------
   0429                 GEN_CASTLING_MOVES:
                            ; Ensure X=2 for stack operations
   0429   e2                SEX 2
                        
                            ; Save king square on stack
   042a   73                STXD
                        
                            ; Check castling rights
   042b   d4 01 56          CALL GET_CASTLING_RIGHTS
                            ; D = castling rights
                        
                            ; Save castling rights on stack
   042e   73                STXD
                        
                            ; Determine which castling rights to check based on color
   042f   8c                GLO 12
   0430   c2 04 85          LBZ GEN_CASTLE_WHITE
                        
   0433                 GEN_CASTLE_BLACK:
                            ; Check black kingside - get rights from stack
   0433   60                IRX
   0434   02                LDN 2               ; D = rights
   0435   22                DEC 2
   0436   fa 04             ANI CASTLE_BK
   0438   c2 04 57          LBZ GEN_CASTLE_BQ
                        
                            ; King on e8, rook on h8 - in 0x88: e8=$74, g8=$76
                            ; Must verify f8 ($75) and g8 ($76) are empty
   043b   f8 60             LDI HIGH(BOARD)
   043d   b7                PHI 7
   043e   f8 75             LDI $75             ; f8
   0440   a7                PLO 7
   0441   07                LDN 7
   0442   ca 04 57          LBNZ GEN_CASTLE_BQ  ; f8 occupied, can't castle
                        
   0445   f8 76             LDI $76             ; g8
   0447   a7                PLO 7
   0448   07                LDN 7
   0449   ca 04 57          LBNZ GEN_CASTLE_BQ  ; g8 occupied, can't castle
                        
                            ; Squares empty - generate castling move
   044c   f8 74             LDI $74
   044e   bd                PHI 13              ; From (e8)
   044f   f8 76             LDI $76
   0451   ad                PLO 13              ; To (g8)
   0452   f8 01             LDI MOVE_CASTLE
   0454   d4 03 e9          CALL ADD_MOVE_ENCODED
                        
   0457                 GEN_CASTLE_BQ:
                            ; Check black queenside - get rights from stack
   0457   60                IRX
   0458   02                LDN 2               ; D = rights
   0459   22                DEC 2
   045a   fa 08             ANI CASTLE_BQ
   045c   c2 04 d4          LBZ GEN_CASTLE_DONE
                        
                            ; King on e8 ($74), rook on a8 ($70)
                            ; Must verify b8 ($71), c8 ($72), d8 ($73) are empty
   045f   f8 60             LDI HIGH(BOARD)
   0461   b7                PHI 7
   0462   f8 71             LDI $71             ; b8
   0464   a7                PLO 7
   0465   07                LDN 7
   0466   ca 04 d4          LBNZ GEN_CASTLE_DONE ; b8 occupied
                        
   0469   f8 72             LDI $72             ; c8
   046b   a7                PLO 7
   046c   07                LDN 7
   046d   ca 04 d4          LBNZ GEN_CASTLE_DONE ; c8 occupied
                        
   0470   f8 73             LDI $73             ; d8
   0472   a7                PLO 7
   0473   07                LDN 7
   0474   ca 04 d4          LBNZ GEN_CASTLE_DONE ; d8 occupied
                        
                            ; Squares empty - generate castling move
   0477   f8 74             LDI $74
   0479   bd                PHI 13              ; From (e8)
   047a   f8 72             LDI $72
   047c   ad                PLO 13              ; To (c8)
   047d   f8 01             LDI MOVE_CASTLE
   047f   d4 03 e9          CALL ADD_MOVE_ENCODED
   0482   c0 04 d4          LBR GEN_CASTLE_DONE
                        
   0485                 GEN_CASTLE_WHITE:
                            ; Check white kingside - get rights from stack
   0485   60                IRX
   0486   02                LDN 2               ; D = rights
   0487   22                DEC 2
   0488   fa 01             ANI CASTLE_WK
   048a   c2 04 a9          LBZ GEN_CASTLE_WQ
                        
                            ; King on e1 ($04), rook on h1 ($07) - in 0x88: e1=$04, g1=$06
                            ; Must verify f1 ($05) and g1 ($06) are empty
   048d   f8 60             LDI HIGH(BOARD)
   048f   b7                PHI 7
   0490   f8 05             LDI $05             ; f1
   0492   a7                PLO 7
   0493   07                LDN 7
   0494   ca 04 a9          LBNZ GEN_CASTLE_WQ  ; f1 occupied, can't castle
                        
   0497   f8 06             LDI $06             ; g1
   0499   a7                PLO 7
   049a   07                LDN 7
   049b   ca 04 a9          LBNZ GEN_CASTLE_WQ  ; g1 occupied, can't castle
                        
                            ; Squares empty - generate castling move
   049e   f8 04             LDI $04
   04a0   bd                PHI 13              ; From (e1)
   04a1   f8 06             LDI $06
   04a3   ad                PLO 13              ; To (g1)
   04a4   f8 01             LDI MOVE_CASTLE
   04a6   d4 03 e9          CALL ADD_MOVE_ENCODED
                        
   04a9                 GEN_CASTLE_WQ:
                            ; Check white queenside - get rights from stack
   04a9   60                IRX
   04aa   02                LDN 2
   04ab   22                DEC 2
   04ac   fa 02             ANI CASTLE_WQ
   04ae   c2 04 d4          LBZ GEN_CASTLE_DONE
                        
                            ; King on e1 ($04), rook on a1 ($00)
                            ; Must verify b1 ($01), c1 ($02), d1 ($03) are empty
   04b1   f8 60             LDI HIGH(BOARD)
   04b3   b7                PHI 7
   04b4   f8 01             LDI $01             ; b1
   04b6   a7                PLO 7
   04b7   07                LDN 7
   04b8   ca 04 d4          LBNZ GEN_CASTLE_DONE ; b1 occupied
                        
   04bb   f8 02             LDI $02             ; c1
   04bd   a7                PLO 7
   04be   07                LDN 7
   04bf   ca 04 d4          LBNZ GEN_CASTLE_DONE ; c1 occupied
                        
   04c2   f8 03             LDI $03             ; d1
   04c4   a7                PLO 7
   04c5   07                LDN 7
   04c6   ca 04 d4          LBNZ GEN_CASTLE_DONE ; d1 occupied
                        
                            ; Squares empty - generate castling move
   04c9   f8 04             LDI $04
   04cb   bd                PHI 13              ; From (e1)
   04cc   f8 02             LDI $02
   04ce   ad                PLO 13              ; To (c1)
   04cf   f8 01             LDI MOVE_CASTLE
   04d1   d4 03 e9          CALL ADD_MOVE_ENCODED
                        
   04d4                 GEN_CASTLE_DONE:
                            ; Pop castling rights and king square from stack
   04d4   60                IRX                 ; Pop rights
   04d5   60                IRX                 ; Pop king square
   04d6   d5                RETN
                        
                        ; ------------------------------------------------------------------------------
                        ; IS_SQUARE_ATTACKED - Implemented in check.asm
                        ; ------------------------------------------------------------------------------
                        ; This function is fully implemented in check.asm
                        ; No stub needed here
                        
                        ; ==============================================================================
                        ; End of Move Generation Helpers
                        ; ==============================================================================
                        ; ==============================================================================
                        ; RCA 1802/1806 Chess Engine - Move Generation (INTEGRATED VERSION)
                        ; ==============================================================================
                        ; Generate pseudo-legal moves for all piece types
                        ; COMPLETE VERSION with all helpers integrated
                        ; ==============================================================================
                        ;
                        ; BIOS COMPATIBILITY: R14 is clobbered by BIOS calls (R14.0 used for baud).
                        ; This version uses memory for scan index and R11.1 for from square.
                        ;
                        ; ==============================================================================
                        
                        ; NOTE: Direction offsets, KNIGHT_OFFSETS, KING_OFFSETS, and MOVE_* constants
                        ; are now defined in board.asm to avoid duplication and make them available
                        ; to all modules
                        
                        ; GM_SCAN_IDX defined in board.asm ($6407)
                        ; All engine variables consolidated at $6400+ region
                        
                        ; ==============================================================================
                        ; GENERATE_MOVES - Main entry
                        ; ==============================================================================
                        ; Input:  R9 = move list pointer, R12.0 = side to move
                        ; Output: D = move count, R9 = updated past last move
                        ; Uses:   Memory at GM_SCAN_IDX, R11.1 for from square
                        ; ==============================================================================
   04d7                 GENERATE_MOVES:
                            ; Ensure X=2 for all stack/memory operations (XOR, ADD, etc.)
   04d7   e2                SEX 2
                        
   04d8   89                GLO 9
   04d9   af                PLO 15
   04da   99                GHI 9
   04db   bf                PHI 15              ; F = move list start
                        
   04dc   68 ca 60 00       RLDI 10, BOARD
                        
                            ; Store scan index in memory (BIOS clobbers R14.0)
   04e0   68 c8 64 07       RLDI 8, GM_SCAN_IDX
   04e4   f8 00             LDI 0
   04e6   58                STR 8               ; scan index = 0
                        
   04e7                 GEN_SCAN_BOARD:
                            ; Load scan index from memory
   04e7   68 c8 64 07       RLDI 8, GM_SCAN_IDX
   04eb   08                LDN 8               ; D = scan index
   04ec   fa 88             ANI $88
   04ee   ca 05 24          LBNZ GEN_SKIP_SQUARE
                        
   04f1   0a                LDN 10
   04f2   c2 05 24          LBZ GEN_SKIP_SQUARE
                        
                            ; Check if piece belongs to side to move
   04f5   fa 08             ANI COLOR_MASK
   04f7   52                STR 2
   04f8   8c                GLO 12
   04f9   f3                XOR               ; D = side_to_move XOR piece_color (0 if same)
   04fa   ca 05 24          LBNZ GEN_SKIP_SQUARE  ; Skip if colors don't match
                        
                            ; Store from square in R11.1 before dispatching
   04fd   68 c8 64 07       RLDI 8, GM_SCAN_IDX
   0501   08                LDN 8
   0502   bb                PHI 11              ; R11.1 = from square (survives CALLs)
                        
   0503   0a                LDN 10
   0504   fa 07             ANI PIECE_MASK
                        
   0506   ff 01             SMI 1
   0508   c2 05 3a          LBZ GEN_PAWN
   050b   ff 01             SMI 1
   050d   c2 06 b9          LBZ GEN_KNIGHT
   0510   ff 01             SMI 1
   0512   c2 07 7c          LBZ GEN_BISHOP
   0515   ff 01             SMI 1
   0517   c2 07 8b          LBZ GEN_ROOK
   051a   ff 01             SMI 1
   051c   c2 07 9a          LBZ GEN_QUEEN
   051f   ff 01             SMI 1
   0521   c2 08 ed          LBZ GEN_KING
                        
   0524                 GEN_SKIP_SQUARE:
   0524   1a                INC 10
                            ; Increment scan index in memory
   0525   68 c8 64 07       RLDI 8, GM_SCAN_IDX
   0529   08                LDN 8
   052a   fc 01             ADI 1
   052c   58                STR 8
   052d   fa 80             ANI $80             ; Check if bit 7 set (>= 128)
   052f   c2 04 e7          LBZ GEN_SCAN_BOARD  ; Continue scanning while < 128
                        
                            ; Calculate move count
   0532   8f                GLO 15              ; Start pointer low byte
   0533   52                STR 2               ; Store on stack
   0534   89                GLO 9               ; Current pointer low byte
   0535   f7                SM                  ; D = current - start = bytes used
   0536   f6                SHR                 ; Divide by 2 for move count
   0537   a8                PLO 8               ; Save move count in R8.0 (temp)
                        
                            ; Return move count
   0538   88                GLO 8
   0539   d5                RETN
                        
                        ; ==============================================================================
                        ; GEN_PAWN - COMPLETE VERSION with validation
                        ; ==============================================================================
                        ; Uses R11.1 for from square (set before dispatch, survives CALLs)
                        ; ==============================================================================
   053a                 GEN_PAWN:
   053a   8c                GLO 12
   053b   c2 05 f2          LBZ GEN_PAWN_WHITE
                        
   053e                 GEN_PAWN_BLACK:
                            ; Single push (black pawns move towards lower ranks = DIR_N)
   053e   9b                GHI 11              ; From square from R11.1
   053f   fc f0             ADI DIR_N
   0541   ab                PLO 11              ; R11.0 = target square
                        
   0542   fa 88             ANI $88
   0544   ca 05 7f          LBNZ GEN_PAWN_CAPTURES_B
                        
                            ; Check if square is empty
   0547   f8 60             LDI HIGH(BOARD)
   0549   bd                PHI 13
   054a   8b                GLO 11
   054b   ad                PLO 13
   054c   0d                LDN 13
   054d   ca 05 7f          LBNZ GEN_PAWN_CAPTURES_B  ; Not empty, skip
                        
                            ; Check for promotion (rank 0)
   0550   8b                GLO 11
   0551   fa 70             ANI $70
   0553   c2 06 ac          LBZ GEN_PAWN_PROMO_B
                        
                            ; Add normal push
   0556   9b                GHI 11              ; from (from R11.1)
   0557   bd                PHI 13
   0558   8b                GLO 11              ; to
   0559   ad                PLO 13
   055a   f8 00             LDI MOVE_NORMAL
   055c   d4 03 e9          CALL ADD_MOVE_ENCODED
                        
                            ; Check for double push from rank 6
   055f   9b                GHI 11              ; from square from R11.1
   0560   fa 70             ANI $70
   0562   fb 60             XRI $60
   0564   ca 05 7f          LBNZ GEN_PAWN_CAPTURES_B
                        
                            ; Try double push - recalculate target
   0567   9b                GHI 11
   0568   fc f0             ADI DIR_N
   056a   fc f0             ADI DIR_N           ; from + 2*DIR_N
   056c   ab                PLO 11
                        
                            ; Check if empty
   056d   f8 60             LDI HIGH(BOARD)
   056f   bd                PHI 13
   0570   8b                GLO 11
   0571   ad                PLO 13
   0572   0d                LDN 13
   0573   ca 05 7f          LBNZ GEN_PAWN_CAPTURES_B
                        
                            ; Add double push
   0576   9b                GHI 11              ; from (from R11.1)
   0577   bd                PHI 13
   0578   8b                GLO 11              ; to
   0579   ad                PLO 13
   057a   f8 00             LDI MOVE_NORMAL
   057c   d4 03 e9          CALL ADD_MOVE_ENCODED
                        
   057f                 GEN_PAWN_CAPTURES_B:
                            ; Left capture (northwest - black moves towards rank 1)
   057f   9b                GHI 11              ; from square from R11.1
   0580   fc ef             ADI DIR_NW
   0582   ab                PLO 11              ; R11.0 = target
                        
   0583   fa 88             ANI $88
   0585   ca 05 b7          LBNZ GEN_PAWN_RIGHT_B
                        
                            ; Check if enemy piece
   0588   d4 03 65          CALL CHECK_TARGET_SQUARE
                            ; D = 0 (blocked), 1 (empty), 2 (capture)
   058b   fb 02             XRI 2
   058d   ca 05 a4          LBNZ GEN_PAWN_EP_LEFT_B   ; Not a capture
                        
                            ; Add capture (or capture-promotion if dest rank == 0 for black)
   0590   9b                GHI 11              ; from (from R11.1)
   0591   bd                PHI 13
   0592   8b                GLO 11              ; to
   0593   ad                PLO 13
   0594   8b                GLO 11
   0595   fa 70             ANI $70             ; D = 0 iff dest is on rank 0 (black last rank)
   0597   c2 05 9f          LBZ GMP_B_CL_PROMO
   059a   f8 00             LDI MOVE_NORMAL
   059c   c0 05 a1          LBR GMP_B_CL_EMIT
   059f                 GMP_B_CL_PROMO:
   059f   f8 03             LDI MOVE_PROMOTION
   05a1                 GMP_B_CL_EMIT:
   05a1   d4 03 e9          CALL ADD_MOVE_ENCODED
                        
   05a4                 GEN_PAWN_EP_LEFT_B:
                            ; Check for en passant - recalculate target
   05a4   9b                GHI 11
   05a5   fc ef             ADI DIR_NW
   05a7   ab                PLO 11
   05a8   d4 04 18          CALL CHECK_EN_PASSANT
   05ab   c2 05 b7          LBZ GEN_PAWN_RIGHT_B
                        
                            ; Add EP capture
   05ae   9b                GHI 11              ; from (from R11.1)
   05af   bd                PHI 13
   05b0   8b                GLO 11              ; to
   05b1   ad                PLO 13
   05b2   f8 02             LDI MOVE_EP
   05b4   d4 03 e9          CALL ADD_MOVE_ENCODED
                        
   05b7                 GEN_PAWN_RIGHT_B:
                            ; Right capture (northeast - black moves towards rank 1)
   05b7   9b                GHI 11              ; from square from R11.1
   05b8   fc f1             ADI DIR_NE
   05ba   ab                PLO 11              ; R11.0 = target
                        
   05bb   fa 88             ANI $88
   05bd   ca 06 b6          LBNZ GEN_PAWN_DONE
                        
   05c0   d4 03 65          CALL CHECK_TARGET_SQUARE
   05c3   fb 02             XRI 2
   05c5   ca 05 dc          LBNZ GEN_PAWN_EP_RIGHT_B
                        
   05c8   9b                GHI 11              ; from (from R11.1)
   05c9   bd                PHI 13
   05ca   8b                GLO 11              ; to
   05cb   ad                PLO 13
                            ; Capture-promotion check (mirror of left capture).
   05cc   8b                GLO 11
   05cd   fa 70             ANI $70             ; D = 0 iff dest is on rank 0
   05cf   c2 05 d7          LBZ GMP_B_CR_PROMO
   05d2   f8 00             LDI MOVE_NORMAL
   05d4   c0 05 d9          LBR GMP_B_CR_EMIT
   05d7                 GMP_B_CR_PROMO:
   05d7   f8 03             LDI MOVE_PROMOTION
   05d9                 GMP_B_CR_EMIT:
   05d9   d4 03 e9          CALL ADD_MOVE_ENCODED
                        
   05dc                 GEN_PAWN_EP_RIGHT_B:
                            ; Recalculate target for EP check
   05dc   9b                GHI 11
   05dd   fc f1             ADI DIR_NE
   05df   ab                PLO 11
   05e0   d4 04 18          CALL CHECK_EN_PASSANT
   05e3   c2 06 b6          LBZ GEN_PAWN_DONE
                        
   05e6   9b                GHI 11              ; from (from R11.1)
   05e7   bd                PHI 13
   05e8   8b                GLO 11              ; to
   05e9   ad                PLO 13
   05ea   f8 02             LDI MOVE_EP
   05ec   d4 03 e9          CALL ADD_MOVE_ENCODED
                        
   05ef   c0 06 b6          LBR GEN_PAWN_DONE
                        
   05f2                 GEN_PAWN_WHITE:
                            ; Single push (white pawns move towards higher ranks = DIR_S)
   05f2   9b                GHI 11              ; from square from R11.1
   05f3   fc 10             ADI DIR_S
   05f5   ab                PLO 11              ; R11.0 = target
                        
   05f6   fa 88             ANI $88
   05f8   ca 06 35          LBNZ GEN_PAWN_CAPTURES_W
                        
                            ; Check if empty
   05fb   f8 60             LDI HIGH(BOARD)
   05fd   bd                PHI 13
   05fe   8b                GLO 11
   05ff   ad                PLO 13
   0600   0d                LDN 13
   0601   ca 06 35          LBNZ GEN_PAWN_CAPTURES_W
                        
                            ; Check for promotion (rank 7)
   0604   8b                GLO 11
   0605   fa 70             ANI $70
   0607   fb 70             XRI $70
   0609   c2 06 ac          LBZ GEN_PAWN_PROMO_W
                        
                            ; Add push
   060c   9b                GHI 11              ; from (from R11.1)
   060d   bd                PHI 13
   060e   8b                GLO 11              ; to
   060f   ad                PLO 13
   0610   f8 00             LDI MOVE_NORMAL
   0612   d4 03 e9          CALL ADD_MOVE_ENCODED
                        
                            ; Double push from rank 1
   0615   9b                GHI 11              ; from square from R11.1
   0616   fa 70             ANI $70
   0618   fb 10             XRI $10
   061a   ca 06 35          LBNZ GEN_PAWN_CAPTURES_W
                        
                            ; Recalculate double push target
   061d   9b                GHI 11
   061e   fc 10             ADI DIR_S
   0620   fc 10             ADI DIR_S           ; from + 2*DIR_S
   0622   ab                PLO 11
                        
   0623   f8 60             LDI HIGH(BOARD)
   0625   bd                PHI 13
   0626   8b                GLO 11
   0627   ad                PLO 13
   0628   0d                LDN 13
   0629   ca 06 35          LBNZ GEN_PAWN_CAPTURES_W
                        
   062c   9b                GHI 11              ; from (from R11.1)
   062d   bd                PHI 13
   062e   8b                GLO 11              ; to
   062f   ad                PLO 13
   0630   f8 00             LDI MOVE_NORMAL
   0632   d4 03 e9          CALL ADD_MOVE_ENCODED
                        
   0635                 GEN_PAWN_CAPTURES_W:
                            ; Left capture (southwest - rank up, file down)
   0635   9b                GHI 11              ; from square from R11.1
   0636   fc 0f             ADI DIR_SW
   0638   ab                PLO 11              ; R11.0 = target
                        
   0639   fa 88             ANI $88
   063b   ca 06 6f          LBNZ GEN_PAWN_RIGHT_W
                        
   063e   d4 03 65          CALL CHECK_TARGET_SQUARE
   0641   fb 02             XRI 2
   0643   ca 06 5c          LBNZ GEN_PAWN_EP_LEFT_W
                        
   0646   9b                GHI 11              ; from (from R11.1)
   0647   bd                PHI 13
   0648   8b                GLO 11              ; to
   0649   ad                PLO 13
                            ; Capture-promotion check: if dest rank == 7 (white last rank),
                            ; emit with MOVE_PROMOTION instead of MOVE_NORMAL.
   064a   8b                GLO 11
   064b   fa 70             ANI $70
   064d   fb 70             XRI $70             ; D = 0 iff dest is on rank 7
   064f   c2 06 57          LBZ GMP_W_CL_PROMO
   0652   f8 00             LDI MOVE_NORMAL
   0654   c0 06 59          LBR GMP_W_CL_EMIT
   0657                 GMP_W_CL_PROMO:
   0657   f8 03             LDI MOVE_PROMOTION
   0659                 GMP_W_CL_EMIT:
   0659   d4 03 e9          CALL ADD_MOVE_ENCODED
                        
   065c                 GEN_PAWN_EP_LEFT_W:
                            ; Recalculate target for EP check
   065c   9b                GHI 11
   065d   fc 0f             ADI DIR_SW
   065f   ab                PLO 11
   0660   d4 04 18          CALL CHECK_EN_PASSANT
   0663   c2 06 6f          LBZ GEN_PAWN_RIGHT_W
                        
   0666   9b                GHI 11              ; from (from R11.1)
   0667   bd                PHI 13
   0668   8b                GLO 11              ; to
   0669   ad                PLO 13
   066a   f8 02             LDI MOVE_EP
   066c   d4 03 e9          CALL ADD_MOVE_ENCODED
                        
   066f                 GEN_PAWN_RIGHT_W:
                            ; Right capture (southeast - rank up, file up)
   066f   9b                GHI 11              ; from square from R11.1
   0670   fc 11             ADI DIR_SE
   0672   ab                PLO 11              ; R11.0 = target
                        
   0673   fa 88             ANI $88
   0675   ca 06 b6          LBNZ GEN_PAWN_DONE
                        
   0678   d4 03 65          CALL CHECK_TARGET_SQUARE
   067b   fb 02             XRI 2
   067d   ca 06 96          LBNZ GEN_PAWN_EP_RIGHT_W
                        
   0680   9b                GHI 11              ; from (from R11.1)
   0681   bd                PHI 13
   0682   8b                GLO 11              ; to
   0683   ad                PLO 13
                            ; Capture-promotion check (mirror of left capture).
   0684   8b                GLO 11
   0685   fa 70             ANI $70
   0687   fb 70             XRI $70             ; D = 0 iff dest is on rank 7
   0689   c2 06 91          LBZ GMP_W_CR_PROMO
   068c   f8 00             LDI MOVE_NORMAL
   068e   c0 06 93          LBR GMP_W_CR_EMIT
   0691                 GMP_W_CR_PROMO:
   0691   f8 03             LDI MOVE_PROMOTION
   0693                 GMP_W_CR_EMIT:
   0693   d4 03 e9          CALL ADD_MOVE_ENCODED
                        
   0696                 GEN_PAWN_EP_RIGHT_W:
                            ; Recalculate target for EP check
   0696   9b                GHI 11
   0697   fc 11             ADI DIR_SE
   0699   ab                PLO 11
   069a   d4 04 18          CALL CHECK_EN_PASSANT
   069d   c2 06 b6          LBZ GEN_PAWN_DONE
                        
   06a0   9b                GHI 11              ; from (from R11.1)
   06a1   bd                PHI 13
   06a2   8b                GLO 11              ; to
   06a3   ad                PLO 13
   06a4   f8 02             LDI MOVE_EP
   06a6   d4 03 e9          CALL ADD_MOVE_ENCODED
                        
   06a9   c0 06 b6          LBR GEN_PAWN_DONE
                        
   06ac                 GEN_PAWN_PROMO_B:
   06ac                 GEN_PAWN_PROMO_W:
                            ; Generate 4 promotion moves
                            ; R11.1 = from, R11.0 = to (set before we got here)
   06ac   d4 04 0e          CALL GEN_PAWN_PROMOTION
                        
                            ; Continue with captures based on color
   06af   8c                GLO 12
   06b0   c2 06 35          LBZ GEN_PAWN_CAPTURES_W
   06b3   c0 05 7f          LBR GEN_PAWN_CAPTURES_B
                        
   06b6                 GEN_PAWN_DONE:
   06b6   c0 05 24          LBR GEN_SKIP_SQUARE
                        
                        ; ==============================================================================
                        ; GEN_KNIGHT - UNROLLED VERSION (no stack math, no loops)
                        ; ==============================================================================
                        ; R11.1 has from square on entry (set before dispatch, survives CALLs)
                        ; Uses ADI with immediate offsets - no ADD/stack operations
                        ; Knight offsets: NNE=$21, NNW=$1F, NEE=$12, NWW=$0E
                        ;                 SSE=$E1, SSW=$DF, SEE=$F2, SWW=$EE
                        ; ==============================================================================
   06b9                 GEN_KNIGHT:
                            ; --- Direction 1: NNE (+$21) ---
   06b9   9b                GHI 11              ; From square
   06ba   fc 21             ADI $21             ; target = from + $21
   06bc   ab                PLO 11              ; R11.0 = target
   06bd   fa 88             ANI $88
   06bf   ca 06 d1          LBNZ GEN_KN_DIR2
   06c2   d4 03 65          CALL CHECK_TARGET_SQUARE
   06c5   c2 06 d1          LBZ GEN_KN_DIR2
   06c8   9b                GHI 11
   06c9   bd                PHI 13
   06ca   8b                GLO 11
   06cb   ad                PLO 13
   06cc   f8 00             LDI MOVE_NORMAL
   06ce   d4 03 e9          CALL ADD_MOVE_ENCODED
                        
   06d1                 GEN_KN_DIR2:
                            ; --- Direction 2: NNW (+$1F) ---
   06d1   9b                GHI 11
   06d2   fc 1f             ADI $1F
   06d4   ab                PLO 11
   06d5   fa 88             ANI $88
   06d7   ca 06 e9          LBNZ GEN_KN_DIR3
   06da   d4 03 65          CALL CHECK_TARGET_SQUARE
   06dd   c2 06 e9          LBZ GEN_KN_DIR3
   06e0   9b                GHI 11
   06e1   bd                PHI 13
   06e2   8b                GLO 11
   06e3   ad                PLO 13
   06e4   f8 00             LDI MOVE_NORMAL
   06e6   d4 03 e9          CALL ADD_MOVE_ENCODED
                        
   06e9                 GEN_KN_DIR3:
                            ; --- Direction 3: NEE (+$12) ---
   06e9   9b                GHI 11
   06ea   fc 12             ADI $12
   06ec   ab                PLO 11
   06ed   fa 88             ANI $88
   06ef   ca 07 01          LBNZ GEN_KN_DIR4
   06f2   d4 03 65          CALL CHECK_TARGET_SQUARE
   06f5   c2 07 01          LBZ GEN_KN_DIR4
   06f8   9b                GHI 11
   06f9   bd                PHI 13
   06fa   8b                GLO 11
   06fb   ad                PLO 13
   06fc   f8 00             LDI MOVE_NORMAL
   06fe   d4 03 e9          CALL ADD_MOVE_ENCODED
                        
   0701                 GEN_KN_DIR4:
                            ; --- Direction 4: NWW (+$0E) ---
   0701   9b                GHI 11
   0702   fc 0e             ADI $0E
   0704   ab                PLO 11
   0705   fa 88             ANI $88
   0707   ca 07 19          LBNZ GEN_KN_DIR5
   070a   d4 03 65          CALL CHECK_TARGET_SQUARE
   070d   c2 07 19          LBZ GEN_KN_DIR5
   0710   9b                GHI 11
   0711   bd                PHI 13
   0712   8b                GLO 11
   0713   ad                PLO 13
   0714   f8 00             LDI MOVE_NORMAL
   0716   d4 03 e9          CALL ADD_MOVE_ENCODED
                        
   0719                 GEN_KN_DIR5:
                            ; --- Direction 5: SSE (+$E1 = -$1F) ---
   0719   9b                GHI 11
   071a   fc e1             ADI $E1
   071c   ab                PLO 11
   071d   fa 88             ANI $88
   071f   ca 07 31          LBNZ GEN_KN_DIR6
   0722   d4 03 65          CALL CHECK_TARGET_SQUARE
   0725   c2 07 31          LBZ GEN_KN_DIR6
   0728   9b                GHI 11
   0729   bd                PHI 13
   072a   8b                GLO 11
   072b   ad                PLO 13
   072c   f8 00             LDI MOVE_NORMAL
   072e   d4 03 e9          CALL ADD_MOVE_ENCODED
                        
   0731                 GEN_KN_DIR6:
                            ; --- Direction 6: SSW (+$DF = -$21) ---
   0731   9b                GHI 11
   0732   fc df             ADI $DF
   0734   ab                PLO 11
   0735   fa 88             ANI $88
   0737   ca 07 49          LBNZ GEN_KN_DIR7
   073a   d4 03 65          CALL CHECK_TARGET_SQUARE
   073d   c2 07 49          LBZ GEN_KN_DIR7
   0740   9b                GHI 11
   0741   bd                PHI 13
   0742   8b                GLO 11
   0743   ad                PLO 13
   0744   f8 00             LDI MOVE_NORMAL
   0746   d4 03 e9          CALL ADD_MOVE_ENCODED
                        
   0749                 GEN_KN_DIR7:
                            ; --- Direction 7: SEE (+$F2 = -$0E) ---
   0749   9b                GHI 11
   074a   fc f2             ADI $F2
   074c   ab                PLO 11
   074d   fa 88             ANI $88
   074f   ca 07 61          LBNZ GEN_KN_DIR8
   0752   d4 03 65          CALL CHECK_TARGET_SQUARE
   0755   c2 07 61          LBZ GEN_KN_DIR8
   0758   9b                GHI 11
   0759   bd                PHI 13
   075a   8b                GLO 11
   075b   ad                PLO 13
   075c   f8 00             LDI MOVE_NORMAL
   075e   d4 03 e9          CALL ADD_MOVE_ENCODED
                        
   0761                 GEN_KN_DIR8:
                            ; --- Direction 8: SWW (+$EE = -$12) ---
   0761   9b                GHI 11
   0762   fc ee             ADI $EE
   0764   ab                PLO 11
   0765   fa 88             ANI $88
   0767   ca 07 79          LBNZ GEN_KN_DONE
   076a   d4 03 65          CALL CHECK_TARGET_SQUARE
   076d   c2 07 79          LBZ GEN_KN_DONE
   0770   9b                GHI 11
   0771   bd                PHI 13
   0772   8b                GLO 11
   0773   ad                PLO 13
   0774   f8 00             LDI MOVE_NORMAL
   0776   d4 03 e9          CALL ADD_MOVE_ENCODED
                        
   0779                 GEN_KN_DONE:
   0779   c0 05 24          LBR GEN_SKIP_SQUARE
                        
                        ; ==============================================================================
                        ; GEN_BISHOP, GEN_ROOK, GEN_QUEEN - Use direction-specific sliding functions
                        ; ==============================================================================
   077c                 GEN_BISHOP:
   077c   d4 07 dc          CALL GEN_SLIDE_NE
   077f   d4 08 c6          CALL GEN_SLIDE_NW
   0782   d4 08 2a          CALL GEN_SLIDE_SE
   0785   d4 08 78          CALL GEN_SLIDE_SW
   0788   c0 05 24          LBR GEN_SKIP_SQUARE
                        
   078b                 GEN_ROOK:
   078b   d4 07 b5          CALL GEN_SLIDE_N
   078e   d4 08 51          CALL GEN_SLIDE_S
   0791   d4 08 03          CALL GEN_SLIDE_E
   0794   d4 08 9f          CALL GEN_SLIDE_W
   0797   c0 05 24          LBR GEN_SKIP_SQUARE
                        
   079a                 GEN_QUEEN:
   079a   d4 07 b5          CALL GEN_SLIDE_N
   079d   d4 07 dc          CALL GEN_SLIDE_NE
   07a0   d4 08 03          CALL GEN_SLIDE_E
   07a3   d4 08 2a          CALL GEN_SLIDE_SE
   07a6   d4 08 51          CALL GEN_SLIDE_S
   07a9   d4 08 78          CALL GEN_SLIDE_SW
   07ac   d4 08 9f          CALL GEN_SLIDE_W
   07af   d4 08 c6          CALL GEN_SLIDE_NW
   07b2   c0 05 24          LBR GEN_SKIP_SQUARE
                        
                        ; ==============================================================================
                        ; GEN_SLIDE_* - Direction-specific sliding (no stack math)
                        ; ==============================================================================
                        ; Each function handles one direction with hardcoded ADI
                        ; R11.1 = from square (survives CALLs), R7.0 = current position
                        ; Direction offsets: N=$10, NE=$11, E=$01, SE=$F1, S=$F0, SW=$EF, W=$FF, NW=$0F
                        ; ==============================================================================
                        
                        ; --- GEN_SLIDE_N: North (+$10) ---
   07b5                 GEN_SLIDE_N:
   07b5   9b                GHI 11
   07b6   a7                PLO 7               ; R7.0 = current position = from
   07b7                 GEN_SLIDE_N_LOOP:
   07b7   87                GLO 7
   07b8   fc 10             ADI $10             ; next = current + $10
   07ba   a7                PLO 7               ; R7.0 = target
   07bb   fa 88             ANI $88
   07bd   ca 07 db          LBNZ GEN_SLIDE_N_RET
   07c0   87                GLO 7               ; Get target back (ANI destroyed D)
   07c1   ab                PLO 11              ; R11.0 = target (for CHECK_TARGET_SQUARE)
   07c2   d4 03 65          CALL CHECK_TARGET_SQUARE
   07c5   ab                PLO 11              ; Save result to R11.0 (R8 clobbered by ADD_MOVE_ENCODED)
   07c6   c2 07 db          LBZ GEN_SLIDE_N_RET
   07c9   9b                GHI 11
   07ca   bd                PHI 13
   07cb   87                GLO 7
   07cc   ad                PLO 13
   07cd   f8 00             LDI MOVE_NORMAL
   07cf   d4 03 e9          CALL ADD_MOVE_ENCODED
   07d2   8b                GLO 11              ; Get result from R11.0
   07d3   fb 02             XRI 2
   07d5   c2 07 db          LBZ GEN_SLIDE_N_RET  ; Capture, stop
   07d8   c0 07 b7          LBR GEN_SLIDE_N_LOOP
   07db                 GEN_SLIDE_N_RET:
   07db   d5                RETN
                        
                        ; --- GEN_SLIDE_NE: Northeast (+$11) ---
   07dc                 GEN_SLIDE_NE:
   07dc   9b                GHI 11
   07dd   a7                PLO 7
   07de                 GEN_SLIDE_NE_LOOP:
   07de   87                GLO 7
   07df   fc 11             ADI $11
   07e1   a7                PLO 7
   07e2   fa 88             ANI $88
   07e4   ca 08 02          LBNZ GEN_SLIDE_NE_RET
   07e7   87                GLO 7
   07e8   ab                PLO 11
   07e9   d4 03 65          CALL CHECK_TARGET_SQUARE
   07ec   ab                PLO 11              ; Save result to R11.0
   07ed   c2 08 02          LBZ GEN_SLIDE_NE_RET
   07f0   9b                GHI 11
   07f1   bd                PHI 13
   07f2   87                GLO 7
   07f3   ad                PLO 13
   07f4   f8 00             LDI MOVE_NORMAL
   07f6   d4 03 e9          CALL ADD_MOVE_ENCODED
   07f9   8b                GLO 11              ; Get result from R11.0
   07fa   fb 02             XRI 2
   07fc   c2 08 02          LBZ GEN_SLIDE_NE_RET
   07ff   c0 07 de          LBR GEN_SLIDE_NE_LOOP
   0802                 GEN_SLIDE_NE_RET:
   0802   d5                RETN
                        
                        ; --- GEN_SLIDE_E: East (+$01) ---
   0803                 GEN_SLIDE_E:
   0803   9b                GHI 11
   0804   a7                PLO 7
   0805                 GEN_SLIDE_E_LOOP:
   0805   87                GLO 7
   0806   fc 01             ADI $01
   0808   a7                PLO 7
   0809   fa 88             ANI $88
   080b   ca 08 29          LBNZ GEN_SLIDE_E_RET
   080e   87                GLO 7
   080f   ab                PLO 11
   0810   d4 03 65          CALL CHECK_TARGET_SQUARE
   0813   ab                PLO 11              ; Save result to R11.0
   0814   c2 08 29          LBZ GEN_SLIDE_E_RET
   0817   9b                GHI 11
   0818   bd                PHI 13
   0819   87                GLO 7
   081a   ad                PLO 13
   081b   f8 00             LDI MOVE_NORMAL
   081d   d4 03 e9          CALL ADD_MOVE_ENCODED
   0820   8b                GLO 11              ; Get result from R11.0
   0821   fb 02             XRI 2
   0823   c2 08 29          LBZ GEN_SLIDE_E_RET
   0826   c0 08 05          LBR GEN_SLIDE_E_LOOP
   0829                 GEN_SLIDE_E_RET:
   0829   d5                RETN
                        
                        ; --- GEN_SLIDE_SE: Southeast (+$F1 = -$0F) ---
   082a                 GEN_SLIDE_SE:
   082a   9b                GHI 11
   082b   a7                PLO 7
   082c                 GEN_SLIDE_SE_LOOP:
   082c   87                GLO 7
   082d   fc f1             ADI $F1
   082f   a7                PLO 7
   0830   fa 88             ANI $88
   0832   ca 08 50          LBNZ GEN_SLIDE_SE_RET
   0835   87                GLO 7
   0836   ab                PLO 11
   0837   d4 03 65          CALL CHECK_TARGET_SQUARE
   083a   ab                PLO 11              ; Save result to R11.0
   083b   c2 08 50          LBZ GEN_SLIDE_SE_RET
   083e   9b                GHI 11
   083f   bd                PHI 13
   0840   87                GLO 7
   0841   ad                PLO 13
   0842   f8 00             LDI MOVE_NORMAL
   0844   d4 03 e9          CALL ADD_MOVE_ENCODED
   0847   8b                GLO 11              ; Get result from R11.0
   0848   fb 02             XRI 2
   084a   c2 08 50          LBZ GEN_SLIDE_SE_RET
   084d   c0 08 2c          LBR GEN_SLIDE_SE_LOOP
   0850                 GEN_SLIDE_SE_RET:
   0850   d5                RETN
                        
                        ; --- GEN_SLIDE_S: South (+$F0 = -$10) ---
   0851                 GEN_SLIDE_S:
   0851   9b                GHI 11
   0852   a7                PLO 7
   0853                 GEN_SLIDE_S_LOOP:
   0853   87                GLO 7
   0854   fc f0             ADI $F0
   0856   a7                PLO 7
   0857   fa 88             ANI $88
   0859   ca 08 77          LBNZ GEN_SLIDE_S_RET
   085c   87                GLO 7
   085d   ab                PLO 11
   085e   d4 03 65          CALL CHECK_TARGET_SQUARE
   0861   ab                PLO 11              ; Save result to R11.0
   0862   c2 08 77          LBZ GEN_SLIDE_S_RET
   0865   9b                GHI 11
   0866   bd                PHI 13
   0867   87                GLO 7
   0868   ad                PLO 13
   0869   f8 00             LDI MOVE_NORMAL
   086b   d4 03 e9          CALL ADD_MOVE_ENCODED
   086e   8b                GLO 11              ; Get result from R11.0
   086f   fb 02             XRI 2
   0871   c2 08 77          LBZ GEN_SLIDE_S_RET
   0874   c0 08 53          LBR GEN_SLIDE_S_LOOP
   0877                 GEN_SLIDE_S_RET:
   0877   d5                RETN
                        
                        ; --- GEN_SLIDE_SW: Southwest (+$EF = -$11) ---
   0878                 GEN_SLIDE_SW:
   0878   9b                GHI 11
   0879   a7                PLO 7
   087a                 GEN_SLIDE_SW_LOOP:
   087a   87                GLO 7
   087b   fc ef             ADI $EF
   087d   a7                PLO 7
   087e   fa 88             ANI $88
   0880   ca 08 9e          LBNZ GEN_SLIDE_SW_RET
   0883   87                GLO 7
   0884   ab                PLO 11
   0885   d4 03 65          CALL CHECK_TARGET_SQUARE
   0888   ab                PLO 11              ; Save result to R11.0
   0889   c2 08 9e          LBZ GEN_SLIDE_SW_RET
   088c   9b                GHI 11
   088d   bd                PHI 13
   088e   87                GLO 7
   088f   ad                PLO 13
   0890   f8 00             LDI MOVE_NORMAL
   0892   d4 03 e9          CALL ADD_MOVE_ENCODED
   0895   8b                GLO 11              ; Get result from R11.0
   0896   fb 02             XRI 2
   0898   c2 08 9e          LBZ GEN_SLIDE_SW_RET
   089b   c0 08 7a          LBR GEN_SLIDE_SW_LOOP
   089e                 GEN_SLIDE_SW_RET:
   089e   d5                RETN
                        
                        ; --- GEN_SLIDE_W: West (+$FF = -$01) ---
   089f                 GEN_SLIDE_W:
   089f   9b                GHI 11
   08a0   a7                PLO 7
   08a1                 GEN_SLIDE_W_LOOP:
   08a1   87                GLO 7
   08a2   fc ff             ADI $FF
   08a4   a7                PLO 7
   08a5   fa 88             ANI $88
   08a7   ca 08 c5          LBNZ GEN_SLIDE_W_RET
   08aa   87                GLO 7
   08ab   ab                PLO 11
   08ac   d4 03 65          CALL CHECK_TARGET_SQUARE
   08af   ab                PLO 11              ; Save result to R11.0
   08b0   c2 08 c5          LBZ GEN_SLIDE_W_RET
   08b3   9b                GHI 11
   08b4   bd                PHI 13
   08b5   87                GLO 7
   08b6   ad                PLO 13
   08b7   f8 00             LDI MOVE_NORMAL
   08b9   d4 03 e9          CALL ADD_MOVE_ENCODED
   08bc   8b                GLO 11              ; Get result from R11.0
   08bd   fb 02             XRI 2
   08bf   c2 08 c5          LBZ GEN_SLIDE_W_RET
   08c2   c0 08 a1          LBR GEN_SLIDE_W_LOOP
   08c5                 GEN_SLIDE_W_RET:
   08c5   d5                RETN
                        
                        ; --- GEN_SLIDE_NW: Northwest (+$0F) ---
   08c6                 GEN_SLIDE_NW:
   08c6   9b                GHI 11
   08c7   a7                PLO 7
   08c8                 GEN_SLIDE_NW_LOOP:
   08c8   87                GLO 7
   08c9   fc 0f             ADI $0F
   08cb   a7                PLO 7
   08cc   fa 88             ANI $88
   08ce   ca 08 ec          LBNZ GEN_SLIDE_NW_RET
   08d1   87                GLO 7
   08d2   ab                PLO 11
   08d3   d4 03 65          CALL CHECK_TARGET_SQUARE
   08d6   ab                PLO 11              ; Save result to R11.0
   08d7   c2 08 ec          LBZ GEN_SLIDE_NW_RET
   08da   9b                GHI 11
   08db   bd                PHI 13
   08dc   87                GLO 7
   08dd   ad                PLO 13
   08de   f8 00             LDI MOVE_NORMAL
   08e0   d4 03 e9          CALL ADD_MOVE_ENCODED
   08e3   8b                GLO 11              ; Get result from R11.0
   08e4   fb 02             XRI 2
   08e6   c2 08 ec          LBZ GEN_SLIDE_NW_RET
   08e9   c0 08 c8          LBR GEN_SLIDE_NW_LOOP
   08ec                 GEN_SLIDE_NW_RET:
   08ec   d5                RETN
                        
                        ; ==============================================================================
                        ; GEN_KING - UNROLLED VERSION with castling (no stack math, no loops)
                        ; ==============================================================================
                        ; R11.1 has from square on entry (set before dispatch, survives CALLs)
                        ; Uses ADI with immediate offsets - no ADD/stack operations
                        ; King offsets: N=$10, NE=$11, E=$01, SE=$F1, S=$F0, SW=$EF, W=$FF, NW=$0F
                        ; ==============================================================================
   08ed                 GEN_KING:
                            ; --- Direction 1: N (+$10) ---
   08ed   9b                GHI 11
   08ee   fc 10             ADI $10
   08f0   ab                PLO 11
   08f1   fa 88             ANI $88
   08f3   ca 09 05          LBNZ GEN_KG_DIR2
   08f6   d4 03 65          CALL CHECK_TARGET_SQUARE
   08f9   c2 09 05          LBZ GEN_KG_DIR2
   08fc   9b                GHI 11
   08fd   bd                PHI 13
   08fe   8b                GLO 11
   08ff   ad                PLO 13
   0900   f8 00             LDI MOVE_NORMAL
   0902   d4 03 e9          CALL ADD_MOVE_ENCODED
                        
   0905                 GEN_KG_DIR2:
                            ; --- Direction 2: NE (+$11) ---
   0905   9b                GHI 11
   0906   fc 11             ADI $11
   0908   ab                PLO 11
   0909   fa 88             ANI $88
   090b   ca 09 1d          LBNZ GEN_KG_DIR3
   090e   d4 03 65          CALL CHECK_TARGET_SQUARE
   0911   c2 09 1d          LBZ GEN_KG_DIR3
   0914   9b                GHI 11
   0915   bd                PHI 13
   0916   8b                GLO 11
   0917   ad                PLO 13
   0918   f8 00             LDI MOVE_NORMAL
   091a   d4 03 e9          CALL ADD_MOVE_ENCODED
                        
   091d                 GEN_KG_DIR3:
                            ; --- Direction 3: E (+$01) ---
   091d   9b                GHI 11
   091e   fc 01             ADI $01
   0920   ab                PLO 11
   0921   fa 88             ANI $88
   0923   ca 09 35          LBNZ GEN_KG_DIR4
   0926   d4 03 65          CALL CHECK_TARGET_SQUARE
   0929   c2 09 35          LBZ GEN_KG_DIR4
   092c   9b                GHI 11
   092d   bd                PHI 13
   092e   8b                GLO 11
   092f   ad                PLO 13
   0930   f8 00             LDI MOVE_NORMAL
   0932   d4 03 e9          CALL ADD_MOVE_ENCODED
                        
   0935                 GEN_KG_DIR4:
                            ; --- Direction 4: SE (+$F1 = -$0F) ---
   0935   9b                GHI 11
   0936   fc f1             ADI $F1
   0938   ab                PLO 11
   0939   fa 88             ANI $88
   093b   ca 09 4d          LBNZ GEN_KG_DIR5
   093e   d4 03 65          CALL CHECK_TARGET_SQUARE
   0941   c2 09 4d          LBZ GEN_KG_DIR5
   0944   9b                GHI 11
   0945   bd                PHI 13
   0946   8b                GLO 11
   0947   ad                PLO 13
   0948   f8 00             LDI MOVE_NORMAL
   094a   d4 03 e9          CALL ADD_MOVE_ENCODED
                        
   094d                 GEN_KG_DIR5:
                            ; --- Direction 5: S (+$F0 = -$10) ---
   094d   9b                GHI 11
   094e   fc f0             ADI $F0
   0950   ab                PLO 11
   0951   fa 88             ANI $88
   0953   ca 09 65          LBNZ GEN_KG_DIR6
   0956   d4 03 65          CALL CHECK_TARGET_SQUARE
   0959   c2 09 65          LBZ GEN_KG_DIR6
   095c   9b                GHI 11
   095d   bd                PHI 13
   095e   8b                GLO 11
   095f   ad                PLO 13
   0960   f8 00             LDI MOVE_NORMAL
   0962   d4 03 e9          CALL ADD_MOVE_ENCODED
                        
   0965                 GEN_KG_DIR6:
                            ; --- Direction 6: SW (+$EF = -$11) ---
   0965   9b                GHI 11
   0966   fc ef             ADI $EF
   0968   ab                PLO 11
   0969   fa 88             ANI $88
   096b   ca 09 7d          LBNZ GEN_KG_DIR7
   096e   d4 03 65          CALL CHECK_TARGET_SQUARE
   0971   c2 09 7d          LBZ GEN_KG_DIR7
   0974   9b                GHI 11
   0975   bd                PHI 13
   0976   8b                GLO 11
   0977   ad                PLO 13
   0978   f8 00             LDI MOVE_NORMAL
   097a   d4 03 e9          CALL ADD_MOVE_ENCODED
                        
   097d                 GEN_KG_DIR7:
                            ; --- Direction 7: W (+$FF = -$01) ---
   097d   9b                GHI 11
   097e   fc ff             ADI $FF
   0980   ab                PLO 11
   0981   fa 88             ANI $88
   0983   ca 09 95          LBNZ GEN_KG_DIR8
   0986   d4 03 65          CALL CHECK_TARGET_SQUARE
   0989   c2 09 95          LBZ GEN_KG_DIR8
   098c   9b                GHI 11
   098d   bd                PHI 13
   098e   8b                GLO 11
   098f   ad                PLO 13
   0990   f8 00             LDI MOVE_NORMAL
   0992   d4 03 e9          CALL ADD_MOVE_ENCODED
                        
   0995                 GEN_KG_DIR8:
                            ; --- Direction 8: NW (+$0F) ---
   0995   9b                GHI 11
   0996   fc 0f             ADI $0F
   0998   ab                PLO 11
   0999   fa 88             ANI $88
   099b   ca 09 ad          LBNZ GEN_KG_CASTLING
   099e   d4 03 65          CALL CHECK_TARGET_SQUARE
   09a1   c2 09 ad          LBZ GEN_KG_CASTLING
   09a4   9b                GHI 11
   09a5   bd                PHI 13
   09a6   8b                GLO 11
   09a7   ad                PLO 13
   09a8   f8 00             LDI MOVE_NORMAL
   09aa   d4 03 e9          CALL ADD_MOVE_ENCODED
                        
   09ad                 GEN_KG_CASTLING:
                            ; Add castling moves (R11.1 still has king square)
   09ad   9b                GHI 11              ; D = king square for castling check
   09ae   d4 04 29          CALL GEN_CASTLING_MOVES
                        
   09b1   c0 05 24          LBR GEN_SKIP_SQUARE
                        
                        
                        ; ==============================================================================
                        ; End of Move Generation (Fixed)
                        ; ==============================================================================
                        ; ==============================================================================
                        ; MAKE/UNMAKE MOVE MODULE
                        ; ==============================================================================
                        
                        ; ------------------------------------------------------------------------------
                        ; Undo information - defined in board.asm as EQUs in RAM ($6408-$640D)
                        ; UNDO_CAPTURED, UNDO_FROM, UNDO_TO, UNDO_CASTLING, UNDO_EP, UNDO_HALFMOVE
                        ; These MUST be in RAM (not ROM) for read/write access!
                        ; ------------------------------------------------------------------------------
                        
                        ; ==============================================================================
                        ; MAKE_MOVE - Apply move to the board
                        ; Input: MOVE_FROM, MOVE_TO contain the move
                        ; Output: Board updated, undo info saved, hash updated
                        ;         D = 0 if success
                        ; ==============================================================================
   09b4                 MAKE_MOVE:
                            ; Save undo information
   09b4   68 c8 64 09       RLDI 8, UNDO_FROM
                        
                            ; Save from square
   09b8   68 c9 64 02       RLDI 9, MOVE_FROM
   09bc   09                LDN 9
   09bd   58                STR 8
   09be   18                INC 8
                            
                            ; Save to square
   09bf   19                INC 9
   09c0   09                LDN 9               ; MOVE_TO
   09c1   58                STR 8
   09c2   18                INC 8
                            
                            ; Save castling rights from GAME_STATE + STATE_CASTLING
   09c3   68 c9 60 81       RLDI 9, GAME_STATE + STATE_CASTLING
   09c7   09                LDN 9
   09c8   58                STR 8
   09c9   18                INC 8
                        
                            ; Save en passant square from GAME_STATE + STATE_EP_SQUARE
   09ca   19                INC 9
   09cb   09                LDN 9
   09cc   58                STR 8
   09cd   18                INC 8
                        
                            ; Save halfmove clock from GAME_STATE + STATE_HALFMOVE
   09ce   19                INC 9
   09cf   09                LDN 9
   09d0   58                STR 8
                        
                            ; Get the piece being moved
   09d1   68 c9 64 02       RLDI 9, MOVE_FROM
   09d5   09                LDN 9               ; D = from square index
   09d6   a8                PLO 8
   09d7   f8 60             LDI HIGH(BOARD)
   09d9   b8                PHI 8               ; R8 = &BOARD[from]
   09da   08                LDN 8               ; D = piece at from square
   09db   aa                PLO 10              ; Save moving piece in R10.0
                        
                            ; Get captured piece at destination
   09dc   68 c9 64 03       RLDI 9, MOVE_TO
   09e0   09                LDN 9               ; D = to square index
   09e1   a8                PLO 8
   09e2   f8 60             LDI HIGH(BOARD)
   09e4   b8                PHI 8               ; R8 = &BOARD[to]
   09e5   08                LDN 8               ; D = piece at to square (captured)
                            
                            ; Save captured piece
   09e6   ba                PHI 10              ; Save in R10.1
   09e7   68 c9 64 08       RLDI 9, UNDO_CAPTURED
   09eb   9a                GHI 10
   09ec   59                STR 9
                        
                            ; Save capture square (default = to, changed by EP)
   09ed   68 c9 64 ff       RLDI 9, UNDO_CAP_SQ
   09f1   68 cd 64 0a       RLDI 13, UNDO_TO
   09f5   0d                LDN 13
   09f6   59                STR 9               ; UNDO_CAP_SQ = MOVE_TO (default)
                        
                            ; Place moving piece at destination
   09f7   8a                GLO 10              ; Get moving piece
   09f8   58                STR 8               ; Store at to square (R8 still points there)
                        
                            ; =========================================
                            ; EN PASSANT CAPTURE
                            ; =========================================
                            ; Detect: pawn moves to saved EP square, BOARD[to] was empty
                            ; R10.1 = captured piece at BOARD[to], R10.0 = moving piece
   09f9   9a                GHI 10              ; captured piece
   09fa   ca 0a 48          LBNZ MM_NOT_EP_CAP  ; Normal capture (piece at to) -> skip
                        
   09fd   8a                GLO 10              ; moving piece
   09fe   fa 07             ANI PIECE_MASK
   0a00   fb 01             XRI PAWN_TYPE
   0a02   ca 0a 48          LBNZ MM_NOT_EP_CAP  ; Not a pawn -> skip
                        
                            ; Pawn moved to empty square. Check if to == saved EP square.
   0a05   68 c9 64 0c       RLDI 9, UNDO_EP     ; EP square from BEFORE this move
   0a09   09                LDN 9               ; D = saved EP square
   0a0a   fb ff             XRI NO_EP
   0a0c   c2 0a 48          LBZ MM_NOT_EP_CAP   ; No EP was active ($FF) -> skip
   0a0f   68 c9 64 0c       RLDI 9, UNDO_EP
   0a13   09                LDN 9               ; D = EP square
   0a14   52                STR 2
   0a15   68 c9 64 0a       RLDI 9, UNDO_TO
   0a19   09                LDN 9               ; D = to square
   0a1a   f3                XOR
   0a1b   ca 0a 48          LBNZ MM_NOT_EP_CAP  ; to != EP -> not en passant
                        
                            ; EP CAPTURE! Captured pawn at (from_rank | to_file)
   0a1e   68 c9 64 09       RLDI 9, UNDO_FROM
   0a22   09                LDN 9
   0a23   fa 70             ANI $70             ; from rank
   0a25   ad                PLO 13
   0a26   68 c9 64 0a       RLDI 9, UNDO_TO
   0a2a   09                LDN 9
   0a2b   fa 07             ANI $07             ; to file
   0a2d   52                STR 2
   0a2e   8d                GLO 13
   0a2f   f1                OR                  ; D = captured square
   0a30   a8                PLO 8
   0a31   f8 60             LDI HIGH(BOARD)
   0a33   b8                PHI 8               ; R8 = &BOARD[cap_sq]
                        
                            ; Read and save the captured pawn
   0a34   08                LDN 8               ; D = enemy pawn
   0a35   ba                PHI 10              ; R10.1 = captured pawn (update from EMPTY)
   0a36   68 c9 64 08       RLDI 9, UNDO_CAPTURED
   0a3a   9a                GHI 10
   0a3b   59                STR 9               ; UNDO_CAPTURED = enemy pawn
                        
                            ; Save EP capture square
   0a3c   88                GLO 8               ; D = cap_sq (low byte of R8)
   0a3d   73                STXD                ; push to stack
   0a3e   68 c9 64 ff       RLDI 9, UNDO_CAP_SQ
   0a42   60                IRX
   0a43   f0                LDX                 ; D = cap_sq
   0a44   59                STR 9               ; UNDO_CAP_SQ = captured square
                        
                            ; Remove captured pawn from board
   0a45   f8 00             LDI EMPTY
   0a47   58                STR 8               ; BOARD[cap_sq] = EMPTY
                        
   0a48                 MM_NOT_EP_CAP:
                        
                            ; =========================================
                            ; PAWN PROMOTION
                            ; =========================================
                            ; Check UNDO_PROMOTION - if non-zero, replace pawn with promoted piece
                            ; R8 still points to BOARD[to], R10.0 = moving piece
   0a48   68 c9 64 04       RLDI 9, UNDO_PROMOTION
   0a4c   09                LDN 9               ; D = promotion piece type (0 if none)
   0a4d   c2 0a 57          LBZ MM_NOT_PROMOTION
                        
                            ; Promotion! Replace pawn with promoted piece
                            ; Get color from moving piece (R10.0), combine with promotion type
   0a50   8a                GLO 10              ; Moving piece (pawn)
   0a51   fa 08             ANI COLOR_MASK      ; Get color (0=white, 8=black)
   0a53   52                STR 2               ; Save color on stack
   0a54   09                LDN 9               ; Get promotion piece type again
   0a55   f4                ADD                 ; D = color + piece_type = promoted piece
   0a56   58                STR 8               ; Store promoted piece at BOARD[to]
                        
   0a57                 MM_NOT_PROMOTION:
                        
                            ; =========================================
                            ; KING POSITION UPDATE
                            ; =========================================
                            ; If moving piece is a king, update GAME_STATE king position
                            ; R10.0 = moving piece
   0a57   8a                GLO 10              ; Get moving piece
   0a58   fa 07             ANI PIECE_MASK      ; Get piece type (0-6)
   0a5a   fb 06             XRI KING_TYPE       ; Is it a king?
   0a5c   ca 0b 21          LBNZ MM_NOT_KING    ; Not a king, skip
                        
                            ; It's a king - update king position in GAME_STATE
                            ; Check color of king (R10.0 has full piece)
   0a5f   8a                GLO 10
   0a60   fa 08             ANI COLOR_MASK      ; Get color (0=white, 8=black)
   0a62   ca 0a 6b          LBNZ MM_BLACK_KING  ; long branch: reclaim shift pushed target across a page
                        
   0a65                 MM_WHITE_KING:
                            ; Update STATE_W_KING_SQ with MOVE_TO
   0a65   68 c9 60 86       RLDI 9, GAME_STATE + STATE_W_KING_SQ
   0a69   30 6f             BR MM_STORE_KING
                        
   0a6b                 MM_BLACK_KING:
                            ; Update STATE_B_KING_SQ with MOVE_TO
   0a6b   68 c9 60 87       RLDI 9, GAME_STATE + STATE_B_KING_SQ
                        
   0a6f                 MM_STORE_KING:
                            ; Get MOVE_TO and store as new king square
   0a6f   68 c8 64 03       RLDI 8, MOVE_TO
   0a73   08                LDN 8               ; D = to square
   0a74   59                STR 9               ; Store as new king position
                        
                            ; =========================================
                            ; CASTLING RIGHTS UPDATE (king moved)
                            ; =========================================
                            ; King has moved - clear both castling rights for this color
                            ; R10.0 still has moving piece
   0a75   8a                GLO 10              ; Get moving piece
   0a76   fa 08             ANI COLOR_MASK      ; Get color (0=white, 8=black)
   0a78   3a 7e             BNZ MM_CLEAR_BLACK_CASTLE
                        
   0a7a                 MM_CLEAR_WHITE_CASTLE:
   0a7a   f8 03             LDI $03             ; CASTLE_WK ($01) + CASTLE_WQ ($02)
   0a7c   30 80             BR MM_DO_CLEAR_CASTLE
                        
   0a7e                 MM_CLEAR_BLACK_CASTLE:
   0a7e   f8 0c             LDI $0C             ; CASTLE_BK ($04) + CASTLE_BQ ($08)
                        
   0a80                 MM_DO_CLEAR_CASTLE:
                            ; D = castling mask ($03 or $0C) — preserved through CALL via R7
   0a80   d4 01 5c          CALL CLEAR_CASTLING_RIGHT
                        
                            ; Reload R10 (clobbered by CLEAR_CASTLING_RIGHT)
                            ; R10.0 = moving piece from BOARD[MOVE_TO]
   0a83   68 c9 64 03       RLDI 9, MOVE_TO
   0a87   09                LDN 9               ; D = to square
   0a88   a8                PLO 8
   0a89   f8 60             LDI HIGH(BOARD)
   0a8b   b8                PHI 8               ; R8 = &BOARD[to]
   0a8c   08                LDN 8               ; D = moving piece (king)
   0a8d   aa                PLO 10              ; R10.0 = moving piece
                            ; R10.1 = captured piece from UNDO_CAPTURED
   0a8e   68 c9 64 08       RLDI 9, UNDO_CAPTURED
   0a92   09                LDN 9               ; D = captured piece
   0a93   ba                PHI 10              ; R10.1 = captured piece
                        
                            ; =========================================
                            ; CASTLING ROOK MOVEMENT
                            ; =========================================
                            ; Detect: to - from = $02 (kingside) or $FE (queenside)
   0a94   68 c9 64 49       RLDI 9, COMPARE_TEMP
   0a98   68 c8 64 09       RLDI 8, UNDO_FROM
   0a9c   08                LDN 8               ; D = from square
   0a9d   e9                SEX 9
   0a9e   59                STR 9               ; M(COMPARE_TEMP) = from
   0a9f   68 c8 64 0a       RLDI 8, UNDO_TO
   0aa3   08                LDN 8               ; D = to square
   0aa4   f7                SM                   ; D = to - from
   0aa5   e2                SEX 2
                        
   0aa6   fb 02             XRI $02
   0aa8   c2 0a b3          LBZ MM_CASTLE_KS     ; to - from = 2: kingside
   0aab   fb fc             XRI $FC              ; XOR chain: checks if original was $FE
   0aad   c2 0a e3          LBZ MM_CASTLE_QS     ; to - from = $FE: queenside
   0ab0   c0 0b 21          LBR MM_NOT_KING      ; Normal king move
                        
   0ab3                 MM_CASTLE_KS:
                            ; Kingside: rook from to+1 (h-file) to to-1 (f-file)
   0ab3   68 c9 64 0a       RLDI 9, UNDO_TO
   0ab7   09                LDN 9               ; D = to square
                        
                            ; Read rook from BOARD[to+1]
   0ab8   fc 01             ADI 1                ; D = to + 1
   0aba   a8                PLO 8
   0abb   f8 60             LDI HIGH(BOARD)
   0abd   b8                PHI 8               ; R8 = &BOARD[to+1]
   0abe   08                LDN 8               ; D = rook piece
   0abf   bd                PHI 13              ; R13.1 = rook piece (temp)
   0ac0   f8 00             LDI EMPTY
   0ac2   58                STR 8               ; Clear rook's old square (h1/h8)
                        
                            ; Place rook at BOARD[to-1]
   0ac3   09                LDN 9               ; D = to square (reload from UNDO_TO)
   0ac4   ff 01             SMI 1                ; D = to - 1
   0ac6   a8                PLO 8
   0ac7   f8 60             LDI HIGH(BOARD)
   0ac9   b8                PHI 8               ; R8 = &BOARD[to-1]
   0aca   9d                GHI 13              ; D = rook piece
   0acb   58                STR 8               ; Place rook at f1/f8
                        
                            ; Hash: XOR out [rook, to+1]
   0acc   9d                GHI 13              ; D = rook piece
   0acd   a8                PLO 8               ; R8.0 = rook piece
   0ace   09                LDN 9               ; D = to square
   0acf   fc 01             ADI 1                ; D = to + 1 (rook's old square)
   0ad1   b8                PHI 8               ; R8.1 = old rook square
   0ad2   d4 58 c6          CALL HASH_XOR_PIECE_SQ
                        
                            ; Hash: XOR in [rook, to-1] (R8.0 preserved by HASH_XOR)
   0ad5   68 c9 64 0a       RLDI 9, UNDO_TO
   0ad9   09                LDN 9               ; D = to square
   0ada   ff 01             SMI 1                ; D = to - 1 (rook's new square)
   0adc   b8                PHI 8               ; R8.1 = new rook square
   0add   d4 58 c6          CALL HASH_XOR_PIECE_SQ
                        
   0ae0   c0 0b 10          LBR MM_CASTLE_DONE
                        
   0ae3                 MM_CASTLE_QS:
                            ; Queenside: rook from to-2 (a-file) to to+1 (d-file)
   0ae3   68 c9 64 0a       RLDI 9, UNDO_TO
   0ae7   09                LDN 9               ; D = to square
                        
                            ; Read rook from BOARD[to-2]
   0ae8   ff 02             SMI 2                ; D = to - 2
   0aea   a8                PLO 8
   0aeb   f8 60             LDI HIGH(BOARD)
   0aed   b8                PHI 8               ; R8 = &BOARD[to-2]
   0aee   08                LDN 8               ; D = rook piece
   0aef   bd                PHI 13              ; R13.1 = rook piece (temp)
   0af0   f8 00             LDI EMPTY
   0af2   58                STR 8               ; Clear rook's old square (a1/a8)
                        
                            ; Place rook at BOARD[to+1]
   0af3   09                LDN 9               ; D = to square (reload from UNDO_TO)
   0af4   fc 01             ADI 1                ; D = to + 1
   0af6   a8                PLO 8
   0af7   f8 60             LDI HIGH(BOARD)
   0af9   b8                PHI 8               ; R8 = &BOARD[to+1]
   0afa   9d                GHI 13              ; D = rook piece
   0afb   58                STR 8               ; Place rook at d1/d8
                        
                            ; Hash: XOR out [rook, to-2]
   0afc   9d                GHI 13              ; D = rook piece
   0afd   a8                PLO 8               ; R8.0 = rook piece
   0afe   09                LDN 9               ; D = to square
   0aff   ff 02             SMI 2                ; D = to - 2 (rook's old square)
   0b01   b8                PHI 8               ; R8.1 = old rook square
   0b02   d4 58 c6          CALL HASH_XOR_PIECE_SQ
                        
                            ; Hash: XOR in [rook, to+1] (R8.0 preserved by HASH_XOR)
   0b05   68 c9 64 0a       RLDI 9, UNDO_TO
   0b09   09                LDN 9               ; D = to square
   0b0a   fc 01             ADI 1                ; D = to + 1 (rook's new square)
   0b0c   b8                PHI 8               ; R8.1 = new rook square
   0b0d   d4 58 c6          CALL HASH_XOR_PIECE_SQ
                        
   0b10                 MM_CASTLE_DONE:
                            ; Reload R10 (clobbered by HASH_XOR_PIECE_SQ)
   0b10   68 c9 64 0a       RLDI 9, UNDO_TO
   0b14   09                LDN 9               ; D = to square
   0b15   a8                PLO 8
   0b16   f8 60             LDI HIGH(BOARD)
   0b18   b8                PHI 8               ; R8 = &BOARD[to]
   0b19   08                LDN 8               ; D = king piece
   0b1a   aa                PLO 10              ; R10.0 = moving piece
   0b1b   68 c9 64 08       RLDI 9, UNDO_CAPTURED
   0b1f   09                LDN 9               ; D = captured piece
   0b20   ba                PHI 10              ; R10.1 = captured piece
                            ; Fall through to MM_NOT_KING
                        
   0b21                 MM_NOT_KING:
                            ; Clear the from square
   0b21   68 c9 64 02       RLDI 9, MOVE_FROM
   0b25   09                LDN 9               ; D = from square
   0b26   a8                PLO 8
   0b27   f8 60             LDI HIGH(BOARD)
   0b29   b8                PHI 8               ; R8 = &BOARD[from]
   0b2a   f8 00             LDI EMPTY
   0b2c   58                STR 8               ; Clear from square
                        
                            ; Toggle side to move
   0b2d   68 c8 60 80       RLDI 8, SIDE
   0b31   08                LDN 8
   0b32   fb 08             XRI BLACK           ; Toggle between 0 and 8
   0b34   58                STR 8
                        
                            ; =========================================
                            ; EN PASSANT SQUARE UPDATE
                            ; =========================================
                            ; Set EP target if pawn double-push, else clear
                            ; R8 is at SIDE ($6080), increment to reach EP_SQUARE ($6082)
   0b35   18                INC 8               ; $6081 = STATE_CASTLING
   0b36   18                INC 8               ; $6082 = STATE_EP_SQUARE
                        
                            ; Check if moving piece is a pawn
   0b37   8a                GLO 10              ; D = moving piece
   0b38   fa 07             ANI PIECE_MASK      ; piece type
   0b3a   fb 01             XRI PAWN_TYPE
   0b3c   ca 0b 74          LBNZ MM_EP_CLEAR    ; Not a pawn -> clear EP
                        
                            ; Pawn moved. Check rank difference = $20 (double push)
   0b3f   68 c9 64 09       RLDI 9, UNDO_FROM
   0b43   09                LDN 9               ; D = from
   0b44   fa 70             ANI $70             ; from rank
   0b46   ad                PLO 13              ; R13.0 = from rank
   0b47   68 c9 64 0a       RLDI 9, UNDO_TO
   0b4b   09                LDN 9               ; D = to
   0b4c   fa 70             ANI $70             ; to rank
   0b4e   52                STR 2
   0b4f   8d                GLO 13              ; D = from rank
   0b50   f7                SM                  ; D = from_rank - to_rank
                        
                            ; White double push: from_rank - to_rank = $E0 (-$20)
                            ; Black double push: from_rank - to_rank = $20
   0b51   fb e0             XRI $E0
   0b53   c2 0b 5e          LBZ MM_EP_WHITE     ; White pawn double push
   0b56   fb c0             XRI $C0             ; XOR chain: $20 XOR $E0 = $C0, XOR $C0 = 0
   0b58   c2 0b 69          LBZ MM_EP_BLACK     ; Black pawn double push
   0b5b   c0 0b 74          LBR MM_EP_CLEAR     ; Not a double push
                        
   0b5e                 MM_EP_WHITE:
                            ; EP square = to + DIR_N ($F0) = one rank above destination
   0b5e   68 c9 64 0a       RLDI 9, UNDO_TO
   0b62   09                LDN 9
   0b63   fc f0             ADI DIR_N           ; to - $10 (square pawn passed through)
   0b65   58                STR 8               ; STATE_EP_SQUARE = EP target
   0b66   c0 0b 77          LBR MM_EP_DONE
                        
   0b69                 MM_EP_BLACK:
                            ; EP square = to + DIR_S ($10) = one rank below destination
   0b69   68 c9 64 0a       RLDI 9, UNDO_TO
   0b6d   09                LDN 9
   0b6e   fc 10             ADI DIR_S           ; to + $10 (square pawn passed through)
   0b70   58                STR 8               ; STATE_EP_SQUARE = EP target
   0b71   c0 0b 77          LBR MM_EP_DONE
                        
   0b74                 MM_EP_CLEAR:
   0b74   f8 ff             LDI NO_EP
   0b76   58                STR 8
                        
   0b77                 MM_EP_DONE:
                        
                            ; ===========================================
                            ; FIFTY-MOVE RULE: Update halfmove clock
                            ; ===========================================
                            ; Reset to 0 if: capture or pawn move
                            ; Otherwise: increment
                            ; R10.0 = moving piece, R10.1 = captured piece
                        
   0b77   18                INC 8               ; Point to HALFMOVE
                        
                            ; Check if capture occurred (R10.1 != EMPTY)
   0b78   9a                GHI 10              ; Get captured piece
   0b79   ca 0b 8b          LBNZ MM_RESET_HALFMOVE
                        
                            ; Check if pawn moved (piece type == PAWN_TYPE)
   0b7c   8a                GLO 10              ; Get moving piece
   0b7d   fa 07             ANI PIECE_MASK      ; Get piece type
   0b7f   fb 01             XRI PAWN_TYPE       ; Is it a pawn?
   0b81   c2 0b 8b          LBZ MM_RESET_HALFMOVE
                        
                            ; No capture, not pawn move - increment halfmove clock
   0b84   08                LDN 8               ; Get current halfmove
   0b85   fc 01             ADI 1               ; Increment
   0b87   58                STR 8               ; Store back
   0b88   c0 0b 8e          LBR MM_ROOK_CHECK
                        
   0b8b                 MM_RESET_HALFMOVE:
                            ; Reset halfmove clock to 0
   0b8b   f8 00             LDI 0
   0b8d   58                STR 8
                        
                            ; =========================================
                            ; CASTLING RIGHTS: ROOK HOME SQUARE CHECK
                            ; =========================================
                            ; If FROM or TO is a rook home square, clear that castling right.
                            ; FROM: rook moves away from home (own castling revoked)
                            ; TO: rook captured on home square (opponent castling revoked)
                            ; R10 is no longer needed (halfmove done), safe to clobber.
   0b8e                 MM_ROOK_CHECK:
   0b8e   68 c9 64 09       RLDI 9, UNDO_FROM
   0b92   49                LDA 9               ; D = from square, R9 advances to UNDO_TO
   0b93   d4 0b f8          CALL MM_ROOK_HOME_CHECK
   0b96   09                LDN 9               ; D = to square (R9 already at UNDO_TO)
   0b97   d4 0b f8          CALL MM_ROOK_HOME_CHECK
                        
   0b9a                 MM_ROOK_DONE:
                        
   0b9a                 MM_DONE:
                            ; =========================================
                            ; HASH UPDATE: XOR piece-square changes
                            ; =========================================
                            ; HASH_XOR_PIECE_SQ: R8.0 = piece, R8.1 = square
                            ; Clobbers: R7, R9, R10, R13. Preserves: R8
                            ; After each call, reload from memory (safe, no register deps)
                            ;
                            ; For promotion: BOARD[to] has promoted piece, but we need to
                            ; XOR out [pawn, from]. Check UNDO_PROMOTION to get original piece.
                        
                            ; --- Step 1: XOR out [moving piece, from] ---
                            ; Check if this was a promotion
   0b9a   68 ca 64 04       RLDI 10, UNDO_PROMOTION
   0b9e   0a                LDN 10              ; D = promotion type (0 if none)
   0b9f   c2 0b b8          LBZ MM_HASH_NOT_PROMO
                        
                            ; Promotion: original piece was a pawn. Get color from BOARD[to].
   0ba2   68 ca 64 0a       RLDI 10, UNDO_TO
   0ba6   0a                LDN 10              ; D = to_square
   0ba7   fc 00             ADI LOW(BOARD)
   0ba9   aa                PLO 10
   0baa   f8 60             LDI HIGH(BOARD)
   0bac   7c 00             ADCI 0
   0bae   ba                PHI 10              ; R10 = &BOARD[to_square]
   0baf   0a                LDN 10              ; D = promoted piece
   0bb0   fa 08             ANI COLOR_MASK      ; Get color (0=white, 8=black)
   0bb2   f9 01             ORI PAWN_TYPE       ; D = pawn of same color
   0bb4   a8                PLO 8               ; R8.0 = pawn
   0bb5   c0 0b c7          LBR MM_HASH_GOT_PIECE
                        
   0bb8                 MM_HASH_NOT_PROMO:
                            ; Normal move: get moving piece from BOARD[UNDO_TO]
   0bb8   68 ca 64 0a       RLDI 10, UNDO_TO
   0bbc   0a                LDN 10              ; D = to_square
   0bbd   fc 00             ADI LOW(BOARD)
   0bbf   aa                PLO 10
   0bc0   f8 60             LDI HIGH(BOARD)
   0bc2   7c 00             ADCI 0
   0bc4   ba                PHI 10              ; R10 = &BOARD[to_square]
   0bc5   0a                LDN 10              ; D = moving piece
   0bc6   a8                PLO 8               ; R8.0 = moving piece
                        
   0bc7                 MM_HASH_GOT_PIECE:
                            ; Get from square
   0bc7   68 ca 64 09       RLDI 10, UNDO_FROM
   0bcb   0a                LDN 10              ; D = from_square
   0bcc   b8                PHI 8               ; R8.1 = from_square
   0bcd   d4 58 c6          CALL HASH_XOR_PIECE_SQ
                        
                            ; --- Step 2: XOR out [captured, captured_square] ---
                            ; For normal captures: captured_square = to
                            ; For EP captures: captured_square = (from_rank | to_file)
   0bd0   68 ca 64 08       RLDI 10, UNDO_CAPTURED
   0bd4   0a                LDN 10              ; D = captured piece
   0bd5   a8                PLO 8               ; R8.0 = captured piece
   0bd6   68 ca 64 ff       RLDI 10, UNDO_CAP_SQ
   0bda   0a                LDN 10              ; D = capture square
   0bdb   b8                PHI 8               ; R8.1 = capture square
   0bdc   d4 58 c6          CALL HASH_XOR_PIECE_SQ  ; skips if captured == EMPTY
                        
                            ; --- Step 3: XOR in [moving piece, to] ---
                            ; Get to square first (need for R8.1 and BOARD index)
   0bdf   68 ca 64 0a       RLDI 10, UNDO_TO
   0be3   0a                LDN 10              ; D = to_square
   0be4   b8                PHI 8               ; R8.1 = to_square
                            ; Compute BOARD[to_square]
   0be5   fc 00             ADI LOW(BOARD)
   0be7   aa                PLO 10
   0be8   f8 60             LDI HIGH(BOARD)
   0bea   7c 00             ADCI 0
   0bec   ba                PHI 10              ; R10 = &BOARD[to_square]
   0bed   0a                LDN 10              ; D = moving piece
   0bee   a8                PLO 8               ; R8.0 = moving piece
   0bef   d4 58 c6          CALL HASH_XOR_PIECE_SQ
                        
                            ; --- Step 4: XOR side ---
   0bf2   d4 59 29          CALL HASH_XOR_SIDE
                        
   0bf5   f8 00             LDI 0               ; Return success
   0bf7   d5                SEP 5
                        
                        ; ------------------------------------------------------------------------------
                        ; MM_ROOK_HOME_CHECK - Check if square is a rook home square
                        ; ------------------------------------------------------------------------------
                        ; If so, clear the corresponding castling right.
                        ; Input: D = square to check
                        ; Clobbers: R10, R13 (via CLEAR_CASTLING_RIGHT)
                        ; Note: Called from MAKE_MOVE for both FROM and TO squares.
                        ;       FROM handles rook moving away; TO handles rook being captured.
                        ; ------------------------------------------------------------------------------
   0bf8                 MM_ROOK_HOME_CHECK:
   0bf8   c2 0c 0b          LBZ MMRHC_A1         ; $00 = a1 → white queenside
   0bfb   fb 07             XRI $07
   0bfd   c2 0c 10          LBZ MMRHC_H1         ; $07 = h1 → white kingside
   0c00   fb 77             XRI $77
   0c02   c2 0c 15          LBZ MMRHC_A8         ; $70 = a8 → black queenside
   0c05   fb 07             XRI $07
   0c07   c2 0c 1a          LBZ MMRHC_H8         ; $77 = h8 → black kingside
   0c0a   d5                RETN                 ; No match, return
                        
   0c0b                 MMRHC_A1:
   0c0b   f8 02             LDI CASTLE_WQ        ; $02
   0c0d   c0 0c 1c          LBR MMRHC_CLEAR
                        
   0c10                 MMRHC_H1:
   0c10   f8 01             LDI CASTLE_WK        ; $01
   0c12   c0 0c 1c          LBR MMRHC_CLEAR
                        
   0c15                 MMRHC_A8:
   0c15   f8 08             LDI CASTLE_BQ        ; $08
   0c17   c0 0c 1c          LBR MMRHC_CLEAR
                        
   0c1a                 MMRHC_H8:
   0c1a   f8 04             LDI CASTLE_BK        ; $04
                        
   0c1c                 MMRHC_CLEAR:
   0c1c   d4 01 5c          CALL CLEAR_CASTLING_RIGHT
   0c1f   d5                RETN
                        
                        ; ==============================================================================
                        ; UNMAKE_MOVE - Reverse the last move
                        ; Input: Undo info from previous MAKE_MOVE
                        ; Output: Board restored to previous state
                        ; ==============================================================================
   0c20                 UNMAKE_MOVE:
                            ; Get moving piece from to square
   0c20   68 c9 64 0a       RLDI 9, UNDO_TO
   0c24   09                LDN 9               ; D = to square
   0c25   a8                PLO 8
   0c26   f8 60             LDI HIGH(BOARD)
   0c28   b8                PHI 8               ; R8 = &BOARD[to]
   0c29   08                LDN 8               ; D = piece at to square
   0c2a   aa                PLO 10              ; Save in R10.0
                        
                            ; Restore captured piece at actual capture square
                            ; (handles EP: cap_sq != to for en passant captures)
   0c2b   68 c9 64 ff       RLDI 9, UNDO_CAP_SQ
   0c2f   09                LDN 9               ; D = cap_sq
   0c30   a8                PLO 8
   0c31   f8 60             LDI HIGH(BOARD)
   0c33   b8                PHI 8               ; R8 = &BOARD[cap_sq]
   0c34   68 c9 64 08       RLDI 9, UNDO_CAPTURED
   0c38   09                LDN 9
   0c39   58                STR 8               ; BOARD[cap_sq] = captured piece
                        
                            ; For EP: clear BOARD[to] (cap_sq != to)
   0c3a   68 c9 64 ff       RLDI 9, UNDO_CAP_SQ
   0c3e   09                LDN 9               ; D = cap_sq
   0c3f   52                STR 2
   0c40   68 c9 64 0a       RLDI 9, UNDO_TO
   0c44   09                LDN 9               ; D = to
   0c45   f3                XOR
   0c46   c2 0c 55          LBZ UM_CAP_DONE     ; cap_sq == to -> nothing more to do
                        
                            ; EP case: clear BOARD[to]
   0c49   68 c9 64 0a       RLDI 9, UNDO_TO
   0c4d   09                LDN 9
   0c4e   a8                PLO 8
   0c4f   f8 60             LDI HIGH(BOARD)
   0c51   b8                PHI 8
   0c52   f8 00             LDI EMPTY
   0c54   58                STR 8               ; BOARD[to] = EMPTY
                        
   0c55                 UM_CAP_DONE:
                        
                            ; =========================================
                            ; PAWN PROMOTION UNDO
                            ; =========================================
                            ; If UNDO_PROMOTION != 0, restore pawn instead of promoted piece
                            ; R10.0 = piece from BOARD[to] (promoted piece if promotion)
                            ; Guard: if piece is EMPTY, skip promotion undo (prevents phantom pawn
                            ; from corrupted UNDO_PROMOTION)
   0c55   8a                GLO 10              ; D = piece from BOARD[to]
   0c56   c2 0c 67          LBZ UM_NOT_PROMOTION ; EMPTY piece = nothing to un-promote
   0c59   68 c9 64 04       RLDI 9, UNDO_PROMOTION
   0c5d   09                LDN 9               ; D = promotion type (0 if none)
   0c5e   c2 0c 67          LBZ UM_NOT_PROMOTION
                        
                            ; Promotion: restore pawn (get color from R10.0, the promoted piece)
   0c61   8a                GLO 10              ; D = promoted piece
   0c62   fa 08             ANI COLOR_MASK      ; Get color (0=white, 8=black)
   0c64   f9 01             ORI PAWN_TYPE       ; D = pawn of same color
   0c66   aa                PLO 10              ; R10.0 = pawn (overwrites promoted piece)
                        
   0c67                 UM_NOT_PROMOTION:
                            ; Put moving piece back at from square
   0c67   68 c9 64 09       RLDI 9, UNDO_FROM
   0c6b   09                LDN 9               ; D = from square
   0c6c   a8                PLO 8
   0c6d   f8 60             LDI HIGH(BOARD)
   0c6f   b8                PHI 8               ; R8 = &BOARD[from]
   0c70   8a                GLO 10              ; D = moving piece (pawn if promotion)
   0c71   58                STR 8               ; Put back at from square
                        
                            ; =========================================
                            ; KING POSITION RESTORE
                            ; =========================================
                            ; If moving piece is a king, restore GAME_STATE king position to from square
                            ; R10.0 = moving piece
   0c72   8a                GLO 10              ; Get moving piece
   0c73   fa 07             ANI PIECE_MASK      ; Get piece type (0-6)
   0c75   fb 06             XRI KING_TYPE       ; Is it a king?
   0c77   ca 0d 0d          LBNZ UM_NOT_KING    ; Not a king, skip
                        
                            ; It's a king - restore king position in GAME_STATE
                            ; Check color of king (R10.0 has full piece)
   0c7a   8a                GLO 10
   0c7b   fa 08             ANI COLOR_MASK      ; Get color (0=white, 8=black)
   0c7d   ca 0c 87          LBNZ UM_BLACK_KING
                        
   0c80                 UM_WHITE_KING:
                            ; Update STATE_W_KING_SQ with UNDO_FROM
   0c80   68 c9 60 86       RLDI 9, GAME_STATE + STATE_W_KING_SQ
   0c84   c0 0c 8b          LBR UM_STORE_KING
                        
   0c87                 UM_BLACK_KING:
                            ; Update STATE_B_KING_SQ with UNDO_FROM
   0c87   68 c9 60 87       RLDI 9, GAME_STATE + STATE_B_KING_SQ
                        
   0c8b                 UM_STORE_KING:
                            ; Get UNDO_FROM and store as restored king square
   0c8b   68 c8 64 09       RLDI 8, UNDO_FROM
   0c8f   08                LDN 8               ; D = from square
   0c90   59                STR 9               ; Restore king position
                        
                            ; =========================================
                            ; CASTLING ROOK UNDO
                            ; =========================================
                            ; Detect: to - from = $02 (kingside) or $FE (queenside)
   0c91   68 c9 64 49       RLDI 9, COMPARE_TEMP
   0c95   68 c8 64 09       RLDI 8, UNDO_FROM
   0c99   08                LDN 8               ; D = from square
   0c9a   e9                SEX 9
   0c9b   59                STR 9               ; M(COMPARE_TEMP) = from
   0c9c   68 c8 64 0a       RLDI 8, UNDO_TO
   0ca0   08                LDN 8               ; D = to square
   0ca1   f7                SM                   ; D = to - from
   0ca2   e2                SEX 2
                        
   0ca3   fb 02             XRI $02
   0ca5   c2 0c b0          LBZ UM_CASTLE_KS     ; Kingside
   0ca8   fb fc             XRI $FC
   0caa   c2 0c e0          LBZ UM_CASTLE_QS     ; Queenside
   0cad   c0 0d 0d          LBR UM_NOT_KING      ; Normal king move
                        
   0cb0                 UM_CASTLE_KS:
                            ; Kingside undo: rook from to-1 (f-file) back to to+1 (h-file)
   0cb0   68 c9 64 0a       RLDI 9, UNDO_TO
   0cb4   09                LDN 9               ; D = to square
                        
                            ; Read rook from BOARD[to-1]
   0cb5   ff 01             SMI 1                ; D = to - 1
   0cb7   a8                PLO 8
   0cb8   f8 60             LDI HIGH(BOARD)
   0cba   b8                PHI 8               ; R8 = &BOARD[to-1]
   0cbb   08                LDN 8               ; D = rook piece
   0cbc   bd                PHI 13              ; R13.1 = rook piece (temp)
   0cbd   f8 00             LDI EMPTY
   0cbf   58                STR 8               ; Clear f1/f8
                        
                            ; Place rook back at BOARD[to+1]
   0cc0   09                LDN 9               ; D = to square
   0cc1   fc 01             ADI 1                ; D = to + 1
   0cc3   a8                PLO 8
   0cc4   f8 60             LDI HIGH(BOARD)
   0cc6   b8                PHI 8               ; R8 = &BOARD[to+1]
   0cc7   9d                GHI 13              ; D = rook piece
   0cc8   58                STR 8               ; Restore rook to h1/h8
                        
                            ; Hash: XOR [rook, to-1] (same pairs as make - XOR cancels)
   0cc9   9d                GHI 13              ; D = rook piece
   0cca   a8                PLO 8               ; R8.0 = rook piece
   0ccb   09                LDN 9               ; D = to square
   0ccc   ff 01             SMI 1                ; D = to - 1
   0cce   b8                PHI 8               ; R8.1 = f1/f8
   0ccf   d4 58 c6          CALL HASH_XOR_PIECE_SQ
                        
                            ; Hash: XOR [rook, to+1] (R8.0 preserved)
   0cd2   68 c9 64 0a       RLDI 9, UNDO_TO
   0cd6   09                LDN 9               ; D = to square
   0cd7   fc 01             ADI 1                ; D = to + 1
   0cd9   b8                PHI 8               ; R8.1 = h1/h8
   0cda   d4 58 c6          CALL HASH_XOR_PIECE_SQ
                        
   0cdd   c0 0d 0d          LBR UM_NOT_KING
                        
   0ce0                 UM_CASTLE_QS:
                            ; Queenside undo: rook from to+1 (d-file) back to to-2 (a-file)
   0ce0   68 c9 64 0a       RLDI 9, UNDO_TO
   0ce4   09                LDN 9               ; D = to square
                        
                            ; Read rook from BOARD[to+1]
   0ce5   fc 01             ADI 1                ; D = to + 1
   0ce7   a8                PLO 8
   0ce8   f8 60             LDI HIGH(BOARD)
   0cea   b8                PHI 8               ; R8 = &BOARD[to+1]
   0ceb   08                LDN 8               ; D = rook piece
   0cec   bd                PHI 13              ; R13.1 = rook piece (temp)
   0ced   f8 00             LDI EMPTY
   0cef   58                STR 8               ; Clear d1/d8
                        
                            ; Place rook back at BOARD[to-2]
   0cf0   09                LDN 9               ; D = to square
   0cf1   ff 02             SMI 2                ; D = to - 2
   0cf3   a8                PLO 8
   0cf4   f8 60             LDI HIGH(BOARD)
   0cf6   b8                PHI 8               ; R8 = &BOARD[to-2]
   0cf7   9d                GHI 13              ; D = rook piece
   0cf8   58                STR 8               ; Restore rook to a1/a8
                        
                            ; Hash: XOR [rook, to+1]
   0cf9   9d                GHI 13              ; D = rook piece
   0cfa   a8                PLO 8               ; R8.0 = rook piece
   0cfb   09                LDN 9               ; D = to square
   0cfc   fc 01             ADI 1                ; D = to + 1
   0cfe   b8                PHI 8               ; R8.1 = d1/d8
   0cff   d4 58 c6          CALL HASH_XOR_PIECE_SQ
                        
                            ; Hash: XOR [rook, to-2] (R8.0 preserved)
   0d02   68 c9 64 0a       RLDI 9, UNDO_TO
   0d06   09                LDN 9               ; D = to square
   0d07   ff 02             SMI 2                ; D = to - 2
   0d09   b8                PHI 8               ; R8.1 = a1/a8
   0d0a   d4 58 c6          CALL HASH_XOR_PIECE_SQ
                        
   0d0d                 UM_NOT_KING:
                            ; Restore castling rights to GAME_STATE + STATE_CASTLING
   0d0d   68 c9 64 0b       RLDI 9, UNDO_CASTLING
   0d11   09                LDN 9
   0d12   ba                PHI 10              ; Save in R10.1
                        
   0d13   68 c8 60 81       RLDI 8, GAME_STATE + STATE_CASTLING
   0d17   9a                GHI 10
   0d18   58                STR 8
                        
                            ; Restore en passant square to GAME_STATE + STATE_EP_SQUARE
   0d19   68 c9 64 0c       RLDI 9, UNDO_EP
   0d1d   09                LDN 9
   0d1e   18                INC 8               ; Point to EP_SQUARE ($6082)
   0d1f   58                STR 8
                        
                            ; Restore halfmove clock to GAME_STATE + STATE_HALFMOVE
   0d20   68 c9 64 0d       RLDI 9, UNDO_HALFMOVE
   0d24   09                LDN 9
   0d25   18                INC 8               ; Point to HALFMOVE ($6083)
   0d26   58                STR 8
                        
                            ; Toggle side to move back
   0d27   68 c8 60 80       RLDI 8, SIDE
   0d2b   08                LDN 8
   0d2c   fb 08             XRI BLACK           ; Toggle between 0 and 8
   0d2e   58                STR 8
                        
                            ; =========================================
                            ; HASH UPDATE: XOR piece-square changes (reverse of MAKE_MOVE)
                            ; =========================================
                            ; HASH_XOR_PIECE_SQ: R8.0 = piece, R8.1 = square
                            ; Clobbers: R7, R9, R10, R13. Preserves: R8
                            ; Board is now restored: piece at UNDO_FROM, captured at UNDO_TO
                            ;
                            ; For promotion: need to XOR out [promoted_piece, to], not [pawn, to]
                        
                            ; --- Step 1: XOR out [piece that WAS at to], to ---
                            ; Check if this was a promotion
   0d2f   68 ca 64 04       RLDI 10, UNDO_PROMOTION
   0d33   0a                LDN 10              ; D = promotion type (0 if none)
   0d34   c2 0d 54          LBZ UM_HASH_NOT_PROMO
                        
                            ; Promotion: XOR out [promoted_piece, to]
                            ; Get color from BOARD[from] (the pawn), combine with promotion type
   0d37   68 ca 64 09       RLDI 10, UNDO_FROM
   0d3b   0a                LDN 10              ; D = from_square
   0d3c   fc 00             ADI LOW(BOARD)
   0d3e   aa                PLO 10
   0d3f   f8 60             LDI HIGH(BOARD)
   0d41   7c 00             ADCI 0
   0d43   ba                PHI 10              ; R10 = &BOARD[from_square]
   0d44   0a                LDN 10              ; D = pawn
   0d45   fa 08             ANI COLOR_MASK      ; Get color
   0d47   a8                PLO 8               ; R8.0 = color (temp)
   0d48   68 ca 64 04       RLDI 10, UNDO_PROMOTION
   0d4c   0a                LDN 10              ; D = promotion piece type
   0d4d   52                STR 2               ; Save on stack
   0d4e   88                GLO 8               ; D = color
   0d4f   f4                ADD                 ; D = color + promotion_type = promoted piece
   0d50   a8                PLO 8               ; R8.0 = promoted piece
   0d51   c0 0d 63          LBR UM_HASH_GOT_PIECE
                        
   0d54                 UM_HASH_NOT_PROMO:
                            ; Normal move: XOR out [moving piece, to]
                            ; Moving piece is now at BOARD[UNDO_FROM]
   0d54   68 ca 64 09       RLDI 10, UNDO_FROM
   0d58   0a                LDN 10              ; D = from_square
   0d59   fc 00             ADI LOW(BOARD)
   0d5b   aa                PLO 10
   0d5c   f8 60             LDI HIGH(BOARD)
   0d5e   7c 00             ADCI 0
   0d60   ba                PHI 10              ; R10 = &BOARD[from_square]
   0d61   0a                LDN 10              ; D = moving piece
   0d62   a8                PLO 8               ; R8.0 = moving piece
                        
   0d63                 UM_HASH_GOT_PIECE:
                            ; Get to square
   0d63   68 ca 64 0a       RLDI 10, UNDO_TO
   0d67   0a                LDN 10              ; D = to_square
   0d68   b8                PHI 8               ; R8.1 = to_square
   0d69   d4 58 c6          CALL HASH_XOR_PIECE_SQ
                        
                            ; --- Step 2: XOR in [captured, captured_square] ---
                            ; For normal captures: captured_square = to
                            ; For EP captures: captured_square = (from_rank | to_file)
   0d6c   68 ca 64 08       RLDI 10, UNDO_CAPTURED
   0d70   0a                LDN 10              ; D = captured piece
   0d71   a8                PLO 8               ; R8.0 = captured piece
   0d72   68 ca 64 ff       RLDI 10, UNDO_CAP_SQ
   0d76   0a                LDN 10              ; D = capture square
   0d77   b8                PHI 8               ; R8.1 = capture square
   0d78   d4 58 c6          CALL HASH_XOR_PIECE_SQ  ; skips if captured == EMPTY
                        
                            ; --- Step 3: XOR in [moving piece, from] ---
                            ; Moving piece is at BOARD[UNDO_FROM]
   0d7b   68 ca 64 09       RLDI 10, UNDO_FROM
   0d7f   0a                LDN 10              ; D = from_square
   0d80   b8                PHI 8               ; R8.1 = from_square
                            ; Compute BOARD[from_square]
   0d81   fc 00             ADI LOW(BOARD)
   0d83   aa                PLO 10
   0d84   f8 60             LDI HIGH(BOARD)
   0d86   7c 00             ADCI 0
   0d88   ba                PHI 10              ; R10 = &BOARD[from_square]
   0d89   0a                LDN 10              ; D = moving piece
   0d8a   a8                PLO 8               ; R8.0 = moving piece
   0d8b   d4 58 c6          CALL HASH_XOR_PIECE_SQ
                        
                            ; --- Step 4: XOR side ---
   0d8e   d4 59 29          CALL HASH_XOR_SIDE
                        
   0d91   d5                SEP 5
                        
                        ; ==============================================================================
                        ; NULL_MAKE_MOVE - Make a null move (pass - just toggle side)
                        ; ==============================================================================
                        ; Used by null move pruning. No actual piece moves.
                        ; Input: None
                        ; Output: Side toggled, hash updated, EP cleared
                        ; Saves: EP square to NULL_SAVED_EP for unmake
                        ; ==============================================================================
   0d92                 NULL_MAKE_MOVE:
                            ; Save EP square to NULL_SAVED_EP
   0d92   68 ca 60 82       RLDI 10, GAME_STATE + STATE_EP_SQUARE
   0d96   0a                LDN 10              ; D = current EP square
   0d97   a7                PLO 7               ; Save in R7.0
   0d98   68 ca 64 a8       RLDI 10, NULL_SAVED_EP
   0d9c   87                GLO 7
   0d9d   5a                STR 10              ; NULL_SAVED_EP = old EP
                        
                            ; Clear EP square (no EP after null move)
   0d9e   68 ca 60 82       RLDI 10, GAME_STATE + STATE_EP_SQUARE
   0da2   f8 ff             LDI $FF             ; Invalid EP
   0da4   5a                STR 10
                        
                            ; Toggle side to move
   0da5   68 ca 60 80       RLDI 10, GAME_STATE + STATE_SIDE_TO_MOVE
   0da9   0a                LDN 10
   0daa   fb 08             XRI $08             ; Toggle 0 <-> 8
   0dac   5a                STR 10
                        
                            ; Update hash for side change
   0dad   d4 59 29          CALL HASH_XOR_SIDE
                        
   0db0   d5                RETN
                        
                        ; ==============================================================================
                        ; NULL_UNMAKE_MOVE - Undo a null move
                        ; ==============================================================================
                        ; Restores state from before null move
                        ; Input: None
                        ; Output: Side toggled back, hash restored, EP restored
                        ; ==============================================================================
   0db1                 NULL_UNMAKE_MOVE:
                            ; Toggle side back
   0db1   68 ca 60 80       RLDI 10, GAME_STATE + STATE_SIDE_TO_MOVE
   0db5   0a                LDN 10
   0db6   fb 08             XRI $08             ; Toggle 8 <-> 0
   0db8   5a                STR 10
                        
                            ; Restore EP square from NULL_SAVED_EP
   0db9   68 ca 64 a8       RLDI 10, NULL_SAVED_EP
   0dbd   0a                LDN 10              ; D = saved EP
   0dbe   a7                PLO 7               ; Save in R7.0
   0dbf   68 ca 60 82       RLDI 10, GAME_STATE + STATE_EP_SQUARE
   0dc3   87                GLO 7
   0dc4   5a                STR 10              ; Restore EP
                        
                            ; Update hash for side change (XOR again = restore)
   0dc5   d4 59 29          CALL HASH_XOR_SIDE
                        
   0dc8   d5                RETN
                        
                        ; ==============================================================================
                        ; END OF MAKE/UNMAKE MODULE
                        ; ==============================================================================
                        ; ==============================================================================
                        ; RCA 1802/1806 Chess Engine - Position Evaluation
                        ; ==============================================================================
                        ; Evaluate board position and return score
                        ; Positive score favors white, negative favors black
                        ; ==============================================================================
                        
                        ; ------------------------------------------------------------------------------
                        ; Piece Values (in centipawns)
                        ; ------------------------------------------------------------------------------
   0064                 PAWN_VALUE      EQU 100
   0140                 KNIGHT_VALUE    EQU 320
   014a                 BISHOP_VALUE    EQU 330
   01f4                 ROOK_VALUE      EQU 500
   0384                 QUEEN_VALUE     EQU 900
   4e20                 KING_VALUE      EQU 20000   ; Effectively infinite (not used in material count)
                        
                        ; Check bonus: credit the attacker when side-to-move is in check.
                        ; Applied at EVAL exit — rewards moves that deliver check, encourages
                        ; attacking play (especially with queen) in endgame mate-chasing.
   0028                 CHECK_BONUS     EQU 40
                        
                        ; King-safety v3 tables (2026-07-03). v2's STORM_PEN + DEFENSE_CREDIT and the
                        ; QUEEN_PROX_BONUS term are RETIRED (fork 2): offense credit is now luft-gated
                        ; inside KING_SAFETY_V3; queen activity is QUEEN_MOBILITY's job.
                        ; SHIELD_PEN kept, indexed by shield_missing (0-3), now pressure-gated.
   0dc9                 SHIELD_PEN:
   0dc9   00 19 3c 64       DB 0, 25, 60, 100       ; missing 0,1,2,3 shield pawns
                        ; DANGER_V3_TABLE[(pressure<<3) | luft]: rows = clamped pressure 0-3 (Q=2,R=1),
                        ; cols = luft 0-7 (SATURATED 8->7). STEEP by design — probe #1 requires a safe
                        ; castled king (luft 1-2, wandering enemy queen) to read ~0; weight lives at
                        ; luft 0-1. Entries <= 155 so SHIELD_PEN(max 100) + entry always fits one byte.
                        ; This is THE tuning surface: edit these 32 bytes, re-probe, repeat.
   0dcd                 DANGER_V3_TABLE:
   0dcd   00 00 00 00       DB   0,  0,  0,  0,  0, 0, 0, 0  ; pressure 0 (unreachable: short-circuited)
   0dd1   00 00 00 00   
   0dd5   28 14 05 00       DB  40, 20,  5,  0,  0, 0, 0, 0  ; pressure 1 (lone rook)
   0dd9   00 00 00 00   
   0ddd   5a 32 0f 05       DB  90, 50, 15,  5,  0, 0, 0, 0  ; pressure 2 (lone queen / two rooks — STEEP:
   0de1   00 00 00 00   
                                                             ;  this row is the castled-king false-positive
                                                             ;  surface; weight stays at luft 0-1 only)
   0de5   96 64 46 28       DB 150,100, 70, 40, 10, 0, 0, 0  ; pressure 3 (queen + rook(s) bearing = nearly
   0de9   0a 00 00 00   
                                                             ;  always a REAL attack; mid-luft raised after
                                                             ;  probe 2 read the 7/3 storm too lightly)
                        ; Enemy piece-square pointer table for the v3 pressure loop (big-endian DW,
                        ; read LDA-hi/LDA-lo). Order queen, rook1, rook2 (weight decided by phase).
   0ded                 KSV_PTAB:
   0ded   67 20 64 ab       DW W_QUEEN_SQ, EVAL_W_ROOK_SQ1, EVAL_W_ROOK_SQ2   ; enemy set when friendly=BLACK
   0df1   64 ac         
   0df3   67 21 64 ad       DW B_QUEEN_SQ, EVAL_B_ROOK_SQ1, EVAL_B_ROOK_SQ2   ; enemy set when friendly=WHITE
   0df7   64 ae         
   0df9                 KSV_COLOR:
   0df9   00                DB 0                    ; KING_SAFETY_V3 private scratch: friendly color of call
                        ; Racing-passer bonus (2026-06-13): EXTRA value for an advanced white passer with a
                        ; clear front, ramping toward queen value so white pushes it (the d5 search can't
                        ; see the promotion). Indexed by rank-5/6/7. 16-bit (big-endian DW) — > one byte.
   0dfa                 RUNNER_BONUS:
   0dfa   00 96 01 5e       DW 150, 350, 600       ; rank 5, rank 6, rank 7
   0dfe   02 58         
                        
                        ; Piece value table (indexed by piece type 0-6)
   0e00                 PIECE_VALUES:
   0e00   00 00             DW 0            ; Empty (type 0)
   0e02   00 64             DW 100          ; Pawn (type 1)
   0e04   01 40             DW 320          ; Knight (type 2)
   0e06   01 4a             DW 330          ; Bishop (type 3)
   0e08   01 f4             DW 500          ; Rook (type 4)
   0e0a   03 84             DW 900          ; Queen (type 5)
   0e0c   00 00             DW 0            ; King (type 6) - don't count in material
                        
                        ; ------------------------------------------------------------------------------
                        ; EVALUATE - Main evaluation function
                        ; ------------------------------------------------------------------------------
                        ; Input:  A = board pointer (BOARD)
                        ; Output: R9 = evaluation score (16-bit signed)
                        ;         Positive = white advantage
                        ;         Negative = black advantage
                        ; NOTE:   Returns in R9, NOT R6! R6 is SCRT linkage register - off limits!
                        ; Uses:   All registers except R6
                        ;
                        ; Components (in order of implementation):
                        ;   1. Material count (DONE)
                        ;   2. Piece-square tables (TODO)
                        ;   3. Pawn structure (TODO)
                        ;   4. King safety (TODO)
                        ;   5. Mobility (TODO)
                        ; ------------------------------------------------------------------------------
                        
                        ; ------------------------------------------------------------------------------
                        ; CHECK_INSUFFICIENT_MATERIAL - Detect the canonical dead-draw material configs
                        ; ------------------------------------------------------------------------------
                        ; Returns D = 1 if the position is one of:
                        ;   K vs K, K+N vs K, K+B vs K, K+B vs K+B (bishops on same square colour)
                        ; else D = 0.  These are the four cases where neither side can force mate
                        ; (item C — added 2026-05-18).  Returning 0 from EVALUATE for these stops the
                        ; engine meandering in drawn endgames until the 50-move rule.
                        ;
                        ; Scans BOARD once, early-aborting to "not draw" the moment a pawn, rook, or
                        ; queen is seen, or when the minor count exceeds 2.  In any position with
                        ; pawns/rooks/queens (every opening/middlegame) the very first occupied square
                        ; aborts the scan, so cost is ~1 iteration in normal play; only true bare-king
                        ; endgames pay the full 128-square walk.
                        ;
                        ; Provably safe for non-drawn positions: the short-circuit only fires when
                        ; material is EXACTLY one of the four configs above. Any pawn/rook/queen or a
                        ; 3rd minor falls through untouched — cannot alter winning/losing eval.
                        ;
                        ; Uses: R7 (sq index), R8 (piece + type/sqcolor scratch), R10 (board ptr),
                        ;       R11 (.0=minor total, .1=white bishop count),
                        ;       R13 (.0=black bishop count, .1=bishop sq-colour bits)
                        ; Does NOT touch R6 (SCRT) or R9 (caller score, not yet set at call site).
                        ; ------------------------------------------------------------------------------
   0e0e                 CHECK_INSUFFICIENT_MATERIAL:
   0e0e   f8 00             LDI 0
   0e10   ab                PLO 11              ; R11.0 = minor total (bishops + knights)
   0e11   bb                PHI 11              ; R11.1 = white bishop count
   0e12   ad                PLO 13              ; R13.0 = black bishop count
   0e13   bd                PHI 13              ; R13.1 = bishop sq-colour bits (b0=W, b1=B)
                        
   0e14   f8 00             LDI 0
   0e16   a7                PLO 7               ; R7.0 = square index 0
                        
   0e17                 CIM_LOOP:
   0e17   87                GLO 7
   0e18   fa 88             ANI $88
   0e1a   ca 0e 82          LBNZ CIM_NEXT       ; off-board 0x88 square, skip
                        
                            ; R10 = BOARD + sq
   0e1d   87                GLO 7
   0e1e   fc 00             ADI LOW(BOARD)
   0e20   aa                PLO 10
   0e21   f8 60             LDI HIGH(BOARD)
   0e23   7c 00             ADCI 0
   0e25   ba                PHI 10
   0e26   0a                LDN 10              ; D = piece
   0e27   c2 0e 82          LBZ CIM_NEXT        ; empty square
                        
   0e2a   a8                PLO 8               ; R8.0 = full piece byte (kept all loop)
   0e2b   fa 07             ANI PIECE_MASK      ; D = piece type 1-6
   0e2d   b8                PHI 8               ; R8.1 = piece type
                        
   0e2e   fb 06             XRI KING_TYPE       ; king? (always present, never counted)
   0e30   c2 0e 82          LBZ CIM_NEXT
                        
   0e33   98                GHI 8               ; type
   0e34   fb 01             XRI PAWN_TYPE
   0e36   c2 0e b1          LBZ CIM_NOT_DRAW    ; any pawn → not insufficient
   0e39   98                GHI 8
   0e3a   fb 04             XRI ROOK_TYPE
   0e3c   c2 0e b1          LBZ CIM_NOT_DRAW    ; any rook → not insufficient
   0e3f   98                GHI 8
   0e40   fb 05             XRI QUEEN_TYPE
   0e42   c2 0e b1          LBZ CIM_NOT_DRAW    ; any queen → not insufficient
                        
                            ; piece is a minor (knight=2 or bishop=3)
   0e45   8b                GLO 11
   0e46   fc 01             ADI 1
   0e48   ab                PLO 11              ; minor total++
   0e49   ff 03             SMI 3
   0e4b   c3 0e b1          LBDF CIM_NOT_DRAW   ; >=3 minors → not one of the four cases
                        
   0e4e   98                GHI 8               ; type
   0e4f   fb 03             XRI BISHOP_TYPE
   0e51   ca 0e 82          LBNZ CIM_NEXT       ; knight — counted in total, nothing more
                        
                            ; --- bishop: compute its square colour = ((sq>>4)+(sq&7)) & 1 ---
   0e54   87                GLO 7
   0e55   fa 07             ANI $07             ; file
   0e57   52                STR 2               ; M(R2) = file
   0e58   87                GLO 7
   0e59   f6                SHR
   0e5a   f6                SHR
   0e5b   f6                SHR
   0e5c   f6                SHR                 ; D = sq>>4 = rank (valid sq → high nibble 0-7)
   0e5d   f4                ADD                 ; D = rank + file
   0e5e   fa 01             ANI $01             ; D = square colour 0/1
   0e60   b8                PHI 8               ; R8.1 = square colour
                        
   0e61   88                GLO 8               ; full piece byte
   0e62   fa 08             ANI COLOR_MASK      ; 0 = white bishop, 8 = black bishop
   0e64   ca 0e 76          LBNZ CIM_BLACK_B
                        
                            ; white bishop
   0e67   9b                GHI 11
   0e68   fc 01             ADI 1
   0e6a   bb                PHI 11              ; white bishop count++
   0e6b   98                GHI 8               ; square colour
   0e6c   c2 0e 82          LBZ CIM_NEXT        ; colour 0 → leave bit0 clear
   0e6f   9d                GHI 13
   0e70   f9 01             ORI $01
   0e72   bd                PHI 13              ; bit0 = white bishop on colour-1 square
   0e73   c0 0e 82          LBR CIM_NEXT
                        
   0e76                 CIM_BLACK_B:
   0e76   8d                GLO 13
   0e77   fc 01             ADI 1
   0e79   ad                PLO 13              ; black bishop count++
   0e7a   98                GHI 8               ; square colour
   0e7b   c2 0e 82          LBZ CIM_NEXT
   0e7e   9d                GHI 13
   0e7f   f9 02             ORI $02
   0e81   bd                PHI 13              ; bit1 = black bishop on colour-1 square
                        
   0e82                 CIM_NEXT:
   0e82   87                GLO 7
   0e83   fc 01             ADI 1
   0e85   a7                PLO 7
   0e86   fb 80             XRI $80             ; scanned squares 0..127?
   0e88   ca 0e 17          LBNZ CIM_LOOP
                        
                            ; --- decision ---
   0e8b   8b                GLO 11              ; minor total
   0e8c   c2 0e ae          LBZ CIM_DRAW        ; 0 minors → K vs K
   0e8f   ff 01             SMI 1
   0e91   c2 0e ae          LBZ CIM_DRAW        ; 1 minor  → K+N vs K or K+B vs K (either side)
                        
                            ; minor total == 2 (>=3 already rejected mid-scan).
                            ; Draw only if exactly one bishop per side AND same square colour.
   0e94   9b                GHI 11              ; white bishop count
   0e95   ff 01             SMI 1
   0e97   ca 0e b1          LBNZ CIM_NOT_DRAW   ; != 1
   0e9a   8d                GLO 13              ; black bishop count
   0e9b   ff 01             SMI 1
   0e9d   ca 0e b1          LBNZ CIM_NOT_DRAW   ; != 1
   0ea0   9d                GHI 13
   0ea1   fa 03             ANI $03             ; b0=white sqcolour, b1=black sqcolour
   0ea3   c2 0e ae          LBZ CIM_DRAW        ; 00 → both colour-0 → same → draw
   0ea6   fb 03             XRI $03
   0ea8   c2 0e ae          LBZ CIM_DRAW        ; 11 → both colour-1 → same → draw
   0eab   c0 0e b1          LBR CIM_NOT_DRAW    ; 01/10 → opposite colours (not in item-C list)
                        
   0eae                 CIM_DRAW:
   0eae   f8 01             LDI 1
   0eb0   d5                RETN
                        
   0eb1                 CIM_NOT_DRAW:
   0eb1   f8 00             LDI 0
   0eb3   d5                RETN
                        
                        ; ------------------------------------------------------------------------------
   0eb4                 EVALUATE:
                            ; Ensure X=2 for all stack/memory operations
   0eb4   e2                SEX 2
                        
   0eb5   68 ca 64 1d       RLDI 10, TRACE_WHERE
   0eb9   f8 e1             LDI $E1
   0ebb   5a                STR 10              ; tracer: in EVALUATE
                        
                            ; Insufficient-material dead-draw short-circuit (item C, 2026-05-18).
                            ; Safe by construction: only fires for K-K / K+N-K / K+B-K / K+B-K+B
                            ; same-colour; any other material falls through to the full eval.
   0ebc   d4 0e 0e          CALL CHECK_INSUFFICIENT_MATERIAL
   0ebf   c2 0e c7          LBZ EVAL_NOT_DEAD_DRAW
   0ec2   f8 00             LDI 0
   0ec4   b9                PHI 9
   0ec5   a9                PLO 9              ; R9 = 0 (draw)
   0ec6   d5                RETN
   0ec7                 EVAL_NOT_DEAD_DRAW:
                        
                            ; Initialize score to 0
                            ; NOTE: Use R9 for score, NOT R6! R6 is SCRT linkage register!
   0ec7   f8 00             LDI 0
   0ec9   b9                PHI 9
   0eca   a9                PLO 9              ; R9 = 0 (score accumulator)
                        
                            ; Scan board and count material
   0ecb   68 ca 60 00       RLDI 10, BOARD
                        
                            ; Initialize square counter in memory (avoid R14!)
   0ecf   68 cd 64 1d       RLDI 13, EVAL_SQ_INDEX
   0ed3   f8 00             LDI 0
   0ed5   5d                STR 13              ; EVAL_SQ_INDEX = 0
                        
                            ; Initialize piece counter in memory (D is still 0)
   0ed6   68 cb 64 ec       RLDI 11, EG_PIECE_COUNT
   0eda   5b                STR 11              ; EG_PIECE_COUNT = 0
                        
                            ; Initialize advanced pawn counters (D is still 0)
   0edb   68 cb 64 fd       RLDI 11, ADV_PAWN_W
   0edf   5b                STR 11              ; ADV_PAWN_W = 0
   0ee0   1b                INC 11
   0ee1   5b                STR 11              ; ADV_PAWN_B = 0
                        
                            ; Initialize pawn file counts: 16 bytes at $6710-$671F (D is still 0)
   0ee2   68 cb 67 10       RLDI 11, W_PAWN_FILE_CT
   0ee6   f8 10             LDI 16              ; 16 bytes to clear
   0ee8   a8                PLO 8               ; R8.0 = loop counter
   0ee9                 EVAL_CLR_PAWN_CT:
   0ee9   f8 00             LDI 0
   0eeb   5b                STR 11
   0eec   1b                INC 11
   0eed   28                DEC 8
   0eee   88                GLO 8
   0eef   ca 0e e9          LBNZ EVAL_CLR_PAWN_CT
                        
                            ; Initialize bishop counts + rook file trackers + queen counts
   0ef2   f8 00             LDI 0
   0ef4   68 cb 64 af       RLDI 11, EVAL_W_BISHOPS
   0ef8   5b                STR 11              ; EVAL_W_BISHOPS = 0
   0ef9   1b                INC 11
   0efa   5b                STR 11              ; EVAL_B_BISHOPS = 0
   0efb   68 cb 64 b5       RLDI 11, W_QUEEN_CNT
   0eff   5b                STR 11              ; W_QUEEN_CNT = 0
   0f00   1b                INC 11
   0f01   5b                STR 11              ; B_QUEEN_CNT = 0
   0f02   1b                INC 11
   0f03   5b                STR 11              ; PIECE_BALANCE = 0 ($64B7, signed W-B non-pawn count; D still 0)
                            ; Rook files = $FF (no rook); queen squares also default to $FF (no queen).
                            ; v3 (2026-07-03): rook SQUARES also reset to $FF so KING_SAFETY_V3's
                            ; pressure loop can gate every piece read on one uniform $FF sentinel
                            ; (removes the latent a8-square trap the spec flagged).
   0f04   f8 ff             LDI $FF
   0f06   68 cb 64 ab       RLDI 11, EVAL_W_ROOK_SQ1
   0f0a   5b                STR 11              ; EVAL_W_ROOK_SQ1 = $FF
   0f0b   1b                INC 11
   0f0c   5b                STR 11              ; EVAL_W_ROOK_SQ2 = $FF
   0f0d   1b                INC 11
   0f0e   5b                STR 11              ; EVAL_B_ROOK_SQ1 = $FF
   0f0f   1b                INC 11
   0f10   5b                STR 11              ; EVAL_B_ROOK_SQ2 = $FF
   0f11   68 cb 64 b1       RLDI 11, EVAL_W_ROOK_F1
   0f15   5b                STR 11              ; EVAL_W_ROOK_F1 = $FF
   0f16   1b                INC 11
   0f17   5b                STR 11              ; EVAL_W_ROOK_F2 = $FF
   0f18   1b                INC 11
   0f19   5b                STR 11              ; EVAL_B_ROOK_F1 = $FF
   0f1a   1b                INC 11
   0f1b   5b                STR 11              ; EVAL_B_ROOK_F2 = $FF
   0f1c   68 cb 67 20       RLDI 11, W_QUEEN_SQ
   0f20   5b                STR 11              ; W_QUEEN_SQ = $FF
   0f21   1b                INC 11
   0f22   5b                STR 11              ; B_QUEEN_SQ = $FF
                        
   0f23                 EVAL_SCAN:
                            ; Check if square is valid (R13 points to EVAL_SQ_INDEX)
   0f23   0d                LDN 13
   0f24   fa 88             ANI $88
   0f26   ca 10 bc          LBNZ EVAL_NEXT_SQUARE
                        
                            ; Load piece at square
   0f29   0a                LDN 10
   0f2a   c2 10 bc          LBZ EVAL_NEXT_SQUARE ; Empty square
                        
                            ; Get piece type and color
                            ; NOTE: R13 must stay pointing to EVAL_SQ_INDEX - use R8 for piece temp!
   0f2d   a8                PLO 8               ; R8.0 = piece (temp storage)
                        
                            ; Check color
   0f2e   fa 08             ANI COLOR_MASK
   0f30   af                PLO 15              ; F.0 = color (0=white, 8=black)
                        
                            ; Get piece type
   0f31   88                GLO 8               ; Get piece back from R8.0
   0f32   fa 07             ANI PIECE_MASK
   0f34   a8                PLO 8               ; R8.0 = piece type (1-6)
                        
                            ; Skip king (type 6)
   0f35   fb 06             XRI 6
   0f37   c2 10 bc          LBZ EVAL_NEXT_SQUARE
                        
                            ; Count non-king piece (memory variable — R12 is side-to-move, off limits)
   0f3a   68 cb 64 ec       RLDI 11, EG_PIECE_COUNT
   0f3e   0b                LDN 11
   0f3f   fc 01             ADI 1
   0f41   5b                STR 11
                        
                            ; Accumulate SIGNED non-pawn piece balance (W-B) for the white RUNNER_BONUS gate
                            ; (2026-06-30). type in R8.0 (1-5; king already skipped), color in R15. White N/B/R/Q
                            ; -> +1, black -> -1. R11/D clobbered (both reloaded below).
   0f42   88                GLO 8
   0f43   ff 02             SMI 2               ; type - 2  (DF=0 if type < 2, i.e. pawn)
   0f45   cb 0f 5b          LBNF EVAL_PB_DONE   ; pawn -> not a piece, skip
   0f48   68 cb 64 b7       RLDI 11, PIECE_BALANCE
   0f4c   8f                GLO 15              ; color (0=white, 8=black)
   0f4d   ca 0f 57          LBNZ EVAL_PB_BLACK  ; black -> decrement
   0f50   0b                LDN 11              ; white: balance + 1
   0f51   fc 01             ADI 1
   0f53   5b                STR 11
   0f54   c0 0f 5b          LBR EVAL_PB_DONE
   0f57                 EVAL_PB_BLACK:
   0f57   0b                LDN 11              ; black: balance - 1
   0f58   ff 01             SMI 1
   0f5a   5b                STR 11
   0f5b                 EVAL_PB_DONE:
                        
                            ; Check if pawn for advanced pawn bonus (graduated)
   0f5b   88                GLO 8               ; piece type (1-5)
   0f5c   fb 01             XRI 1
   0f5e   ca 0f d8          LBNZ EVAL_NOT_ADV_PAWN  ; not a pawn (+3 instr for non-pawns)
                            ; Pawn — extract rank from 0x88 square
   0f61   0d                LDN 13              ; D = 0x88 square (from EVAL_SQ_INDEX)
   0f62   fa 70             ANI $70             ; D = rank << 4 ($00-$70)
   0f64   52                STR 2               ; save rank<<4 on stack
   0f65   8f                GLO 15              ; D = color (0=white, 8=black)
   0f66   ca 0f a2          LBNZ EVAL_BP_ADV
                            ; === White pawn: rank 7=$60 (+150), rank 6=$50 (+100), rank 5=$40 (+50), rank 4=$30 (+25) ===
   0f69   02                LDN 2
   0f6a   fb 60             XRI $60
   0f6c   c2 0f 8b          LBZ EVAL_WP_R7
   0f6f   02                LDN 2
   0f70   fb 50             XRI $50
   0f72   c2 0f 90          LBZ EVAL_WP_R6
   0f75   02                LDN 2
   0f76   fb 40             XRI $40
   0f78   c2 0f 86          LBZ EVAL_WP_R5
   0f7b   02                LDN 2
   0f7c   fb 30             XRI $30
   0f7e   ca 0f d8          LBNZ EVAL_NOT_ADV_PAWN
   0f81   f8 19             LDI 25              ; rank 4
   0f83   c0 0f 92          LBR EVAL_WP_ADD
   0f86                 EVAL_WP_R5:
   0f86   f8 32             LDI 50              ; rank 5
   0f88   c0 0f 92          LBR EVAL_WP_ADD
   0f8b                 EVAL_WP_R7:
   0f8b   f8 96             LDI 150             ; rank 7
   0f8d   c0 0f 92          LBR EVAL_WP_ADD
   0f90                 EVAL_WP_R6:
   0f90   f8 64             LDI 100             ; rank 6
   0f92                 EVAL_WP_ADD:
   0f92   52                STR 2
   0f93   68 cb 64 fd       RLDI 11, ADV_PAWN_W
   0f97   0b                LDN 11
   0f98   f4                ADD
   0f99   cb 0f 9e          LBNF EVAL_WP_NOSAT  ; DF=0: no carry, no overflow
   0f9c   f8 ff             LDI 255             ; Overflow: saturate at 255
   0f9e                 EVAL_WP_NOSAT:
   0f9e   5b                STR 11              ; ADV_PAWN_W = min(sum, 255)
   0f9f   c0 0f d8          LBR EVAL_NOT_ADV_PAWN
   0fa2                 EVAL_BP_ADV:
                            ; === Black pawn: rank 2=$10 (+150), rank 3=$20 (+100), rank 4=$30 (+50), rank 5=$40 (+25) ===
   0fa2   02                LDN 2
   0fa3   fb 10             XRI $10
   0fa5   c2 0f c4          LBZ EVAL_BP_R2
   0fa8   02                LDN 2
   0fa9   fb 20             XRI $20
   0fab   c2 0f c9          LBZ EVAL_BP_R3
   0fae   02                LDN 2
   0faf   fb 30             XRI $30
   0fb1   c2 0f bf          LBZ EVAL_BP_R4
   0fb4   02                LDN 2
   0fb5   fb 40             XRI $40
   0fb7   ca 0f d8          LBNZ EVAL_NOT_ADV_PAWN
   0fba   f8 19             LDI 25              ; rank 5
   0fbc   c0 0f cb          LBR EVAL_BP_ADD
   0fbf                 EVAL_BP_R4:
   0fbf   f8 32             LDI 50              ; rank 4
   0fc1   c0 0f cb          LBR EVAL_BP_ADD
   0fc4                 EVAL_BP_R2:
   0fc4   f8 96             LDI 150             ; rank 2
   0fc6   c0 0f cb          LBR EVAL_BP_ADD
   0fc9                 EVAL_BP_R3:
   0fc9   f8 64             LDI 100             ; rank 3
   0fcb                 EVAL_BP_ADD:
   0fcb   52                STR 2
   0fcc   68 cb 64 fe       RLDI 11, ADV_PAWN_B
   0fd0   0b                LDN 11
   0fd1   f4                ADD
   0fd2   cb 0f d7          LBNF EVAL_BP_NOSAT  ; DF=0: no carry, no overflow
   0fd5   f8 ff             LDI 255             ; Overflow: saturate at 255
   0fd7                 EVAL_BP_NOSAT:
   0fd7   5b                STR 11              ; ADV_PAWN_B = min(sum, 255)
   0fd8                 EVAL_NOT_ADV_PAWN:
                        
                            ; ==================================================================
                            ; Track pawn files, bishop count, rook files for structure eval
                            ; R8.0 = piece type (1-6), R15.0 = color, R13 -> EVAL_SQ_INDEX
                            ; ==================================================================
                        
                            ; --- PAWN: increment per-file count ---
   0fd8   88                GLO 8               ; piece type
   0fd9   fb 01             XRI 1               ; pawn?
   0fdb   ca 10 03          LBNZ EVAL_NOT_PAWN_TRACK
   0fde   0d                LDN 13              ; D = 0x88 square
   0fdf   fa 07             ANI $07             ; D = file (0-7)
   0fe1   52                STR 2               ; save file on stack
   0fe2   8f                GLO 15              ; color
   0fe3   ca 0f f6          LBNZ EVAL_BP_COUNT
                            ; White pawn: W_PAWN_FILE_CT[file]++
   0fe6   02                LDN 2               ; D = file
   0fe7   fc 10             ADI LOW(W_PAWN_FILE_CT)
   0fe9   ab                PLO 11
   0fea   f8 67             LDI HIGH(W_PAWN_FILE_CT)
   0fec   7c 00             ADCI 0
   0fee   bb                PHI 11              ; R11 = &W_PAWN_FILE_CT[file]
   0fef   0b                LDN 11
   0ff0   fc 01             ADI 1
   0ff2   5b                STR 11
   0ff3   c0 10 03          LBR EVAL_NOT_PAWN_TRACK
   0ff6                 EVAL_BP_COUNT:
                            ; Black pawn: B_PAWN_FILE_CT[file]++
   0ff6   02                LDN 2               ; D = file
   0ff7   fc 18             ADI LOW(B_PAWN_FILE_CT)
   0ff9   ab                PLO 11
   0ffa   f8 67             LDI HIGH(B_PAWN_FILE_CT)
   0ffc   7c 00             ADCI 0
   0ffe   bb                PHI 11              ; R11 = &B_PAWN_FILE_CT[file]
   0fff   0b                LDN 11
   1000   fc 01             ADI 1
   1002   5b                STR 11
   1003                 EVAL_NOT_PAWN_TRACK:
                        
                            ; --- BISHOP: count per color ---
   1003   88                GLO 8               ; piece type
   1004   fb 03             XRI 3               ; bishop?
   1006   ca 10 20          LBNZ EVAL_NOT_BISHOP_TRACK
   1009   8f                GLO 15              ; color
   100a   ca 10 18          LBNZ EVAL_BB_TRACK
   100d   68 cb 64 af       RLDI 11, EVAL_W_BISHOPS
   1011   0b                LDN 11
   1012   fc 01             ADI 1
   1014   5b                STR 11
   1015   c0 10 20          LBR EVAL_NOT_BISHOP_TRACK
   1018                 EVAL_BB_TRACK:
   1018   68 cb 64 b0       RLDI 11, EVAL_B_BISHOPS
   101c   0b                LDN 11
   101d   fc 01             ADI 1
   101f   5b                STR 11
   1020                 EVAL_NOT_BISHOP_TRACK:
                        
                            ; --- ROOK: save file number (up to 2 per side) ---
   1020   88                GLO 8               ; piece type
   1021   fb 04             XRI 4               ; rook?
   1023   ca 10 73          LBNZ EVAL_NOT_ROOK_TRACK
   1026   0d                LDN 13              ; 0x88 square
   1027   fa 07             ANI $07             ; D = file (0-7)
   1029   b8                PHI 8               ; save file in R8.1
   102a   8f                GLO 15              ; color
   102b   ca 10 52          LBNZ EVAL_BROOK_TRACK
                            ; White rook: store in F1 or F2
   102e   68 cb 64 b1       RLDI 11, EVAL_W_ROOK_F1
   1032   0b                LDN 11
   1033   fb ff             XRI $FF             ; is F1 empty?
   1035   ca 10 43          LBNZ EVAL_WR_F2
   1038   98                GHI 8               ; D = file
   1039   5b                STR 11              ; F1 = file
   103a   68 cb 64 ab       RLDI 11, EVAL_W_ROOK_SQ1
   103e   0d                LDN 13              ; D = 0x88 square (R13 -> EVAL_SQ_INDEX, read-only)
   103f   5b                STR 11              ; SQ1 = square (king-safety v3)
   1040   c0 10 73          LBR EVAL_NOT_ROOK_TRACK
   1043                 EVAL_WR_F2:
   1043   68 cb 64 b2       RLDI 11, EVAL_W_ROOK_F2
   1047   98                GHI 8
   1048   5b                STR 11              ; F2 = file
   1049   68 cb 64 ac       RLDI 11, EVAL_W_ROOK_SQ2
   104d   0d                LDN 13              ; D = 0x88 square (R13 -> EVAL_SQ_INDEX, read-only)
   104e   5b                STR 11              ; SQ2 = square (king-safety v3)
   104f   c0 10 73          LBR EVAL_NOT_ROOK_TRACK
   1052                 EVAL_BROOK_TRACK:
                            ; Black rook: store in F1 or F2
   1052   68 cb 64 b3       RLDI 11, EVAL_B_ROOK_F1
   1056   0b                LDN 11
   1057   fb ff             XRI $FF
   1059   ca 10 67          LBNZ EVAL_BR_F2
   105c   98                GHI 8
   105d   5b                STR 11
   105e   68 cb 64 ad       RLDI 11, EVAL_B_ROOK_SQ1
   1062   0d                LDN 13              ; D = 0x88 square (R13 -> EVAL_SQ_INDEX, read-only)
   1063   5b                STR 11              ; SQ1 = square (king-safety v3)
   1064   c0 10 73          LBR EVAL_NOT_ROOK_TRACK
   1067                 EVAL_BR_F2:
   1067   68 cb 64 b4       RLDI 11, EVAL_B_ROOK_F2
   106b   98                GHI 8
   106c   5b                STR 11
   106d   68 cb 64 ae       RLDI 11, EVAL_B_ROOK_SQ2
   1071   0d                LDN 13              ; D = 0x88 square (R13 -> EVAL_SQ_INDEX, read-only)
   1072   5b                STR 11              ; SQ2 = square (king-safety v3)
   1073                 EVAL_NOT_ROOK_TRACK:
                        
                            ; --- QUEEN: count + remember square (for redundant-queen cap and proximity bonus) ---
   1073   88                GLO 8               ; piece type
   1074   fb 05             XRI 5               ; queen?
   1076   ca 10 9c          LBNZ EVAL_NOT_QUEEN_TRACK
   1079   8f                GLO 15              ; color
   107a   ca 10 8e          LBNZ EVAL_BQ_TRACK
                            ; White queen
   107d   68 cb 64 b5       RLDI 11, W_QUEEN_CNT
   1081   0b                LDN 11
   1082   fc 01             ADI 1
   1084   5b                STR 11
   1085   0d                LDN 13              ; current 0x88 square from EVAL_SQ_INDEX
   1086   68 cb 67 20       RLDI 11, W_QUEEN_SQ
   108a   5b                STR 11
   108b   c0 10 9c          LBR EVAL_NOT_QUEEN_TRACK
   108e                 EVAL_BQ_TRACK:
                            ; Black queen
   108e   68 cb 64 b6       RLDI 11, B_QUEEN_CNT
   1092   0b                LDN 11
   1093   fc 01             ADI 1
   1095   5b                STR 11
   1096   0d                LDN 13              ; current 0x88 square from EVAL_SQ_INDEX
   1097   68 cb 67 21       RLDI 11, B_QUEEN_SQ
   109b   5b                STR 11
   109c                 EVAL_NOT_QUEEN_TRACK:
                        
                            ; Get piece value from table
                            ; R8.0 = piece type (1-6), need to look up in PIECE_VALUES table
   109c   88                GLO 8               ; Piece type from R8.0
   109d   fe                SHL                 ; Multiply by 2 (16-bit table entries)
   109e   52                STR 2               ; Save offset to stack
   109f   f8 00             LDI LOW(PIECE_VALUES)
   10a1   f4                ADD                 ; D = LOW(PIECE_VALUES) + offset
   10a2   ab                PLO 11              ; R11.0 = low byte of address
   10a3   f8 0e             LDI HIGH(PIECE_VALUES)
   10a5   7c 00             ADCI 0              ; Add carry if low byte overflowed
   10a7   bb                PHI 11              ; R11 = PIECE_VALUES + (type * 2)
                        
                            ; Load 16-bit value
   10a8   4b                LDA 11
   10a9   b7                PHI 7              ; 7.1 = value high
   10aa   0b                LDN 11
   10ab   a7                PLO 7              ; 7.0 = value low
                                                ; 7 = piece value
                        
                            ; Add or subtract based on color
   10ac   8f                GLO 15              ; Color
   10ad   32 b2             BZ EVAL_ADD_WHITE
                        
   10af                 EVAL_ADD_BLACK:
                            ; Black piece - subtract from score (negate 7)
   10af   d4 00 0f          CALL NEG16_R7
                            ; Fall through to add
                        
   10b2                 EVAL_ADD_WHITE:
                            ; White piece or negated black - add to score
                            ; R9 = R9 + R7 (using R9 for score, not R6 which is SCRT linkage!)
   10b2   89                GLO 9
   10b3   52                STR 2
   10b4   87                GLO 7
   10b5   f4                ADD
   10b6   a9                PLO 9
   10b7   99                GHI 9
   10b8   52                STR 2
   10b9   97                GHI 7
   10ba   74                ADC
   10bb   b9                PHI 9
                            ; 6 updated with new score
                        
   10bc                 EVAL_NEXT_SQUARE:
   10bc   1a                INC 10              ; Next square
                            ; Increment square counter in memory (R13 still points to EVAL_SQ_INDEX)
   10bd   0d                LDN 13
   10be   fc 01             ADI 1
   10c0   5d                STR 13
   10c1   ff 80             SMI 128
   10c3   cb 0f 23          LBNF EVAL_SCAN      ; Continue if < 128 (DF=0 means borrow, i.e., D was < 128)
                        
   10c6                 EVAL_DONE:
                            ; R9 contains material score
                        
                            ; ==================================================================
                            ; Redundant-queen cap: extra queens beyond the first (per side) score
                            ; as 0 cp. Prevents the engine from preferring more pawn promotions
                            ; over delivering mate when it already has a queen — the eval bug
                            ; that caused yesterday's 3-queen shuffle endgame.
                            ; Implementation: subtract (W_QUEEN_CNT - 1) * 900 from white side,
                            ; add (B_QUEEN_CNT - 1) * 900 for black side.
                            ; ==================================================================
                        
                            ; --- White side ---
   10c6   68 c8 64 b5       RLDI 8, W_QUEEN_CNT
   10ca   08                LDN 8
   10cb   c2 10 e8          LBZ QC_W_DONE       ; 0 queens: nothing to cap
   10ce   ff 01             SMI 1
   10d0   c2 10 e8          LBZ QC_W_DONE       ; 1 queen: no extras
                        
   10d3   a7                PLO 7               ; R7.0 = number of extras (>= 1)
   10d4   f8 00             LDI 0
   10d6   b7                PHI 7               ; clean R7.1 for predictable DEC
                        
   10d7                 QC_W_LOOP:
   10d7   f8 84             LDI $84             ; low byte of 900 ($0384)
   10d9   52                STR 2
   10da   89                GLO 9
   10db   f7                SM
   10dc   a9                PLO 9
   10dd   f8 03             LDI $03             ; high byte of 900
   10df   52                STR 2
   10e0   99                GHI 9
   10e1   77                SMB
   10e2   b9                PHI 9
   10e3   27                DEC 7
   10e4   87                GLO 7
   10e5   ca 10 d7          LBNZ QC_W_LOOP
   10e8                 QC_W_DONE:
                        
                            ; --- Black side (extras flip sign: ADD 900 each) ---
   10e8   68 c8 64 b6       RLDI 8, B_QUEEN_CNT
   10ec   08                LDN 8
   10ed   c2 11 0a          LBZ QC_B_DONE
   10f0   ff 01             SMI 1
   10f2   c2 11 0a          LBZ QC_B_DONE
                        
   10f5   a7                PLO 7
   10f6   f8 00             LDI 0
   10f8   b7                PHI 7
                        
   10f9                 QC_B_LOOP:
   10f9   f8 84             LDI $84
   10fb   52                STR 2
   10fc   89                GLO 9
   10fd   f4                ADD
   10fe   a9                PLO 9
   10ff   f8 03             LDI $03
   1101   52                STR 2
   1102   99                GHI 9
   1103   74                ADC
   1104   b9                PHI 9
   1105   27                DEC 7
   1106   87                GLO 7
   1107   ca 10 f9          LBNZ QC_B_LOOP
   110a                 QC_B_DONE:
                        
                            ; ==================================================================
                            ; King safety v3 (2026-07-03): KING_DANGER = ENEMY_PRESSURE x LUFT_FACTOR.
                            ; Replaces BOTH v2 (shield + queen-storm) AND the queen-prox term (fork 2:
                            ; offense credit must be luft-gated or it pays for unsound lone-piece
                            ; attacks; queen ACTIVITY is QUEEN_MOBILITY's job now).
                            ; KING_SAFETY_V3(R7.0 = king sq, R7.1 = FRIENDLY color) -> D = danger
                            ; 0-255. Applied symmetrically: white king danger subtracts, black adds.
                            ; ==================================================================
   110a   68 c8 60 86       RLDI 8, GAME_STATE + STATE_W_KING_SQ
   110e   08                LDN 8
   110f   a7                PLO 7               ; R7.0 = white king sq
   1110   f8 00             LDI 0
   1112   b7                PHI 7               ; R7.1 = friendly color = white
   1113   d4 17 00          CALL KING_SAFETY_V3
   1116   52                STR 2
   1117   89                GLO 9
   1118   f7                SM                  ; R9 -= white king danger
   1119   a9                PLO 9
   111a   99                GHI 9
   111b   7f 00             SMBI 0
   111d   b9                PHI 9
                        
   111e   68 c8 60 87       RLDI 8, GAME_STATE + STATE_B_KING_SQ
   1122   08                LDN 8
   1123   a7                PLO 7               ; R7.0 = black king sq
   1124   f8 08             LDI $08
   1126   b7                PHI 7               ; R7.1 = friendly color = black
   1127   d4 17 00          CALL KING_SAFETY_V3
   112a   52                STR 2
   112b   89                GLO 9
   112c   f4                ADD                 ; R9 += black king danger
   112d   a9                PLO 9
   112e   99                GHI 9
   112f   7c 00             ADCI 0
   1131   b9                PHI 9
                        
                            ; --- O-O-O discomfort (2026-07-08, task #53): queenside king posture vs a
                            ; developed enemy queen (files a-d). CALL returns D = signed net (-50/0/+50);
                            ; sign-extend and add to R9. Routine in the $7B00 overflow page.
   1132   d4 7b 00          CALL OOO_DISCOMFORT
   1135   52                STR 2               ; M(2) = signed adjustment
   1136   fa 80             ANI $80
   1138   c2 11 40          LBZ OOO_SEXT_POS
   113b   f8 ff             LDI $FF
   113d   c0 11 42          LBR OOO_SEXT_GO
   1140                 OOO_SEXT_POS:
   1140   f8 00             LDI $00
   1142                 OOO_SEXT_GO:
   1142   b8                PHI 8               ; R8.1 = sign-extension byte
   1143   89                GLO 9
   1144   f4                ADD                 ; R9.lo += adjustment (M(2))
   1145   a9                PLO 9
   1146   98                GHI 8
   1147   52                STR 2
   1148   99                GHI 9
   1149   74                ADC                 ; R9.hi += sign byte + carry
   114a   b9                PHI 9
                        
                            ; (v3 retirement note: the ~150 B of queen-prox Chebyshev code that lived
                            ; here, plus the v2 KING_SAFETY routine and its STORM_PEN/DEFENSE_CREDIT
                            ; tables, were removed 2026-07-03 — see git history for the old bodies.)
                            ; Add piece-square table bonuses
   114b   d4 19 f6          CALL EVAL_PST
                        
                            ; ==================================================================
                            ; Castling Rights Bonus
                            ; +20cp per side that still has castling rights remaining
                            ; Incentivizes preserving the option to castle
                            ; ==================================================================
   114e   68 cb 60 81       RLDI 11, GAME_STATE + STATE_CASTLING
   1152   0b                LDN 11              ; D = castling rights byte
   1153   52                STR 2               ; save for reuse
   1154   fa 03             ANI $03             ; white bits (WK|WQ)
   1156   c2 11 61          LBZ EVAL_NO_W_CASTLE
   1159   89                GLO 9
   115a   fc 14             ADI 20
   115c   a9                PLO 9
   115d   99                GHI 9
   115e   7c 00             ADCI 0
   1160   b9                PHI 9               ; R9 += 20 (white has castling rights)
   1161                 EVAL_NO_W_CASTLE:
   1161   02                LDN 2               ; reload castling byte
   1162   fa 0c             ANI $0C             ; black bits (BK|BQ)
   1164   c2 11 6f          LBZ EVAL_NO_B_CASTLE
   1167   89                GLO 9
   1168   ff 14             SMI 20
   116a   a9                PLO 9
   116b   99                GHI 9
   116c   7f 00             SMBI 0
   116e   b9                PHI 9               ; R9 -= 20 (black has castling rights)
   116f                 EVAL_NO_B_CASTLE:
                        
                            ; ==================================================================
                            ; Queen mobility (2026-06-17, always-on): low magnitude (mobility x2 = ~2cp/
                            ; square) to break ties toward an active queen without overriding material or
                            ; distorting trades. Tunable: SHL=x2 (start), SHL SHL=x4. Watch in matches for
                            ; premature queen sorties (the one real risk). See QUEEN_MOBILITY.
                            ; ==================================================================
   116f   68 c8 67 20       RLDI 8, W_QUEEN_SQ
   1173   08                LDN 8
   1174   a7                PLO 7                   ; R7.0 = white queen sq
   1175   fb ff             XRI $FF
   1177   c2 11 86          LBZ QMOB_BLACK          ; no white queen, skip
   117a   d4 18 2b          CALL QUEEN_MOBILITY     ; D = mobility (0..27)
   117d   fe                SHL                     ; x2 (low magnitude)
   117e   52                STR 2
   117f   89                GLO 9
   1180   f4                ADD
   1181   a9                PLO 9
   1182   99                GHI 9
   1183   7c 00             ADCI 0
   1185   b9                PHI 9                   ; R9 += white queen mobility x2
   1186                 QMOB_BLACK:
   1186   68 c8 67 21       RLDI 8, B_QUEEN_SQ
   118a   08                LDN 8
   118b   a7                PLO 7                   ; R7.0 = black queen sq
   118c   fb ff             XRI $FF
   118e   c2 11 9d          LBZ QMOB_DONE           ; no black queen, skip
   1191   d4 18 2b          CALL QUEEN_MOBILITY
   1194   fe                SHL                     ; x2
   1195   52                STR 2
   1196   89                GLO 9
   1197   f7                SM                      ; D = R9.0 - mobility x2
   1198   a9                PLO 9
   1199   99                GHI 9
   119a   7f 00             SMBI 0
   119c   b9                PHI 9                   ; R9 -= black queen mobility x2
   119d                 QMOB_DONE:
                        
                            ; ==================================================================
                            ; Doubled Pawn Penalty: -15cp per extra pawn on same file
                            ; Iterate 8 files; if count >= 2, penalty += (count - 1) * 15
                            ; ==================================================================
                        
                            ; --- White doubled pawns ---
   119d   68 cb 67 10       RLDI 11, W_PAWN_FILE_CT     ; $6710
   11a1   f8 08             LDI 8
   11a3   ad                PLO 13                      ; R13.0 = file counter (temp, will restore later)
   11a4   f8 00             LDI 0
   11a6   b7                PHI 7                       ; R7.1 = white doubled penalty accumulator
   11a7                 EVAL_WDP_LOOP:
   11a7   4b                LDA 11                      ; D = pawn count for this file, R11++
   11a8   ff 02             SMI 2                       ; D = count - 2 (DF=1 if count >= 2)
   11aa   cb 11 bb          LBNF EVAL_WDP_NEXT          ; count < 2, no doubled
                            ; count >= 2: penalty = (count - 1) * 15
                            ; D = count - 2, so D + 1 = count - 1
   11ad   fc 01             ADI 1                       ; D = count - 1
                            ; Multiply by 15: x*16 - x = (x<<4) - x
                            ; But with 8-bit arithmetic, max extra pawns = 7, 7*15 = 105 fits in byte
   11af   a7                PLO 7                       ; save (count-1) in R7.0
   11b0   fe                SHL
   11b1   fe                SHL
   11b2   fe                SHL
   11b3   fe                SHL                         ; D = (count-1) * 16
   11b4   52                STR 2                       ; M(R2) = (count-1) * 16
   11b5   87                GLO 7                       ; D = (count-1)
   11b6   f5                SD                          ; D = M(R2) - D = (count-1)*16 - (count-1) = (count-1)*15
   11b7   52                STR 2                       ; save penalty on stack
   11b8   97                GHI 7                       ; accumulated penalty
   11b9   f4                ADD                         ; D = accumulated + this file's penalty
   11ba   b7                PHI 7                       ; update accumulator
   11bb                 EVAL_WDP_NEXT:
   11bb   2d                DEC 13
   11bc   8d                GLO 13
   11bd   ca 11 a7          LBNZ EVAL_WDP_LOOP
                            ; R7.1 = total white doubled penalty (always positive)
                            ; Subtract from score (penalty for white)
   11c0   97                GHI 7
   11c1   c2 11 cc          LBZ EVAL_WDP_DONE           ; skip if 0
   11c4   52                STR 2
   11c5   89                GLO 9
   11c6   f7                SM                          ; R9.0 - penalty
   11c7   a9                PLO 9
   11c8   99                GHI 9
   11c9   7f 00             SMBI 0
   11cb   b9                PHI 9                       ; R9 -= white doubled penalty
   11cc                 EVAL_WDP_DONE:
                        
                            ; --- Black doubled pawns ---
   11cc   68 cb 67 18       RLDI 11, B_PAWN_FILE_CT     ; $6718
   11d0   f8 08             LDI 8
   11d2   ad                PLO 13
   11d3   f8 00             LDI 0
   11d5   b7                PHI 7
   11d6                 EVAL_BDP_LOOP:
   11d6   4b                LDA 11
   11d7   ff 02             SMI 2
   11d9   cb 11 ea          LBNF EVAL_BDP_NEXT
   11dc   fc 01             ADI 1                       ; D = count - 1
   11de   a7                PLO 7
   11df   fe                SHL
   11e0   fe                SHL
   11e1   fe                SHL
   11e2   fe                SHL                         ; (count-1) * 16
   11e3   52                STR 2
   11e4   87                GLO 7
   11e5   f5                SD                          ; (count-1) * 15
   11e6   52                STR 2
   11e7   97                GHI 7
   11e8   f4                ADD
   11e9   b7                PHI 7
   11ea                 EVAL_BDP_NEXT:
   11ea   2d                DEC 13
   11eb   8d                GLO 13
   11ec   ca 11 d6          LBNZ EVAL_BDP_LOOP
                            ; Add black penalty to score (good for white)
   11ef   97                GHI 7
   11f0   c2 11 fb          LBZ EVAL_BDP_DONE
   11f3   52                STR 2
   11f4   89                GLO 9
   11f5   f4                ADD
   11f6   a9                PLO 9
   11f7   99                GHI 9
   11f8   7c 00             ADCI 0
   11fa   b9                PHI 9                       ; R9 += black doubled penalty
   11fb                 EVAL_BDP_DONE:
                        
                            ; ==================================================================
                            ; Bishop Pair Bonus: +30cp for having both bishops
                            ; ==================================================================
   11fb   68 cb 64 af       RLDI 11, EVAL_W_BISHOPS
   11ff   0b                LDN 11
   1200   ff 02             SMI 2
   1202   cb 12 0d          LBNF EVAL_NO_WBP            ; < 2 bishops
   1205   89                GLO 9
   1206   fc 1e             ADI 30
   1208   a9                PLO 9
   1209   99                GHI 9
   120a   7c 00             ADCI 0
   120c   b9                PHI 9                       ; R9 += 30 (white bishop pair)
   120d                 EVAL_NO_WBP:
   120d   68 cb 64 b0       RLDI 11, EVAL_B_BISHOPS
   1211   0b                LDN 11
   1212   ff 02             SMI 2
   1214   cb 12 1f          LBNF EVAL_NO_BBP
   1217   89                GLO 9
   1218   ff 1e             SMI 30
   121a   a9                PLO 9
   121b   99                GHI 9
   121c   7f 00             SMBI 0
   121e   b9                PHI 9                       ; R9 -= 30 (black bishop pair)
   121f                 EVAL_NO_BBP:
                        
                            ; ==================================================================
                            ; Rook on Open/Semi-Open File
                            ; +20cp open (no friendly pawns, no enemy pawns on file)
                            ; +10cp semi-open (no friendly pawns, enemy pawns present)
                            ; ==================================================================
                        
                            ; --- White rook 1 ---
   121f   68 cb 64 b1       RLDI 11, EVAL_W_ROOK_F1
   1223   0b                LDN 11
   1224   fb ff             XRI $FF
   1226   c2 12 95          LBZ EVAL_WR_DONE            ; no white rook 1
                            ; Check white pawn count on this file
   1229   0b                LDN 11                      ; D = file (reload, XRI changed D)
   122a   fc 10             ADI LOW(W_PAWN_FILE_CT)
   122c   ab                PLO 11
   122d   f8 67             LDI HIGH(W_PAWN_FILE_CT)
   122f   7c 00             ADCI 0
   1231   bb                PHI 11                      ; R11 = &W_PAWN_FILE_CT[file]
   1232   0b                LDN 11
   1233   ca 12 5a          LBNZ EVAL_WR1_CLOSED        ; friendly pawns on file, no bonus
                            ; No friendly pawns. Check enemy pawns for open vs semi-open.
   1236   68 cb 64 b1       RLDI 11, EVAL_W_ROOK_F1
   123a   0b                LDN 11                      ; D = file
   123b   fc 18             ADI LOW(B_PAWN_FILE_CT)
   123d   ab                PLO 11
   123e   f8 67             LDI HIGH(B_PAWN_FILE_CT)
   1240   7c 00             ADCI 0
   1242   bb                PHI 11
   1243   0b                LDN 11                      ; D = black pawn count on this file
   1244   ca 12 52          LBNZ EVAL_WR1_SEMI
                            ; Fully open file: +20
   1247   89                GLO 9
   1248   fc 14             ADI 20
   124a   a9                PLO 9
   124b   99                GHI 9
   124c   7c 00             ADCI 0
   124e   b9                PHI 9
   124f   c0 12 5a          LBR EVAL_WR1_CLOSED
   1252                 EVAL_WR1_SEMI:
                            ; Semi-open: +10
   1252   89                GLO 9
   1253   fc 0a             ADI 10
   1255   a9                PLO 9
   1256   99                GHI 9
   1257   7c 00             ADCI 0
   1259   b9                PHI 9
   125a                 EVAL_WR1_CLOSED:
                        
                            ; --- White rook 2 ---
   125a   68 cb 64 b2       RLDI 11, EVAL_W_ROOK_F2
   125e   0b                LDN 11
   125f   fb ff             XRI $FF
   1261   c2 12 95          LBZ EVAL_WR_DONE
   1264   0b                LDN 11
   1265   fc 10             ADI LOW(W_PAWN_FILE_CT)
   1267   ab                PLO 11
   1268   f8 67             LDI HIGH(W_PAWN_FILE_CT)
   126a   7c 00             ADCI 0
   126c   bb                PHI 11
   126d   0b                LDN 11
   126e   ca 12 95          LBNZ EVAL_WR_DONE           ; friendly pawns, no bonus
   1271   68 cb 64 b2       RLDI 11, EVAL_W_ROOK_F2
   1275   0b                LDN 11
   1276   fc 18             ADI LOW(B_PAWN_FILE_CT)
   1278   ab                PLO 11
   1279   f8 67             LDI HIGH(B_PAWN_FILE_CT)
   127b   7c 00             ADCI 0
   127d   bb                PHI 11
   127e   0b                LDN 11
   127f   ca 12 8d          LBNZ EVAL_WR2_SEMI
   1282   89                GLO 9
   1283   fc 14             ADI 20
   1285   a9                PLO 9
   1286   99                GHI 9
   1287   7c 00             ADCI 0
   1289   b9                PHI 9
   128a   c0 12 95          LBR EVAL_WR_DONE
   128d                 EVAL_WR2_SEMI:
   128d   89                GLO 9
   128e   fc 0a             ADI 10
   1290   a9                PLO 9
   1291   99                GHI 9
   1292   7c 00             ADCI 0
   1294   b9                PHI 9
   1295                 EVAL_WR_DONE:
                        
                            ; --- Black rook 1 ---
   1295   68 cb 64 b3       RLDI 11, EVAL_B_ROOK_F1
   1299   0b                LDN 11
   129a   fb ff             XRI $FF
   129c   c2 13 0b          LBZ EVAL_BR_DONE
   129f   0b                LDN 11
   12a0   fc 18             ADI LOW(B_PAWN_FILE_CT)
   12a2   ab                PLO 11
   12a3   f8 67             LDI HIGH(B_PAWN_FILE_CT)
   12a5   7c 00             ADCI 0
   12a7   bb                PHI 11
   12a8   0b                LDN 11
   12a9   ca 12 d0          LBNZ EVAL_BR1_CLOSED        ; friendly pawns, no bonus
   12ac   68 cb 64 b3       RLDI 11, EVAL_B_ROOK_F1
   12b0   0b                LDN 11
   12b1   fc 10             ADI LOW(W_PAWN_FILE_CT)
   12b3   ab                PLO 11
   12b4   f8 67             LDI HIGH(W_PAWN_FILE_CT)
   12b6   7c 00             ADCI 0
   12b8   bb                PHI 11
   12b9   0b                LDN 11
   12ba   ca 12 c8          LBNZ EVAL_BR1_SEMI
                            ; Fully open: -20 (good for black)
   12bd   89                GLO 9
   12be   ff 14             SMI 20
   12c0   a9                PLO 9
   12c1   99                GHI 9
   12c2   7f 00             SMBI 0
   12c4   b9                PHI 9
   12c5   c0 12 d0          LBR EVAL_BR1_CLOSED
   12c8                 EVAL_BR1_SEMI:
   12c8   89                GLO 9
   12c9   ff 0a             SMI 10
   12cb   a9                PLO 9
   12cc   99                GHI 9
   12cd   7f 00             SMBI 0
   12cf   b9                PHI 9
   12d0                 EVAL_BR1_CLOSED:
                        
                            ; --- Black rook 2 ---
   12d0   68 cb 64 b4       RLDI 11, EVAL_B_ROOK_F2
   12d4   0b                LDN 11
   12d5   fb ff             XRI $FF
   12d7   c2 13 0b          LBZ EVAL_BR_DONE
   12da   0b                LDN 11
   12db   fc 18             ADI LOW(B_PAWN_FILE_CT)
   12dd   ab                PLO 11
   12de   f8 67             LDI HIGH(B_PAWN_FILE_CT)
   12e0   7c 00             ADCI 0
   12e2   bb                PHI 11
   12e3   0b                LDN 11
   12e4   ca 13 0b          LBNZ EVAL_BR_DONE
   12e7   68 cb 64 b4       RLDI 11, EVAL_B_ROOK_F2
   12eb   0b                LDN 11
   12ec   fc 10             ADI LOW(W_PAWN_FILE_CT)
   12ee   ab                PLO 11
   12ef   f8 67             LDI HIGH(W_PAWN_FILE_CT)
   12f1   7c 00             ADCI 0
   12f3   bb                PHI 11
   12f4   0b                LDN 11
   12f5   ca 13 03          LBNZ EVAL_BR2_SEMI
   12f8   89                GLO 9
   12f9   ff 14             SMI 20
   12fb   a9                PLO 9
   12fc   99                GHI 9
   12fd   7f 00             SMBI 0
   12ff   b9                PHI 9
   1300   c0 13 0b          LBR EVAL_BR_DONE
   1303                 EVAL_BR2_SEMI:
   1303   89                GLO 9
   1304   ff 0a             SMI 10
   1306   a9                PLO 9
   1307   99                GHI 9
   1308   7f 00             SMBI 0
   130a   b9                PHI 9
   130b                 EVAL_BR_DONE:
                        
                            ; ==================================================================
                            ; Endgame phase eval (king centralization, advanced pawn, passed pawn,
                            ; king-edge drive) — gated by EG_PIECE_COUNT threshold.
                            ; Tightened 2026-04-30 from <21 to <12: previously fired after only 9
                            ; captures (mid-middlegame), causing premature king-walking with d=5
                            ; search exposing inappropriate king-centralization variations. <12
                            ; requires 18 captures, true late-endgame territory where king activity
                            ; and pawn promotion drives are actually correct strategy.
                            ; ==================================================================
                        
   130b   68 cb 64 ec       RLDI 11, EG_PIECE_COUNT
   130f   0b                LDN 11              ; D = piece count
   1310   ff 0c             SMI 12              ; compare: count - 12
   1312   c3 16 fc          LBDF BKS_DONE       ; DF=1 means count >= 12, not endgame, skip
                        
                            ; ==================================================================
                            ; Hopeless-material amplifier (re-added 2026-06-10, LOSING-side only).
                            ; Goal: end clearly-lost endgames via cutechess's -1500/10-move resign
                            ; adjudication instead of 100-move shuffles (which were averaging 2h/match
                            ; and choking the hang hunt). At this point R9 = material+PST+minor
                            ; positional, BEFORE the advanced/passed-pawn bonuses (applied below at
                            ; ADV_PAWN_W/B ~1271/1297) -- so R9 here is a stable preeg-like signal that
                            ; ignores the pawn-promotion inflation that lets ELPH misread lost K+P-vs-
                            ; K+B+P as ~0. Trigger: pc<=6 AND R9 <= -300 (down ~a minor in a sparse
                            ; endgame = lost) -> R9 -= 2000. Losing-side ONLY (winning-side amp caused
                            ; search volatility, see 5966070); never fires when winning or in the
                            ; opening (pc>=12 already skipped to BKS_DONE). Inert vs the hang (endgame
                            ; only). Only amps genuinely-lost leaves, so a saving line (R9 > -300) is
                            ; never over-resigned.
                            ; ==================================================================
   1315   68 cb 64 ec       RLDI 11, EG_PIECE_COUNT
   1319   0b                LDN 11
   131a   ff 07             SMI 7               ; pc - 7; DF=1 if pc >= 7
   131c   c3 13 38          LBDF HM_AMP_DONE    ; pc > 6, skip amp
   131f   99                GHI 9
   1320   fa 80             ANI $80
   1322   c2 13 38          LBZ HM_AMP_DONE     ; R9 >= 0 (not losing), skip
   1325   89                GLO 9
   1326   fc fa             ADI LOW(250)        ; R9 + 250 (DF = carry); -250 margin so down-a-clean-minor fires
   1328   99                GHI 9
   1329   7c 00             ADCI HIGH(250)      ; D = (R9 + 250) high byte
   132b   fa 80             ANI $80
   132d   c2 13 38          LBZ HM_AMP_DONE     ; (R9 + 250) >= 0 -> R9 >= -250, not hopeless, skip
   1330   89                GLO 9               ; hopeless: R9 -= 2000
   1331   ff d0             SMI LOW(2000)
   1333   a9                PLO 9
   1334   99                GHI 9
   1335   7f 07             SMBI HIGH(2000)
   1337   b9                PHI 9
   1338                 HM_AMP_DONE:
                        
                            ; === White king centralization ===
   1338   68 ca 60 86       RLDI 10, GAME_STATE + STATE_W_KING_SQ
   133c   0a                LDN 10              ; D = white king 0x88 square
                            ; Convert 0x88 to 0-63 index
   133d   ad                PLO 13              ; save square
   133e   f6                SHR
   133f   f6                SHR
   1340   f6                SHR
   1341   f6                SHR                 ; D = rank (0-7)
   1342   fe                SHL
   1343   fe                SHL
   1344   fe                SHL                 ; D = rank * 8
   1345   73                STXD                ; push rank*8
   1346   8d                GLO 13
   1347   fa 07             ANI $07             ; D = file (0-7)
   1349   60                IRX
   134a   f4                ADD                 ; D = rank*8 + file = index
   134b   af                PLO 15              ; save white king index in R15.0
                            ; Look up centralization value
   134c   52                STR 2               ; save index on stack
   134d   68 cb 1a af       RLDI 11, KING_CENTER_TABLE
   1351   8b                GLO 11
   1352   f4                ADD                 ; D = LOW(table) + index
   1353   ab                PLO 11
   1354   9b                GHI 11
   1355   7c 00             ADCI 0
   1357   bb                PHI 11              ; R11 = &KING_CENTER_TABLE[index]
   1358   0b                LDN 11              ; D = table value (-30 to +30)
   1359   fe                SHL                 ; D = value * 2
   135a   fe                SHL                 ; D = value * 4 (-120 to +120)
                            ; Sign-extend to 16 bits and add to R9
   135b   a7                PLO 7               ; R7.0 = bonus low byte
   135c   fa 80             ANI $80             ; check sign
   135e   c2 13 66          LBZ EG_W_POS
   1361   f8 ff             LDI $FF
   1363   c0 13 68          LBR EG_W_HI
   1366                 EG_W_POS:
   1366   f8 00             LDI 0
   1368                 EG_W_HI:
   1368   b7                PHI 7               ; R7 = sign-extended 16-bit bonus
                            ; R9 = R9 + R7 (add white king centralization)
   1369   89                GLO 9
   136a   52                STR 2
   136b   87                GLO 7
   136c   f4                ADD
   136d   a9                PLO 9
   136e   99                GHI 9
   136f   52                STR 2
   1370   97                GHI 7
   1371   74                ADC
   1372   b9                PHI 9
                        
                            ; === Black king centralization ===
   1373   68 ca 60 87       RLDI 10, GAME_STATE + STATE_B_KING_SQ
   1377   0a                LDN 10              ; D = black king 0x88 square
                            ; Convert 0x88 to 0-63 index
   1378   ad                PLO 13              ; save square
   1379   f6                SHR
   137a   f6                SHR
   137b   f6                SHR
   137c   f6                SHR                 ; D = rank
   137d   fe                SHL
   137e   fe                SHL
   137f   fe                SHL                 ; D = rank * 8
   1380   73                STXD                ; push rank*8
   1381   8d                GLO 13
   1382   fa 07             ANI $07             ; D = file
   1384   60                IRX
   1385   f4                ADD                 ; D = index
   1386   bf                PHI 15              ; save black king index in R15.1
                            ; Look up centralization value
   1387   52                STR 2
   1388   68 cb 1a af       RLDI 11, KING_CENTER_TABLE
   138c   8b                GLO 11
   138d   f4                ADD
   138e   ab                PLO 11
   138f   9b                GHI 11
   1390   7c 00             ADCI 0
   1392   bb                PHI 11              ; R11 = &KING_CENTER_TABLE[index]
   1393   0b                LDN 11              ; D = table value (-30 to +30)
   1394   fe                SHL                 ; D * 2
   1395   fe                SHL                 ; D * 4 (-120 to +120)
                            ; Sign-extend to 16 bits into R7
   1396   a7                PLO 7
   1397   fa 80             ANI $80
   1399   c2 13 a1          LBZ EG_B_POS
   139c   f8 ff             LDI $FF
   139e   c0 13 a3          LBR EG_B_HI
   13a1                 EG_B_POS:
   13a1   f8 00             LDI 0
   13a3                 EG_B_HI:
   13a3   b7                PHI 7               ; R7 = sign-extended 16-bit bonus
                            ; R9 = R9 - R7 (subtract black king centralization)
   13a4   87                GLO 7
   13a5   52                STR 2
   13a6   89                GLO 9
   13a7   f7                SM                  ; D = R9.0 - R7.0
   13a8   a9                PLO 9
   13a9   97                GHI 7
   13aa   52                STR 2
   13ab   99                GHI 9
   13ac   77                SMB                 ; D = R9.1 - R7.1 - borrow
   13ad   b9                PHI 9
                        
                            ; ==================================================================
                            ; Advanced Pawn Bonus (endgame only)
                            ; Graduated: +50/+100/+150 cp based on distance from promotion (saturated at 255)
                            ; ==================================================================
                        
                            ; White advanced pawn bonus (accumulated)
                            ; Asymmetric scaling: 1/4 in conversion phase only (we have queen,
                            ; opp doesn't). Preserves full pawn aggression in opening (both have
                            ; queens) and post-queen-exchange middlegame (neither has queen).
   13ae   68 cb 64 fd       RLDI 11, ADV_PAWN_W
   13b2   0b                LDN 11              ; D = accumulated white bonus (0-255)
   13b3   c2 13 d2          LBZ EG_NO_W_ADV     ; none, skip
   13b6   52                STR 2               ; save bonus on stack
   13b7   68 cb 64 b5       RLDI 11, W_QUEEN_CNT
   13bb   0b                LDN 11
   13bc   c2 13 cb          LBZ EG_W_ADV_GO     ; we don't have queen — full bonus, push toward promotion
   13bf   68 cb 64 b6       RLDI 11, B_QUEEN_CNT
   13c3   0b                LDN 11
   13c4   ca 13 cb          LBNZ EG_W_ADV_GO    ; opp has queen too — full bonus, normal play
   13c7   02                LDN 2               ; conversion phase: scale to 1/4
   13c8   f6                SHR
   13c9   f6                SHR
   13ca   52                STR 2
   13cb                 EG_W_ADV_GO:
   13cb   89                GLO 9
   13cc   f4                ADD                 ; R9.0 + bonus
   13cd   a9                PLO 9
   13ce   99                GHI 9
   13cf   7c 00             ADCI 0
   13d1   b9                PHI 9               ; R9 += white pawn bonus
   13d2                 EG_NO_W_ADV:
                        
                            ; Black advanced pawn bonus (accumulated)
                            ; No conversion-phase scaling on opponent pawns: we want full sensitivity
                            ; to enemy promotion threats even when we've lost our queen.
   13d2   68 cb 64 fe       RLDI 11, ADV_PAWN_B
   13d6   0b                LDN 11
   13d7   c2 13 e2          LBZ EG_NO_B_ADV     ; none, skip
   13da   52                STR 2               ; save bonus on stack
   13db   89                GLO 9
   13dc   f7                SM                  ; D = R9.0 - bonus
   13dd   a9                PLO 9
   13de   99                GHI 9
   13df   7f 00             SMBI 0
   13e1   b9                PHI 9               ; R9 -= black pawn bonus
   13e2                 EG_NO_B_ADV:
                        
                            ; ==================================================================
                            ; Passed Pawn Bonus (endgame only, ranks 5-7)
                            ; A pawn is "passed" if no enemy pawns on same or adjacent files.
                            ; Uses W_PAWN_FILE_CT / B_PAWN_FILE_CT arrays (already populated).
                            ; Only checks ranks 5-7 (white) / 4-2 (black) for bonus.
                            ; Bonus: rank 2 = +25, rank 3 = +50, rank 4 = +90, rank 5 = +140, rank 6 = +200, rank 7 = +250
                            ; ==================================================================
                        
                            ; --- White-outgunned flag (2026-06-16) ---
                            ; Outgunned iff black has MORE heavy pieces (rooks+queens) than white. Replaces
                            ; the old binary "white has A rook" test, which read 1-rook-vs-2-rooks as
                            ; not-outgunned and over-valued the f6 passer (+910 in a dead-lost two-rook-down
                            ; game). Signed delta = B_heavy - W_heavy in R7.0; >0 => outgunned. Stored in
                            ; EVAL_TEMP1 (free here: CALC_MAT done, king-edge runs later); read by the
                            ; discount + runner gates below. R7/R8/R10 + M(R2) scratch; long branches only.
   13e2   f8 00             LDI 0
   13e4   a7                PLO 7                   ; delta = 0
   13e5   68 ca 64 b3       RLDI 10, EVAL_B_ROOK_F1
   13e9   0a                LDN 10
   13ea   fb ff             XRI $FF
   13ec   c2 13 f3          LBZ OG_B2               ; no black rook in slot 1
   13ef   87                GLO 7
   13f0   fc 01             ADI 1
   13f2   a7                PLO 7
   13f3                 OG_B2:
   13f3   68 ca 64 b4       RLDI 10, EVAL_B_ROOK_F2
   13f7   0a                LDN 10
   13f8   fb ff             XRI $FF
   13fa   c2 14 01          LBZ OG_BQ               ; no black rook in slot 2
   13fd   87                GLO 7
   13fe   fc 01             ADI 1
   1400   a7                PLO 7
   1401                 OG_BQ:
   1401   68 ca 64 b6       RLDI 10, B_QUEEN_CNT
   1405   0a                LDN 10
   1406   52                STR 2
   1407   87                GLO 7
   1408   f4                ADD                     ; delta += B_QUEEN_CNT
   1409   a7                PLO 7
   140a   68 ca 64 b1       RLDI 10, EVAL_W_ROOK_F1
   140e   0a                LDN 10
   140f   fb ff             XRI $FF
   1411   c2 14 18          LBZ OG_W2               ; no white rook in slot 1
   1414   87                GLO 7
   1415   ff 01             SMI 1
   1417   a7                PLO 7
   1418                 OG_W2:
   1418   68 ca 64 b2       RLDI 10, EVAL_W_ROOK_F2
   141c   0a                LDN 10
   141d   fb ff             XRI $FF
   141f   c2 14 26          LBZ OG_WQ               ; no white rook in slot 2
   1422   87                GLO 7
   1423   ff 01             SMI 1
   1425   a7                PLO 7
   1426                 OG_WQ:
   1426   68 ca 64 b5       RLDI 10, W_QUEEN_CNT
   142a   0a                LDN 10
   142b   52                STR 2
   142c   87                GLO 7
   142d   f7                SM                      ; delta -= W_QUEEN_CNT  (D=delta, M=wq, SM=D-M)
   142e   a7                PLO 7
   142f   c2 14 3c          LBZ OG_NOT              ; delta == 0 -> not outgunned
   1432   fa 80             ANI $80
   1434   ca 14 3c          LBNZ OG_NOT             ; delta < 0 (white ahead) -> not outgunned
   1437   f8 01             LDI 1
   1439   c0 14 3e          LBR OG_STORE
   143c                 OG_NOT:
   143c   f8 00             LDI 0
   143e                 OG_STORE:
   143e   68 ca 64 40       RLDI 10, EVAL_TEMP1
   1442   5a                STR 10                  ; EVAL_TEMP1 = outgunned flag (1=outgunned, 0=not)
                        
                            ; --- White passed pawns ---
   1443   f8 00             LDI 0
   1445   ad                PLO 13              ; R13.0 = file counter (0-7)
   1446   68 cb 67 10       RLDI 11, W_PAWN_FILE_CT
                        
   144a                 PP_W_LOOP:
   144a   0b                LDN 11              ; D = W_PAWN_FILE_CT[file]
   144b   c2 15 1d          LBZ PP_W_NEXT       ; no white pawn on this file
                        
                            ; White pawn exists — check if passed (no black pawns on file-1, file, file+1)
                            ; Check B_PAWN_FILE_CT[file]
   144e   8d                GLO 13              ; D = file
   144f   fc 18             ADI LOW(B_PAWN_FILE_CT)
   1451   aa                PLO 10
   1452   f8 67             LDI HIGH(B_PAWN_FILE_CT)
   1454   7c 00             ADCI 0
   1456   ba                PHI 10              ; R10 = &B_PAWN_FILE_CT[file]
   1457   0a                LDN 10
   1458   ca 15 1d          LBNZ PP_W_NEXT      ; black pawn on same file, not passed
                        
                            ; Check B_PAWN_FILE_CT[file-1] (skip if file == 0)
   145b   8d                GLO 13
   145c   c2 14 65          LBZ PP_W_LEFT_OK
   145f   2a                DEC 10              ; R10 = &B_PAWN_FILE_CT[file-1]
   1460   0a                LDN 10
   1461   1a                INC 10              ; restore R10
   1462   ca 15 1d          LBNZ PP_W_NEXT      ; black pawn on left file
   1465                 PP_W_LEFT_OK:
                        
                            ; Check B_PAWN_FILE_CT[file+1] (skip if file == 7)
   1465   8d                GLO 13
   1466   fb 07             XRI 7
   1468   c2 14 71          LBZ PP_W_RIGHT_OK
   146b   1a                INC 10              ; R10 = &B_PAWN_FILE_CT[file+1]
   146c   0a                LDN 10
   146d   2a                DEC 10              ; restore R10
   146e   ca 15 1d          LBNZ PP_W_NEXT      ; black pawn on right file
   1471                 PP_W_RIGHT_OK:
                        
                            ; Passed! Scan ranks 7-2 for the most advanced white pawn
   1471   f8 60             LDI HIGH(BOARD)
   1473   ba                PHI 10
                        
                            ; Rank 7: square = $60 + file
   1474   8d                GLO 13
   1475   f9 60             ORI $60
   1477   aa                PLO 10
   1478   0a                LDN 10
   1479   fb 01             XRI W_PAWN
   147b   c2 14 c9          LBZ PP_W_R7
                        
                            ; Rank 6: square = $50 + file
   147e   8d                GLO 13
   147f   f9 50             ORI $50
   1481   aa                PLO 10
   1482   0a                LDN 10
   1483   fb 01             XRI W_PAWN
   1485   c2 14 c4          LBZ PP_W_R6
                        
                            ; Rank 5: square = $40 + file
   1488   8d                GLO 13
   1489   f9 40             ORI $40
   148b   aa                PLO 10
   148c   0a                LDN 10
   148d   fb 01             XRI W_PAWN
   148f   c2 14 bf          LBZ PP_W_R5
                        
                            ; Rank 4: square = $30 + file
   1492   8d                GLO 13
   1493   f9 30             ORI $30
   1495   aa                PLO 10
   1496   0a                LDN 10
   1497   fb 01             XRI W_PAWN
   1499   c2 14 ba          LBZ PP_W_R4
                        
                            ; Rank 3: square = $20 + file
   149c   8d                GLO 13
   149d   f9 20             ORI $20
   149f   aa                PLO 10
   14a0   0a                LDN 10
   14a1   fb 01             XRI W_PAWN
   14a3   c2 14 b5          LBZ PP_W_R3
                        
                            ; Rank 2: square = $10 + file
   14a6   8d                GLO 13
   14a7   f9 10             ORI $10
   14a9   aa                PLO 10
   14aa   0a                LDN 10
   14ab   fb 01             XRI W_PAWN
   14ad   ca 15 1d          LBNZ PP_W_NEXT      ; no white pawn found
                        
   14b0   f8 19             LDI 25              ; Rank 2 bonus
   14b2   c0 14 cb          LBR PP_W_ADD
   14b5                 PP_W_R3:
   14b5   f8 32             LDI 50
   14b7   c0 14 cb          LBR PP_W_ADD
   14ba                 PP_W_R4:
   14ba   f8 5a             LDI 90
   14bc   c0 14 cb          LBR PP_W_ADD
   14bf                 PP_W_R5:
   14bf   f8 8c             LDI 140
   14c1   c0 14 cb          LBR PP_W_ADD
   14c4                 PP_W_R6:
   14c4   f8 c8             LDI 200
   14c6   c0 14 cb          LBR PP_W_ADD
   14c9                 PP_W_R7:
   14c9   f8 fa             LDI 250
   14cb                 PP_W_ADD:
   14cb   52                STR 2
                            ; Scale this passed-pawn bonus to 1/4 in EITHER case:
                            ;  (A) conversion phase: W has queen, B doesn't (just convert, don't
                            ;      over-credit pawns), OR
                            ;  (B) OUTGUNNED (2026-06-12): B has rook/queen AND W has none. White's
                            ;      passers are unsupported and the enemy heavy piece stops them, so
                            ;      they don't compensate for being down material (the +515 endgame
                            ;      mis-score: 6 pawns scored ~= R+B).
   14cc   68 c8 64 b5       RLDI 8, W_QUEEN_CNT
   14d0   08                LDN 8
   14d1   c2 14 df          LBZ PP_W_OUTGUN     ; W has no queen -> not conversion; check outgunned
   14d4   68 c8 64 b6       RLDI 8, B_QUEEN_CNT
   14d8   08                LDN 8
   14d9   c2 14 e7          LBZ PP_W_SCALE      ; W queen, B no queen -> conversion -> scale 1/4
   14dc   c0 14 eb          LBR PP_W_ADD_GO     ; both have queens -> full bonus
   14df                 PP_W_OUTGUN:
                            ; Outgunned (precomputed EVAL_TEMP1 flag): black has more heavy pieces than
                            ; white -> passer is stoppable/uncompensating -> scale to 1/4. (Replaces the
                            ; old binary "white has a rook" test that was blind to 1-vs-2 rooks.)
   14df   68 c8 64 40       RLDI 8, EVAL_TEMP1
   14e3   08                LDN 8
   14e4   c2 14 eb          LBZ PP_W_ADD_GO     ; flag 0 = not outgunned -> full bonus
   14e7                 PP_W_SCALE:
   14e7   02                LDN 2               ; scale passed bonus to 1/4
   14e8   f6                SHR
   14e9   f6                SHR
   14ea   52                STR 2
   14eb                 PP_W_ADD_GO:
   14eb   89                GLO 9
   14ec   f4                ADD
   14ed   a9                PLO 9
   14ee   99                GHI 9
   14ef   7c 00             ADCI 0
   14f1   b9                PHI 9               ; R9 += passed pawn bonus
                        
                            ; --- Racing-passer bonus (2026-06-13): an ADVANCED white passer (rank 5+) with a
                            ; clear front, when white has a rook/queen to shepherd it, is a promotion threat
                            ; the d5 search can't see -> add an escalating (toward-queen) bonus so white
                            ; PUSHES it instead of ignoring it. Gated not-outgunned (W has R/Q) so it doesn't
                            ; re-open the +515 over-valuation of trivially-stopped pawns. R10.0 = pawn square.
   14f2   8a                GLO 10
   14f3   fa 70             ANI $70
   14f5   ff 40             SMI $40
   14f7   cb 15 1d          LBNF PP_W_NEXT          ; rank index < 4 (rank < 5) -> not advanced
   14fa   b7                PHI 7                   ; R7.1 = (rank<<4)-$40  ($00=r5,$10=r6,$20=r7)
                            ; (front-blockade gate removed 2026-06-13: it killed the bonus when the pawn
                            ; advanced into a square fronted by our OWN clearable piece — e.g. the rook on
                            ; c7 ahead of the c-pawn — so white wouldn't push. The escalating rank bonus
                            ; drives advancing; the search handles genuine enemy blockades.)
                            ; ESCORT GATE (2026-06-30): only race the passer if WHITE is NOT BEHIND in pieces
                            ; (PIECE_BALANCE >= 0) — i.e. white has the force to escort it past the enemy.
                            ; Earlier "outgunned" (heavy-only) let an enemy N/B blockade still draw the full
                            ; +600 (the 6/26 phantom, 5 pawns vs N+B). The first cut (B_HAS_PIECE: enemy has
                            ; ANY piece) over-corrected -> it stripped the runner from a rook-shielded g7 passer
                            ; when white DOMINATED 2R+N vs Q (the 6/29 draw). Signed W-B non-pawn balance fixes
                            ; both: 6/26 = -2 (off), 6/29 = +2 (on). General PP bonus still values it regardless.
   14fb   68 c8 64 b7       RLDI 8, PIECE_BALANCE
   14ff   08                LDN 8
   1500   fa 80             ANI $80                 ; sign bit: set => balance < 0 => white behind in pieces
   1502   ca 15 1d          LBNZ PP_W_NEXT          ; white behind -> can't escort -> skip runner bonus
   1505                 PP_W_RUN_OK:
   1505   97                GHI 7
   1506   f6                SHR
   1507   f6                SHR
   1508   f6                SHR                     ; D = DW offset (0,2,4)
   1509   fc fa             ADI LOW(RUNNER_BONUS)
   150b   a8                PLO 8
   150c   f8 0d             LDI HIGH(RUNNER_BONUS)
   150e   7c 00             ADCI 0
   1510   b8                PHI 8
   1511   48                LDA 8                   ; bonus hi (big-endian DW)
   1512   b7                PHI 7
   1513   08                LDN 8                   ; bonus lo
   1514   52                STR 2
   1515   89                GLO 9
   1516   f4                ADD                     ; R9.lo += bonus lo
   1517   a9                PLO 9
   1518   97                GHI 7                   ; bonus hi
   1519   52                STR 2
   151a   99                GHI 9
   151b   74                ADC                     ; R9.hi += bonus hi + carry
   151c   b9                PHI 9
                        
   151d                 PP_W_NEXT:
   151d   1b                INC 11              ; next W_PAWN_FILE_CT entry
   151e   1d                INC 13              ; file++
   151f   8d                GLO 13
   1520   fb 08             XRI 8
   1522   ca 14 4a          LBNZ PP_W_LOOP
                        
                            ; --- Black passed pawns ---
   1525   f8 00             LDI 0
   1527   ad                PLO 13              ; R13.0 = file counter (0-7)
   1528   68 cb 67 18       RLDI 11, B_PAWN_FILE_CT
                        
   152c                 PP_B_LOOP:
   152c   0b                LDN 11              ; D = B_PAWN_FILE_CT[file]
   152d   c2 16 01          LBZ PP_B_NEXT       ; no black pawn on this file
                        
                            ; Black pawn exists — check if passed (no white pawns on file-1, file, file+1)
                            ; Check W_PAWN_FILE_CT[file]
   1530   8d                GLO 13
   1531   fc 10             ADI LOW(W_PAWN_FILE_CT)
   1533   aa                PLO 10
   1534   f8 67             LDI HIGH(W_PAWN_FILE_CT)
   1536   7c 00             ADCI 0
   1538   ba                PHI 10              ; R10 = &W_PAWN_FILE_CT[file]
   1539   0a                LDN 10
   153a   ca 16 01          LBNZ PP_B_NEXT      ; white pawn on same file, not passed
                        
                            ; (Adjacent-file passed test is now RANK-AWARE — done at PP_B_SUB once the
                            ; pawn's rank is known. The old file-count test wrongly cancelled "passed" for
                            ; any adjacent white pawn regardless of rank.) Scan ranks for the black pawn:
   153d   f8 60             LDI HIGH(BOARD)
   153f   ba                PHI 10
                        
                            ; Rank 2: square = $10 + file
   1540   8d                GLO 13
   1541   f9 10             ORI $10
   1543   aa                PLO 10
   1544   0a                LDN 10
   1545   fb 09             XRI B_PAWN
   1547   c2 15 95          LBZ PP_B_R2
                        
                            ; Rank 3: square = $20 + file
   154a   8d                GLO 13
   154b   f9 20             ORI $20
   154d   aa                PLO 10
   154e   0a                LDN 10
   154f   fb 09             XRI B_PAWN
   1551   c2 15 90          LBZ PP_B_R3
                        
                            ; Rank 4: square = $30 + file
   1554   8d                GLO 13
   1555   f9 30             ORI $30
   1557   aa                PLO 10
   1558   0a                LDN 10
   1559   fb 09             XRI B_PAWN
   155b   c2 15 8b          LBZ PP_B_R4
                        
                            ; Rank 5: square = $40 + file
   155e   8d                GLO 13
   155f   f9 40             ORI $40
   1561   aa                PLO 10
   1562   0a                LDN 10
   1563   fb 09             XRI B_PAWN
   1565   c2 15 86          LBZ PP_B_R5
                        
                            ; Rank 6: square = $50 + file
   1568   8d                GLO 13
   1569   f9 50             ORI $50
   156b   aa                PLO 10
   156c   0a                LDN 10
   156d   fb 09             XRI B_PAWN
   156f   c2 15 81          LBZ PP_B_R6
                        
                            ; Rank 7: square = $60 + file
   1572   8d                GLO 13
   1573   f9 60             ORI $60
   1575   aa                PLO 10
   1576   0a                LDN 10
   1577   fb 09             XRI B_PAWN
   1579   ca 16 01          LBNZ PP_B_NEXT      ; no black pawn found
                        
   157c   f8 19             LDI 25              ; Rank 7 bonus (just started)
   157e   c0 15 97          LBR PP_B_SUB
   1581                 PP_B_R6:
   1581   f8 32             LDI 50
   1583   c0 15 97          LBR PP_B_SUB
   1586                 PP_B_R5:
   1586   f8 5a             LDI 90
   1588   c0 15 97          LBR PP_B_SUB
   158b                 PP_B_R4:
   158b   f8 8c             LDI 140
   158d   c0 15 97          LBR PP_B_SUB
   1590                 PP_B_R3:
   1590   f8 c8             LDI 200
   1592   c0 15 97          LBR PP_B_SUB
   1595                 PP_B_R2:
   1595   f8 fa             LDI 250
   1597                 PP_B_SUB:
   1597   52                STR 2               ; M(R2) = passed bonus
                            ; --- rank-aware passed (2026-06-13): truly passed only if NO white pawn is
                            ; AHEAD on an adjacent file. The old file-count test cancelled "passed" for any
                            ; adjacent white pawn regardless of rank -> black f3 mis-scored as not-passed
                            ; (white g3 is level, can't stop it), so the f-pawn earned ZERO penalty and
                            ; white queened into a loss. Walk toward rank 1; check both adjacent files each
                            ; rank. R10.0 = black pawn square (from the rank scan above).
   1598   8a                GLO 10
   1599   fa 70             ANI $70
   159b   b7                PHI 7               ; R7.1 = rank nibble stash for the runner ramp at PP_B_APPLY
                                                ; (R10.0 is clobbered by the adjacent-file walk below)
   159c   8a                GLO 10
   159d   a7                PLO 7               ; R7.0 = scan square
   159e                 PP_B_RA_LOOP:
   159e   87                GLO 7
   159f   ff 10             SMI $10             ; one rank toward black's promotion (rank 1)
   15a1   a7                PLO 7
   15a2   fa 80             ANI $80
   15a4   ca 15 ce          LBNZ PP_B_APPLY     ; walked past rank 1 with no blocker -> PASSED
   15a7   87                GLO 7
   15a8   ff 01             SMI 1
   15aa   aa                PLO 10              ; left adjacent-file square
   15ab   fa 88             ANI $88
   15ad   ca 15 b9          LBNZ PP_B_RA_RIGHT  ; off board -> skip left
   15b0   f8 60             LDI HIGH(BOARD)
   15b2   ba                PHI 10
   15b3   0a                LDN 10
   15b4   fb 01             XRI W_PAWN
   15b6   c2 16 01          LBZ PP_B_NEXT       ; white pawn ahead on left adjacent file -> NOT passed
   15b9                 PP_B_RA_RIGHT:
   15b9   87                GLO 7
   15ba   fc 01             ADI 1
   15bc   aa                PLO 10              ; right adjacent-file square
   15bd   fa 88             ANI $88
   15bf   ca 15 9e          LBNZ PP_B_RA_LOOP   ; off board -> skip right, next rank
   15c2   f8 60             LDI HIGH(BOARD)
   15c4   ba                PHI 10
   15c5   0a                LDN 10
   15c6   fb 01             XRI W_PAWN
   15c8   c2 16 01          LBZ PP_B_NEXT       ; white pawn ahead on right adjacent file -> NOT passed
   15cb   c0 15 9e          LBR PP_B_RA_LOOP    ; neither -> check next rank ahead
   15ce                 PP_B_APPLY:
   15ce   89                GLO 9
   15cf   f7                SM                  ; D = R9.0 - bonus
   15d0   a9                PLO 9
   15d1   99                GHI 9
   15d2   7f 00             SMBI 0
   15d4   b9                PHI 9               ; R9 -= passed pawn bonus (black advantage)
                        
                            ; --- Racing-passer bonus, BLACK mirror (2026-07-02, task #51): the white-only
                            ; RUNNER_BONUS left ELPH BLIND to ENEMY runners (corpus: 12/122 games read >=0
                            ; while an enemy pawn stood one step from queening; the 7/2 adjudicated loss
                            ; read +455 during black's a4-a3-a2 run, then cliffed -2734 on a1=R). Same
                            ; rationale as the white ramp: the d5 horizon can't see the promotion, so the
                            ; eval must. Advanced = black pawn on rank 4/3/2 (black's 5th/6th/7th), same
                            ; 150/350/600 table. ESCORT GATE mirrored: fire unless BLACK is behind in
                            ; pieces (PIECE_BALANCE > 0); white gate skips on sign set, black skips on
                            ; positive nonzero. R7.1 = rank nibble (stashed at PP_B_SUB).
   15d5   97                GHI 7               ; rank nibble $10..$60
   15d6   fd 30             SDI $30             ; D = $30 - nib; borrow (DF=0) if nib > $30 (rank > 4)
   15d8   cb 16 01          LBNF PP_B_NEXT      ; not advanced -> no runner
   15db   b7                PHI 7               ; R7.1 = $00/$10/$20 for rank 4/3/2
   15dc   68 c8 64 b7       RLDI 8, PIECE_BALANCE
   15e0   08                LDN 8
   15e1   c2 15 e9          LBZ PP_B_RUN_OK     ; balance 0 -> equal force -> escort ok
   15e4   fa 80             ANI $80
   15e6   c2 16 01          LBZ PP_B_NEXT       ; balance > 0 -> BLACK behind in pieces -> skip runner
   15e9                 PP_B_RUN_OK:
   15e9   97                GHI 7
   15ea   f6                SHR
   15eb   f6                SHR
   15ec   f6                SHR                 ; D = DW offset (0,2,4)
   15ed   fc fa             ADI LOW(RUNNER_BONUS)
   15ef   a8                PLO 8
   15f0   f8 0d             LDI HIGH(RUNNER_BONUS)
   15f2   7c 00             ADCI 0
   15f4   b8                PHI 8
   15f5   48                LDA 8               ; bonus hi (big-endian DW)
   15f6   b7                PHI 7
   15f7   08                LDN 8               ; bonus lo
   15f8   52                STR 2
   15f9   89                GLO 9
   15fa   f7                SM                  ; R9.lo -= bonus lo
   15fb   a9                PLO 9
   15fc   97                GHI 7               ; bonus hi
   15fd   52                STR 2
   15fe   99                GHI 9
   15ff   77                SMB                 ; R9.hi -= bonus hi - borrow
   1600   b9                PHI 9
                        
   1601                 PP_B_NEXT:
   1601   1b                INC 11              ; next B_PAWN_FILE_CT entry
   1602   1d                INC 13              ; file++
   1603   8d                GLO 13
   1604   fb 08             XRI 8
   1606   ca 15 2c          LBNZ PP_B_LOOP
                        
                            ; ==================================================================
                            ; Enemy King Edge Bonus (endgame only, when winning)
                            ; Uses KING_EDGE_TABLE (already in binary, 64 bytes)
                            ; Values: 60 at edges/corners, 0 at center — rewards driving to edge
                            ; Scaled 2x via SHL for effective range 0-120cp
                            ; ==================================================================
                        
                            ; --- King-king proximity (the missing mating ingredient): Chebyshev
                            ; distance between the two kings (R15.0=white index, R15.1=black index,
                            ; both 0-63), look up KING_PROX_BONUS[dist], stash in EVAL_TEMP1. Added for
                            ; the winning side below so its king is pulled toward the enemy king. Mirrors
                            ; the queen-prox distance pattern. Preserves R9/R15. ---
   1609   8f                GLO 15              ; white king 0-63 index
   160a   f6                SHR
   160b   f6                SHR
   160c   f6                SHR                 ; D = white rank (0-7)
   160d   ad                PLO 13              ; R13.0 = w_rank
   160e   9f                GHI 15              ; black king index
   160f   f6                SHR
   1610   f6                SHR
   1611   f6                SHR                 ; D = black rank
   1612   52                STR 2
   1613   8d                GLO 13
   1614   f5                SD                  ; D = b_rank - w_rank
   1615   c3 16 1a          LBDF KP_RANK_OK
   1618   fd 00             SDI 0               ; |rank diff|
   161a                 KP_RANK_OK:
   161a   bd                PHI 13              ; R13.1 = |rank diff|
   161b   8f                GLO 15
   161c   fa 07             ANI $07             ; D = w_file
   161e   ad                PLO 13              ; R13.0 = w_file
   161f   9f                GHI 15
   1620   fa 07             ANI $07             ; D = b_file
   1622   52                STR 2
   1623   8d                GLO 13
   1624   f5                SD                  ; D = b_file - w_file
   1625   c3 16 2a          LBDF KP_FILE_OK
   1628   fd 00             SDI 0               ; |file diff|
   162a                 KP_FILE_OK:
   162a   ad                PLO 13              ; R13.0 = |file diff|
   162b   9d                GHI 13              ; |rank diff|
   162c   52                STR 2
   162d   8d                GLO 13              ; |file diff|
   162e   f5                SD                  ; D = |rank| - |file|
   162f   c3 16 36          LBDF KP_USE_RANK    ; rank >= file -> max = rank
   1632   8d                GLO 13              ; max = file
   1633   c0 16 37          LBR KP_HAVE_DIST
   1636                 KP_USE_RANK:
   1636   9d                GHI 13              ; max = rank
   1637                 KP_HAVE_DIST:
   1637   fc 2f             ADI LOW(KING_PROX_BONUS)
   1639   ab                PLO 11
   163a   f8 00             LDI 0
   163c   7c 1b             ADCI HIGH(KING_PROX_BONUS)
   163e   bb                PHI 11
   163f   0b                LDN 11              ; D = KING_PROX_BONUS[chebyshev dist]
   1640   68 ca 64 40       RLDI 10, EVAL_TEMP1
   1644   5a                STR 10              ; EVAL_TEMP1 = king-king proximity bonus
                        
                            ; Check if white is winning significantly (score > 200)
   1645   99                GHI 9
   1646   fa 80             ANI $80             ; sign bit
   1648   ca 16 8e          LBNZ EG_CHECK_BLACK ; negative, check if black winning
   164b   99                GHI 9
   164c   ca 16 55          LBNZ EG_DRIVE_BLACK ; high byte > 0 → score > 255
   164f   89                GLO 9
   1650   ff c8             SMI 200
   1652   cb 16 d0          LBNF EG_EDGE_DONE   ; score < 200, skip
                        
   1655                 EG_DRIVE_BLACK:
                            ; MATE-MATERIAL GATE (2026-06-26): only drive if white holds a heavy piece
                            ; (rook or queen). A pawns/minors-only side has no mating material; driving
                            ; its king toward the enemy walks it into danger (the 6/26 phantom-passer king
                            ; march, eval +1080 then -2115 once the king was cornered). Score>200 alone is
                            ; self-referential — the phantom inflates the very score that trips the drive.
   1655   68 cb 64 b1       RLDI 11, EVAL_W_ROOK_F1
   1659   0b                LDN 11
   165a   fb ff             XRI $FF
   165c   ca 16 67          LBNZ EG_DB_GO       ; white has a rook -> drive ok
   165f   68 cb 64 b5       RLDI 11, W_QUEEN_CNT
   1663   0b                LDN 11
   1664   c2 16 d0          LBZ EG_EDGE_DONE    ; no rook AND no queen -> no mate material, skip drive
   1667                 EG_DB_GO:
                            ; White winning — penalize black king for being in center
                            ; R15.1 = black king index (saved during centralization)
   1667   9f                GHI 15              ; D = black king 0-63 index
   1668   52                STR 2               ; save on stack
   1669   68 cb 1a ef       RLDI 11, KING_EDGE_TABLE
   166d   8b                GLO 11
   166e   f4                ADD
   166f   ab                PLO 11
   1670   9b                GHI 11
   1671   7c 00             ADCI 0
   1673   bb                PHI 11              ; R11 = &KING_EDGE_TABLE[black_king]
   1674   0b                LDN 11              ; D = edge value (0-60)
   1675   fe                SHL                 ; D = value * 2 (0-120)
   1676   52                STR 2               ; save bonus
   1677   89                GLO 9
   1678   f4                ADD
   1679   a9                PLO 9
   167a   99                GHI 9
   167b   7c 00             ADCI 0
   167d   b9                PHI 9               ; R9 += edge bonus (always positive, no sign extend)
                            ; + king-king proximity: white king closer to black king = better for white
   167e   68 ca 64 40       RLDI 10, EVAL_TEMP1
   1682   0a                LDN 10
   1683   52                STR 2
   1684   89                GLO 9
   1685   f4                ADD
   1686   a9                PLO 9
   1687   99                GHI 9
   1688   7c 00             ADCI 0
   168a   b9                PHI 9
   168b   c0 16 d0          LBR EG_EDGE_DONE
                        
   168e                 EG_CHECK_BLACK:
                            ; Check if black is winning (score < -200)
                            ; Score is negative. Check if <= -201 (i.e., high byte < $FF or low byte <= $37)
   168e   99                GHI 9
   168f   fb ff             XRI $FF
   1691   ca 16 9a          LBNZ EG_DRIVE_WHITE ; high byte < $FF → score < -255
   1694   89                GLO 9
   1695   fc c8             ADI 200             ; if score_lo + 200 overflows, score_lo > 55 → score > -201
   1697   c3 16 d0          LBDF EG_EDGE_DONE   ; score > -201, not winning enough
                        
   169a                 EG_DRIVE_WHITE:
                            ; MATE-MATERIAL GATE (2026-06-26): symmetric to EG_DRIVE_BLACK — only drive if
                            ; black holds a heavy piece (rook or queen). No mate material -> don't march.
   169a   68 cb 64 b3       RLDI 11, EVAL_B_ROOK_F1
   169e   0b                LDN 11
   169f   fb ff             XRI $FF
   16a1   ca 16 ac          LBNZ EG_DW_GO       ; black has a rook -> drive ok
   16a4   68 cb 64 b6       RLDI 11, B_QUEEN_CNT
   16a8   0b                LDN 11
   16a9   c2 16 d0          LBZ EG_EDGE_DONE    ; no rook AND no queen -> no mate material, skip drive
   16ac                 EG_DW_GO:
                            ; Black winning — penalize white king for being in center
                            ; R15.0 = white king index (saved during centralization)
   16ac   8f                GLO 15              ; D = white king 0-63 index
   16ad   52                STR 2
   16ae   68 cb 1a ef       RLDI 11, KING_EDGE_TABLE
   16b2   8b                GLO 11
   16b3   f4                ADD
   16b4   ab                PLO 11
   16b5   9b                GHI 11
   16b6   7c 00             ADCI 0
   16b8   bb                PHI 11              ; R11 = &KING_EDGE_TABLE[white_king]
   16b9   0b                LDN 11              ; D = edge value (0-60)
   16ba   fe                SHL                 ; D = value * 2 (0-120)
   16bb   52                STR 2               ; save penalty
   16bc   89                GLO 9
   16bd   f7                SM                  ; R9.0 - penalty (SM = D - M(R(X)))
   16be   a9                PLO 9
   16bf   99                GHI 9
   16c0   7f 00             SMBI 0
   16c2   b9                PHI 9               ; R9 -= edge penalty
                            ; - king-king proximity: black king closer to white king = better for black
   16c3   68 ca 64 40       RLDI 10, EVAL_TEMP1
   16c7   0a                LDN 10
   16c8   52                STR 2
   16c9   89                GLO 9
   16ca   f7                SM
   16cb   a9                PLO 9
   16cc   99                GHI 9
   16cd   7f 00             SMBI 0
   16cf   b9                PHI 9
                        
   16d0                 EG_EDGE_DONE:
                        
                            ; ==================================================================
                            ; Check bonus: if side-to-move is in check, credit the attacker.
                            ; Score is white-relative, so white-in-check → R9 -= CHECK_BONUS;
                            ; black-in-check → R9 += CHECK_BONUS.
                            ; IS_IN_CHECK preserves R11/R12; we save R9 ourselves.
                            ; ==================================================================
   16d0   89                GLO 9
   16d1   73                STXD
   16d2   99                GHI 9
   16d3   73                STXD
                        
   16d4   d4 01 8e          CALL IS_IN_CHECK        ; uses R12 (side to move); D = 1 if in check
   16d7   a8                PLO 8                   ; R8.0 = result
                        
   16d8   60                IRX
   16d9   72                LDXA
   16da   b9                PHI 9
   16db   f0                LDX
   16dc   a9                PLO 9                   ; R9 restored
                        
   16dd   88                GLO 8
   16de   c2 16 fc          LBZ CHECK_BONUS_DONE    ; not in check, skip
                        
   16e1   8c                GLO 12                  ; side to move: WHITE=0, BLACK=8
   16e2   c2 16 f2          LBZ CHECK_BONUS_SUB     ; white to move and white in check → penalty
                        
                            ; Black to move and black in check → bonus to white
   16e5   f8 28             LDI CHECK_BONUS
   16e7   52                STR 2
   16e8   89                GLO 9
   16e9   f4                ADD
   16ea   a9                PLO 9
   16eb   99                GHI 9
   16ec   7c 00             ADCI 0
   16ee   b9                PHI 9
   16ef   c0 16 fc          LBR CHECK_BONUS_DONE
                        
   16f2                 CHECK_BONUS_SUB:
                            ; White to move and white in check → penalty to white
   16f2   f8 28             LDI CHECK_BONUS
   16f4   52                STR 2
   16f5   89                GLO 9
   16f6   f7                SM                      ; SM = D - M(R(X)) → R9.0 - CHECK_BONUS
   16f7   a9                PLO 9
   16f8   99                GHI 9
   16f9   7f 00             SMBI 0
   16fb   b9                PHI 9
                        
   16fc                 CHECK_BONUS_DONE:
                        
   16fc                 BKS_DONE:
   16fc   d5                RETN
                        
                        ; ------------------------------------------------------------------------------
                        ; EVALUATE_MATERIAL - Material-only evaluation (fast version)
                        ; ------------------------------------------------------------------------------
                        ; Simplified evaluation for leaf nodes where speed is critical
                        ; Input:  A = board pointer
                        ; Output: R9 = material score (NOT R6 - R6 is SCRT linkage, off limits!)
                        ; ------------------------------------------------------------------------------
   16fd                 EVALUATE_MATERIAL:
                            ; Alias to main evaluate for now
                            ; Later can optimize this path
   16fd   c0 0e b4          LBR EVALUATE
                        
                        ; ------------------------------------------------------------------------------
                        ; KING_SAFETY_V3 - luft-based king danger (2026-07-03). Replaces v2 shield+storm.
                        ;   DANGER = (pressure==0) ? 0 : SHIELD_PEN[missing] + DANGER_V3_TABLE[pressure,luft]
                        ;   ENEMY_PRESSURE: weighted enemy heavies bearing on this king. Queen (weight 2)
                        ;     bears iff Chebyshev <= 3. Each rook (weight 1) bears iff Chebyshev <= 3 OR
                        ;     same file OR same rank (back-rank/file pressure). ENEMY pieces ONLY - never
                        ;     count friendly pieces (the attackers-minus-defenders misread is what missed
                        ;     the 6/17 suffocation mate). Raw 0-4, clamped to 3.
                        ;   LUFT: count of the king's 8 neighbors that are on-board and NOT occupied by a
                        ;     friendly piece (empty or enemy-capture = flight). SATURATED 8 -> 7 with an
                        ;     explicit compare - NEVER ANI $07, which would map a bare king's luft 8 to
                        ;     index 0 = maximally trapped (7/2 cold-review finding a).
                        ;   SHIELD: friendly pawns on the 3 ahead-squares (v2's logic, folded in), now
                        ;     pressure-gated: a cracked shield with no enemy heavy nearby costs nothing.
                        ;   Short-circuit (fork 4): pressure computed FIRST; 0 -> return 0, skip the
                        ;     luft + shield scans entirely (this is the cycle gate).
                        ; In:  R7.0 = king sq (0x88); R7.1 = FRIENDLY color ($00 white / $08 black)
                        ; Out: D = danger 0-255. Preserves R9,R12. Clobbers R7.1,R8,R10,R11,R13.
                        ; LEAF (no CALL). X=2 scratch byte only; KSV_COLOR is its one private memory byte.
                        ; Reads eval-scan trackers (queen sq + rook sqs), ALL gated on the $FF sentinel
                        ; (rook SQ vars are $FF-reset per eval call as of 2026-07-03).
                        ; ------------------------------------------------------------------------------
   1700                 KING_SAFETY_V3:
   1700   e2                SEX 2
                        
   1701   68 ca 64 1d       RLDI 10, TRACE_WHERE
   1705   f8 e2             LDI $E2
   1707   5a                STR 10              ; tracer: in KING_SAFETY_V3
   1708   68 ca 0d f9       RLDI 10, KSV_COLOR
   170c   97                GHI 7
   170d   5a                STR 10              ; stash friendly color (R7.1 becomes piece-sq scratch)
                            ; enemy pointer set: friendly white -> BLACK trackers (KSV_PTAB+6),
                            ; friendly black -> WHITE trackers (KSV_PTAB+0). D still = color.
   170e   68 c8 0d ed       RLDI 8, KSV_PTAB
   1712   ca 17 1d          LBNZ KSV_PSETUP     ; black -> enemy = white set (table base)
   1715   88                GLO 8
   1716   fc 06             ADI 6
   1718   a8                PLO 8
   1719   98                GHI 8
   171a   7c 00             ADCI 0
   171c   b8                PHI 8               ; white -> enemy = black set (base + 6)
   171d                 KSV_PSETUP:
   171d   f8 00             LDI 0
   171f   ab                PLO 11              ; R11.0 = pressure accumulator
   1720   f8 03             LDI 3
   1722   bb                PHI 11              ; R11.1 = phase counter (3 = queen, 2/1 = rooks)
   1723                 KSV_PLOOP:
   1723   48                LDA 8
   1724   ba                PHI 10
   1725   48                LDA 8
   1726   aa                PLO 10              ; R10 = &enemy piece square (big-endian DW entry)
   1727   0a                LDN 10
   1728   fb ff             XRI $FF
   172a   c2 17 7c          LBZ KSV_PNEXT       ; $FF sentinel: piece absent
   172d   0a                LDN 10
   172e   b7                PHI 7               ; R7.1 = piece square
                            ; |file diff| -> R13.0
   172f   97                GHI 7
   1730   fa 07             ANI $07
   1732   52                STR 2
   1733   87                GLO 7
   1734   fa 07             ANI $07
   1736   f7                SM                  ; D = k_file - p_file
   1737   c3 17 3c          LBDF KSV_FD_OK
   173a   fd 00             SDI 0
   173c                 KSV_FD_OK:
   173c   ad                PLO 13
                            ; |rank diff| kept as HIGH NIBBLE -> R13.1 (nibble compare, no shifts)
   173d   97                GHI 7
   173e   fa 70             ANI $70
   1740   52                STR 2
   1741   87                GLO 7
   1742   fa 70             ANI $70
   1744   f7                SM                  ; D = k_ranknib - p_ranknib
   1745   c3 17 4a          LBDF KSV_RD_OK
   1748   fd 00             SDI 0
   174a                 KSV_RD_OK:
   174a   bd                PHI 13
                            ; bears by Chebyshev? (filediff <= 3 AND rankdiff <= 3)
   174b   8d                GLO 13
   174c   ff 04             SMI 4
   174e   c3 17 5a          LBDF KSV_NOTCHEB    ; filediff >= 4
   1751   9d                GHI 13
   1752   ff 40             SMI $40
   1754   c3 17 5a          LBDF KSV_NOTCHEB    ; rankdiff >= 4
   1757   c0 17 6b          LBR KSV_BEARS
   175a                 KSV_NOTCHEB:
                            ; rooks only: same file or same rank still bears. The queen does NOT get
                            ; this test - blocker-blind file/rank fired phantoms (fianchetto Qg7 vs
                            ; Kg1, unmoved Rh8 vs Kh1; 7/2 cold-review finding b).
   175a   9b                GHI 11
   175b   fb 03             XRI 3
   175d   c2 17 7c          LBZ KSV_PNEXT       ; queen phase -> Chebyshev only
   1760   8d                GLO 13
   1761   c2 17 6b          LBZ KSV_BEARS       ; same file
   1764   9d                GHI 13
   1765   c2 17 6b          LBZ KSV_BEARS       ; same rank
   1768   c0 17 7c          LBR KSV_PNEXT
   176b                 KSV_BEARS:
   176b   9b                GHI 11
   176c   fb 03             XRI 3
   176e   ca 17 78          LBNZ KSV_W1
   1771   8b                GLO 11
   1772   fc 02             ADI 2               ; queen weight
   1774   ab                PLO 11
   1775   c0 17 7c          LBR KSV_PNEXT
   1778                 KSV_W1:
   1778   8b                GLO 11
   1779   fc 01             ADI 1               ; rook weight
   177b   ab                PLO 11
   177c                 KSV_PNEXT:
   177c   9b                GHI 11
   177d   ff 01             SMI 1
   177f   bb                PHI 11
   1780   ca 17 23          LBNZ KSV_PLOOP
                            ; SHORT-CIRCUIT: no pressure -> no danger, skip luft + shield
   1783   8b                GLO 11
   1784   c2 18 28          LBZ KSV_ZERO
                            ; clamp pressure to 3 (raw max 4 = Q+R+R)
   1787   ff 04             SMI 4
   1789   cb 17 8f          LBNF KSV_LUFT       ; pressure <= 3 -> keep
   178c   f8 03             LDI 3
   178e   ab                PLO 11
   178f                 KSV_LUFT:
                            ; luft = flight squares among the 8 king neighbors
   178f   f8 00             LDI 0
   1791   bb                PHI 11              ; R11.1 = luft count (phase counter is done)
   1792   68 c8 18 60       RLDI 8, QUEEN_DIRS  ; reuse the 8-direction delta table
   1796   f8 08             LDI 8
   1798   ad                PLO 13              ; R13.0 = directions remaining
   1799                 KSV_LLOOP:
   1799   48                LDA 8
   179a   52                STR 2
   179b   87                GLO 7               ; king sq (R7.0 is never modified)
   179c   f4                ADD                 ; D = neighbor square
   179d   aa                PLO 10
   179e   fa 88             ANI $88
   17a0   ca 17 ba          LBNZ KSV_LNEXT      ; off board
   17a3   f8 60             LDI HIGH(BOARD)
   17a5   ba                PHI 10
   17a6   0a                LDN 10              ; piece at neighbor
   17a7   c2 17 b6          LBZ KSV_LFLIGHT     ; empty -> flight
   17aa   fa 08             ANI $08
   17ac   52                STR 2               ; M(2) = occupant color bit
   17ad   68 ca 0d f9       RLDI 10, KSV_COLOR
   17b1   0a                LDN 10
   17b2   f3                XOR
   17b3   c2 17 ba          LBZ KSV_LNEXT       ; friendly occupant -> blocked
   17b6                 KSV_LFLIGHT:
   17b6   9b                GHI 11
   17b7   fc 01             ADI 1
   17b9   bb                PHI 11
   17ba                 KSV_LNEXT:
   17ba   2d                DEC 13
   17bb   8d                GLO 13
   17bc   ca 17 99          LBNZ KSV_LLOOP
                            ; SATURATE luft 8 -> 7 (explicit cap; masking would read bare king as boxed)
   17bf   9b                GHI 11
   17c0   ff 08             SMI 8
   17c2   cb 17 c8          LBNF KSV_SHIELD     ; luft < 8 -> keep
   17c5   f8 07             LDI 7
   17c7   bb                PHI 11
   17c8                 KSV_SHIELD:
                            ; shield: friendly pawns on the 3 ahead-squares (pressure-gated fold-in)
   17c8   68 ca 0d f9       RLDI 10, KSV_COLOR
   17cc   0a                LDN 10
   17cd   c2 17 d5          LBZ KSV_SH_W
   17d0   f8 f0             LDI $F0             ; black: ahead = one rank toward rank 1
   17d2   c0 17 d7          LBR KSV_SH_GO
   17d5                 KSV_SH_W:
   17d5   f8 10             LDI $10             ; white: ahead = one rank toward rank 8
   17d7                 KSV_SH_GO:
   17d7   52                STR 2               ; M(2) = ahead offset
   17d8   68 ca 0d f9       RLDI 10, KSV_COLOR
   17dc   0a                LDN 10
   17dd   f9 01             ORI 1
   17df   b8                PHI 8               ; R8.1 = friendly pawn code ($01 / $09 = color|1)
   17e0   87                GLO 7
   17e1   f4                ADD                 ; D = center shield square (king + ahead)
   17e2   ff 01             SMI 1
   17e4   aa                PLO 10              ; R10.0 = first shield square (center-1)
   17e5   f8 00             LDI 0
   17e7   bd                PHI 13              ; R13.1 = shield pawn count
   17e8   f8 03             LDI 3
   17ea   a8                PLO 8               ; R8.0 = loop counter (R8.1 safe: no wrap at 3..1)
   17eb                 KSV_SHL:
   17eb   8a                GLO 10
   17ec   fa 88             ANI $88
   17ee   ca 17 ff          LBNZ KSV_SHN        ; off board
   17f1   f8 60             LDI HIGH(BOARD)
   17f3   ba                PHI 10
   17f4   0a                LDN 10
   17f5   52                STR 2
   17f6   98                GHI 8
   17f7   f3                XOR
   17f8   ca 17 ff          LBNZ KSV_SHN        ; not our pawn
   17fb   9d                GHI 13
   17fc   fc 01             ADI 1
   17fe   bd                PHI 13
   17ff                 KSV_SHN:
   17ff   1a                INC 10
   1800   28                DEC 8
   1801   88                GLO 8
   1802   ca 17 eb          LBNZ KSV_SHL
                            ; SHIELD_PEN[3 - count] -> R13.0
   1805   9d                GHI 13
   1806   52                STR 2
   1807   f8 03             LDI 3
   1809   f7                SM
   180a   fc c9             ADI LOW(SHIELD_PEN)
   180c   aa                PLO 10
   180d   f8 0d             LDI HIGH(SHIELD_PEN)
   180f   7c 00             ADCI 0
   1811   ba                PHI 10
   1812   0a                LDN 10
   1813   ad                PLO 13              ; R13.0 = shield penalty (0-100)
                            ; DANGER = shield + DANGER_V3_TABLE[(pressure << 3) | luft]
   1814   8b                GLO 11
   1815   fe                SHL
   1816   fe                SHL
   1817   fe                SHL
   1818   52                STR 2
   1819   9b                GHI 11
   181a   f1                OR                  ; D = table index 0-31
   181b   fc cd             ADI LOW(DANGER_V3_TABLE)
   181d   aa                PLO 10
   181e   f8 0d             LDI HIGH(DANGER_V3_TABLE)
   1820   7c 00             ADCI 0
   1822   ba                PHI 10
   1823   0a                LDN 10              ; table entry (<= 155 by table rule)
   1824   52                STR 2
   1825   8d                GLO 13
   1826   f4                ADD                 ; D = shield + entry (<= 255 by construction, no wrap)
   1827   d5                RETN
   1828                 KSV_ZERO:
   1828   f8 00             LDI 0
   182a   d5                RETN
                        
                        ; ------------------------------------------------------------------------------
                        ; QUEEN_MOBILITY - count empty squares the queen commands (8-direction ray walk).
                        ; The RIGHT instrument for queen activity (2026-06-17): rewards an active/safe queen
                        ; (high mobility), penalizes an idle OR self-caged queen (low mobility), and never
                        ; pays for a sac (a queen moving where it's captured has the SEARCH reject it, not
                        ; this term). Pure mobility -- no per-square attack check (too costly mid-game); the
                        ; search handles tactics. Symmetric (white adds, black subtracts) so a queen trade is
                        ; ~mobility-neutral UNLESS our queen is the less active one, in which case the term
                        ; correctly nudges us to trade it off.
                        ; In:  R7.0 = queen square (0x88; caller guarantees != $FF). Out: D = mobility 0..27.
                        ; Uses R8,R10,R11,R13. Preserves R9,R12. X=2 (mirrors KING_SAFETY).
                        ; ------------------------------------------------------------------------------
   182b                 QUEEN_MOBILITY:
   182b   e2                SEX 2
                        
   182c   68 ca 64 1d       RLDI 10, TRACE_WHERE
   1830   f8 e3             LDI $E3
   1832   5a                STR 10              ; tracer: in QUEEN_MOBILITY
   1833   f8 00             LDI 0
   1835   a8                PLO 8                   ; R8.0 = mobility = 0
   1836   68 ca 18 60       RLDI 10, QUEEN_DIRS     ; R10 -> 8-direction delta table
   183a   f8 08             LDI 8
   183c   ad                PLO 13                  ; R13.0 = directions remaining
   183d                 QM_DIR:
   183d   4a                LDA 10                  ; D = delta, R10++
   183e   b8                PHI 8                   ; R8.1 = delta
   183f   f8 60             LDI HIGH(BOARD)
   1841   bb                PHI 11
   1842   87                GLO 7
   1843   ab                PLO 11                  ; R11 = &BOARD[queen sq]
   1844                 QM_STEP:
   1844   8b                GLO 11
   1845   52                STR 2                   ; M(2) = current ray square (low byte)
   1846   98                GHI 8                   ; D = delta
   1847   f4                ADD                     ; D = square + delta
   1848   ab                PLO 11                  ; R11.0 = next ray square
   1849   fa 88             ANI $88
   184b   ca 18 59          LBNZ QM_NEXT            ; off board -> end this ray
   184e   0b                LDN 11                  ; D = BOARD[next square]
   184f   ca 18 59          LBNZ QM_NEXT            ; occupied -> blocked, end this ray
   1852   88                GLO 8
   1853   fc 01             ADI 1
   1855   a8                PLO 8                   ; empty -> mobility++
   1856   c0 18 44          LBR QM_STEP
   1859                 QM_NEXT:
   1859   2d                DEC 13
   185a   8d                GLO 13
   185b   ca 18 3d          LBNZ QM_DIR
   185e   88                GLO 8                   ; D = mobility count
   185f   d5                RETN
   1860                 QUEEN_DIRS:
   1860   f0 10 01 ff       DB DIR_N, DIR_S, DIR_E, DIR_W, DIR_NE, DIR_NW, DIR_SE, DIR_SW
   1864   f1 ef 11 0f   
                        
                        ; ==============================================================================
                        ; End of Evaluation
                        ; (EVAL_WITH_PST/EVAL_PST_SCAN/EVAL_PST_NEXT stub family removed 2026-06-04 —
                        ;  zero call-sites; reclaimed for SEE. EVALUATE_MATERIAL kept, 1 live caller.)
                        ; ==============================================================================
                        ; ==============================================================================
                        ; RCA 1802/1806 Chess Engine - Piece-Square Tables
                        ; ==============================================================================
                        ; Positional bonuses based on piece placement
                        ; Values in centipawns (signed 8-bit: -128 to +127)
                        ;
                        ; Tables are from White's perspective (flip for Black)
                        ; Total size: 6 tables x 64 squares = 384 bytes
                        ; ==============================================================================
                        
                        ; ------------------------------------------------------------------------------
                        ; PAWN PST - Encourage central pawns and advancement
                        ; ------------------------------------------------------------------------------
                        ; Index 0-7 = Rank 1 (a1-h1), Index 56-63 = Rank 8 (a8-h8)
                        ; For White: index = rank*8 + file (rank 0 = Rank 1)
                        ; For Black: index XOR $38 flips rank (Black's Rank 8 maps to Rank 1 values)
                        ; ------------------------------------------------------------------------------
   1868                 PST_PAWN:
                            ; Rank 1 (index 0-7) - pawns never here
   1868   00 00 00 00       DB  0,  0,  0,  0,  0,  0,  0,  0
   186c   00 00 00 00   
                            ; Rank 2 (index 8-15) - starting position
   1870   05 0a 0a ec       DB  5, 10, 10,-20,-20, 10, 10,  5
   1874   ec 0a 0a 05   
                            ; Rank 3 (index 16-23)
   1878   05 fb f6 00       DB  5, -5,-10,  0,  0,-10, -5,  5
   187c   00 f6 fb 05   
                            ; Rank 4 (index 24-31) - center control
   1880   00 00 00 14       DB  0,  0,  0, 20, 20,  0,  0,  0
   1884   14 00 00 00   
                            ; Rank 5 (index 32-39)
   1888   05 05 0a 19       DB  5,  5, 10, 25, 25, 10,  5,  5
   188c   19 0a 05 05   
                            ; Rank 6 (index 40-47)
   1890   0a 0a 14 1e       DB 10, 10, 20, 30, 30, 20, 10, 10
   1894   1e 14 0a 0a   
                            ; Rank 7 (index 48-55) - about to promote!
   1898   32 32 32 32       DB 50, 50, 50, 50, 50, 50, 50, 50
   189c   32 32 32 32   
                            ; Rank 8 (index 56-63) - promotion rank
   18a0   00 00 00 00       DB  0,  0,  0,  0,  0,  0,  0,  0
   18a4   00 00 00 00   
                        
                        ; ------------------------------------------------------------------------------
                        ; KNIGHT PST - Knights love the center, hate the rim
                        ; ------------------------------------------------------------------------------
   18a8                 PST_KNIGHT:
                            ; Rank 1
   18a8   ce d8 e2 e2       DB -50,-40,-30,-30,-30,-30,-40,-50
   18ac   e2 e2 d8 ce   
                            ; Rank 2
   18b0   d8 ec 00 05       DB -40,-20,  0,  5,  5,  0,-20,-40
   18b4   05 00 ec d8   
                            ; Rank 3
   18b8   e2 05 0a 0f       DB -30,  5, 10, 15, 15, 10,  5,-30
   18bc   0f 0a 05 e2   
                            ; Rank 4
   18c0   e2 00 0f 14       DB -30,  0, 15, 20, 20, 15,  0,-30
   18c4   14 0f 00 e2   
                            ; Rank 5
   18c8   e2 05 0f 14       DB -30,  5, 15, 20, 20, 15,  5,-30
   18cc   14 0f 05 e2   
                            ; Rank 6
   18d0   e2 00 0a 0f       DB -30,  0, 10, 15, 15, 10,  0,-30
   18d4   0f 0a 00 e2   
                            ; Rank 7
   18d8   d8 ec 00 00       DB -40,-20,  0,  0,  0,  0,-20,-40
   18dc   00 00 ec d8   
                            ; Rank 8
   18e0   ce d8 e2 e2       DB -50,-40,-30,-30,-30,-30,-40,-50
   18e4   e2 e2 d8 ce   
                        
                        ; ------------------------------------------------------------------------------
                        ; BISHOP PST - Avoid corners, prefer long diagonals
                        ; ------------------------------------------------------------------------------
   18e8                 PST_BISHOP:
                            ; Rank 1 - penalize undeveloped bishops on c1/f1
   18e8   ec f6 f1 f6       DB -20,-10,-15,-10,-10,-15,-10,-20
   18ec   f6 f1 f6 ec   
                            ; Rank 2
   18f0   f6 05 00 00       DB -10,  5,  0,  0,  0,  0,  5,-10
   18f4   00 00 05 f6   
                            ; Rank 3
   18f8   f6 0a 0a 0a       DB -10, 10, 10, 10, 10, 10, 10,-10
   18fc   0a 0a 0a f6   
                            ; Rank 4
   1900   f6 00 0a 0a       DB -10,  0, 10, 10, 10, 10,  0,-10
   1904   0a 0a 00 f6   
                            ; Rank 5
   1908   f6 05 05 0a       DB -10,  5,  5, 10, 10,  5,  5,-10
   190c   0a 05 05 f6   
                            ; Rank 6
   1910   f6 00 05 0a       DB -10,  0,  5, 10, 10,  5,  0,-10
   1914   0a 05 00 f6   
                            ; Rank 7
   1918   f6 00 00 00       DB -10,  0,  0,  0,  0,  0,  0,-10
   191c   00 00 00 f6   
                            ; Rank 8
   1920   ec f6 f6 f6       DB -20,-10,-10,-10,-10,-10,-10,-20
   1924   f6 f6 f6 ec   
                        
                        ; ------------------------------------------------------------------------------
                        ; ROOK PST - 7th rank is golden, open files later
                        ; ------------------------------------------------------------------------------
   1928                 PST_ROOK:
                            ; Rank 1 - penalize undeveloped corner rooks, prefer central
   1928   f1 00 00 05       DB -15,  0,  0,  5,  5,  0,  0,-15
   192c   05 00 00 f1   
                            ; Rank 2
   1930   fb 00 00 00       DB -5,  0,  0,  0,  0,  0,  0, -5
   1934   00 00 00 fb   
                            ; Rank 3
   1938   fb 00 00 00       DB -5,  0,  0,  0,  0,  0,  0, -5
   193c   00 00 00 fb   
                            ; Rank 4
   1940   fb 00 00 00       DB -5,  0,  0,  0,  0,  0,  0, -5
   1944   00 00 00 fb   
                            ; Rank 5
   1948   fb 00 00 00       DB -5,  0,  0,  0,  0,  0,  0, -5
   194c   00 00 00 fb   
                            ; Rank 6
   1950   fb 00 00 00       DB -5,  0,  0,  0,  0,  0,  0, -5
   1954   00 00 00 fb   
                            ; Rank 7 - "pig" on 7th rank
   1958   05 0a 0a 0a       DB  5, 10, 10, 10, 10, 10, 10,  5
   195c   0a 0a 0a 05   
                            ; Rank 8
   1960   00 00 00 00       DB  0,  0,  0,  0,  0,  0,  0,  0
   1964   00 00 00 00   
                        
                        ; ------------------------------------------------------------------------------
                        ; QUEEN PST - Slight preference for center, avoid early development
                        ; ------------------------------------------------------------------------------
   1968                 PST_QUEEN:
                            ; Rank 1 - starting position OK
   1968   ec f6 f6 fb       DB -20,-10,-10, -5, -5,-10,-10,-20
   196c   fb f6 f6 ec   
                            ; Rank 2
   1970   f6 00 05 00       DB -10,  0,  5,  0,  0,  0,  0,-10
   1974   00 00 00 f6   
                            ; Rank 3
   1978   f6 05 05 05       DB -10,  5,  5,  5,  5,  5,  0,-10
   197c   05 05 00 f6   
                            ; Rank 4
   1980   00 00 05 05       DB   0,  0,  5,  5,  5,  5,  0, -5
   1984   05 05 00 fb   
                            ; Rank 5
   1988   fb 00 05 05       DB  -5,  0,  5,  5,  5,  5,  0, -5
   198c   05 05 00 fb   
                            ; Rank 6
   1990   f6 00 05 05       DB -10,  0,  5,  5,  5,  5,  0,-10
   1994   05 05 00 f6   
                            ; Rank 7 - penalize edge squares in enemy territory
   1998   ec f6 00 00       DB -20,-10,  0,  0,  0,  0,-10,-20
   199c   00 00 f6 ec   
                            ; Rank 8 - heavy penalty for deep queen raids
   19a0   e2 ec ec f6       DB -30,-20,-20,-10,-10,-20,-20,-30
   19a4   f6 ec ec e2   
                        
                        ; ------------------------------------------------------------------------------
                        ; KING PST (Middlegame) - Castle! Stay safe on the side
                        ; ------------------------------------------------------------------------------
   19a8                 PST_KING:
                            ; Rank 1 - castled king is safest (b1/g1 kingside, c1 queenside).
                            ; NOTE (2026-07-08): a context-free kingside-over-queenside notch was
                            ; tried here (10,30,15,...) and REVERTED same day — control probe
                            ; test_castle_control2_win17 showed it taxing quiet-queen O-O-O wins
                            ; (displaced a game-winning castle at balanced eval). The anti-storm
                            ; bias lives in OOO_DISCOMFORT (overflow-7b00.asm) instead, gated on
                            ; an actual developed enemy queen — zero tax on quiet positions.
   19a8   14 3c 28 ec       DB  20, 60, 40,-20,-20, 10, 60, 20
   19ac   ec 0a 3c 14   
                            ; Rank 2 - behind pawn shelter OK
   19b0   14 14 f6 e2       DB  20, 20,-10,-30,-30,-10, 20, 20
   19b4   e2 f6 14 14   
                            ; Rank 3
   19b8   f6 ec ec ec       DB -10,-20,-20,-20,-20,-20,-20,-10
   19bc   ec ec ec f6   
                            ; Rank 4
   19c0   ec e2 e2 d8       DB -20,-30,-30,-40,-40,-30,-30,-20
   19c4   d8 e2 e2 ec   
                            ; Rank 5
   19c8   e2 d8 d8 ce       DB -30,-40,-40,-50,-50,-40,-40,-30
   19cc   ce d8 d8 e2   
                            ; Rank 6
   19d0   e2 d8 d8 ce       DB -30,-40,-40,-50,-50,-40,-40,-30
   19d4   ce d8 d8 e2   
                            ; Rank 7
   19d8   e2 d8 d8 ce       DB -30,-40,-40,-50,-50,-40,-40,-30
   19dc   ce d8 d8 e2   
                            ; Rank 8
   19e0   e2 d8 d8 ce       DB -30,-40,-40,-50,-50,-40,-40,-30
   19e4   ce d8 d8 e2   
                        
                        ; ==============================================================================
                        ; PST Table Address Lookup
                        ; ==============================================================================
                        ; Index by piece type (1-6) to get table address
   19e8                 PST_TABLE_LO:
   19e8   00                DB 0                    ; 0 = empty (unused)
   19e9   68                DB LOW(PST_PAWN)        ; 1 = pawn
   19ea   a8                DB LOW(PST_KNIGHT)      ; 2 = knight
   19eb   e8                DB LOW(PST_BISHOP)      ; 3 = bishop
   19ec   28                DB LOW(PST_ROOK)        ; 4 = rook
   19ed   68                DB LOW(PST_QUEEN)       ; 5 = queen
   19ee   a8                DB LOW(PST_KING)        ; 6 = king
                        
   19ef                 PST_TABLE_HI:
   19ef   00                DB 0
   19f0   18                DB HIGH(PST_PAWN)
   19f1   18                DB HIGH(PST_KNIGHT)
   19f2   18                DB HIGH(PST_BISHOP)
   19f3   19                DB HIGH(PST_ROOK)
   19f4   19                DB HIGH(PST_QUEEN)
   19f5   19                DB HIGH(PST_KING)
                        
                        ; ==============================================================================
                        ; EVAL_PST - Add piece-square table bonuses to score
                        ; ==============================================================================
                        ; Input:  6 = current score (material)
                        ; Output: 6 = score + PST bonuses
                        ; Uses:   A, D, E, F
                        ;
                        ; Algorithm:
                        ;   For each piece on board:
                        ;     1. Get piece type and color
                        ;     2. Convert 0x88 square to 0-63 index
                        ;     3. For black pieces, flip the rank (mirror vertically)
                        ;     4. Look up PST value
                        ;     5. Add (white) or subtract (black) from score
                        ; ==============================================================================
   19f6                 EVAL_PST:
                            ; Ensure X=2 for all stack operations
   19f6   e2                SEX 2
                        
                            ; Save score (R9 is score accumulator, NOT R6 which is SCRT linkage!)
   19f7   89                GLO 9
   19f8   73                STXD
   19f9   99                GHI 9
   19fa   73                STXD
                        
                            ; Save R15 (used by caller for move count in quiescence search)
   19fb   8f                GLO 15
   19fc   73                STXD
   19fd   9f                GHI 15
   19fe   73                STXD
                        
                            ; Initialize PST accumulator
   19ff   f8 00             LDI 0
   1a01   b7                PHI 7
   1a02   a7                PLO 7               ; 7 = 0
                        
                            ; Point to board
   1a03   68 ca 60 00       RLDI 10, BOARD
                        
                            ; Loop counter in memory (R14 is off-limits - BIOS uses it!)
   1a07   68 c8 64 40       RLDI 8, EVAL_TEMP1
   1a0b   f8 00             LDI 0
   1a0d   58                STR 8               ; EVAL_TEMP1 = 0 (square index)
                        
   1a0e                 EVAL_PST_LOOP:
                            ; Check if valid square (load from memory)
   1a0e   68 c8 64 40       RLDI 8, EVAL_TEMP1
   1a12   08                LDN 8               ; D = square index
   1a13   fa 88             ANI $88
   1a15   ca 1a 8c          LBNZ EVAL_PST_NEXT_SQ
                        
                            ; Load piece
   1a18   0a                LDN 10
   1a19   c2 1a 8c          LBZ EVAL_PST_NEXT_SQ ; Empty square
                        
                            ; Save piece
   1a1c   af                PLO 15               ; F.0 = piece
                        
                            ; Get piece type
   1a1d   fa 07             ANI PIECE_MASK
   1a1f   ad                PLO 13               ; D.0 = piece type (1-6)
                        
                            ; Get PST table address for this piece type
   1a20   68 cb 19 e8       RLDI 11, PST_TABLE_LO
   1a24   8d                GLO 13               ; Piece type
   1a25   52                STR 2
   1a26   8b                GLO 11
   1a27   f4                ADD
   1a28   ab                PLO 11
   1a29   9b                GHI 11
   1a2a   7c 00             ADCI 0
   1a2c   bb                PHI 11               ; Propagate carry across page boundary
   1a2d   0b                LDN 11               ; D = low byte of PST address
   1a2e   bd                PHI 13               ; Save in D.1 temporarily
                        
   1a2f   68 cb 19 ef       RLDI 11, PST_TABLE_HI
   1a33   8d                GLO 13               ; Piece type (still in D.0? No, need to reload)
   1a34   8f                GLO 15               ; Get piece back
   1a35   fa 07             ANI PIECE_MASK
   1a37   52                STR 2
   1a38   8b                GLO 11
   1a39   f4                ADD
   1a3a   ab                PLO 11
   1a3b   0b                LDN 11               ; High byte of PST address
   1a3c   bb                PHI 11
   1a3d   9d                GHI 13               ; Low byte (saved earlier)
   1a3e   ab                PLO 11               ; B = PST table base for this piece
                        
                            ; Convert 0x88 square to 0-63 index
                            ; Index = (rank * 8) + file
                            ; For 0x88: rank = sq >> 4, file = sq & 7
                            ; Load square from memory (R14 is off-limits!)
   1a3f   68 c8 64 40       RLDI 8, EVAL_TEMP1
   1a43   08                LDN 8               ; D = square (0x88 format)
   1a44   73                STXD                ; Save square on stack for reuse
   1a45   fa 07             ANI $07             ; File (0-7)
   1a47   ad                PLO 13               ; D.0 = file
                        
   1a48   60                IRX
   1a49   f0                LDX                 ; D = square again
   1a4a   fa 70             ANI $70             ; Rank * 16
   1a4c   f6                SHR                 ; Rank * 8
   1a4d   52                STR 2
   1a4e   8d                GLO 13
   1a4f   f4                ADD                 ; Index = rank*8 + file
   1a50   ad                PLO 13               ; D.0 = 0-63 index
                        
                            ; For black pieces, flip the index (mirror board)
                            ; New index = 63 - index = (7-rank)*8 + (7-file)
                            ; Simpler: XOR with $38 flips rank (keeps file same within rank)
   1a51   8f                GLO 15               ; Get piece
   1a52   fa 08             ANI COLOR_MASK
   1a54   c2 1a 5b          LBZ EVAL_PST_WHITE   ; long branch: insertion shifted page boundary
                        
                            ; Black piece - flip rank
   1a57   8d                GLO 13
   1a58   fb 38             XRI $38             ; Flip rank bits
   1a5a   ad                PLO 13
                        
   1a5b                 EVAL_PST_WHITE:
                            ; Look up PST value
   1a5b   8d                GLO 13               ; Index
   1a5c   52                STR 2
   1a5d   8b                GLO 11
   1a5e   f4                ADD
   1a5f   ab                PLO 11
   1a60   9b                GHI 11
   1a61   7c 00             ADCI 0
   1a63   bb                PHI 11
   1a64   0b                LDN 11               ; D = PST value (signed 8-bit)
                        
                            ; Extend sign to 16-bit
   1a65   ad                PLO 13               ; D.0 = PST value
   1a66   fa 80             ANI $80             ; Check sign bit
   1a68   c2 1a 71          LBZ EVAL_PST_POSITIVE
   1a6b   f8 ff             LDI $FF
   1a6d   bd                PHI 13               ; D = sign-extended negative
   1a6e   c0 1a 74          LBR EVAL_PST_ADD
                        
   1a71                 EVAL_PST_POSITIVE:
   1a71   f8 00             LDI 0
   1a73   bd                PHI 13               ; D = sign-extended positive
                        
   1a74                 EVAL_PST_ADD:
                            ; Add or subtract based on color
   1a74   8f                GLO 15               ; Get piece
   1a75   fa 08             ANI COLOR_MASK
   1a77   c2 1a 82          LBZ EVAL_PST_ADD_WHITE
                        
                            ; Black - subtract from accumulator (7 = 7 - D)
                            ; Actually: negate D, then add
   1a7a   8d                GLO 13
   1a7b   fd 00             SDI 0               ; D.0 = -D.0
   1a7d   ad                PLO 13
   1a7e   9d                GHI 13
   1a7f   7d 00             SDBI 0              ; D.1 = -D.1 - borrow
   1a81   bd                PHI 13
                        
   1a82                 EVAL_PST_ADD_WHITE:
                            ; Add D to accumulator (7)
   1a82   8d                GLO 13
   1a83   52                STR 2
   1a84   87                GLO 7
   1a85   f4                ADD
   1a86   a7                PLO 7
                        
   1a87   9d                GHI 13
   1a88   52                STR 2
   1a89   97                GHI 7
   1a8a   74                ADC
   1a8b   b7                PHI 7
                        
   1a8c                 EVAL_PST_NEXT_SQ:
   1a8c   1a                INC 10               ; Next board position
                            ; Increment square index in memory (R14 is off-limits!)
   1a8d   68 c8 64 40       RLDI 8, EVAL_TEMP1
   1a91   08                LDN 8               ; D = square index
   1a92   fc 01             ADI 1               ; Increment
   1a94   58                STR 8               ; Store back
   1a95   fb 80             XRI $80             ; Done when index = 128
   1a97   ca 1a 0e          LBNZ EVAL_PST_LOOP
                        
                            ; Add PST accumulator to score
                            ; Restore R15 first (LIFO - it was pushed last)
   1a9a   60                IRX
   1a9b   72                LDXA
   1a9c   bf                PHI 15
   1a9d   f0                LDX
   1a9e   af                PLO 15
                        
                            ; Now restore material score (R9)
   1a9f   60                IRX
   1aa0   72                LDXA
   1aa1   b9                PHI 9
   1aa2   f0                LDX
   1aa3   a9                PLO 9
                        
                            ; R9 = R9 + R7
   1aa4   87                GLO 7
   1aa5   52                STR 2
   1aa6   89                GLO 9
   1aa7   f4                ADD
   1aa8   a9                PLO 9
                        
   1aa9   97                GHI 7
   1aaa   52                STR 2
   1aab   99                GHI 9
   1aac   74                ADC
   1aad   b9                PHI 9
                        
   1aae   d5                RETN
                        
                        ; ==============================================================================
                        ; End of Piece-Square Tables
                        ; ==============================================================================
                        ; ==============================================================================
                        ; RCA 1802/1806 Chess Engine - Endgame Heuristics
                        ; ==============================================================================
                        ; Special evaluation bonuses for endgame positions:
                        ; 1. King centralization when material is low
                        ; 2. Drive enemy king to edge/corner in winning positions
                        ; 3. Passed pawn bonus
                        ; ==============================================================================
                        
                        ; Endgame threshold (in centipawns of total material)
                        ; Below this, we're in the endgame
                        ; Roughly: 2 rooks + 2 minor = 2*500 + 2*325 = 1650
   0068                 ENDGAME_THRESHOLD_LO    EQU $68     ; 1640 = $0668
   0006                 ENDGAME_THRESHOLD_HI    EQU $06
                        
                        ; King centralization table (bonus for king being in center during endgame)
                        ; Higher values in center, lower on edges
   1aaf                 KING_CENTER_TABLE:
                            ; Rank 8
   1aaf   e2 ec f6 00       DB -30,-20,-10,  0,  0,-10,-20,-30
   1ab3   00 f6 ec e2   
                            ; Rank 7
   1ab7   ec f6 00 0a       DB -20,-10,  0, 10, 10,  0,-10,-20
   1abb   0a 00 f6 ec   
                            ; Rank 6
   1abf   f6 00 0a 14       DB -10,  0, 10, 20, 20, 10,  0,-10
   1ac3   14 0a 00 f6   
                            ; Rank 5
   1ac7   00 0a 14 1e       DB   0, 10, 20, 30, 30, 20, 10,  0
   1acb   1e 14 0a 00   
                            ; Rank 4
   1acf   00 0a 14 1e       DB   0, 10, 20, 30, 30, 20, 10,  0
   1ad3   1e 14 0a 00   
                            ; Rank 3
   1ad7   f6 00 0a 14       DB -10,  0, 10, 20, 20, 10,  0,-10
   1adb   14 0a 00 f6   
                            ; Rank 2
   1adf   ec f6 00 0a       DB -20,-10,  0, 10, 10,  0,-10,-20
   1ae3   0a 00 f6 ec   
                            ; Rank 1
   1ae7   e2 ec f6 00       DB -30,-20,-10,  0,  0,-10,-20,-30
   1aeb   00 f6 ec e2   
                        
                        ; King to edge table (bonus for enemy king on edge/corner — drive-to-mate)
                        ; Use this when we're winning to drive enemy king to corner.
                        ; Higher values at edges/corners, lower in center.
                        ; Retuned 2026-06-15: steepened ~1.5x toward corners (proven mate-shuffle:
                        ; R+Q+5P vs lone K dawdled ~22 moves, eval flat — the edge gradient was too
                        ; shallow to actively squeeze the enemy king to a corner). Max 90, SHL'd to
                        ; 180cp at the corner (still <256, no byte overflow). Zero new bytes.
   1aef                 KING_EDGE_TABLE:
                            ; Rank 8
   1aef   5a 4b 3c 2d       DB  90, 75, 60, 45, 45, 60, 75, 90
   1af3   2d 3c 4b 5a   
                            ; Rank 7
   1af7   4b 3c 2d 1e       DB  75, 60, 45, 30, 30, 45, 60, 75
   1afb   1e 2d 3c 4b   
                            ; Rank 6
   1aff   3c 2d 1e 0f       DB  60, 45, 30, 15, 15, 30, 45, 60
   1b03   0f 1e 2d 3c   
                            ; Rank 5
   1b07   2d 1e 0f 00       DB  45, 30, 15,  0,  0, 15, 30, 45
   1b0b   00 0f 1e 2d   
                            ; Rank 4
   1b0f   2d 1e 0f 00       DB  45, 30, 15,  0,  0, 15, 30, 45
   1b13   00 0f 1e 2d   
                            ; Rank 3
   1b17   3c 2d 1e 0f       DB  60, 45, 30, 15, 15, 30, 45, 60
   1b1b   0f 1e 2d 3c   
                            ; Rank 2
   1b1f   4b 3c 2d 1e       DB  75, 60, 45, 30, 30, 45, 60, 75
   1b23   1e 2d 3c 4b   
                            ; Rank 1
   1b27   5a 4b 3c 2d       DB  90, 75, 60, 45, 45, 60, 75, 90
   1b2b   2d 3c 4b 5a   
                        
                        ; ------------------------------------------------------------------------------
                        ; KING_PROX_BONUS - friendly-king-to-enemy-king proximity, indexed by Chebyshev
                        ; distance (0-7). The missing mating ingredient: edging the enemy king alone
                        ; never mates — the winning side's king must march up to support. Small-distance
                        ; = high bonus gives the shallow search a downhill gradient to walk the king in.
                        ; Kings can never be adjacent (dist<2 illegal), so 2 = closest = max pull.
                        ; ------------------------------------------------------------------------------
                        ; Retuned 2026-06-15: ~4x stronger (was 0,0,40,32,24,16,8,0 = 8cp/step).
                        ; PROVEN bottleneck: in the R+Q+5P vs K mate the winning king refused to march
                        ; (g1<->h1<->f1 shuffle for ~11 moves) because closing toward the enemy king
                        ; netted only +8cp — tied with shuffling, so the engine wouldn't commit. The
                        ; mate appeared the instant the king finally reached the enemy. Now ~30-35cp/
                        ; step so each marching step clearly beats a wait move. Max 150 < passer/runner
                        ; bonuses (250-600) so this never pulls the king off a passer in a K+P race.
   1b2f                 KING_PROX_BONUS:
   1b2f   00 00 96 73       DB   0,  0,150,115, 80, 50, 25,  0   ; dist 0..7 (~30-35cp/step march)
   1b33   50 32 19 00   
                        
                        ; ==============================================================================
                        ; EVAL_ENDGAME - Add endgame-specific bonuses
                        ; ==============================================================================
                        ; Input:  6 = current score (material + PST)
                        ;         7 = total material on board (calculated externally, or we calculate)
                        ; Output: 6 = score with endgame bonuses
                        ; Uses:   A, B, D, E, F
                        ;
                        ; Logic:
                        ;   1. Check if we're in endgame (material below threshold)
                        ;   2. If endgame:
                        ;      - Add king centralization bonus for friendly king
                        ;      - If winning significantly, add enemy king edge bonus
                        ; ==============================================================================
   1b37                 EVAL_ENDGAME:
                            ; First, calculate total material to determine if we're in endgame
                            ; We'll do a quick scan counting major/minor pieces
   1b37   d4 1b f1          CALL CALC_TOTAL_MATERIAL
                            ; Returns: 7 = total material (both sides combined, no pawns)
                        
                            ; Compare with endgame threshold
                            ; If 7 < threshold, we're in endgame
   1b3a   f8 68             LDI ENDGAME_THRESHOLD_LO
   1b3c   52                STR 2
   1b3d   87                GLO 7
   1b3e   f7                SM                  ; D = 7.0 - threshold.0
   1b3f   ad                PLO 13
   1b40   f8 06             LDI ENDGAME_THRESHOLD_HI
   1b42   52                STR 2
   1b43   97                GHI 7
   1b44   77                SMB                 ; D = 7.1 - threshold.1 - borrow
                        
                            ; If result is negative (DF=0), we're in endgame
   1b45   c3 1b f0          LBDF EVAL_EG_DONE    ; Not in endgame, skip
                        
                            ; === IN ENDGAME ===
                        
                            ; Get our king position and add centralization bonus
   1b48   68 ca 60 80       RLDI 10, GAME_STATE + STATE_SIDE_TO_MOVE
   1b4c   0a                LDN 10               ; D = side to move
                        
   1b4d   c2 1b 66          LBZ EVAL_EG_WHITE_KING
                        
   1b50                 EVAL_EG_BLACK_KING:
                            ; Black to move - get black king position
   1b50   68 ca 60 87       RLDI 10, GAME_STATE + STATE_B_KING_SQ
   1b54   0a                LDN 10               ; D = black king square
                            ; Store our king square in memory (R14 is off-limits!)
   1b55   73                STXD                 ; Save on stack temporarily
   1b56   68 c8 64 40       RLDI 8, EVAL_TEMP1
   1b5a   60                IRX
   1b5b   f0                LDX
   1b5c   58                STR 8               ; EVAL_TEMP1 = our king square
                        
                            ; Get enemy (white) king for edge penalty
   1b5d   68 ca 60 86       RLDI 10, GAME_STATE + STATE_W_KING_SQ
   1b61   0a                LDN 10
   1b62   af                PLO 15               ; F.0 = enemy king square
   1b63   c0 1b 79          LBR EVAL_EG_CALC
                        
   1b66                 EVAL_EG_WHITE_KING:
                            ; White to move - get white king position
   1b66   68 ca 60 86       RLDI 10, GAME_STATE + STATE_W_KING_SQ
   1b6a   0a                LDN 10
                            ; Store our king square in memory (R14 is off-limits!)
   1b6b   73                STXD                 ; Save on stack temporarily
   1b6c   68 c8 64 40       RLDI 8, EVAL_TEMP1
   1b70   60                IRX
   1b71   f0                LDX
   1b72   58                STR 8               ; EVAL_TEMP1 = our king square
                        
                            ; Get enemy (black) king for edge penalty
   1b73   68 ca 60 87       RLDI 10, GAME_STATE + STATE_B_KING_SQ
   1b77   0a                LDN 10
   1b78   af                PLO 15               ; F.0 = enemy king square
                        
   1b79                 EVAL_EG_CALC:
                            ; Convert our king square to 0-63 index (load from EVAL_TEMP1)
   1b79   68 c8 64 40       RLDI 8, EVAL_TEMP1
   1b7d   08                LDN 8               ; D = our king square
   1b7e   73                STXD                ; Save for reuse
   1b7f   fa 07             ANI $07             ; File
   1b81   ad                PLO 13
   1b82   60                IRX
   1b83   f0                LDX                 ; D = king square again
   1b84   fa 70             ANI $70             ; Rank * 16
   1b86   f6                SHR                 ; Rank * 8
   1b87   52                STR 2
   1b88   8d                GLO 13
   1b89   f4                ADD                 ; Index = rank*8 + file
   1b8a   ad                PLO 13               ; D.0 = index
                        
                            ; Look up centralization bonus
   1b8b   68 cb 1a af       RLDI 11, KING_CENTER_TABLE
   1b8f   8d                GLO 13
   1b90   52                STR 2
   1b91   8b                GLO 11
   1b92   f4                ADD
   1b93   ab                PLO 11
   1b94   9b                GHI 11
   1b95   7c 00             ADCI 0
   1b97   bb                PHI 11
   1b98   0b                LDN 11               ; D = centralization bonus (signed)
                        
                            ; Add to score (6) - sign extend and add using memory temps
                            ; (R14 is off-limits - BIOS uses it!)
   1b99   73                STXD                ; Save value on stack
   1b9a   68 c8 64 40       RLDI 8, EVAL_TEMP1
   1b9e   60                IRX
   1b9f   f0                LDX                 ; D = value
   1ba0   58                STR 8               ; EVAL_TEMP1 = low byte
   1ba1   fa 80             ANI $80
   1ba3   c2 1b ab          LBZ EVAL_EG_CENTER_POS
   1ba6   f8 ff             LDI $FF
   1ba8   c0 1b ad          LBR EVAL_EG_CENTER_STORE_HI
   1bab                 EVAL_EG_CENTER_POS:
   1bab   f8 00             LDI 0
   1bad                 EVAL_EG_CENTER_STORE_HI:
   1bad   18                INC 8               ; Point to EVAL_TEMP2
   1bae   58                STR 8               ; EVAL_TEMP2 = high byte (sign extension)
                        
   1baf                 EVAL_EG_CENTER_ADD:
                            ; Add 16-bit value from memory to R9 (score accumulator, NOT R6!)
   1baf   68 c8 64 40       RLDI 8, EVAL_TEMP1
   1bb3   08                LDN 8               ; D = low byte
   1bb4   52                STR 2
   1bb5   89                GLO 9
   1bb6   f4                ADD
   1bb7   a9                PLO 9
   1bb8   18                INC 8
   1bb9   08                LDN 8               ; D = high byte
   1bba   52                STR 2
   1bbb   99                GHI 9
   1bbc   74                ADC
   1bbd   b9                PHI 9
                        
                            ; Now check if we're winning significantly (score > 200 centipawns)
                            ; If so, add bonus for enemy king being on edge
   1bbe   99                GHI 9
   1bbf   fa 80             ANI $80             ; Check sign
   1bc1   ca 1b f0          LBNZ EVAL_EG_DONE    ; We're losing, don't push enemy king
                        
                            ; Check if score > 200
   1bc4   99                GHI 9
   1bc5   ca 1b ce          LBNZ EVAL_EG_ENEMY_KING ; High byte > 0, definitely > 200
   1bc8   89                GLO 9
   1bc9   ff c8             SMI 200
   1bcb   cb 1b f0          LBNF EVAL_EG_DONE    ; Score < 200, skip enemy king bonus
                        
   1bce                 EVAL_EG_ENEMY_KING:
                            ; Convert enemy king square (F.0) to 0-63 index
   1bce   8f                GLO 15
   1bcf   fa 07             ANI $07             ; File
   1bd1   ad                PLO 13
   1bd2   8f                GLO 15
   1bd3   fa 70             ANI $70             ; Rank * 16
   1bd5   f6                SHR                 ; Rank * 8
   1bd6   52                STR 2
   1bd7   8d                GLO 13
   1bd8   f4                ADD
   1bd9   ad                PLO 13               ; D.0 = index
                        
                            ; Look up edge bonus (penalty for enemy king in center)
   1bda   68 cb 1a ef       RLDI 11, KING_EDGE_TABLE
   1bde   8d                GLO 13
   1bdf   52                STR 2
   1be0   8b                GLO 11
   1be1   f4                ADD
   1be2   ab                PLO 11
   1be3   9b                GHI 11
   1be4   7c 00             ADCI 0
   1be6   bb                PHI 11
   1be7   0b                LDN 11               ; D = edge bonus
                        
                            ; Add to score (unsigned, always positive) - R9 is score!
   1be8   52                STR 2
   1be9   89                GLO 9
   1bea   f4                ADD
   1beb   a9                PLO 9
   1bec   99                GHI 9
   1bed   7c 00             ADCI 0
   1bef   b9                PHI 9
                        
   1bf0                 EVAL_EG_DONE:
   1bf0   d5                RETN
                        
                        ; ==============================================================================
                        ; CALC_TOTAL_MATERIAL - Calculate total non-pawn material on board
                        ; ==============================================================================
                        ; Output: 7 = total material (knights, bishops, rooks, queens)
                        ; Used to determine if we're in endgame
                        ; ==============================================================================
   1bf1                 CALC_TOTAL_MATERIAL:
                            ; Initialize
   1bf1   f8 00             LDI 0
   1bf3   b7                PHI 7
   1bf4   a7                PLO 7               ; 7 = 0
                        
   1bf5   68 ca 60 00       RLDI 10, BOARD
                        
                            ; Square counter in memory (R14 is off-limits!)
   1bf9   68 c8 64 40       RLDI 8, EVAL_TEMP1
   1bfd   f8 00             LDI 0
   1bff   58                STR 8               ; EVAL_TEMP1 = 0
                        
   1c00                 CALC_MAT_LOOP:
                            ; Check valid square (load from memory)
   1c00   68 c8 64 40       RLDI 8, EVAL_TEMP1
   1c04   08                LDN 8               ; D = square counter
   1c05   fa 88             ANI $88
   1c07   ca 1c 3f          LBNZ CALC_MAT_NEXT
                        
                            ; Load piece
   1c0a   0a                LDN 10
   1c0b   c2 1c 3f          LBZ CALC_MAT_NEXT    ; Empty
                        
                            ; Get piece type
   1c0e   fa 07             ANI PIECE_MASK
                        
                            ; Skip pawns and kings
   1c10   fb 01             XRI PAWN_TYPE
   1c12   c2 1c 3f          LBZ CALC_MAT_NEXT
                        
   1c15   8a                GLO 10               ; Get piece again (can't, A is pointer)
                            ; Actually need to reload
   1c16   0a                LDN 10
   1c17   fa 07             ANI PIECE_MASK
   1c19   fb 06             XRI KING_TYPE
   1c1b   c2 1c 3f          LBZ CALC_MAT_NEXT
                        
                            ; It's a minor or major piece - add its value
   1c1e   0a                LDN 10
   1c1f   fa 07             ANI PIECE_MASK      ; Piece type
   1c21   ad                PLO 13               ; D.0 = type
                        
                            ; Get value from table
   1c22   fe                SHL                 ; type * 2 (16-bit values)
   1c23   ab                PLO 11
   1c24   f8 0e             LDI HIGH(PIECE_VALUES)
   1c26   bb                PHI 11
   1c27   f8 00             LDI LOW(PIECE_VALUES)
   1c29   52                STR 2
   1c2a   8b                GLO 11
   1c2b   f4                ADD
   1c2c   ab                PLO 11
   1c2d   9b                GHI 11
   1c2e   7c 00             ADCI 0
   1c30   bb                PHI 11
                        
   1c31   4b                LDA 11               ; High byte of value
   1c32   bd                PHI 13
   1c33   0b                LDN 11               ; Low byte
   1c34   ad                PLO 13               ; D = piece value
                        
                            ; Add to total (7 = 7 + D)
   1c35   8d                GLO 13
   1c36   52                STR 2
   1c37   87                GLO 7
   1c38   f4                ADD
   1c39   a7                PLO 7
   1c3a   9d                GHI 13
   1c3b   52                STR 2
   1c3c   97                GHI 7
   1c3d   74                ADC
   1c3e   b7                PHI 7
                        
   1c3f                 CALC_MAT_NEXT:
   1c3f   1a                INC 10
                            ; Increment square counter in memory (R14 is off-limits!)
   1c40   68 c8 64 40       RLDI 8, EVAL_TEMP1
   1c44   08                LDN 8               ; D = counter
   1c45   fc 01             ADI 1               ; Increment
   1c47   58                STR 8               ; Store back
   1c48   fb 80             XRI $80             ; Check if done (128)
   1c4a   ca 1c 00          LBNZ CALC_MAT_LOOP
                        
   1c4d   d5                RETN
                        
                        ; ==============================================================================
                        ; End of Endgame Heuristics
                        ; ==============================================================================
                        ; ==============================================================================
                        ; RCA 1802/1806 Chess Engine - Negamax Search with Alpha-Beta Pruning
                        ; ==============================================================================
                        ; Core search algorithm
                        ; ==============================================================================
                        
                        ; ------------------------------------------------------------------------------
                        ; Register Usage During Search
                        ; ------------------------------------------------------------------------------
                        ; 0:  Reserved for interrupts/DMA
                        ; 1:  Reserved for interrupt PC
                        ; 2:  Stack pointer (X register) - CRITICAL
                        ; 3:  Program counter (P register) - CRITICAL
                        ; 4:  SCALL routine pointer (BIOS SCRT)
                        ; 5:  SRET routine pointer (BIOS SCRT) - DO NOT USE FOR DATA!
                        ; 6:  SCRT linkage register - DO NOT USE FOR DATA! (corrupted by every CALL)
                        ; 7:  Temp for alpha/beta operations (beta loaded from memory when needed)
                        ; 8:  Best score accumulator
                        ; 9:  Move list pointer / score return value
                        ; A:  Board state pointer (set before search)
                        ; B:  Current move being evaluated
                        ; C:  Color/side to move (0 for white, 8 for black - matches COLOR_MASK)
                        ; D:  Temp/scratch register 1
                        ; E:  Temp/scratch register 2 (move counter)
                        ; F:  Temp/scratch register 3
                        ; NOTE: Alpha/beta stored in memory at ALPHA_HI/LO, BETA_HI/LO (big-endian)
                        ; NOTE: Search depth stored in memory at SEARCH_DEPTH (not in a register)
                        ; ------------------------------------------------------------------------------
                        
                        ; Memory locations for search state - defined in board.asm:
                        ;   BEST_MOVE, NODES_SEARCHED, SEARCH_DEPTH, QS_*, EVAL_SQ_INDEX, KILLER_MOVES
                        ;   ALPHA_HI/LO, BETA_HI/LO, SCORE_HI/LO (big-endian: high byte at lower address)
                        ; All engine variables consolidated at $6400+ region
                        
                        ; ------------------------------------------------------------------------------
                        ; NEGAMAX - Main recursive search function
                        ; ------------------------------------------------------------------------------
                        ; Input:  SEARCH_DEPTH = depth remaining in memory (0 = leaf node, evaluate)
                        ;         ALPHA_HI/LO = alpha (lower bound) in memory (big-endian)
                        ;         BETA_HI/LO = beta (upper bound) in memory (big-endian)
                        ;         C = color (0 for white, 8 for black - matches COLOR_MASK)
                        ;         A = board state pointer
                        ; Output: R9 = score from current position
                        ;         BEST_MOVE = best move found (if at root)
                        ; Uses:   All registers 7-F, stack
                        ; NOTE:   R6 is SCRT linkage register - never used for data!
                        ; ------------------------------------------------------------------------------
   1c4e                 NEGAMAX:
                            ; Ensure X=2 for stack operations
   1c4e   e2                SEX 2
                        
                            ; Stack overflow detection (added 2026-05-12). MOVE_LIST at $7800-$7A7F
                            ; sits directly below stack guard $7B00. If recursion pushes R2 below
                            ; $7B00, MOVE_LIST gets silently corrupted — the suspected cause of the
                            ; 2026-05-11 g8h7 illegal-move output. Flag is checked + emitted as
                            ; UCI info string at each IDS iteration boundary.
   1c4f   d4 00 87          CALL CHECK_STACK_OVERFLOW
                        
                            ; -----------------------------------------------
                            ; PLY LIMIT CHECK: Prevent array overflow
                            ; -----------------------------------------------
                            ; If CURRENT_PLY >= MAX_PLY (8), return static eval
   1c52   68 ca 64 48       RLDI 10, CURRENT_PLY
   1c56   0a                LDN 10              ; D = current ply
   1c57   ff 08             SMI 8               ; D = ply - MAX_PLY
   1c59   cb 1c 6e          LBNF NEGAMAX_PLY_OK ; ply < 8, continue
                        
                            ; Ply limit reached - return static evaluation
   1c5c   d4 0e b4          CALL EVALUATE
                            ; Negate R9 if black to move (white-perspective → side-to-move)
   1c5f   8c                GLO 12
   1c60   fa 08             ANI $08
   1c62   c2 1c 6d          LBZ NEGAMAX_PLY_RET
   1c65   89                GLO 9               ; low byte
   1c66   fd 00             SDI 0               ; negate low
   1c68   a9                PLO 9
   1c69   99                GHI 9               ; high byte
   1c6a   7d 00             SDBI 0              ; negate high with borrow
   1c6c   b9                PHI 9
   1c6d                 NEGAMAX_PLY_RET:
   1c6d   d5                RETN
                        
   1c6e                 NEGAMAX_PLY_OK:
                            ; Save context to ply-indexed state array (no stack manipulation!)
   1c6e   d4 00 18          CALL SAVE_PLY_STATE
                        
   1c71   68 ca 64 1d       RLDI 10, TRACE_WHERE
   1c75   f8 a1             LDI $A1
   1c77   5a                STR 10              ; tracer: in NEGAMAX node
                        
                            ; -- TT node flag: default ALPHA (upper bound) --
   1c78   68 ca 64 48       RLDI 10, CURRENT_PLY
   1c7c   0a                LDN 10
   1c7d   fc d2             ADI LOW(NODE_TT_FLAGS)
   1c7f   aa                PLO 10
   1c80   f8 64             LDI HIGH(NODE_TT_FLAGS)
   1c82   ba                PHI 10
   1c83   f8 02             LDI TT_FLAG_ALPHA
   1c85   5a                STR 10
                        
                            ; Increment node counter (for statistics)
   1c86   d4 2a f4          CALL INC_NODE_COUNT
                        
                            ; -----------------------------------------------
                            ; RTC TIME TRACKING: Always update elapsed time
                            ; -----------------------------------------------
                            ; Read RTC on every node so elapsed time is accurate.
                            ; Only check abort flag and enforce budget during d3+.
                        
                            ; --- RTC elapsed time check ---
                            ; Read current seconds from DS12887 (binary mode)
   1c89   f8 80             LDI $80                     ; Seconds register
   1c8b   52                STR 2
   1c8c   62                OUT 2                       ; Select register, R2++
   1c8d   22                DEC 2                       ; Restore R2
   1c8e   6b                INP 3                       ; D = current_secs, M(R2) = current_secs
   1c8f   a7                PLO 7                       ; R7.0 = current_secs (R7 saved by SAVE_PLY_STATE)
                        
                            ; Load prev_secs, save for delta computation
   1c90   68 cd 64 ca       RLDI 13, SEARCH_PREV_SECS
   1c94   0d                LDN 13                      ; D = prev_secs
   1c95   b7                PHI 7                       ; R7.1 = prev_secs
                        
                            ; Update prev = current
   1c96   87                GLO 7                       ; D = current_secs
   1c97   5d                STR 13                      ; SEARCH_PREV_SECS = current_secs
                        
                            ; Compute delta = current - prev
   1c98   97                GHI 7                       ; D = prev_secs
   1c99   52                STR 2                       ; M(R2) = prev_secs
   1c9a   87                GLO 7                       ; D = current_secs
   1c9b   f7                SM                          ; D = current - prev (SM = D - M(R(X)))
   1c9c   c3 1c a1          LBDF RTC_DELTA_POS          ; DF=1: no borrow, delta >= 0
   1c9f   fc 3c             ADI 60                      ; Wrapped past 59→0: add 60
   1ca1                 RTC_DELTA_POS:
                            ; D = delta seconds (typically 0 or 1)
                        
                            ; Add delta to elapsed counter
   1ca1   52                STR 2                       ; M(R2) = delta
   1ca2   68 cd 64 cb       RLDI 13, SEARCH_ELAPSED
   1ca6   0d                LDN 13                      ; D = elapsed so far
   1ca7   f4                ADD                         ; D = elapsed + delta
   1ca8   cb 1c ad          LBNF RTC_NO_SAT             ; DF=0: no carry, fits in 8 bits
   1cab   f8 ff             LDI 255                     ; Saturate at 255
   1cad                 RTC_NO_SAT:
   1cad   5d                STR 13                      ; SEARCH_ELAPSED = updated value
                        
                            ; -----------------------------------------------
                            ; ABORT CHECK: Only enforce budget during d3+
                            ; -----------------------------------------------
                            ; Depth 1-2 always complete; only abort d3+ if over budget
   1cae   68 cd 64 c5       RLDI 13, CURRENT_MAX_DEPTH
   1cb2   0d                LDN 13                      ; D = current iteration depth
   1cb3   ff 03             SMI 3
   1cb5   cb 1c d9          LBNF NEGAMAX_BUDGET_OK      ; depth < 3, skip abort check
                        
                            ; --- Abort flag check (propagate up recursion during d3) ---
   1cb8   68 cd 64 c4       RLDI 13, SEARCH_ABORTED
   1cbc   0d                LDN 13
   1cbd   ca 1c d1          LBNZ NEGAMAX_ABORT_RETURN   ; Already aborted, bail out
                        
                            ; Check: elapsed >= 180 seconds?
   1cc0   68 cd 64 cb       RLDI 13, SEARCH_ELAPSED
   1cc4   0d                LDN 13                      ; Reload elapsed (clobbered above)
   1cc5   ff b4             SMI 180                     ; D = elapsed - 180 (budget bumped 2026-04-23)
   1cc7   cb 1c d9          LBNF NEGAMAX_BUDGET_OK      ; DF=0: elapsed < 180, continue
                        
                            ; Time exceeded — set abort flag
   1cca   68 cd 64 c4       RLDI 13, SEARCH_ABORTED
   1cce   f8 01             LDI 1
   1cd0   5d                STR 13
                        
   1cd1                 NEGAMAX_ABORT_RETURN:
                            ; Restore ply state and return dummy score
   1cd1   d4 00 54          CALL RESTORE_PLY_STATE
   1cd4   f8 00             LDI 0
   1cd6   b9                PHI 9
   1cd7   a9                PLO 9                       ; R9 = 0 (score irrelevant, will be discarded)
   1cd8   d5                RETN
                        
   1cd9                 NEGAMAX_BUDGET_OK:
                        
                            ; -----------------------------------------------
                            ; FIFTY-MOVE RULE: Check for draw
                            ; -----------------------------------------------
                            ; If halfmove clock >= 100, position is a draw
   1cd9   68 cd 60 83       RLDI 13, GAME_STATE + STATE_HALFMOVE
   1cdd   0d                LDN 13               ; D = halfmove clock
   1cde   ff 64             SMI 100             ; D = halfmove - 100
   1ce0   cb 1c fc          LBNF NEGAMAX_NOT_FIFTY ; If < 100, continue normally (long branch - crosses page)
                        
                            ; Draw return — shared by fifty-move rule and repetition detection
   1ce3                 RETURN_DRAW:
   1ce3   f8 00             LDI 0
   1ce5   b9                PHI 9
   1ce6   a9                PLO 9               ; R9 = 0 (draw score) - R6 is SCRT linkage!
                            ; Save score to SCORE_HI/LO BEFORE restore (RESTORE clobbers R9!)
   1ce7   68 ca 64 46       RLDI 10, SCORE_HI
   1ceb   99                GHI 9
   1cec   5a                STR 10
   1ced   1a                INC 10
   1cee   89                GLO 9
   1cef   5a                STR 10              ; SCORE_HI/LO = 0 (draw)
   1cf0   d4 00 54          CALL RESTORE_PLY_STATE
                            ; Reload R9 from SCORE_HI/LO AFTER restore
   1cf3   68 ca 64 46       RLDI 10, SCORE_HI
   1cf7   4a                LDA 10
   1cf8   b9                PHI 9
   1cf9   0a                LDN 10
   1cfa   a9                PLO 9               ; R9 = draw score (0)
   1cfb   d5                RETN
                        
   1cfc                 NEGAMAX_NOT_FIFTY:
                            ; -----------------------------------------------
                            ; REPETITION DETECTION: Check game position history
                            ; -----------------------------------------------
                            ; Skip at root (ply 0) — root position is the last HASH_HIST
                            ; entry and would always match itself.
   1cfc   68 ca 64 48       RLDI 10, CURRENT_PLY
   1d00   0a                LDN 10
   1d01   c2 1d 3a          LBZ REP_NO_MATCH
                        
                            ; Skip if halfmove clock < 4 — after pawn moves or captures,
                            ; repetition is impossible. Scanning the full hash history with
                            ; 16-bit hashes causes false collisions (~5% with 80+ entries),
                            ; which makes the engine return draw (0) for promotion lines.
   1d04   68 ca 60 83       RLDI 10, GAME_STATE + STATE_HALFMOVE
   1d08   0a                LDN 10              ; D = halfmove clock
   1d09   ff 04             SMI 4
   1d0b   cb 1d 3a          LBNF REP_NO_MATCH   ; halfmove < 4, can't be repetition
                        
                            ; Load current hash into R8
   1d0e   68 ca 64 b9       RLDI 10, HASH_HI
   1d12   4a                LDA 10              ; D = HASH_HI
   1d13   b8                PHI 8
   1d14   0a                LDN 10              ; D = HASH_LO
   1d15   a8                PLO 8               ; R8 = current position hash
                        
                            ; Load history count
   1d16   68 cd 64 eb       RLDI 13, HASH_HIST_COUNT
   1d1a   0d                LDN 13
   1d1b   c2 1d 3a          LBZ REP_NO_MATCH    ; Empty history
   1d1e   ab                PLO 11              ; R11.0 = loop counter
                        
   1d1f   68 c9 65 00       RLDI 9, HASH_HIST   ; R9 → first entry
                        
   1d23                 REP_CHECK_LOOP:
                            ; Compare hi byte
   1d23   49                LDA 9               ; D = hist[i].hi, R9→lo byte
   1d24   52                STR 2               ; temp at M(R2)
   1d25   98                GHI 8               ; D = current.hi
   1d26   f3                XOR                 ; compare
   1d27   ca 1d 34          LBNZ REP_SKIP_LO   ; Hi mismatch
                        
                            ; Hi matched — compare lo byte
   1d2a   49                LDA 9               ; D = hist[i].lo, R9→next entry
   1d2b   52                STR 2
   1d2c   88                GLO 8               ; D = current.lo
   1d2d   f3                XOR
   1d2e   c2 1c e3          LBZ RETURN_DRAW     ; MATCH! Return draw (shared code)
   1d31   c0 1d 35          LBR REP_DEC         ; Mismatch, R9 already past both bytes
                        
   1d34                 REP_SKIP_LO:
   1d34   19                INC 9               ; Skip lo byte
                        
   1d35                 REP_DEC:
   1d35   2b                DEC 11
   1d36   8b                GLO 11
   1d37   ca 1d 23          LBNZ REP_CHECK_LOOP
                        
   1d3a                 REP_NO_MATCH:
                            ; -----------------------------------------------
                            ; Snapshot CHECK_EXT_FLAG → NODE_IN_CHECK[CURRENT_PLY]
                            ; -----------------------------------------------
                            ; CHECK_EXT_FLAG was just set by parent's move-loop iteration to
                            ; indicate "did my (parent's) move give check to opponent (us)". We
                            ; capture it here at NEGAMAX entry — before our own move loop starts
                            ; overwriting it — so downstream pruning code (LMP especially) can
                            ; tell whether THIS node is in check.
                            ;
                            ; Cost: ~10 instructions per node call. Negligible relative to per-
                            ; node search cost (~30K instructions median).
   1d3a   68 ca 64 da       RLDI 10, CHECK_EXT_FLAG
   1d3e   0a                LDN 10              ; D = current check flag (from parent)
   1d3f   ad                PLO 13              ; R13.0 = check flag (temp)
   1d40   68 ca 64 48       RLDI 10, CURRENT_PLY
   1d44   0a                LDN 10              ; D = ply
   1d45   fc 42             ADI LOW(NODE_IN_CHECK)
   1d47   aa                PLO 10
   1d48   f8 67             LDI HIGH(NODE_IN_CHECK)
   1d4a   7c 00             ADCI 0
   1d4c   ba                PHI 10              ; R10 = NODE_IN_CHECK + ply
   1d4d   8d                GLO 13              ; D = saved check flag
   1d4e   5a                STR 10              ; NODE_IN_CHECK[ply] = check flag
                        
                            ; -----------------------------------------------
                            ; Transposition Table Probe
                            ; -----------------------------------------------
                            ; Hash is updated incrementally in MAKE/UNMAKE_MOVE,
                            ; so TT works correctly at all nodes.
                            ;
                            ; Skip TT at root (ply 0): TT_STORE saves the root's BEST_MOVE
                            ; globally, so non-root TT entries have stale/sentinel move data.
                            ; Root must always search fully to guarantee a valid BEST_MOVE.
   1d4f   68 ca 64 48       RLDI 10, CURRENT_PLY
   1d53   0a                LDN 10              ; D = current ply
   1d54   c2 1d 95          LBZ NEGAMAX_TT_MISS ; Root: always search fully
                        
                            ; Load current search depth for comparison
   1d57   68 cd 64 17       RLDI 13, SEARCH_DEPTH + 1
   1d5b   0d                LDN 13              ; D = depth low byte (SEARCH_DEPTH+1 = low byte)
   1d5c   d4 57 d8          CALL TT_PROBE       ; D = required depth, returns D = 1 if hit
   1d5f   c2 1d 95          LBZ NEGAMAX_TT_MISS ; No hit, continue with search
                        
                            ; TT hit - check if it's usable (EXACT bound)
   1d62   68 ca 64 bf       RLDI 10, TT_FLAG
   1d66   0a                LDN 10              ; D = TT flag
   1d67   fb 01             XRI TT_FLAG_EXACT
   1d69   ca 1d 95          LBNZ NEGAMAX_TT_MISS    ; Not exact, can't use directly (for now)
                        
                            ; EXACT hit at non-root node - use the stored score
                            ; (Root is excluded above, so no BEST_MOVE copy needed)
                        
                            ; Get the score and save to SCORE_HI/LO BEFORE restore
                            ; (RESTORE_PLY_STATE clobbers R9!)
                            ; CRITICAL: Reject mate scores from TT to prevent hash collision
                            ; causing stalemate/checkmate misidentification (16-bit hash limit)
   1d6c   68 ca 64 bc       RLDI 10, TT_SCORE_HI
   1d70   0a                LDN 10              ; D = score_hi
   1d71   fb 7f             XRI $7F
   1d73   c2 1d 95          LBZ NEGAMAX_TT_MISS ; Positive mate score → re-search to verify
   1d76   0a                LDN 10              ; D = score_hi (reload)
   1d77   fb 80             XRI $80
   1d79   c2 1d 95          LBZ NEGAMAX_TT_MISS ; Negative mate score → re-search to verify
   1d7c   4a                LDA 10              ; D = score_hi, R10 → score_lo
   1d7d   b9                PHI 9
   1d7e   0a                LDN 10              ; score_lo
   1d7f   a9                PLO 9               ; R9 = stored score
                            ; Save to SCORE_HI/LO so it survives RESTORE
   1d80   68 ca 64 46       RLDI 10, SCORE_HI
   1d84   99                GHI 9
   1d85   5a                STR 10
   1d86   1a                INC 10
   1d87   89                GLO 9
   1d88   5a                STR 10              ; SCORE_HI/LO = TT score
   1d89   d4 00 54          CALL RESTORE_PLY_STATE
                            ; Reload R9 from SCORE_HI/LO AFTER restore
   1d8c   68 ca 64 46       RLDI 10, SCORE_HI
   1d90   4a                LDA 10
   1d91   b9                PHI 9
   1d92   0a                LDN 10
   1d93   a9                PLO 9               ; R9 = TT score (preserved through restore)
   1d94   d5                RETN                ; Return TT score
                        
   1d95                 NEGAMAX_TT_MISS:
                            ; -----------------------------------------------
                            ; Check if we're at a leaf node (depth == 0)
                            ; -----------------------------------------------
                            ; Load depth from memory (SEARCH_DEPTH)
   1d95   68 cd 64 16       RLDI 13, SEARCH_DEPTH
   1d99   4d                LDA 13              ; D = depth high byte
   1d9a   ca 1d a4          LBNZ NEGAMAX_CONTINUE
   1d9d   0d                LDN 13              ; D = depth low byte
   1d9e   ca 1d a4          LBNZ NEGAMAX_CONTINUE
                            ; Depth is 0, evaluate leaf node
   1da1   c0 26 0b          LBR NEGAMAX_LEAF
                        
   1da4                 NEGAMAX_CONTINUE:
                            ; ===============================================
                            ; NULL MOVE PRUNING CHECK
                            ; ===============================================
                            ; If position is so strong that passing still beats beta, prune.
                            ; Conditions: depth >= 3, not in check, NULL_MOVE_OK, ply > 0
                        
                            ; Condition 1: depth >= 3?
   1da4   68 ca 64 17       RLDI 10, SEARCH_DEPTH + 1
   1da8   0a                LDN 10              ; D = depth low byte
   1da9   ff 03             SMI 3               ; D = depth - 3
   1dab   cb 1e c2          LBNF NMP_SKIP       ; depth < 3, skip null move
                        
                            ; Condition 2: ply > 0? (don't do at root)
   1dae   68 ca 64 48       RLDI 10, CURRENT_PLY
   1db2   0a                LDN 10              ; D = current ply
   1db3   c2 1e c2          LBZ NMP_SKIP        ; ply == 0, skip null move
                        
                            ; Condition 3: NULL_MOVE_OK?
   1db6   68 ca 64 a7       RLDI 10, NULL_MOVE_OK
   1dba   0a                LDN 10
   1dbb   c2 1e c2          LBZ NMP_SKIP        ; null move not allowed (already did one)
                        
                            ; Condition 4: NOT in check? (already verified above for non-CE path)
   1dbe   d4 01 8e          CALL IS_IN_CHECK
                            ; D = 1 if in check, 0 if safe
   1dc1   ca 1e c2          LBNZ NMP_SKIP       ; in check, can't pass
                        
                            ; --- All conditions met, try null move ---
                        
                            ; Disable null move for child (prevent consecutive)
   1dc4   68 ca 64 a7       RLDI 10, NULL_MOVE_OK
   1dc8   f8 00             LDI 0
   1dca   5a                STR 10              ; NULL_MOVE_OK = 0
                        
                            ; Save depth to stack
   1dcb   68 cd 64 16       RLDI 13, SEARCH_DEPTH
   1dcf   4d                LDA 13              ; depth_hi
   1dd0   73                STXD
   1dd1   0d                LDN 13              ; depth_lo
   1dd2   73                STXD
                        
                            ; Save alpha/beta to stack
   1dd3   68 cd 64 42       RLDI 13, ALPHA_HI
   1dd7   4d                LDA 13              ; alpha_hi
   1dd8   73                STXD
   1dd9   0d                LDN 13              ; alpha_lo
   1dda   73                STXD
   1ddb   68 cd 64 44       RLDI 13, BETA_HI
   1ddf   4d                LDA 13              ; beta_hi
   1de0   73                STXD
   1de1   0d                LDN 13              ; beta_lo
   1de2   73                STXD
                        
                            ; Make null move (toggle side, update hash, clear EP)
   1de3   d4 0d 92          CALL NULL_MAKE_MOVE
                        
                            ; Set child depth = depth - 3 (R=2 reduction + normal -1)
                            ; Peek depth from stack (at R2+5, R2+6)
   1de6   82                GLO 2
   1de7   fc 06             ADI 6
   1de9   aa                PLO 10
   1dea   92                GHI 2
   1deb   7c 00             ADCI 0
   1ded   ba                PHI 10              ; R10 = &depth_hi on stack
   1dee   0a                LDN 10              ; depth_hi
   1def   b7                PHI 7               ; R7.1 = depth_hi
   1df0   2a                DEC 10
   1df1   0a                LDN 10              ; depth_lo
   1df2   ff 03             SMI 3               ; depth_lo - 3
   1df4   a7                PLO 7
   1df5   97                GHI 7
   1df6   7f 00             SMBI 0              ; depth_hi - borrow
   1df8   b7                PHI 7               ; R7 = depth - 3
                        
                            ; Store child depth to memory
   1df9   68 ca 64 16       RLDI 10, SEARCH_DEPTH
   1dfd   97                GHI 7
   1dfe   5a                STR 10
   1dff   1a                INC 10
   1e00   87                GLO 7
   1e01   5a                STR 10              ; SEARCH_DEPTH = depth - 3
                        
                            ; Set child alpha = -beta (zero window)
                            ; Peek beta from stack (at R2+1, R2+2)
   1e02   82                GLO 2
   1e03   fc 02             ADI 2
   1e05   aa                PLO 10
   1e06   92                GHI 2
   1e07   7c 00             ADCI 0
   1e09   ba                PHI 10              ; R10 = &beta_hi on stack
   1e0a   0a                LDN 10              ; beta_hi
   1e0b   b7                PHI 7
   1e0c   2a                DEC 10
   1e0d   0a                LDN 10              ; beta_lo
   1e0e   a7                PLO 7               ; R7 = beta
                        
                            ; Negate R7 (beta) → R8 = -beta (child alpha)
   1e0f   87                GLO 7               ; low byte
   1e10   fd 00             SDI 0               ; negate low
   1e12   a8                PLO 8
   1e13   97                GHI 7               ; high byte
   1e14   7d 00             SDBI 0              ; negate high with borrow
   1e16   b8                PHI 8               ; R8 = -beta
                        
                            ; Store as new alpha
   1e17   68 ca 64 42       RLDI 10, ALPHA_HI
   1e1b   98                GHI 8
   1e1c   5a                STR 10
   1e1d   1a                INC 10
   1e1e   88                GLO 8
   1e1f   5a                STR 10              ; ALPHA = -beta
                        
                            ; Set child beta = -beta + 1 (zero window)
   1e20   88                GLO 8
   1e21   fc 01             ADI 1
   1e23   a8                PLO 8
   1e24   98                GHI 8
   1e25   7c 00             ADCI 0
   1e27   b8                PHI 8               ; R8 = -beta + 1
                        
   1e28   68 ca 64 44       RLDI 10, BETA_HI
   1e2c   98                GHI 8
   1e2d   5a                STR 10
   1e2e   1a                INC 10
   1e2f   88                GLO 8
   1e30   5a                STR 10              ; BETA = -beta + 1
                        
                            ; Toggle color for child
   1e31   8c                GLO 12
   1e32   fb 08             XRI $08
   1e34   ac                PLO 12
                        
                            ; Increment ply
   1e35   68 ca 64 48       RLDI 10, CURRENT_PLY
   1e39   0a                LDN 10
   1e3a   fc 01             ADI 1
   1e3c   5a                STR 10              ; CURRENT_PLY++
                        
                            ; Recursive call
   1e3d   d4 1c 4e          CALL NEGAMAX
                            ; R9 = score
                        
                            ; Decrement ply
   1e40   68 ca 64 48       RLDI 10, CURRENT_PLY
   1e44   0a                LDN 10
   1e45   ff 01             SMI 1
   1e47   5a                STR 10              ; CURRENT_PLY--
                        
                            ; Toggle color back
   1e48   8c                GLO 12
   1e49   fb 08             XRI $08
   1e4b   ac                PLO 12
                        
                            ; Negate R9 (score = -score)
   1e4c   89                GLO 9               ; low byte
   1e4d   fd 00             SDI 0               ; negate low
   1e4f   a9                PLO 9
   1e50   99                GHI 9               ; high byte
   1e51   7d 00             SDBI 0              ; negate high with borrow
   1e53   b9                PHI 9
                        
                            ; Unmake null move (toggle side back, restore EP, update hash)
   1e54   d4 0d b1          CALL NULL_UNMAKE_MOVE
                        
                            ; Re-enable null move for this level
   1e57   68 ca 64 a7       RLDI 10, NULL_MOVE_OK
   1e5b   f8 01             LDI 1
   1e5d   5a                STR 10              ; NULL_MOVE_OK = 1
                        
                            ; Pop beta from stack into R7
   1e5e   60                IRX
   1e5f   72                LDXA                ; beta_lo
   1e60   a7                PLO 7
   1e61   f0                LDX                 ; beta_hi (R2 now at beta_hi slot)
   1e62   b7                PHI 7               ; R7 = original beta
                        
                            ; Pop alpha from stack into R8
   1e63   60                IRX
   1e64   72                LDXA                ; alpha_lo
   1e65   a8                PLO 8
   1e66   f0                LDX                 ; alpha_hi
   1e67   b8                PHI 8               ; R8 = original alpha
                        
                            ; Pop depth from stack and restore to memory
   1e68   60                IRX
   1e69   72                LDXA                ; depth_lo
   1e6a   ad                PLO 13
   1e6b   f0                LDX                 ; depth_hi
   1e6c   bd                PHI 13              ; R13 = original depth
                        
   1e6d   68 ca 64 16       RLDI 10, SEARCH_DEPTH
   1e71   9d                GHI 13
   1e72   5a                STR 10
   1e73   1a                INC 10
   1e74   8d                GLO 13
   1e75   5a                STR 10              ; SEARCH_DEPTH restored
                            ; R7 = original beta, R8 = original alpha (for NMP_NO_CUTOFF path)
                        
                            ; Compare: score (R9) >= beta (R7)? If so, prune!
                            ; Signed 16-bit comparison
                        
   1e76   68 ca 64 49       RLDI 10, COMPARE_TEMP
   1e7a   ea                SEX 10
                        
                            ; Check if signs differ
   1e7b   99                GHI 9               ; score_hi
   1e7c   5a                STR 10
   1e7d   97                GHI 7               ; beta_hi
   1e7e   f3                XOR
   1e7f   fa 80             ANI $80             ; Check sign bit difference
   1e81   e2                SEX 2
   1e82   ca 1e 95          LBNZ NMP_CHECK_SIGN
                        
                            ; Same sign: score >= beta if (score - beta) has no borrow
   1e85   ea                SEX 10
   1e86   87                GLO 7               ; beta_lo
   1e87   5a                STR 10
   1e88   89                GLO 9               ; score_lo
   1e89   f7                SM                  ; score_lo - beta_lo
   1e8a   97                GHI 7               ; beta_hi
   1e8b   5a                STR 10
   1e8c   99                GHI 9               ; score_hi
   1e8d   77                SMB                 ; score_hi - beta_hi - borrow
   1e8e   e2                SEX 2
   1e8f   cb 1e b0          LBNF NMP_NO_CUTOFF  ; Borrow set = score < beta
   1e92   c0 1e 9b          LBR NMP_CUTOFF      ; No borrow = score >= beta
                        
   1e95                 NMP_CHECK_SIGN:
                            ; Different signs: positive >= negative always
                            ; If score positive (hi bit 0) and beta negative (hi bit 1): score >= beta
   1e95   99                GHI 9               ; score_hi
   1e96   fa 80             ANI $80
   1e98   ca 1e b0          LBNZ NMP_NO_CUTOFF  ; score negative, beta positive: score < beta
                            ; score positive, beta negative: score >= beta
                            ; Fall through to cutoff
                        
   1e9b                 NMP_CUTOFF:
                            ; Null move cutoff! Return beta
                            ; Save beta to SCORE memory (same pattern as NEGAMAX_RETURN)
   1e9b   68 ca 64 46       RLDI 10, SCORE_HI
   1e9f   97                GHI 7               ; beta_hi
   1ea0   5a                STR 10
   1ea1   1a                INC 10
   1ea2   87                GLO 7               ; beta_lo
   1ea3   5a                STR 10              ; SCORE = beta
                        
   1ea4   d4 00 54          CALL RESTORE_PLY_STATE
                        
                            ; Load return value from SCORE memory into R9 (after restore)
   1ea7   68 ca 64 46       RLDI 10, SCORE_HI
   1eab   4a                LDA 10              ; SCORE_HI
   1eac   b9                PHI 9
   1ead   0a                LDN 10              ; SCORE_LO
   1eae   a9                PLO 9               ; R9 = beta
                        
   1eaf   d5                RETN
                        
   1eb0                 NMP_NO_CUTOFF:
                            ; Null move didn't cause cutoff - restore alpha/beta to memory
                            ; R8 = original alpha, R7 = original beta
   1eb0   68 ca 64 42       RLDI 10, ALPHA_HI
   1eb4   98                GHI 8
   1eb5   5a                STR 10
   1eb6   1a                INC 10
   1eb7   88                GLO 8
   1eb8   5a                STR 10              ; ALPHA = original alpha
                        
   1eb9   68 ca 64 44       RLDI 10, BETA_HI
   1ebd   97                GHI 7
   1ebe   5a                STR 10
   1ebf   1a                INC 10
   1ec0   87                GLO 7
   1ec1   5a                STR 10              ; BETA = original beta
                            ; Fall through to normal move generation
                        
   1ec2                 NMP_SKIP:
                            ; -----------------------------------------------
                            ; REVERSE FUTILITY PRUNING (RFP) - DISABLED
                            ; -----------------------------------------------
                            ; RFP margins (150/300cp) are too aggressive for material+PST eval.
                            ; The coarse eval causes search collapse when any PV child finds
                            ; tactical improvement: beta drops and RFP prunes all siblings.
                            ; R7 beta-reload fix (below) is preserved for future re-enable.
                            ;
                            ; Conditions: depth <= 2, ply > 0, not in check
                        
                            ; Condition 1: depth <= 2?
   1ec2   68 ca 64 17       RLDI 10, SEARCH_DEPTH + 1
   1ec6   0a                LDN 10              ; D = depth low byte
   1ec7   ff 03             SMI 3               ; D = depth - 3
   1ec9   c3 1f 4a          LBDF RFP_SKIP       ; depth >= 3, skip RFP
                        
                            ; Condition 2: ply > 0? (don't prune at root)
   1ecc   68 ca 64 48       RLDI 10, CURRENT_PLY
   1ed0   0a                LDN 10              ; D = current ply
   1ed1   c2 1f 4a          LBZ RFP_SKIP        ; ply == 0, skip
                        
                            ; Condition 3: not in check?
   1ed4   d4 01 8e          CALL IS_IN_CHECK
                            ; D = 1 if in check, 0 if safe
   1ed7   ca 1f 4a          LBNZ RFP_SKIP       ; in check, can't prune
                        
                            ; --- All conditions met ---
                            ; Get static eval
   1eda   d4 0e b4          CALL EVALUATE
                            ; R9 = score from white's perspective
                        
                            ; Negate R9 if black to move (white-perspective → side-to-move)
   1edd   8c                GLO 12
   1ede   fa 08             ANI $08
   1ee0   c2 1e eb          LBZ RFP_NO_NEG
   1ee3   89                GLO 9               ; low byte
   1ee4   fd 00             SDI 0               ; negate low
   1ee6   a9                PLO 9
   1ee7   99                GHI 9               ; high byte
   1ee8   7d 00             SDBI 0              ; negate high with borrow
   1eea   b9                PHI 9
   1eeb                 RFP_NO_NEG:
                        
                            ; Save eval in SCORE_HI/LO (for return value if we prune)
   1eeb   68 ca 64 46       RLDI 10, SCORE_HI
   1eef   99                GHI 9
   1ef0   5a                STR 10
   1ef1   1a                INC 10
   1ef2   89                GLO 9
   1ef3   5a                STR 10              ; SCORE_HI/LO = eval
                        
                            ; Select margin based on depth
                            ; Load depth again
   1ef4   68 ca 64 17       RLDI 10, SEARCH_DEPTH + 1
   1ef8   0a                LDN 10              ; D = depth (1 or 2)
   1ef9   ff 02             SMI 2
   1efb   cb 1f 09          LBNF RFP_DEPTH1     ; depth < 2, so depth == 1
                        
                            ; Depth 2: subtract 300cp margin
   1efe   89                GLO 9
   1eff   ff 2c             SMI RFP_MARGIN_D2_LO
   1f01   a9                PLO 9
   1f02   99                GHI 9
   1f03   7f 01             SMBI RFP_MARGIN_D2_HI
   1f05   b9                PHI 9
   1f06   c0 1f 11          LBR RFP_COMPARE
                        
   1f09                 RFP_DEPTH1:
                            ; Depth 1: subtract 150cp margin
   1f09   89                GLO 9
   1f0a   ff 96             SMI RFP_MARGIN_D1_LO
   1f0c   a9                PLO 9
   1f0d   99                GHI 9
   1f0e   7f 00             SMBI RFP_MARGIN_D1_HI
   1f10   b9                PHI 9
                        
   1f11                 RFP_COMPARE:
                            ; R9 = eval - margin
                            ; Compare: (eval - margin) >= beta (R7)?
                            ; Signed 16-bit comparison using same pattern as NMP
                        
                            ; Load beta from memory into R7
                            ; (R7 was clobbered by time tracking code at NEGAMAX entry!)
   1f11   68 ca 64 44       RLDI 10, BETA_HI
   1f15   4a                LDA 10              ; D = beta_hi
   1f16   b7                PHI 7
   1f17   0a                LDN 10              ; D = beta_lo
   1f18   a7                PLO 7               ; R7 = beta
                        
   1f19   68 ca 64 49       RLDI 10, COMPARE_TEMP
   1f1d   ea                SEX 10
                        
                            ; Check if signs differ
   1f1e   99                GHI 9               ; (eval-margin)_hi
   1f1f   5a                STR 10
   1f20   97                GHI 7               ; beta_hi
   1f21   f3                XOR
   1f22   fa 80             ANI $80             ; Check sign bit difference
   1f24   e2                SEX 2
   1f25   ca 1f 38          LBNZ RFP_CHECK_SIGN
                        
                            ; Same sign: (eval-margin) >= beta if no borrow
   1f28   ea                SEX 10
   1f29   87                GLO 7               ; beta_lo
   1f2a   5a                STR 10
   1f2b   89                GLO 9               ; (eval-margin)_lo
   1f2c   f7                SM                  ; (eval-margin)_lo - beta_lo
   1f2d   97                GHI 7               ; beta_hi
   1f2e   5a                STR 10
   1f2f   99                GHI 9               ; (eval-margin)_hi
   1f30   77                SMB                 ; (eval-margin)_hi - beta_hi - borrow
   1f31   e2                SEX 2
   1f32   cb 1f 4a          LBNF RFP_SKIP       ; Borrow = eval-margin < beta, don't prune
   1f35   c0 1f 3e          LBR RFP_PRUNE       ; No borrow = eval-margin >= beta, prune!
                        
   1f38                 RFP_CHECK_SIGN:
                            ; Different signs: positive >= negative always
   1f38   99                GHI 9               ; (eval-margin)_hi
   1f39   fa 80             ANI $80
   1f3b   ca 1f 4a          LBNZ RFP_SKIP       ; eval-margin negative, beta positive: don't prune
                            ; eval-margin positive, beta negative: prune
                            ; Fall through to RFP_PRUNE
                        
   1f3e                 RFP_PRUNE:
                            ; Return eval (saved in SCORE_HI/LO)
   1f3e   d4 00 54          CALL RESTORE_PLY_STATE
                            ; Reload R9 from SCORE_HI/LO after restore
   1f41   68 ca 64 46       RLDI 10, SCORE_HI
   1f45   4a                LDA 10
   1f46   b9                PHI 9
   1f47   0a                LDN 10
   1f48   a9                PLO 9               ; R9 = eval score
   1f49   d5                RETN
                        
   1f4a                 RFP_SKIP:
                            ; -----------------------------------------------
                            ; Generate moves for current position
                            ; -----------------------------------------------
                            ; Use ply-indexed move list to avoid overwrites during recursion!
                            ; Each ply gets 128 bytes (64 moves): PLY 0 at $6200, PLY 1 at $6280, etc.
                            ; ply × 128 overflows 8 bits for ply >= 2, so use 16-bit math:
                            ;   offset_hi = ply >> 1, offset_lo = (ply & 1) << 7
                        
   1f4a   68 ca 64 48       RLDI 10, CURRENT_PLY
   1f4e   0a                LDN 10              ; D = current ply (0-4 with d=5)
                        
                            ; Calculate high byte: HIGH(MOVE_LIST) + (ply >> 1)
   1f4f   f6                SHR                 ; D = ply >> 1 (0 or 1)
   1f50   fc 78             ADI HIGH(MOVE_LIST) ; D = $78 + (ply >> 1)
   1f52   b9                PHI 9               ; R9.1 = high byte
                        
                            ; Calculate low byte: (ply & 1) << 7 = $00 or $80
   1f53   0a                LDN 10              ; D = ply (reload)
   1f54   fa 01             ANI $01             ; D = ply & 1
   1f56   c2 1f 5e          LBZ NEGAMAX_PLY_EVEN
   1f59   f8 80             LDI $80             ; Odd ply: low byte = $80
   1f5b   c0 1f 60          LBR NEGAMAX_PLY_DONE
   1f5e                 NEGAMAX_PLY_EVEN:
   1f5e   f8 00             LDI $00             ; Even ply: low byte = $00
   1f60                 NEGAMAX_PLY_DONE:
   1f60   a9                PLO 9               ; R9 = ply-indexed move list
                        
   1f61   d4 04 d7          CALL GENERATE_MOVES
                            ; Returns: D = move count
                            ; NOTE: R9 now points PAST the end of the move list!
                        
                            ; Save move count to ply-indexed memory (NOT the stack — see LOOP_MOVE_CNT).
                            ; D = count from GENERATE_MOVES; R11 is movegen scratch (dead on return).
   1f64   ab                PLO 11             ; stash count in R11.0
   1f65   68 ca 64 48       RLDI 10, CURRENT_PLY
   1f69   0a                LDN 10             ; D = ply
   1f6a   fc ef             ADI LOW(LOOP_MOVE_CNT)
   1f6c   aa                PLO 10
   1f6d   f8 64             LDI HIGH(LOOP_MOVE_CNT)
   1f6f   ba                PHI 10             ; R10 = &LOOP_MOVE_CNT[ply]
   1f70   8b                GLO 11             ; D = count
   1f71   5a                STR 10             ; LOOP_MOVE_CNT[ply] = count
                        
                            ; Reset R9 to START of ply-indexed move list (128 bytes per ply)
   1f72   68 ca 64 48       RLDI 10, CURRENT_PLY
   1f76   0a                LDN 10              ; D = current ply
                        
                            ; Calculate high byte: HIGH(MOVE_LIST) + (ply >> 1)
   1f77   f6                SHR                 ; D = ply >> 1
   1f78   fc 78             ADI HIGH(MOVE_LIST)
   1f7a   b9                PHI 9
                        
                            ; Calculate low byte: (ply & 1) << 7
   1f7b   0a                LDN 10              ; D = ply (reload)
   1f7c   fa 01             ANI $01
   1f7e   c2 1f 86          LBZ NEGAMAX_RESET_EVEN
   1f81   f8 80             LDI $80
   1f83   c0 1f 88          LBR NEGAMAX_RESET_DONE
   1f86                 NEGAMAX_RESET_EVEN:
   1f86   f8 00             LDI $00
   1f88                 NEGAMAX_RESET_DONE:
   1f88   a9                PLO 9               ; R9 = ply-indexed move list start
                        
                            ; -----------------------------------------------
                            ; Apply killer move ordering (search killers first)
                            ; Apply at plies 0-4: with d=5 search now active, plies 3 and 4 are
                            ; non-leaves with rich subtrees where alpha-beta cutoffs from a
                            ; well-ordered list save exponentially more work. Skip only at ply >= 5
                            ; (where remaining depth is too shallow for ordering to pay off).
                            ; -----------------------------------------------
   1f89   68 ca 64 48       RLDI 10, CURRENT_PLY
   1f8d   0a                LDN 10              ; D = current ply
   1f8e   ff 05             SMI 5               ; Check if ply >= 5
   1f90   c3 1f a2          LBDF NEGAMAX_SKIP_KILLER  ; Skip if ply >= 5
                        
   1f93   68 ca 64 48       RLDI 10, CURRENT_PLY
   1f97   0a                LDN 10              ; D = ply
   1f98   fc ef             ADI LOW(LOOP_MOVE_CNT)
   1f9a   aa                PLO 10
   1f9b   f8 64             LDI HIGH(LOOP_MOVE_CNT)
   1f9d   ba                PHI 10              ; R10 = &LOOP_MOVE_CNT[ply]
   1f9e   0a                LDN 10              ; D = move count (read from memory)
   1f9f   d4 29 b1          CALL ORDER_KILLER_MOVES
                        
   1fa2                 NEGAMAX_SKIP_KILLER:
                            ; -----------------------------------------------
                            ; Order captures first (MVV-LVA preparation)
                            ; Apply at plies 0-4 (same rationale as killers above).
                            ; -----------------------------------------------
   1fa2   68 ca 64 48       RLDI 10, CURRENT_PLY
   1fa6   0a                LDN 10              ; D = current ply
   1fa7   ff 05             SMI 5               ; Check if ply >= 5
   1fa9   c3 1f bb          LBDF NEGAMAX_SKIP_CAPTURE_ORDER  ; Skip if ply >= 5
                        
   1fac   68 ca 64 48       RLDI 10, CURRENT_PLY
   1fb0   0a                LDN 10              ; D = ply
   1fb1   fc ef             ADI LOW(LOOP_MOVE_CNT)
   1fb3   aa                PLO 10
   1fb4   f8 64             LDI HIGH(LOOP_MOVE_CNT)
   1fb6   ba                PHI 10              ; R10 = &LOOP_MOVE_CNT[ply]
   1fb7   0a                LDN 10              ; D = move count (read from memory)
   1fb8   d4 2a 7c          CALL ORDER_CAPTURES_FIRST
                        
   1fbb                 NEGAMAX_SKIP_CAPTURE_ORDER:
                            ; -----------------------------------------------
                            ; Order TT/PV move first (highest-priority ordering hint)
                            ; At ply >= 1: TT_PROBE has populated TT_MOVE_HI/LO (or left empty zeros).
                            ; At root: ITER_BEST_FROM/TO holds the principal-variation move from the
                            ; prior iterative-deepening iteration. Copy it into TT_MOVE_HI/LO so the
                            ; existing ORDER_TT_MOVE puts it at the front. This PV-move-first
                            ; ordering is essentially free (no extra search; the move is already
                            ; computed) and typically halves node counts at the next depth via
                            ; immediate alpha-beta cutoffs.
                            ; ITER_BEST is initialized to $FF/$FF in SEARCH_POSITION; only valid
                            ; after at least one successful iteration completes.
                            ; -----------------------------------------------
   1fbb   68 ca 64 48       RLDI 10, CURRENT_PLY
   1fbf   0a                LDN 10              ; D = current ply
   1fc0   ca 1f de          LBNZ NEGAMAX_TT_ORDER_CALL  ; ply >= 1: TT_PROBE has populated TT_MOVE
                        
                            ; Root: copy ITER_BEST into TT_MOVE if valid, else skip ordering pass.
   1fc3   68 ca 64 c2       RLDI 10, ITER_BEST_FROM
   1fc7   0a                LDN 10
   1fc8   fb ff             XRI $FF
   1fca   c2 1f de          LBZ NEGAMAX_SKIP_TT_ORDER   ; first iteration: no PV — skip
                        
   1fcd   68 ca 64 c2       RLDI 10, ITER_BEST_FROM
   1fd1   4a                LDA 10                      ; D = ITER_BEST_FROM, R10 -> ITER_BEST_TO
   1fd2   bd                PHI 13
   1fd3   0a                LDN 10                      ; D = ITER_BEST_TO
   1fd4   ad                PLO 13
   1fd5   68 ca 64 c0       RLDI 10, TT_MOVE_HI
   1fd9   9d                GHI 13
   1fda   5a                STR 10                      ; TT_MOVE_HI = ITER_BEST_FROM
   1fdb   1a                INC 10
   1fdc   8d                GLO 13
   1fdd   5a                STR 10                      ; TT_MOVE_LO = ITER_BEST_TO
                        
   1fde                 NEGAMAX_TT_ORDER_CALL:
                            ; (move-count peek removed: ORDER_TT_MOVE below is disabled, so nothing
                            ;  consumed it. When re-enabled, read LOOP_MOVE_CNT[ply] into D first.)
                            ; --- ORDER_TT_MOVE disabled 2026-05-13 pending 32-bit TT hash widening ---
                            ; The byte-order fix in ORDER_TT_MOVE (commit 8aa04e6) is correct, but
                            ; enabling it surfaced a regression: with TT keyed on only 16 hash bits,
                            ; collisions are frequent (2^16 = 65k positions per slot). A TT_MOVE
                            ; from a colliding position gets promoted to the front of the move list
                            ; for the WRONG position; alpha-beta commits to that move's search line;
                            ; depth-limited search can't refute it. Observed concretely 2026-05-13:
                            ; engine chose Qg4-g7-h8 (queen sac into rook taking + queen recapture)
                            ; with ordering enabled; chose sensible Qg4-c8 with ordering disabled.
                            ; Killer ordering above is safe (not hash-keyed; per-ply table only).
                            ; Re-enable this CALL when TT_HASH is widened to 32 bits.
                            ; CALL ORDER_TT_MOVE
                        
   1fde                 NEGAMAX_SKIP_TT_ORDER:
                        
                            ; -----------------------------------------------
                            ; Initialize best score to -INFINITY in memory
                            ; -----------------------------------------------
                            ; Using memory avoids register clobbering bugs!
   1fde   68 ca 64 0e       RLDI 10, BEST_SCORE_HI
   1fe2   f8 80             LDI $80
   1fe4   5a                STR 10              ; BEST_SCORE_HI = $80
   1fe5   1a                INC 10
   1fe6   f8 01             LDI $01
   1fe8   5a                STR 10              ; BEST_SCORE_LO = $01 (best = $8001 = -32767, safe to negate)
                        
                            ; -----------------------------------------------
                            ; Initialize node best move to 0/0 (no move yet)
                            ; -----------------------------------------------
   1fe9   68 ca 64 48       RLDI 10, CURRENT_PLY
   1fed   0a                LDN 10              ; D = ply
   1fee   fe                SHL                 ; D = ply * 2
   1fef   aa                PLO 10
   1ff0   f8 67             LDI HIGH(NODE_BEST_MOVE)
   1ff2   ba                PHI 10              ; R10 = &NODE_BEST_MOVE[ply]
   1ff3   f8 00             LDI 0
   1ff5   5a                STR 10              ; from = 0
   1ff6   1a                INC 10
   1ff7   5a                STR 10              ; to = 0
                        
                            ; -----------------------------------------------
                            ; Futility Pruning Setup (depth 1 only)
                            ; -----------------------------------------------
                            ; Clear futility flag for THIS ply (per-ply table prevents recursion corruption)
   1ff8   68 ca 64 48       RLDI 10, CURRENT_PLY
   1ffc   0a                LDN 10              ; D = ply
   1ffd   fe                SHL
   1ffe   fe                SHL                 ; D = ply * 4
   1fff   fc 22             ADI LOW(FUTILITY_TABLE)
   2001   aa                PLO 10
   2002   f8 67             LDI HIGH(FUTILITY_TABLE)
   2004   7c 00             ADCI 0
   2006   ba                PHI 10              ; R10 = &FUTILITY_TABLE[ply*4] (flag byte)
   2007   f8 00             LDI 0
   2009   5a                STR 10              ; flag = 0 (disabled by default)
                        
                            ; Check if depth == 1 (frontier node)
   200a   68 cd 64 16       RLDI 13, SEARCH_DEPTH
   200e   4d                LDA 13              ; D = depth high byte
   200f   ca 20 66          LBNZ NEGAMAX_SKIP_FUTILITY  ; depth > 255, skip
   2012   0d                LDN 13              ; D = depth low byte
   2013   fb 01             XRI 1               ; Check if depth == 1
   2015   ca 20 66          LBNZ NEGAMAX_SKIP_FUTILITY  ; Not depth 1, skip
                        
                            ; Don't enable futility at root — must always search all root moves
   2018   68 ca 64 48       RLDI 10, CURRENT_PLY
   201c   0a                LDN 10              ; D = current ply
   201d   c2 20 66          LBZ NEGAMAX_SKIP_FUTILITY  ; ply == 0, skip
                        
                            ; Check guard: don't enable futility if side is in check
                            ; (escape moves must not be pruned — mirrors RFP guard at line 563)
   2020   d4 01 8e          CALL IS_IN_CHECK    ; R12 = our color; D = 1 if in check
   2023   ca 20 66          LBNZ NEGAMAX_SKIP_FUTILITY  ; in check, skip futility
                        
                            ; Depth == 1: Cache static eval for futility pruning (per-ply table)
   2026   d4 0e b4          CALL EVALUATE       ; Returns score in R9 (white perspective)
                            ; Negate R9 if black to move (white-perspective → side-to-move)
   2029   8c                GLO 12
   202a   fa 08             ANI $08
   202c   c2 20 37          LBZ FUTILITY_NO_NEG
   202f   89                GLO 9               ; low byte
   2030   fd 00             SDI 0               ; negate low
   2032   a9                PLO 9
   2033   99                GHI 9               ; high byte
   2034   7d 00             SDBI 0              ; negate high with borrow
   2036   b9                PHI 9
   2037                 FUTILITY_NO_NEG:
                            ; Store flag + eval in FUTILITY_TABLE[ply*4]: [flag][eval_hi][eval_lo]
   2037   68 ca 64 48       RLDI 10, CURRENT_PLY
   203b   0a                LDN 10              ; D = ply
   203c   fe                SHL
   203d   fe                SHL                 ; D = ply * 4
   203e   fc 22             ADI LOW(FUTILITY_TABLE)
   2040   aa                PLO 10
   2041   f8 67             LDI HIGH(FUTILITY_TABLE)
   2043   7c 00             ADCI 0
   2045   ba                PHI 10              ; R10 = &FUTILITY_TABLE[ply*4]
   2046   f8 01             LDI 1               ; DEBUG: flag=1 (futility active, negate LBR'd = unsigned eval like bd6e4b5)
   2048   5a                STR 10              ; flag = 1 (futility enabled)
   2049   1a                INC 10
   204a   99                GHI 9
   204b   5a                STR 10              ; eval_hi
   204c   1a                INC 10
   204d   89                GLO 9
   204e   5a                STR 10              ; eval_lo
                        
                            ; FIX: EVALUATE clobbered R9 (move list pointer) with eval score.
                            ; Re-initialize R9 to move list start for this ply.
   204f   68 ca 64 48       RLDI 10, CURRENT_PLY
   2053   0a                LDN 10              ; D = current ply
   2054   f6                SHR                 ; D = ply >> 1
   2055   fc 78             ADI HIGH(MOVE_LIST)
   2057   b9                PHI 9               ; R9.1 = HIGH(MOVE_LIST) + (ply >> 1)
   2058   0a                LDN 10              ; D = ply (reload)
   2059   fa 01             ANI $01
   205b   c2 20 63          LBZ NEGAMAX_FUTILITY_R9_EVEN
   205e   f8 80             LDI $80
   2060   c0 20 65          LBR NEGAMAX_FUTILITY_R9_DONE
   2063                 NEGAMAX_FUTILITY_R9_EVEN:
   2063   f8 00             LDI $00
   2065                 NEGAMAX_FUTILITY_R9_DONE:
   2065   a9                PLO 9               ; R9 = ply-indexed move list start
                        
   2066                 NEGAMAX_SKIP_FUTILITY:
                        
                            ; Initialize LMR move counter to 0
   2066   68 ca 64 a3       RLDI 10, LMR_MOVE_INDEX
   206a   f8 00             LDI 0
   206c   5a                STR 10              ; LMR_MOVE_INDEX = 0
                        
                            ; Check if there are any legal moves
   206d   68 ca 64 48       RLDI 10, CURRENT_PLY
   2071   0a                LDN 10              ; D = ply
   2072   fc ef             ADI LOW(LOOP_MOVE_CNT)
   2074   aa                PLO 10
   2075   f8 64             LDI HIGH(LOOP_MOVE_CNT)
   2077   ba                PHI 10              ; R10 = &LOOP_MOVE_CNT[ply]
   2078   0a                LDN 10              ; D = move count (read from memory)
   2079   ca 20 7f          LBNZ NEGAMAX_HAS_MOVES  ; Long branch (may cross page boundary)
                            ; No legal moves - checkmate or stalemate
   207c   c0 26 23          LBR NEGAMAX_NO_MOVES
                        
   207f                 NEGAMAX_HAS_MOVES:
   207f                 NEGAMAX_MOVE_LOOP:
                            ; -----------------------------------------------
                            ; Loop through all moves
                            ; -----------------------------------------------
                            ; Read move count from ply-indexed memory
   207f   68 ca 64 48       RLDI 10, CURRENT_PLY
   2083   0a                LDN 10             ; D = ply
   2084   fc ef             ADI LOW(LOOP_MOVE_CNT)
   2086   aa                PLO 10
   2087   f8 64             LDI HIGH(LOOP_MOVE_CNT)
   2089   ba                PHI 10             ; R10 = &LOOP_MOVE_CNT[ply]
   208a   0a                LDN 10             ; D = move count (read from memory)
   208b   c2 25 d9          LBZ NEGAMAX_RETURN  ; No moves left
                        
                            ; Get next move from list (big-endian: high byte first)
   208e   49                LDA 9              ; Load high byte of move
   208f   b8                PHI 8
   2090   49                LDA 9              ; Load low byte of move
   2091   a8                PLO 8              ; R8 = current move (16-bit encoded)
                        
                            ; Save R9 (move pointer) to ply-indexed memory (not stack!)
                            ; This avoids stack alignment bugs across the large move loop
   2092   68 ca 64 48       RLDI 10, CURRENT_PLY
   2096   0a                LDN 10              ; D = ply
   2097   fe                SHL                 ; D = ply * 2
   2098   fc db             ADI LOW(LOOP_MOVE_PTR)
   209a   aa                PLO 10
   209b   f8 64             LDI HIGH(LOOP_MOVE_PTR)
   209d   ba                PHI 10              ; R10 = LOOP_MOVE_PTR + ply*2
   209e   99                GHI 9
   209f   5a                STR 10              ; Save R9.hi
   20a0   1a                INC 10
   20a1   89                GLO 9
   20a2   5a                STR 10              ; Save R9.lo
                        
                            ; Decode move: R8 → R13 (from/to)
   20a3   d4 03 c7          CALL DECODE_MOVE_16BIT
                            ; R13.1 = from square, R13.0 = to square
                        
                            ; Store to MOVE_FROM/MOVE_TO for MAKE_MOVE
   20a6   68 ca 64 02       RLDI 10, MOVE_FROM
   20aa   9d                GHI 13              ; from
   20ab   5a                STR 10
   20ac   1a                INC 10
   20ad   8d                GLO 13              ; to
   20ae   5a                STR 10
                        
                            ; -----------------------------------------------
                            ; Set LMR_IS_CAPTURE flag based on target square
                            ; -----------------------------------------------
                            ; R13.0 still has 'to' square from DECODE_MOVE_16BIT
   20af   f8 60             LDI HIGH(BOARD)
   20b1   ba                PHI 10
   20b2   8d                GLO 13              ; D = to square
   20b3   aa                PLO 10              ; R10 = BOARD + to_square
   20b4   0a                LDN 10              ; D = piece at target (0 if empty)
   20b5   a7                PLO 7               ; Save piece in R7.0 (temp)
   20b6   68 ca 64 a5       RLDI 10, LMR_IS_CAPTURE
   20ba   87                GLO 7               ; Restore piece
   20bb   c2 20 c3          LBZ LMR_NOT_CAPTURE
   20be   f8 01             LDI 1               ; Non-empty = capture
   20c0   c0 20 c5          LBR LMR_CAPTURE_DONE
   20c3                 LMR_NOT_CAPTURE:
   20c3   f8 00             LDI 0               ; Empty = not capture
   20c5                 LMR_CAPTURE_DONE:
   20c5   5a                STR 10              ; Store flag
                        
                            ; -----------------------------------------------
                            ; Castling Legality (moved from movegen for performance)
                            ; Only runs when the search actually tries a castling move,
                            ; not at every node during move generation.
                            ; -----------------------------------------------
   20c6   68 ca 64 05       RLDI 10, DECODED_FLAGS
   20ca   0a                LDN 10
   20cb   fb 01             XRI MOVE_CASTLE         ; Zero if castling
   20cd   ca 20 ff          LBNZ NM_NOT_CASTLE
                        
                            ; Castling — check king not in check (can't castle out of check)
   20d0   68 ca 64 02       RLDI 10, MOVE_FROM
   20d4   0a                LDN 10                  ; D = from (king square)
   20d5   ab                PLO 11                  ; R11.0 = king square
   20d6   d4 01 a4          CALL IS_SQUARE_ATTACKED ; D = 1 if in check
   20d9   ca 20 ec          LBNZ NM_CASTLE_ILLEGAL
                        
                            ; Check transit square not attacked (can't castle through check)
                            ; Transit = (from + to) / 2
   20dc   68 ca 64 02       RLDI 10, MOVE_FROM
   20e0   4a                LDA 10                  ; D = from, R10 -> MOVE_TO
   20e1   52                STR 2                   ; M[R2] = from
   20e2   0a                LDN 10                  ; D = to
   20e3   f4                ADD                     ; D = from + to
   20e4   f6                SHR                     ; D = transit square
   20e5   ab                PLO 11                  ; R11.0 = transit
   20e6   d4 01 a4          CALL IS_SQUARE_ATTACKED
   20e9   c2 20 ff          LBZ NM_NOT_CASTLE       ; Transit safe, proceed
                        
   20ec                 NM_CASTLE_ILLEGAL:
                            ; Restore R9 from ply-indexed memory
   20ec   68 ca 64 48       RLDI 10, CURRENT_PLY
   20f0   0a                LDN 10
   20f1   fe                SHL
   20f2   fc db             ADI LOW(LOOP_MOVE_PTR)
   20f4   aa                PLO 10
   20f5   f8 64             LDI HIGH(LOOP_MOVE_PTR)
   20f7   ba                PHI 10
   20f8   4a                LDA 10
   20f9   b9                PHI 9
   20fa   0a                LDN 10
   20fb   a9                PLO 9
   20fc   c0 25 a9          LBR NEGAMAX_NEXT_MOVE
                        
   20ff                 NM_NOT_CASTLE:
                        
                            ; -----------------------------------------------
                            ; Futility Pruning Check (per-ply, depth 1 quiet moves)
                            ; -----------------------------------------------
                        
                            ; Check: is futility pruning enabled for this ply? (per-ply table)
   20ff   68 ca 64 48       RLDI 10, CURRENT_PLY
   2103   0a                LDN 10              ; D = ply
   2104   fe                SHL
   2105   fe                SHL                 ; D = ply * 4
   2106   fc 22             ADI LOW(FUTILITY_TABLE)
   2108   aa                PLO 10
   2109   f8 67             LDI HIGH(FUTILITY_TABLE)
   210b   7c 00             ADCI 0
   210d   ba                PHI 10              ; R10 = &FUTILITY_TABLE[ply*4]
   210e   4a                LDA 10              ; D = flag, R10 → eval_hi
   210f   c2 21 58          LBZ NEGAMAX_NOT_FUTILE  ; Flag=0, skip futility
                            ; Pre-load static eval while R10 is positioned
   2112   4a                LDA 10              ; D = eval_hi, R10 → eval_lo
   2113   bb                PHI 11
   2114   0a                LDN 10              ; D = eval_lo
   2115   ab                PLO 11              ; R11 = static eval (from per-ply table)
                        
                            ; Check if move is a capture (target square non-empty)
   2116   68 ca 64 03       RLDI 10, MOVE_TO
   211a   0a                LDN 10              ; D = to square
   211b   aa                PLO 10              ; R10.0 = to square
   211c   f8 60             LDI HIGH(BOARD)
   211e   ba                PHI 10              ; R10 = BOARD + to_square
   211f   0a                LDN 10              ; D = piece at target
   2120   ca 21 58          LBNZ NEGAMAX_NOT_FUTILE  ; Non-empty = capture, don't prune
                        
                            ; Check if move is a promotion (never prune — changes material)
   2123   68 ca 64 05       RLDI 10, DECODED_FLAGS
   2127   0a                LDN 10              ; D = move flags
   2128   fb 03             XRI MOVE_PROMOTION  ; Zero if promotion
   212a   c2 21 58          LBZ NEGAMAX_NOT_FUTILE  ; Promotion, don't prune
                        
                            ; Add FUTILITY_MARGIN (150 = $0096)
   212d   8b                GLO 11
   212e   fc 96             ADI FUTILITY_MARGIN_D1_LO  ; Add low byte
   2130   ab                PLO 11
   2131   9b                GHI 11
   2132   7c 00             ADCI FUTILITY_MARGIN_D1_HI ; Add high byte with carry
   2134   bb                PHI 11              ; R11 = static_eval + margin
                        
                            ; Safety: don't prune if no move has been searched yet (BEST_SCORE
                            ; is still sentinel $8001). Otherwise all quiet moves get pruned,
                            ; BEST_SCORE stays at sentinel, and the engine detects false checkmate.
   2135   68 ca 64 0e       RLDI 10, BEST_SCORE_HI
   2139   0a                LDN 10              ; D = BEST_SCORE_HI
   213a   fb 80             XRI $80             ; Zero if still sentinel high byte
   213c   c2 21 58          LBZ NEGAMAX_NOT_FUTILE  ; Sentinel → must search this move
                        
                            ; Futility: prune if static_eval + margin < 0 (losing by more than margin)
   213f   9b                GHI 11              ; (eval+margin) high byte
   2140   fa 80             ANI $80             ; Check sign bit
   2142   c2 21 58          LBZ NEGAMAX_NOT_FUTILE  ; Sign bit clear = positive, don't prune
                        
                            ; Futile! Skip this move
                            ; Restore R9 from ply-indexed memory
   2145   68 ca 64 48       RLDI 10, CURRENT_PLY
   2149   0a                LDN 10              ; D = ply
   214a   fe                SHL                 ; D = ply * 2
   214b   fc db             ADI LOW(LOOP_MOVE_PTR)
   214d   aa                PLO 10
   214e   f8 64             LDI HIGH(LOOP_MOVE_PTR)
   2150   ba                PHI 10              ; R10 = LOOP_MOVE_PTR + ply*2
   2151   4a                LDA 10
   2152   b9                PHI 9               ; R9.hi
   2153   0a                LDN 10
   2154   a9                PLO 9               ; R9 = move list pointer restored
                        
                            ; Jump to decrement move count and continue loop
   2155   c0 25 a9          LBR NEGAMAX_NEXT_MOVE
                        
   2158                 NEGAMAX_NOT_FUTILE:
                        
                            ; -----------------------------------------------
                            ; Late Move Pruning (LMP) — at low depth, after first N quiet moves
                            ; have been searched, skip remaining quiet moves entirely. Empirical
                            ; literature: 20-40% node reduction at low depths with low risk.
                            ; Conditions (all must hold to prune):
                            ;   1. CURRENT_PLY > 0      — never prune at root (highest cost of error)
                            ;   2. NODE_IN_CHECK == 0   — never prune when we're in check (legal
                            ;                             escape moves can be late in ordering, and
                            ;                             pruning them = false mate detection)
                            ;   3. SEARCH_DEPTH <= 2    — only at low depths (small subtrees)
                            ;   4. LMR_MOVE_INDEX >= 8  — first 8 moves search normally
                            ;   5. LMR_IS_CAPTURE == 0  — never prune captures
                            ;   6. DECODED_FLAGS != MOVE_PROMOTION
                            ; The in-check guard (cond 2) was added 2026-05-05 after the move-21
                            ; replay surfaced a false +32766 mate at d=1/2/3: opponent in check
                            ; from our Qh5+, with many illegal pseudo-legal moves filling indices
                            ; 0-7, leaving the legal escapes (Ng6, gxh6) at index 9+ where LMP
                            ; pruned them, causing NEGAMAX_NO_MOVES to fire and report mate.
                            ; -----------------------------------------------
                        
                            ; Cond 1: ply > 0?
   2158   68 ca 64 48       RLDI 10, CURRENT_PLY
   215c   0a                LDN 10
   215d   c2 21 95          LBZ NEGAMAX_LMP_DONE        ; root: never prune
                        
                            ; Cond 2: not in check at this node?
   2160   fc 42             ADI LOW(NODE_IN_CHECK)
   2162   aa                PLO 10
   2163   f8 67             LDI HIGH(NODE_IN_CHECK)
   2165   7c 00             ADCI 0
   2167   ba                PHI 10                      ; R10 = NODE_IN_CHECK + ply
   2168   0a                LDN 10                      ; D = node-in-check flag
   2169   ca 21 95          LBNZ NEGAMAX_LMP_DONE       ; in check: skip LMP (legal escapes may be late)
                        
                            ; Cond 3: depth <= 2?
   216c   68 ca 64 17       RLDI 10, SEARCH_DEPTH + 1
   2170   0a                LDN 10
   2171   ff 03             SMI 3
   2173   c3 21 95          LBDF NEGAMAX_LMP_DONE       ; depth >= 3: skip LMP
                        
                            ; Cond 4: index >= 8?
   2176   68 ca 64 a3       RLDI 10, LMR_MOVE_INDEX
   217a   0a                LDN 10
   217b   ff 08             SMI 8
   217d   cb 21 95          LBNF NEGAMAX_LMP_DONE       ; index < 8: search normally
                        
                            ; Cond 5: not a capture?
   2180   68 ca 64 a5       RLDI 10, LMR_IS_CAPTURE
   2184   0a                LDN 10
   2185   ca 21 95          LBNZ NEGAMAX_LMP_DONE       ; capture: search normally
                        
                            ; Cond 6: not a promotion?
   2188   68 ca 64 05       RLDI 10, DECODED_FLAGS
   218c   0a                LDN 10
   218d   fb 03             XRI MOVE_PROMOTION
   218f   c2 21 95          LBZ NEGAMAX_LMP_DONE        ; promotion: search normally
                        
                            ; All conditions met — skip this move (LMP prune)
   2192   c0 25 a9          LBR NEGAMAX_NEXT_MOVE
                        
   2195                 NEGAMAX_LMP_DONE:
                        
                            ; Set UNDO_PROMOTION based on move flags
                            ; Must be done before MAKE_MOVE so promotions work correctly
   2195   68 ca 64 04       RLDI 10, UNDO_PROMOTION
   2199   68 cd 64 05       RLDI 13, DECODED_FLAGS
   219d   0d                LDN 13              ; D = flags
   219e   fb 03             XRI MOVE_PROMOTION  ; == $03?
   21a0   ca 21 a8          LBNZ NM_NOT_PROMO
   21a3   f8 05             LDI QUEEN_TYPE      ; Promote to queen ($05)
   21a5   c0 21 aa          LBR NM_SET_PROMO
   21a8                 NM_NOT_PROMO:
   21a8   f8 00             LDI 0               ; Not a promotion
   21aa                 NM_SET_PROMO:
   21aa   5a                STR 10              ; UNDO_PROMOTION = QUEEN_TYPE or 0
                        
                            ; Make the move on the board
   21ab   d4 09 b4          CALL MAKE_MOVE
                        
                            ; -----------------------------------------------
                            ; LEGALITY CHECK: Does this move leave our king in check?
                            ; MAKE_MOVE does NOT toggle R12 - only SIDE in memory.
                            ; R12 still contains our color (the side that just moved).
                            ; -----------------------------------------------
   21ae   d4 01 8e          CALL IS_IN_CHECK
                            ; D = 1 if our king is in check (illegal move), 0 if safe
                        
                            ; If in check, this move is illegal - unmake and skip
   21b1   c2 21 ca          LBZ NEGAMAX_MOVE_LEGAL  ; D=0 means not in check, move is legal
                        
                            ; ILLEGAL MOVE: Our king is in check after this move
   21b4   d4 0c 20          CALL UNMAKE_MOVE
                        
                            ; R12 stays as our color (UNMAKE_MOVE doesn't toggle R12)
                        
                            ; Restore R9 from ply-indexed memory and skip to next move
   21b7   68 ca 64 48       RLDI 10, CURRENT_PLY
   21bb   0a                LDN 10              ; D = ply
   21bc   fe                SHL                 ; D = ply * 2
   21bd   fc db             ADI LOW(LOOP_MOVE_PTR)
   21bf   aa                PLO 10
   21c0   f8 64             LDI HIGH(LOOP_MOVE_PTR)
   21c2   ba                PHI 10              ; R10 = LOOP_MOVE_PTR + ply*2
   21c3   4a                LDA 10
   21c4   b9                PHI 9               ; R9.hi
   21c5   0a                LDN 10
   21c6   a9                PLO 9               ; R9 = move list pointer restored
                        
   21c7   c0 25 a9          LBR NEGAMAX_NEXT_MOVE   ; Skip this illegal move
                        
   21ca                 NEGAMAX_MOVE_LEGAL:
                            ; --- Check extension: does this move give check? ---
   21ca   8c                GLO 12
   21cb   fb 08             XRI 8
   21cd   ac                PLO 12              ; R12 = opponent's color
   21ce   d4 01 8e          CALL IS_IN_CHECK    ; Check opponent's king
                            ; D = 1 if giving check (RLDI does NOT clobber D)
   21d1   68 ca 64 da       RLDI 10, CHECK_EXT_FLAG
   21d5   5a                STR 10              ; Save result (0 or 1)
   21d6   8c                GLO 12
   21d7   fb 08             XRI 8
   21d9   ac                PLO 12              ; R12 = our color restored
                        
                            ; -----------------------------------------------
                            ; LMR Check: Should we reduce this move's search?
                            ; -----------------------------------------------
                            ; Clear LMR_REDUCED flag first
   21da   68 ca 64 a4       RLDI 10, LMR_REDUCED
   21de   f8 00             LDI 0
   21e0   5a                STR 10              ; LMR_REDUCED = 0 (default)
                        
                            ; Condition 1: LMR_MOVE_INDEX >= 4?
   21e1   68 ca 64 a3       RLDI 10, LMR_MOVE_INDEX
   21e5   0a                LDN 10              ; D = moves searched so far
   21e6   ff 04             SMI 4               ; D = index - 4
   21e8   cb 22 0e          LBNF LMR_SKIP       ; < 4, skip LMR
                        
                            ; Condition 2: SEARCH_DEPTH >= 3?
   21eb   68 ca 64 17       RLDI 10, SEARCH_DEPTH + 1
   21ef   0a                LDN 10              ; D = depth low byte
   21f0   ff 03             SMI 3               ; D = depth - 3
   21f2   cb 22 0e          LBNF LMR_SKIP       ; < 3, skip LMR
                        
                            ; Condition 3: Not a capture?
   21f5   68 ca 64 a5       RLDI 10, LMR_IS_CAPTURE
   21f9   0a                LDN 10              ; D = capture flag
   21fa   ca 22 0e          LBNZ LMR_SKIP       ; Is capture, skip LMR
                        
                            ; Condition 4: Not a promotion? (promotions change material, never reduce)
   21fd   68 ca 64 05       RLDI 10, DECODED_FLAGS
   2201   0a                LDN 10              ; D = move flags
   2202   fb 03             XRI MOVE_PROMOTION  ; Zero if promotion
   2204   c2 22 0e          LBZ LMR_SKIP        ; Promotion, skip LMR
                        
                            ; All conditions met - set LMR_REDUCED = 1
   2207   68 ca 64 a4       RLDI 10, LMR_REDUCED
   220b   f8 01             LDI 1
   220d   5a                STR 10              ; LMR_REDUCED = 1
                        
   220e                 LMR_SKIP:
                        
                            ; -----------------------------------------------
                            ; Save depth to stack and decrement for recursive call
                            ; (PUSH ORDER: R9/R8, depth, alpha/beta, UNDO_* - pop in reverse!)
                            ; -----------------------------------------------
                            ; First, save current depth to stack for later restore
   220e   68 cd 64 16       RLDI 13, SEARCH_DEPTH
   2212   4d                LDA 13              ; D = depth high
   2213   73                STXD
   2214   0d                LDN 13              ; D = depth low
   2215   73                STXD                ; Stack now has: ... [depth_hi] [depth_lo]
                        
                            ; Now decrement depth in memory
   2216   68 cd 64 17       RLDI 13, SEARCH_DEPTH + 1
   221a   0d                LDN 13              ; D = depth low
   221b   ff 01             SMI 1
   221d   5d                STR 13              ; Store decremented low byte
   221e   2d                DEC 13              ; Point to high byte
   221f   0d                LDN 13              ; D = depth high
   2220   7f 00             SMBI 0              ; Subtract borrow
   2222   5d                STR 13              ; Store decremented high byte
                        
                            ; -----------------------------------------------
                            ; LMR: Extra depth decrement if flag is set
                            ; -----------------------------------------------
   2223   68 ca 64 a4       RLDI 10, LMR_REDUCED
   2227   0a                LDN 10              ; D = LMR_REDUCED flag
   2228   c2 22 38          LBZ LMR_NO_EXTRA_DEC ; Not reduced, skip extra decrement
                        
                            ; LMR applies - decrement depth by 1 MORE (depth now = original - 2)
   222b   68 cd 64 17       RLDI 13, SEARCH_DEPTH + 1
   222f   0d                LDN 13              ; D = depth low
   2230   ff 01             SMI 1
   2232   5d                STR 13              ; depth_lo--
   2233   2d                DEC 13              ; Point to high byte
   2234   0d                LDN 13              ; D = depth high
   2235   7f 00             SMBI 0              ; Subtract borrow
   2237   5d                STR 13              ; depth_hi-- (with borrow)
                        
   2238                 LMR_NO_EXTRA_DEC:
                            ; -----------------------------------------------
                            ; Check extension: if move gives check AND depth is
                            ; at the horizon (depth <= 0 after decrement), undo
                            ; the decrement so checking move stays in main search
                            ; where checkmate can be detected (QS can't detect it)
                            ; -----------------------------------------------
   2238   68 ca 64 da       RLDI 10, CHECK_EXT_FLAG
   223c   0a                LDN 10              ; D = check flag
   223d   c2 22 59          LBZ CE_DONE         ; Not giving check, skip
                        
                            ; Ply guard: don't extend if ply >= 4 (child would be ply 5).
                            ; With MAX_PLY=8 and MOVE_LIST sized for 5 plies + QS scratch beyond,
                            ; ply 4 extending to 5 stays within bounds.
   2240   68 ca 64 48       RLDI 10, CURRENT_PLY
   2244   0a                LDN 10              ; D = current ply
   2245   ff 04             SMI 4
   2247   c3 22 59          LBDF CE_DONE        ; ply >= 4, skip extension
                        
                            ; Only extend at horizon: depth <= 0 after decrement
   224a   68 cd 64 16       RLDI 13, SEARCH_DEPTH
   224e   4d                LDA 13              ; D = depth_hi
   224f   ca 22 59          LBNZ CE_DONE        ; depth_hi != 0, not at horizon
   2252   0d                LDN 13              ; D = depth_lo
   2253   ca 22 59          LBNZ CE_DONE        ; depth_lo != 0, not at horizon
                        
                            ; Depth is 0 — about to drop to QS. Undo decrement (+1)
   2256   f8 01             LDI 1
   2258   5d                STR 13              ; depth_lo = 1
                            ; depth_hi stays 0 (already confirmed)
                        
   2259                 CE_DONE:
                            ; -----------------------------------------------
                            ; Negate and swap alpha/beta (memory-based - R6 is SCRT linkage!)
                            ; -----------------------------------------------
                            ; For negamax: score = -negamax(depth-1, -beta, -alpha, -color)
                        
                            ; Save current alpha and beta from memory to stack
                            ; Load alpha from memory (big-endian: HI at lower address)
   2259   68 cd 64 42       RLDI 13, ALPHA_HI
   225d   4d                LDA 13              ; D = alpha_hi
   225e   73                STXD
   225f   0d                LDN 13              ; D = alpha_lo
   2260   73                STXD
                            ; Load beta from memory (big-endian: HI at lower address)
   2261   68 cd 64 44       RLDI 13, BETA_HI
   2265   4d                LDA 13              ; D = beta_hi
   2266   73                STXD
   2267   0d                LDN 13              ; D = beta_lo
   2268   73                STXD
                            ; Stack now has: [beta_lo][beta_hi][alpha_lo][alpha_hi][depth]...
                        
                            ; -----------------------------------------------
                            ; Save UNDO_* to stack (7 bytes) for recursive safety
                            ; Child calls will overwrite UNDO_*, so we must save it
                            ; Push LAST so it gets popped FIRST (LIFO order!)
                            ; -----------------------------------------------
   2269   68 ca 64 08       RLDI 10, UNDO_CAPTURED
   226d   4a                LDA 10              ; UNDO_CAPTURED
   226e   73                STXD
   226f   4a                LDA 10              ; UNDO_FROM
   2270   73                STXD
   2271   4a                LDA 10              ; UNDO_TO
   2272   73                STXD
   2273   4a                LDA 10              ; UNDO_CASTLING
   2274   73                STXD
   2275   4a                LDA 10              ; UNDO_EP
   2276   73                STXD
   2277   0a                LDN 10              ; UNDO_HALFMOVE
   2278   73                STXD
                            ; UNDO_PROMOTION is at $6404 (not contiguous)
   2279   68 ca 64 04       RLDI 10, UNDO_PROMOTION
   227d   0a                LDN 10              ; UNDO_PROMOTION
   227e   73                STXD
                            ; UNDO_CAP_SQ is at $64FF (not contiguous)
   227f   68 ca 64 ff       RLDI 10, UNDO_CAP_SQ
   2283   0a                LDN 10              ; UNDO_CAP_SQ
   2284   73                STXD
                        
                            ; -----------------------------------------------
                            ; Save BEST_SCORE to stack (2 bytes) for recursive safety
                            ; Child calls will reinitialize BEST_SCORE to -infinity!
                            ; -----------------------------------------------
   2285   68 ca 64 0e       RLDI 10, BEST_SCORE_HI
   2289   4a                LDA 10              ; BEST_SCORE_HI
   228a   73                STXD
   228b   0a                LDN 10              ; BEST_SCORE_LO
   228c   73                STXD
                            ; Stack now has: [BEST_SCORE][UNDO_CAP_SQ][UNDO_*][beta][alpha][depth][R9]...
                        
                            ; Negate beta from memory → R7 = -beta (new alpha)
                            ; Read low byte first for borrow propagation, then high byte
   228d   68 cd 64 45       RLDI 13, BETA_LO
   2291   0d                LDN 13              ; low byte (BETA_LO at higher address)
   2292   fd 00             SDI 0               ; negate low
   2294   a7                PLO 7
   2295   2d                DEC 13              ; → BETA_HI (lower address)
   2296   0d                LDN 13              ; high byte
   2297   7d 00             SDBI 0              ; negate high with borrow
   2299   b7                PHI 7               ; R7 = -beta
                        
                            ; Negate alpha from memory → R8 = -alpha (new beta)
   229a   68 cd 64 43       RLDI 13, ALPHA_LO
   229e   0d                LDN 13              ; low byte (ALPHA_LO at higher address)
   229f   fd 00             SDI 0               ; negate low
   22a1   a8                PLO 8
   22a2   2d                DEC 13              ; → ALPHA_HI (lower address)
   22a3   0d                LDN 13              ; high byte
   22a4   7d 00             SDBI 0              ; negate high with borrow
   22a6   b8                PHI 8               ; R8 = -alpha
                        
                            ; Now swap: new_alpha = -beta (in R7), new_beta = -alpha (in R8)
                            ; Store to memory (big-endian: high byte at lower address)
   22a7   68 cd 64 42       RLDI 13, ALPHA_HI
   22ab   97                GHI 7
   22ac   5d                STR 13              ; ALPHA_HI = -beta high
   22ad   1d                INC 13
   22ae   87                GLO 7
   22af   5d                STR 13              ; ALPHA_LO = -beta low
                        
   22b0   68 cd 64 44       RLDI 13, BETA_HI
   22b4   98                GHI 8
   22b5   5d                STR 13              ; BETA_HI = -alpha high
   22b6   1d                INC 13
   22b7   88                GLO 8
   22b8   5d                STR 13              ; BETA_LO = -alpha low
                        
                            ; Toggle color (C): 0=white, 8=black (matches COLOR_MASK)
   22b9   8c                GLO 12
   22ba   fb 08             XRI $08             ; Toggle between 0 and 8
   22bc   ac                PLO 12
                        
                            ; Increment ply counter before recursion
   22bd   68 ca 64 48       RLDI 10, CURRENT_PLY
   22c1   0a                LDN 10
   22c2   fc 01             ADI 1
   22c4   5a                STR 10              ; CURRENT_PLY++
                        
                            ; -----------------------------------------------
                            ; Push LMR state to stack (overwritten by recursive call)
                            ; -----------------------------------------------
                            ; Push LMR_MOVE_INDEX first (popped last)
   22c5   68 ca 64 a3       RLDI 10, LMR_MOVE_INDEX
   22c9   0a                LDN 10              ; D = LMR_MOVE_INDEX
   22ca   73                STXD                ; Push to stack
                            ; Push LMR_REDUCED second (popped first)
   22cb   68 ca 64 a4       RLDI 10, LMR_REDUCED
   22cf   0a                LDN 10              ; D = LMR_REDUCED flag
   22d0   73                STXD                ; Push to stack
                        
                            ; -----------------------------------------------
                            ; Recursive call to NEGAMAX
                            ; -----------------------------------------------
   22d1   d4 1c 4e          CALL NEGAMAX
                            ; Returns score in R9 (R6 is SCRT linkage - off limits!)
                        
                            ; -----------------------------------------------
                            ; Pop LMR state (reverse order)
                            ; -----------------------------------------------
                            ; Pop LMR_REDUCED and save to LMR_OUTER
   22d4   60                IRX
   22d5   f0                LDX                 ; D = saved LMR_REDUCED (R2 stays at this slot)
   22d6   a7                PLO 7               ; Save in R7.0 (temp)
   22d7   68 ca 64 a6       RLDI 10, LMR_OUTER
   22db   87                GLO 7               ; Restore LMR_REDUCED value
   22dc   5a                STR 10              ; LMR_OUTER = saved LMR_REDUCED
                            ; Pop LMR_MOVE_INDEX and restore to memory
   22dd   60                IRX
   22de   f0                LDX                 ; D = saved LMR_MOVE_INDEX
   22df   a7                PLO 7               ; Temp in R7.0
   22e0   68 ca 64 a3       RLDI 10, LMR_MOVE_INDEX
   22e4   87                GLO 7
   22e5   5a                STR 10              ; LMR_MOVE_INDEX restored
                        
                            ; Decrement ply counter after recursion
   22e6   68 ca 64 48       RLDI 10, CURRENT_PLY
   22ea   0a                LDN 10
   22eb   ff 01             SMI 1
   22ed   5a                STR 10              ; CURRENT_PLY--
                        
                            ; Negate R9 (score = -score)
   22ee   89                GLO 9               ; low byte
   22ef   fd 00             SDI 0               ; negate low
   22f1   a9                PLO 9
   22f2   99                GHI 9               ; high byte
   22f3   7d 00             SDBI 0              ; negate high with borrow
   22f5   b9                PHI 9
                        
                            ; Save negated score to SCORE_HI/LO (R9 clobbered by stack pops)
   22f6   68 ca 64 46       RLDI 10, SCORE_HI
   22fa   99                GHI 9               ; high byte → SCORE_HI (lower address)
   22fb   5a                STR 10
   22fc   1a                INC 10
   22fd   89                GLO 9               ; low byte → SCORE_LO (higher address)
   22fe   5a                STR 10
                        
                            ; -----------------------------------------------
                            ; LMR Re-search Check: Did reduced search beat alpha?
                            ; -----------------------------------------------
                            ; Read LMR_OUTER from memory (LMR_REDUCED was cleared by recursive call)
   22ff   68 ca 64 a6       RLDI 10, LMR_OUTER
   2303   0a                LDN 10              ; D = LMR_OUTER flag
   2304   c2 23 d4          LBZ LMR_NO_RESEARCH ; Not reduced, skip re-search check
                        
                            ; Peek alpha from stack (alpha_hi at R2+14, alpha_lo at R2+13)
   2307   82                GLO 2
   2308   fc 0e             ADI 14              ; Calculate offset to alpha_hi
   230a   aa                PLO 10
   230b   92                GHI 2
   230c   7c 00             ADCI 0
   230e   ba                PHI 10              ; R10 = address of alpha_hi on stack
   230f   0a                LDN 10              ; D = alpha_hi
   2310   b7                PHI 7               ; R7.1 = alpha_hi
   2311   2a                DEC 10              ; Point to alpha_lo (R2+11)
   2312   0a                LDN 10              ; D = alpha_lo
   2313   a7                PLO 7               ; R7 = parent's alpha (big-endian)
                        
                            ; Load score from SCORE_HI/LO
   2314   68 ca 64 46       RLDI 10, SCORE_HI
   2318   4a                LDA 10              ; D = score_hi
   2319   bd                PHI 13
   231a   0a                LDN 10              ; D = score_lo
   231b   ad                PLO 13              ; R13 = score
                        
                            ; Signed comparison: score (R13) > alpha (R7)?
                            ; Use COMPARE_TEMP for scratch
   231c   68 ca 64 49       RLDI 10, COMPARE_TEMP
   2320   ea                SEX 10              ; X = R10 for comparisons
                        
                            ; Check if signs differ
   2321   9d                GHI 13              ; score_hi
   2322   5a                STR 10
   2323   97                GHI 7               ; alpha_hi
   2324   f3                XOR
   2325   fa 80             ANI $80             ; Check sign bits differ
   2327   e2                SEX 2               ; Restore X = R2
   2328   ca 23 43          LBNZ LMR_RESEARCH_DIFF_SIGN
                        
                            ; Same sign: score > alpha if score - alpha > 0 (positive, no borrow)
   232b   ea                SEX 10
   232c   87                GLO 7               ; alpha_lo
   232d   5a                STR 10
   232e   8d                GLO 13              ; score_lo
   232f   f7                SM                  ; D = score_lo - alpha_lo
   2330   b8                PHI 8               ; Save low result in R8.1
   2331   97                GHI 7               ; alpha_hi
   2332   5a                STR 10
   2333   9d                GHI 13              ; score_hi
   2334   77                SMB                 ; D = score_hi - alpha_hi - borrow
   2335   e2                SEX 2               ; Restore X = R2
   2336   cb 23 d4          LBNF LMR_NO_RESEARCH ; Borrow = score <= alpha, no re-search
   2339   ca 23 49          LBNZ LMR_DO_RESEARCH ; High bytes differ and positive
   233c   98                GHI 8               ; Check saved low result
   233d   c2 23 d4          LBZ LMR_NO_RESEARCH  ; Equal (both zero), no re-search
   2340   c0 23 49          LBR LMR_DO_RESEARCH
                        
   2343                 LMR_RESEARCH_DIFF_SIGN:
                            ; Different signs: positive > negative
   2343   9d                GHI 13              ; score_hi
   2344   fa 80             ANI $80
   2346   ca 23 d4          LBNZ LMR_NO_RESEARCH ; score negative, alpha positive: score < alpha
                        
   2349                 LMR_DO_RESEARCH:
                            ; Re-search needed! Score beat alpha on reduced search.
                        
                            ; Clear LMR_REDUCED so we don't re-search again
   2349   68 ca 64 a4       RLDI 10, LMR_REDUCED
   234d   f8 00             LDI 0
   234f   5a                STR 10
                        
                            ; Increment SEARCH_DEPTH by 1 (undo the extra LMR reduction)
                            ; Current depth = original - 2, we want original - 1
   2350   68 cd 64 17       RLDI 13, SEARCH_DEPTH + 1
   2354   0d                LDN 13              ; D = depth_lo
   2355   fc 01             ADI 1
   2357   5d                STR 13              ; depth_lo++
   2358   2d                DEC 13              ; Point to high byte
   2359   0d                LDN 13              ; D = depth_hi
   235a   7c 00             ADCI 0              ; Add carry
   235c   5d                STR 13              ; depth_hi++ (with carry)
                        
                            ; Re-setup alpha/beta for child (same swap as original)
                            ; Peek parent's beta from stack (beta_hi at R2+12, beta_lo at R2+11)
   235d   82                GLO 2
   235e   fc 0c             ADI 12
   2360   aa                PLO 10
   2361   92                GHI 2
   2362   7c 00             ADCI 0
   2364   ba                PHI 10              ; R10 = address of beta_hi on stack
   2365   0a                LDN 10              ; D = beta_hi
   2366   b8                PHI 8
   2367   2a                DEC 10              ; Point to beta_lo
   2368   0a                LDN 10              ; D = beta_lo
   2369   a8                PLO 8               ; R8 = parent's beta
                        
                            ; Negate R8 (beta) → R7 = -beta (new alpha)
   236a   88                GLO 8               ; low byte
   236b   fd 00             SDI 0               ; negate low
   236d   a7                PLO 7
   236e   98                GHI 8               ; high byte
   236f   7d 00             SDBI 0              ; negate high with borrow
   2371   b7                PHI 7               ; R7 = -beta
                        
                            ; Peek parent's alpha again (R2+14, R2+13)
   2372   82                GLO 2
   2373   fc 0e             ADI 14
   2375   aa                PLO 10
   2376   92                GHI 2
   2377   7c 00             ADCI 0
   2379   ba                PHI 10
   237a   0a                LDN 10              ; D = alpha_hi
   237b   b8                PHI 8
   237c   2a                DEC 10
   237d   0a                LDN 10              ; D = alpha_lo
   237e   a8                PLO 8               ; R8 = parent's alpha
                        
                            ; Negate R8 (alpha) in place → R8 = -alpha (new beta)
   237f   88                GLO 8               ; low byte
   2380   fd 00             SDI 0               ; negate low
   2382   a8                PLO 8
   2383   98                GHI 8               ; high byte
   2384   7d 00             SDBI 0              ; negate high with borrow
   2386   b8                PHI 8               ; R8 = -alpha
                        
                            ; Store new alpha/beta to memory
   2387   68 ca 64 42       RLDI 10, ALPHA_HI
   238b   97                GHI 7               ; new_alpha_hi
   238c   5a                STR 10
   238d   1a                INC 10
   238e   87                GLO 7               ; new_alpha_lo
   238f   5a                STR 10              ; ALPHA = -beta
                        
   2390   68 ca 64 44       RLDI 10, BETA_HI
   2394   98                GHI 8               ; new_beta_hi
   2395   5a                STR 10
   2396   1a                INC 10
   2397   88                GLO 8               ; new_beta_lo
   2398   5a                STR 10              ; BETA = -alpha
                        
                            ; ----------------------------------------------------------------
                            ; LMR-RESEARCH FIX 2026-05-06: refresh CHECK_EXT_FLAG before re-search.
                            ; The first reduced-depth call's child overwrote CHECK_EXT_FLAG with
                            ; whatever its last move-loop iteration left (typically 0 for non-checking
                            ; quiet moves). Re-search child's snapshot would read this stale value,
                            ; breaking the LMP in-check guard at line ~1238 even though our move IS
                            ; a check.  R12 is currently BLACK (child's color = opponent of parent
                            ; at root), so direct IS_IN_CHECK checks the opponent's king — exactly
                            ; what we want for "did parent's move give check".
                            ; ----------------------------------------------------------------
   2399   d4 01 8e          CALL IS_IN_CHECK
   239c   68 ca 64 da       RLDI 10, CHECK_EXT_FLAG
   23a0   5a                STR 10              ; CHECK_EXT_FLAG = fresh "in check?" result
                        
                            ; --- BUGFIX (carried from 09ccdcf, origin 2e3333a 2026-01-27): preserve
                            ; LMR_MOVE_INDEX across the re-search. The first (reduced) CALL NEGAMAX
                            ; saves/restores it; this full-depth re-search call did NOT, so the child
                            ; reset+incremented it and never restored this node's value -> corrupts
                            ; LMP/LMR state and, via the LMR_REDUCED-gated SEARCH_DEPTH decrement, can
                            ; underflow depth -> near-infinite child search = the freeze-class hang.
                            ; Latent in 7b3a53d (bug predates it). Push before / restore after.
   23a1   68 ca 64 a3       RLDI 10, LMR_MOVE_INDEX
   23a5   0a                LDN 10
   23a6   73                STXD                ; push LMR_MOVE_INDEX
                        
                            ; Increment ply for recursive call
   23a7   68 ca 64 48       RLDI 10, CURRENT_PLY
   23ab   0a                LDN 10
   23ac   fc 01             ADI 1
   23ae   5a                STR 10              ; CURRENT_PLY++
                        
                            ; Call NEGAMAX again (full depth this time)
   23af   d4 1c 4e          CALL NEGAMAX
                        
                            ; Restore LMR_MOVE_INDEX (the re-searched child clobbered it)
   23b2   60                IRX
   23b3   f0                LDX                 ; D = saved LMR_MOVE_INDEX
   23b4   a7                PLO 7               ; temp (R7.0 dead here — R9 holds the score)
   23b5   68 ca 64 a3       RLDI 10, LMR_MOVE_INDEX
   23b9   87                GLO 7
   23ba   5a                STR 10              ; LMR_MOVE_INDEX restored to this node's value
                        
                            ; Decrement ply
   23bb   68 ca 64 48       RLDI 10, CURRENT_PLY
   23bf   0a                LDN 10
   23c0   ff 01             SMI 1
   23c2   5a                STR 10              ; CURRENT_PLY--
                        
                            ; Negate R9 (score = -score)
   23c3   89                GLO 9               ; low byte
   23c4   fd 00             SDI 0               ; negate low
   23c6   a9                PLO 9
   23c7   99                GHI 9               ; high byte
   23c8   7d 00             SDBI 0              ; negate high with borrow
   23ca   b9                PHI 9
                        
                            ; Save to SCORE_HI/LO
   23cb   68 ca 64 46       RLDI 10, SCORE_HI
   23cf   99                GHI 9               ; high byte → SCORE_HI (lower address)
   23d0   5a                STR 10
   23d1   1a                INC 10
   23d2   89                GLO 9               ; low byte → SCORE_LO (higher address)
   23d3   5a                STR 10
                        
   23d4                 LMR_NO_RESEARCH:
                        
                            ; -----------------------------------------------
                            ; Restore BEST_SCORE from stack FIRST (it was pushed last - LIFO!)
                            ; This was corrupted by child's NEGAMAX initialization!
                            ; -----------------------------------------------
   23d4   68 ca 64 0f       RLDI 10, BEST_SCORE_LO
   23d8   60                IRX
   23d9   72                LDXA                ; BEST_SCORE_LO
   23da   5a                STR 10
   23db   2a                DEC 10
   23dc   f0                LDX                 ; BEST_SCORE_HI (R2 stays at this slot)
   23dd   5a                STR 10
                        
                            ; -----------------------------------------------
                            ; Restore UNDO_* from stack (7 bytes) before UNMAKE_MOVE
                            ; -----------------------------------------------
                            ; UNDO_CAP_SQ first (it was pushed last - LIFO)
   23de   68 ca 64 ff       RLDI 10, UNDO_CAP_SQ
   23e2   60                IRX
   23e3   f0                LDX                 ; UNDO_CAP_SQ
   23e4   5a                STR 10
                            ; UNDO_PROMOTION next
   23e5   68 ca 64 04       RLDI 10, UNDO_PROMOTION
   23e9   60                IRX
   23ea   f0                LDX                 ; UNDO_PROMOTION
   23eb   5a                STR 10
                            ; Now restore the contiguous block ($6408-$640D)
   23ec   68 ca 64 0d       RLDI 10, UNDO_HALFMOVE
   23f0   60                IRX
   23f1   72                LDXA                ; UNDO_HALFMOVE
   23f2   5a                STR 10
   23f3   2a                DEC 10
   23f4   72                LDXA                ; UNDO_EP
   23f5   5a                STR 10
   23f6   2a                DEC 10
   23f7   72                LDXA                ; UNDO_CASTLING
   23f8   5a                STR 10
   23f9   2a                DEC 10
   23fa   72                LDXA                ; UNDO_TO
   23fb   5a                STR 10
   23fc   2a                DEC 10
   23fd   72                LDXA                ; UNDO_FROM
   23fe   5a                STR 10
   23ff   2a                DEC 10
   2400   f0                LDX                 ; UNDO_CAPTURED (last, no inc)
   2401   5a                STR 10
                        
                            ; -----------------------------------------------
                            ; Unmake the move
                            ; -----------------------------------------------
   2402   d4 0c 20          CALL UNMAKE_MOVE
                            ; Board restored to previous state
                        
                            ; -----------------------------------------------
                            ; Restore context (memory-based alpha/beta - R6 is SCRT linkage!)
                            ; -----------------------------------------------
                            ; Stack order (low to high): beta_lo, beta_hi, alpha_lo, alpha_hi, depth_lo, depth_hi, R9
                        
                            ; Pop beta from stack to BETA memory (big-endian)
   2405   60                IRX                 ; Point to beta_lo
   2406   72                LDXA                ; D = beta_lo
   2407   a7                PLO 7               ; R7.0 = beta_lo
   2408   72                LDXA                ; D = beta_hi
   2409   b7                PHI 7               ; R7.1 = beta_hi, R7 = beta
   240a   68 cd 64 44       RLDI 13, BETA_HI
   240e   97                GHI 7
   240f   5d                STR 13              ; BETA_HI (high byte at lower addr)
   2410   1d                INC 13
   2411   87                GLO 7
   2412   5d                STR 13              ; BETA_LO (low byte at higher addr)
                        
                            ; Pop alpha from stack to ALPHA memory (NO extra IRX - R2 already at alpha_lo)
   2413   72                LDXA                ; D = alpha_lo
   2414   a7                PLO 7               ; R7.0 = alpha_lo
   2415   72                LDXA                ; D = alpha_hi
   2416   b7                PHI 7               ; R7.1 = alpha_hi, R7 = alpha
   2417   68 cd 64 42       RLDI 13, ALPHA_HI
   241b   97                GHI 7
   241c   5d                STR 13              ; ALPHA_HI (high byte at lower addr)
   241d   1d                INC 13
   241e   87                GLO 7
   241f   5d                STR 13              ; ALPHA_LO (low byte at higher addr)
                        
                            ; Pop depth from stack to SEARCH_DEPTH memory
                            ; Stack has: depth_lo, depth_hi (depth_lo at lower addr)
                            ; R9 no longer on stack; move count no longer on stack (LOOP_MOVE_CNT) —
                            ; depth_hi is now the TOP byte of this iteration's search-context frame.
   2420   72                LDXA                ; D = depth_lo, R2 advances to depth_hi
   2421   a7                PLO 7               ; Temp
   2422   f0                LDX                 ; D = depth_hi, R2 stays AT depth_hi (frame top)
   2423   b7                PHI 7               ; R7 = depth (temp: hi.lo)
   2424   68 cd 64 16       RLDI 13, SEARCH_DEPTH
   2428   97                GHI 7
   2429   5d                STR 13              ; SEARCH_DEPTH high
   242a   1d                INC 13
   242b   87                GLO 7
   242c   5d                STR 13              ; SEARCH_DEPTH+1 low
                        
                            ; Toggle color back to parent's color (0/8)
   242d   8c                GLO 12
   242e   fb 08             XRI $08
   2430   ac                PLO 12              ; C = color restored
                        
                            ; Restore R9 (move list pointer) from ply-indexed memory
   2431   68 ca 64 48       RLDI 10, CURRENT_PLY
   2435   0a                LDN 10              ; D = ply
   2436   fe                SHL                 ; D = ply * 2
   2437   fc db             ADI LOW(LOOP_MOVE_PTR)
   2439   aa                PLO 10
   243a   f8 64             LDI HIGH(LOOP_MOVE_PTR)
   243c   ba                PHI 10              ; R10 = LOOP_MOVE_PTR + ply*2
   243d   4a                LDA 10
   243e   b9                PHI 9               ; R9.hi
   243f   0a                LDN 10
   2440   a9                PLO 9               ; R9 = move list pointer restored
                        
                            ; Load score from SCORE memory into R13 (R9 is move list pointer!)
                            ; Big-endian: high byte at lower address (SCORE_HI)
   2441   68 ca 64 46       RLDI 10, SCORE_HI
   2445   4a                LDA 10              ; SCORE_HI -> high byte
   2446   bd                PHI 13
   2447   0a                LDN 10              ; SCORE_LO -> low byte
   2448   ad                PLO 13              ; R13 = negated score from memory
                        
                            ; -----------------------------------------------
                            ; Beta Cutoff Check: if (score >= beta) return beta
                            ; -----------------------------------------------
                            ; Compare score (R13) with beta (from BETA memory)
                            ; Score is already saved to SCORE_HI/LO, can reload if needed
                        
                            ; Load beta from memory into R7 (use R10 as pointer, preserve R13=score)
                            ; Big-endian: high byte at lower address (BETA_HI)
   2449   68 ca 64 44       RLDI 10, BETA_HI
   244d   4a                LDA 10              ; D = beta_hi
   244e   b7                PHI 7
   244f   0a                LDN 10              ; D = beta_lo
   2450   a7                PLO 7               ; R7 = beta (loaded from memory)
                        
                            ; SIGNED comparison: score (R13) vs beta (R7)
                            ; Use COMPARE_TEMP for scratch (NEVER use STR 2 for scratch!)
   2451   68 ca 64 49       RLDI 10, COMPARE_TEMP
   2455   ea                SEX 10              ; X = R10 for comparisons
                        
                            ; First check if signs differ
   2456   9d                GHI 13              ; score high byte
   2457   5a                STR 10
   2458   97                GHI 7               ; beta high byte
   2459   f3                XOR                 ; XOR high bytes
   245a   fa 80             ANI $80             ; Check if sign bits differ
   245c   e2                SEX 2               ; X = R2 (restore for branches)
   245d   ca 24 72          LBNZ NEGAMAX_BETA_DIFF_SIGN
                        
                            ; Same sign - use subtraction result
                            ; Compute score - beta: SM does D - M(X), SD does M(X) - D
   2460   ea                SEX 10
   2461   87                GLO 7
   2462   5a                STR 10              ; M(R10) = beta_lo
   2463   8d                GLO 13              ; D = score_lo
   2464   f7                SM                  ; D = D - M(X) = score_lo - beta_lo
   2465   97                GHI 7
   2466   5a                STR 10              ; M(R10) = beta_hi
   2467   9d                GHI 13              ; D = score_hi
   2468   77                SMB                 ; D = D - M(X) - borrow = score_hi - beta_hi - borrow
   2469   e2                SEX 2               ; X = R2 (restore)
                        
                            ; Check sign bit (negative means score < beta, no cutoff)
   246a   fa 80             ANI $80
   246c   ca 24 e7          LBNZ NEGAMAX_NO_BETA_CUTOFF  ; score < beta, no cutoff
                            ; Fall through to cutoff (score >= beta)
   246f   c0 24 78          LBR NEGAMAX_DO_BETA_CUTOFF
                        
   2472                 NEGAMAX_BETA_DIFF_SIGN:
                            ; Different signs - positive number is greater
   2472   9d                GHI 13              ; score high byte
   2473   fa 80             ANI $80
   2475   ca 24 e7          LBNZ NEGAMAX_NO_BETA_CUTOFF  ; Score negative, beta positive: score < beta, NO cutoff
                            ; Score positive, beta negative: score > beta, CUTOFF (fall through)
                        
   2478                 NEGAMAX_DO_BETA_CUTOFF:
                            ; Beta cutoff! Return beta (already in R7)
                            ; Store beta to BEST_SCORE memory for return
                        
                            ; Store beta (R7) to BEST_SCORE memory
   2478   68 ca 64 0e       RLDI 10, BEST_SCORE_HI
   247c   97                GHI 7               ; Beta high byte
   247d   5a                STR 10
   247e   1a                INC 10
   247f   87                GLO 7               ; Beta low byte
   2480   5a                STR 10
                        
                            ; Save cutoff move to NODE_BEST_MOVE (all plies)
   2481   68 ca 64 48       RLDI 10, CURRENT_PLY
   2485   0a                LDN 10              ; D = ply
   2486   fe                SHL                 ; D = ply * 2
   2487   aa                PLO 10
   2488   f8 67             LDI HIGH(NODE_BEST_MOVE)
   248a   ba                PHI 10              ; R10 = &NODE_BEST_MOVE[ply]
   248b   68 c7 64 09       RLDI 7, UNDO_FROM
   248f   47                LDA 7               ; D = from
   2490   5a                STR 10
   2491   1a                INC 10
   2492   07                LDN 7               ; D = to
   2493   5a                STR 10              ; R7 clobbered — safe (not used before NEGAMAX_RETURN)
                        
                            ; At root (ply 0), save the cutoff move as BEST_MOVE.
                            ; Beta cutoff means this move is "too good" - but at root there's
                            ; no parent to reject it, so it IS the best move. Without this,
                            ; BEST_MOVE stays at $FF/$FF sentinel → h@h@ output.
   2494   68 ca 64 48       RLDI 10, CURRENT_PLY
   2498   0a                LDN 10              ; D = current ply
   2499   ca 24 ad          LBNZ NEGAMAX_BETA_NOT_ROOT
                        
                            ; At root: save UNDO_FROM/UNDO_TO to BEST_MOVE
   249c   68 ca 64 09       RLDI 10, UNDO_FROM
   24a0   4a                LDA 10              ; UNDO_FROM
   24a1   b8                PHI 8               ; Temp in R8.1
   24a2   0a                LDN 10              ; UNDO_TO
   24a3   a8                PLO 8               ; R8 = from/to
                        
   24a4   68 ca 64 10       RLDI 10, BEST_MOVE
   24a8   98                GHI 8
   24a9   5a                STR 10              ; BEST_MOVE[0] = from
   24aa   1a                INC 10
   24ab   88                GLO 8
   24ac   5a                STR 10              ; BEST_MOVE[1] = to
                        
   24ad                 NEGAMAX_BETA_NOT_ROOT:
                            ; Decrement move count (in ply-indexed memory) before returning
   24ad   68 ca 64 48       RLDI 10, CURRENT_PLY
   24b1   0a                LDN 10
   24b2   fc ef             ADI LOW(LOOP_MOVE_CNT)
   24b4   aa                PLO 10
   24b5   f8 64             LDI HIGH(LOOP_MOVE_CNT)
   24b7   ba                PHI 10              ; R10 = &LOOP_MOVE_CNT[ply]
   24b8   0a                LDN 10
   24b9   ff 01             SMI 1
   24bb   5a                STR 10             ; LOOP_MOVE_CNT[ply]--
                        
                            ; Encode cutoff move into R11 for killer table
                            ; (R11 has stale data from ORDER_CAPTURES_FIRST, not the actual move)
   24bc   68 ca 64 09       RLDI 10, UNDO_FROM
   24c0   0a                LDN 10              ; D = from square
   24c1   bd                PHI 13              ; R13.1 = from
   24c2   1a                INC 10
   24c3   0a                LDN 10              ; D = to square
   24c4   ad                PLO 13              ; R13.0 = to
                            ; Flags = 0 (MOVE_NORMAL); promotions rare in cutoffs
   24c5   68 ca 64 06       RLDI 10, MOVE_FLAGS_TEMP
   24c9   f8 00             LDI 0
   24cb   5a                STR 10
   24cc   d4 03 8d          CALL ENCODE_MOVE_16BIT
                            ; R8 = encoded move
   24cf   98                GHI 8
   24d0   bb                PHI 11
   24d1   88                GLO 8
   24d2   ab                PLO 11              ; R11 = properly encoded cutoff move
   24d3   d4 29 22          CALL STORE_KILLER_MOVE
                        
                            ; -- TT node flag: BETA (lower bound) --
   24d6   68 ca 64 48       RLDI 10, CURRENT_PLY
   24da   0a                LDN 10
   24db   fc d2             ADI LOW(NODE_TT_FLAGS)
   24dd   aa                PLO 10
   24de   f8 64             LDI HIGH(NODE_TT_FLAGS)
   24e0   ba                PHI 10
   24e1   f8 03             LDI TT_FLAG_BETA
   24e3   5a                STR 10
                        
   24e4   c0 25 d9          LBR NEGAMAX_RETURN
                        
   24e7                 NEGAMAX_NO_BETA_CUTOFF:
                            ; Score is already in R13 from earlier load (before beta check)
                            ; R9 = move list pointer (preserved)
                        
                            ; Load best score from memory into R8 for comparison
   24e7   68 ca 64 0e       RLDI 10, BEST_SCORE_HI
   24eb   4a                LDA 10              ; BEST_SCORE_HI
   24ec   b8                PHI 8
   24ed   0a                LDN 10              ; BEST_SCORE_LO
   24ee   a8                PLO 8               ; R8 = best score from memory
                        
                            ; -----------------------------------------------
                            ; Update best score: if (score > maxScore) maxScore = score
                            ; -----------------------------------------------
                            ; SIGNED comparison of score (R13) vs best (R8)
                            ; Use COMPARE_TEMP for scratch (NEVER use STR 2 for scratch!)
   24ef   68 ca 64 49       RLDI 10, COMPARE_TEMP
   24f3   ea                SEX 10              ; X = R10 for comparisons
                        
                            ; First check if signs differ
   24f4   9d                GHI 13              ; score high byte
   24f5   5a                STR 10
   24f6   98                GHI 8               ; best high byte
   24f7   f3                XOR                 ; XOR high bytes
   24f8   fa 80             ANI $80             ; Check if sign bits differ
   24fa   e2                SEX 2               ; X = R2 (restore for branches)
   24fb   ca 25 1c          LBNZ NEGAMAX_DIFF_SIGN
                        
                            ; Same sign - use subtraction result
   24fe   ea                SEX 10
   24ff   98                GHI 8
   2500   5a                STR 10
   2501   9d                GHI 13
   2502   f5                SD                  ; D = score_hi - best_hi
   2503   e2                SEX 2
   2504   ca 25 16          LBNZ NEGAMAX_HI_DIFF
                            ; High bytes equal, compare low
   2507   ea                SEX 10
   2508   88                GLO 8
   2509   5a                STR 10
   250a   8d                GLO 13
   250b   f5                SD                  ; D = score_lo - best_lo
   250c   e2                SEX 2
   250d   c2 25 a9          LBZ NEGAMAX_NEXT_MOVE       ; Equal, don't update (keep first move)
   2510   cb 25 22          LBNF NEGAMAX_SCORE_BETTER   ; DF=0: score > best
   2513   c0 25 a9          LBR NEGAMAX_NEXT_MOVE       ; DF=1: score < best
                        
   2516                 NEGAMAX_HI_DIFF:
   2516   cb 25 22          LBNF NEGAMAX_SCORE_BETTER   ; DF=0: score > best
   2519   c0 25 a9          LBR NEGAMAX_NEXT_MOVE       ; DF=1: score < best
                        
   251c                 NEGAMAX_DIFF_SIGN:
                            ; Different signs - positive number is greater
   251c   9d                GHI 13
   251d   fa 80             ANI $80
   251f   ca 25 a9          LBNZ NEGAMAX_NEXT_MOVE      ; Score negative, best positive - skip
                            ; Score positive/zero, best negative - update (fall through)
                        
   2522                 NEGAMAX_SCORE_BETTER:
                            ; Score is better, update best score in memory (R13 -> BEST_SCORE)
   2522   68 ca 64 0e       RLDI 10, BEST_SCORE_HI
   2526   9d                GHI 13              ; Score high byte
   2527   5a                STR 10
   2528   1a                INC 10
   2529   8d                GLO 13              ; Score low byte
   252a   5a                STR 10              ; BEST_SCORE = score
                        
                            ; Save node best move for TT (all plies)
   252b   68 ca 64 48       RLDI 10, CURRENT_PLY
   252f   0a                LDN 10              ; D = ply
   2530   fe                SHL                 ; D = ply * 2
   2531   aa                PLO 10
   2532   f8 67             LDI HIGH(NODE_BEST_MOVE)
   2534   ba                PHI 10              ; R10 = &NODE_BEST_MOVE[ply]
   2535   68 c7 64 09       RLDI 7, UNDO_FROM   ; RLDI preserves D!
   2539   47                LDA 7               ; D = from, R7 → UNDO_TO
   253a   5a                STR 10              ; NODE_BEST_MOVE[ply] = from
   253b   1a                INC 10
   253c   07                LDN 7               ; D = to
   253d   5a                STR 10              ; NODE_BEST_MOVE[ply+1] = to
                        
                            ; -----------------------------------------------
                            ; If at root (PLY == 0), save this move to BEST_MOVE
                            ; -----------------------------------------------
   253e   68 ca 64 48       RLDI 10, CURRENT_PLY
   2542   0a                LDN 10              ; Get current ply
   2543   ca 25 57          LBNZ NEGAMAX_UPDATE_ALPHA  ; Not at root, skip BEST_MOVE but still update alpha
                        
                            ; At root - save move to BEST_MOVE from UNDO_FROM/UNDO_TO
   2546   68 ca 64 09       RLDI 10, UNDO_FROM
   254a   4a                LDA 10              ; UNDO_FROM
   254b   b7                PHI 7               ; Temp
   254c   0a                LDN 10              ; UNDO_TO
   254d   a7                PLO 7               ; R7 = from/to
                        
   254e   68 ca 64 10       RLDI 10, BEST_MOVE
   2552   97                GHI 7
   2553   5a                STR 10              ; BEST_MOVE[0] = from
   2554   1a                INC 10
   2555   87                GLO 7
   2556   5a                STR 10              ; BEST_MOVE[1] = to
                        
                            ; Fall through to alpha update
                        
   2557                 NEGAMAX_UPDATE_ALPHA:
                            ; -----------------------------------------------
                            ; Update alpha: if (score > alpha) alpha = score
                            ; -----------------------------------------------
                            ; R13 = score (preserved from NEGAMAX_SCORE_BETTER entry)
                            ; Load alpha from memory into R8
   2557   68 ca 64 42       RLDI 10, ALPHA_HI
   255b   4a                LDA 10
   255c   b8                PHI 8               ; R8.1 = alpha_hi
   255d   0a                LDN 10
   255e   a8                PLO 8               ; R8 = alpha
                        
                            ; Signed compare: score (R13) > alpha (R8)?
   255f   68 ca 64 49       RLDI 10, COMPARE_TEMP
   2563   ea                SEX 10
                        
                            ; Check if signs differ
   2564   9d                GHI 13              ; score_hi
   2565   5a                STR 10
   2566   98                GHI 8               ; alpha_hi
   2567   f3                XOR
   2568   fa 80             ANI $80
   256a   e2                SEX 2
   256b   ca 25 8c          LBNZ NEGAMAX_ALPHA_DIFF_SIGN
                        
                            ; Same sign: score > alpha if (score - alpha) > 0
   256e   ea                SEX 10
   256f   98                GHI 8               ; alpha_hi
   2570   5a                STR 10
   2571   9d                GHI 13              ; score_hi
   2572   f5                SD                  ; D = score_hi - alpha_hi
   2573   e2                SEX 2
   2574   ca 25 86          LBNZ NEGAMAX_ALPHA_HI_DIFF
                            ; High bytes equal, compare low
   2577   ea                SEX 10
   2578   88                GLO 8               ; alpha_lo
   2579   5a                STR 10
   257a   8d                GLO 13              ; score_lo
   257b   f5                SD                  ; D = score_lo - alpha_lo
   257c   e2                SEX 2
   257d   c2 25 a9          LBZ NEGAMAX_NEXT_MOVE           ; Equal, don't update
   2580   cb 25 92          LBNF NEGAMAX_ALPHA_DO_UPDATE    ; DF=0: score > alpha
   2583   c0 25 a9          LBR NEGAMAX_NEXT_MOVE           ; DF=1: score < alpha
                        
   2586                 NEGAMAX_ALPHA_HI_DIFF:
   2586   cb 25 92          LBNF NEGAMAX_ALPHA_DO_UPDATE    ; DF=0: score > alpha
   2589   c0 25 a9          LBR NEGAMAX_NEXT_MOVE           ; DF=1: score < alpha
                        
   258c                 NEGAMAX_ALPHA_DIFF_SIGN:
                            ; Different signs: positive > negative
   258c   9d                GHI 13              ; score_hi
   258d   fa 80             ANI $80
   258f   ca 25 a9          LBNZ NEGAMAX_NEXT_MOVE          ; Score negative, alpha positive - skip
                            ; Score positive, alpha negative - update (fall through)
                        
   2592                 NEGAMAX_ALPHA_DO_UPDATE:
                            ; alpha = score
   2592   68 ca 64 42       RLDI 10, ALPHA_HI
   2596   9d                GHI 13
   2597   5a                STR 10
   2598   1a                INC 10
   2599   8d                GLO 13
   259a   5a                STR 10              ; ALPHA = score
                        
                            ; -- TT node flag: EXACT (PV node) --
   259b   68 ca 64 48       RLDI 10, CURRENT_PLY
   259f   0a                LDN 10
   25a0   fc d2             ADI LOW(NODE_TT_FLAGS)
   25a2   aa                PLO 10
   25a3   f8 64             LDI HIGH(NODE_TT_FLAGS)
   25a5   ba                PHI 10
   25a6   f8 01             LDI TT_FLAG_EXACT
   25a8   5a                STR 10
                        
   25a9                 NEGAMAX_NEXT_MOVE:
                            ; -----------------------------------------------
                            ; Increment LMR move counter (move was processed)
                            ; -----------------------------------------------
   25a9   68 ca 64 a3       RLDI 10, LMR_MOVE_INDEX
   25ad   0a                LDN 10
   25ae   fc 01             ADI 1
   25b0   5a                STR 10              ; LMR_MOVE_INDEX++
                        
                            ; -----------------------------------------------
                            ; Decrement move counter and continue loop
                            ; -----------------------------------------------
   25b1   68 ca 64 48       RLDI 10, CURRENT_PLY
   25b5   0a                LDN 10             ; D = ply
   25b6   fc ef             ADI LOW(LOOP_MOVE_CNT)
   25b8   aa                PLO 10
   25b9   f8 64             LDI HIGH(LOOP_MOVE_CNT)
   25bb   ba                PHI 10             ; R10 = &LOOP_MOVE_CNT[ply]
   25bc   0a                LDN 10             ; D = move count
   25bd   ff 01             SMI 1              ; Decrement
   25bf   5a                STR 10             ; LOOP_MOVE_CNT[ply]-- (D still holds new value)
   25c0   c2 25 c6          LBZ NEGAMAX_LOOP_DONE ; If count == 0, exit loop (long branch)
   25c3   c0 20 7f          LBR NEGAMAX_MOVE_LOOP
                        
   25c6                 NEGAMAX_LOOP_DONE:
                            ; Count (now in LOOP_MOVE_CNT[ply], not the stack) reached 0.
                            ; R2 was never perturbed by count management — no stack re-sync needed.
                        
                            ; Check if any legal move updated BEST_SCORE.
                            ; If BEST_SCORE is still $8001 (initial sentinel), no legal move
                            ; was found - all pseudo-legal moves left king in check.
                            ; This is checkmate or stalemate; handle via NEGAMAX_NO_MOVES.
                            ; (R2 is at the function-entry position; count is in LOOP_MOVE_CNT, not stack)
   25c6   68 ca 64 0e       RLDI 10, BEST_SCORE_HI
   25ca   4a                LDA 10              ; D = BEST_SCORE_HI
   25cb   fb 80             XRI $80
   25cd   ca 25 d9          LBNZ NEGAMAX_RETURN ; BEST_SCORE_HI != $80 → a legal move was scored
   25d0   0a                LDN 10              ; D = BEST_SCORE_LO
   25d1   fb 01             XRI $01
   25d3   ca 25 d9          LBNZ NEGAMAX_RETURN ; BEST_SCORE_LO != $01 → a legal move was scored
                        
                            ; BEST_SCORE == $8001: no legal move improved the sentinel.
                            ; All pseudo-legal moves were illegal → checkmate or stalemate.
   25d6   c0 26 23          LBR NEGAMAX_NO_MOVES
                        
   25d9                 NEGAMAX_RETURN:
                            ; -----------------------------------------------
                            ; Return best score (from BEST_SCORE memory) via R9
                            ; -----------------------------------------------
                            ; Move count now lives in LOOP_MOVE_CNT[ply], never on the stack, so R2
                            ; is already at the function-entry position here — no count byte to pop.
                            ; (Was: IRX to skip a stack-resident move count. See LOOP_MOVE_CNT.)
                        
                            ; Copy BEST_SCORE to SCORE memory BEFORE restore (RESTORE clobbers R9!)
                            ; Best score is in BEST_SCORE_HI/LO, copy to SCORE_HI/LO for return
   25d9   68 ca 64 0e       RLDI 10, BEST_SCORE_HI
   25dd   4a                LDA 10              ; BEST_SCORE_HI
   25de   b8                PHI 8               ; Temp in R8.1
   25df   0a                LDN 10              ; BEST_SCORE_LO
   25e0   a8                PLO 8               ; Temp in R8.0
                        
   25e1   68 ca 64 46       RLDI 10, SCORE_HI
   25e5   98                GHI 8               ; Best score high byte
   25e6   5a                STR 10
   25e7   1a                INC 10
   25e8   88                GLO 8               ; Best score low byte
   25e9   5a                STR 10
                        
                            ; -----------------------------------------------
                            ; Store result in Transposition Table
                            ; -----------------------------------------------
                            ; Hash is updated incrementally in MAKE/UNMAKE_MOVE,
                            ; so TT works correctly at all nodes.
                        
                            ; TT_STORE expects: D = depth, R8.0 = flag, SCORE_HI/LO and BEST_MOVE set
                            ; -- Load TT node flag for current ply --
   25ea   68 ca 64 48       RLDI 10, CURRENT_PLY
   25ee   0a                LDN 10
   25ef   fc d2             ADI LOW(NODE_TT_FLAGS)
   25f1   aa                PLO 10
   25f2   f8 64             LDI HIGH(NODE_TT_FLAGS)
   25f4   ba                PHI 10
   25f5   0a                LDN 10              ; D = flag
   25f6   a8                PLO 8               ; R8.0 = flag
   25f7   68 ca 64 17       RLDI 10, SEARCH_DEPTH + 1
   25fb   0a                LDN 10              ; D = depth (low byte = actual depth)
   25fc   d4 58 6b          CALL TT_STORE
                        
                            ; Restore caller's context (clobbers R7, R8, R9, R11, R12)
   25ff   d4 00 54          CALL RESTORE_PLY_STATE
                        
                            ; Load return value back into R9 AFTER restore
                            ; Big-endian: load high byte from lower address first
   2602   68 ca 64 46       RLDI 10, SCORE_HI
   2606   4a                LDA 10              ; SCORE_HI -> high byte
   2607   b9                PHI 9
   2608   0a                LDN 10              ; SCORE_LO -> low byte
   2609   a9                PLO 9
                        
   260a   d5                RETN
                        
   260b                 NEGAMAX_LEAF:
                            ; -----------------------------------------------
                            ; Leaf node - do quiescence search
                            ; -----------------------------------------------
   260b   d4 26 72          CALL QUIESCENCE_SEARCH
                            ; Returns score in R9 (already from side-to-move's perspective)
                        
                            ; Save return value to SCORE memory BEFORE restore (RESTORE clobbers R9!)
                            ; Big-endian: store high byte at lower address (SCORE_HI), low at SCORE_LO
   260e   68 ca 64 46       RLDI 10, SCORE_HI
   2612   99                GHI 9               ; Score high byte first
   2613   5a                STR 10
   2614   1a                INC 10
   2615   89                GLO 9               ; Score low byte second
   2616   5a                STR 10
                        
                            ; Restore caller's context (clobbers R7, R8, R9, R11, R12)
   2617   d4 00 54          CALL RESTORE_PLY_STATE
                        
                            ; Load return value back into R9 AFTER restore
                            ; Big-endian: load high byte from lower address first
   261a   68 ca 64 46       RLDI 10, SCORE_HI
   261e   4a                LDA 10              ; SCORE_HI -> high byte
   261f   b9                PHI 9
   2620   0a                LDN 10              ; SCORE_LO -> low byte
   2621   a9                PLO 9
                        
   2622   d5                RETN
                        
   2623                 NEGAMAX_NO_MOVES:
                            ; -----------------------------------------------
                            ; No legal moves - checkmate or stalemate
                            ; -----------------------------------------------
                            ; Check if in check
   2623   d4 01 8e          CALL IS_IN_CHECK
                            ; Returns: D = 1 if in check, 0 if not
                        
   2626   c2 26 58          LBZ NEGAMAX_STALEMATE   ; Long branch - may cross page
                        
                            ; Checkmate - return mate-score adjusted by ply so shorter mates score higher.
                            ; Formula: score = -MATE_VAL + ply  (standard negamax mate convention)
                            ; The mated side's score is "less negative" the farther from root we are,
                            ; so after the negation chain back to root, the side delivering the mate
                            ; sees a HIGHER score for SHORTER mate sequences (mate-in-1 > mate-in-2 > ...).
                            ;
                            ; FIXED 2026-04-27: previously used SEARCH_DEPTH+1 (depth_remaining), which
                            ; INVERTED the preference — engine consistently picked longer mates over
                            ; shorter ones at d>=3. Manifested visibly only after 2271af2 enabled real
                            ; promotions (positions with multiple forced-mate sequences became reachable).
                            ;
                            ; NOTE: Use $8001 (-32767) not $8000 (-32768) to avoid overflow when negating!
                            ; -(-32768) = -32768 due to two's complement overflow, breaking score propagation!
   2629   f8 80             LDI $80
   262b   b9                PHI 9
   262c   f8 01             LDI $01
   262e   a9                PLO 9              ; R9 = -32767 (R6 is SCRT linkage - off limits!)
                        
                            ; Add ply (distance from root) so shorter mates score higher
   262f   68 cd 64 48       RLDI 13, CURRENT_PLY
   2633   0d                LDN 13              ; D = current ply (0 at root, increases with depth)
                            ; Use COMPARE_TEMP for ADD scratch (NEVER use STR 2!)
   2634   68 ca 64 49       RLDI 10, COMPARE_TEMP
   2638   ea                SEX 10
   2639   5a                STR 10
   263a   89                GLO 9
   263b   f4                ADD
   263c   e2                SEX 2
   263d   a9                PLO 9
                            ; High byte stays same (adding small depth won't overflow)
                        
                            ; Store checkmate score to BEST_SCORE memory for return
   263e   68 ca 64 0e       RLDI 10, BEST_SCORE_HI
   2642   99                GHI 9               ; Score high byte
   2643   5a                STR 10
   2644   1a                INC 10
   2645   89                GLO 9               ; Score low byte
   2646   5a                STR 10
                        
                            ; -- TT node flag: EXACT (checkmate) --
   2647   68 ca 64 48       RLDI 10, CURRENT_PLY
   264b   0a                LDN 10
   264c   fc d2             ADI LOW(NODE_TT_FLAGS)
   264e   aa                PLO 10
   264f   f8 64             LDI HIGH(NODE_TT_FLAGS)
   2651   ba                PHI 10
   2652   f8 01             LDI TT_FLAG_EXACT
   2654   5a                STR 10
                        
   2655   c0 25 d9          LBR NEGAMAX_RETURN
                        
   2658                 NEGAMAX_STALEMATE:
                            ; Stalemate - return 0 (draw)
                            ; Store 0 to BEST_SCORE memory for return
   2658   68 ca 64 0e       RLDI 10, BEST_SCORE_HI
   265c   f8 00             LDI 0
   265e   5a                STR 10              ; BEST_SCORE_HI = 0
   265f   1a                INC 10
   2660   5a                STR 10              ; BEST_SCORE_LO = 0
                        
                            ; -- TT node flag: EXACT (stalemate) --
   2661   68 ca 64 48       RLDI 10, CURRENT_PLY
   2665   0a                LDN 10
   2666   fc d2             ADI LOW(NODE_TT_FLAGS)
   2668   aa                PLO 10
   2669   f8 64             LDI HIGH(NODE_TT_FLAGS)
   266b   ba                PHI 10
   266c   f8 01             LDI TT_FLAG_EXACT
   266e   5a                STR 10
                        
   266f   c0 25 d9          LBR NEGAMAX_RETURN
                        
                        ; ==============================================================================
                        ; QUIESCENCE_SEARCH - Search captures at leaf nodes
                        ; ==============================================================================
                        ; Avoids horizon effect by extending search for captures
                        ; Input:  C = color (0 for white, 8 for black - matches COLOR_MASK)
                        ;         A = board pointer
                        ; Output: R9 = best score (from side-to-move's perspective)
                        ; NOTE:   R6 is SCRT linkage register - off limits for application data!
                        ; ==============================================================================
   2672                 QUIESCENCE_SEARCH:
                            ; Ensure X=2 for stack operations
   2672   e2                SEX 2
                        
   2673   68 ca 64 1d       RLDI 10, TRACE_WHERE
   2677   f8 c1             LDI $C1
   2679   5a                STR 10              ; tracer: in QSEARCH
                        
                            ; Stack overflow detection (see NEGAMAX comment).
   267a   d4 00 87          CALL CHECK_STACK_OVERFLOW
                        
                            ; Stand-pat: evaluate current position
   267d   d4 0e b4          CALL EVALUATE
                            ; Returns score in R9 (from white's perspective)
                        
                            ; Negate R9 if black to move (white-perspective → side-to-move)
   2680   8c                GLO 12
   2681   fa 08             ANI $08
   2683   c2 26 8e          LBZ QS_SAVE_STANDPAT
   2686   89                GLO 9               ; low byte
   2687   fd 00             SDI 0               ; negate low
   2689   a9                PLO 9
   268a   99                GHI 9               ; high byte
   268b   7d 00             SDBI 0              ; negate high with borrow
   268d   b9                PHI 9
                        
   268e                 QS_SAVE_STANDPAT:
                            ; Save stand-pat score to QS_BEST_HI/LO
   268e   68 ca 64 18       RLDI 10, QS_BEST_HI
   2692   99                GHI 9               ; high byte → QS_BEST_HI (lower address)
   2693   5a                STR 10
   2694   1a                INC 10
   2695   89                GLO 9               ; low byte → QS_BEST_LO (higher address)
   2696   5a                STR 10
                        
                            ; -----------------------------------------------
                            ; Stand-pat beta cutoff: if stand-pat >= beta, return
                            ; (Position is already good enough, no need to search captures)
                            ; -----------------------------------------------
                            ; Load beta from memory (big-endian: HI at lower address)
   2697   68 ca 64 44       RLDI 10, BETA_HI
   269b   4a                LDA 10              ; beta high
   269c   b7                PHI 7
   269d   0a                LDN 10              ; beta low
   269e   a7                PLO 7               ; R7 = beta
                        
                            ; Compare: stand-pat (R9) >= beta (R7)?
                            ; Signed comparison using COMPARE_TEMP
   269f   68 ca 64 49       RLDI 10, COMPARE_TEMP
   26a3   ea                SEX 10
   26a4   99                GHI 9               ; stand-pat high
   26a5   5a                STR 10
   26a6   97                GHI 7               ; beta high
   26a7   f3                XOR
   26a8   fa 80             ANI $80             ; Check if different signs
   26aa   e2                SEX 2
   26ab   ca 26 be          LBNZ QS_BETA_DIFF_SIGN
                        
                            ; Same sign - compare magnitudes
                            ; stand-pat >= beta means stand-pat - beta >= 0, i.e., no borrow
   26ae   ea                SEX 10
   26af   87                GLO 7               ; beta low
   26b0   5a                STR 10
   26b1   89                GLO 9               ; stand-pat low
   26b2   f7                SM                  ; D = stand-pat_lo - beta_lo
   26b3   97                GHI 7               ; beta high
   26b4   5a                STR 10
   26b5   99                GHI 9               ; stand-pat high
   26b6   77                SMB                 ; D = stand-pat_hi - beta_hi - borrow
   26b7   e2                SEX 2
   26b8   c3 29 19          LBDF QS_RETURN      ; No borrow = stand-pat >= beta, cutoff!
   26bb   c0 26 c4          LBR QS_NO_BETA_CUTOFF
                        
   26be                 QS_BETA_DIFF_SIGN:
                            ; Different signs: positive >= negative always
                            ; stand-pat positive (bit 7 = 0) means stand-pat >= beta
   26be   99                GHI 9
   26bf   fa 80             ANI $80
   26c1   c2 29 19          LBZ QS_RETURN       ; stand-pat positive, beta negative -> cutoff
                        
   26c4                 QS_NO_BETA_CUTOFF:
                            ; -----------------------------------------------
                            ; Alpha update: if stand-pat > alpha, alpha = stand-pat
                            ; (Tightens window, makes beta cutoffs more likely)
                            ; -----------------------------------------------
                            ; Load alpha (R9 still has stand-pat)
   26c4   68 ca 64 42       RLDI 10, ALPHA_HI
   26c8   4a                LDA 10              ; alpha high
   26c9   b7                PHI 7
   26ca   0a                LDN 10              ; alpha low
   26cb   a7                PLO 7               ; R7 = alpha
                        
                            ; Compare: stand-pat (R9) > alpha (R7)?
   26cc   68 ca 64 49       RLDI 10, COMPARE_TEMP
   26d0   ea                SEX 10
   26d1   99                GHI 9
   26d2   5a                STR 10
   26d3   97                GHI 7
   26d4   f3                XOR
   26d5   fa 80             ANI $80
   26d7   e2                SEX 2
   26d8   ca 26 f3          LBNZ QS_ALPHA_DIFF_SIGN
                        
                            ; Same sign - R9 > R7 means R9 - R7 > 0 (positive, no borrow, not zero)
   26db   ea                SEX 10
   26dc   87                GLO 7
   26dd   5a                STR 10
   26de   89                GLO 9
   26df   f7                SM                  ; D = stand-pat_lo - alpha_lo
   26e0   b8                PHI 8               ; Save low result
   26e1   97                GHI 7
   26e2   5a                STR 10
   26e3   99                GHI 9
   26e4   77                SMB                 ; D = stand-pat_hi - alpha_hi - borrow
   26e5   e2                SEX 2
   26e6   cb 27 02          LBNF QS_NO_ALPHA_UPDATE  ; Borrow = stand-pat <= alpha
   26e9   ca 26 f9          LBNZ QS_UPDATE_ALPHA     ; High diff non-zero and positive
   26ec   98                GHI 8                    ; Check low diff
   26ed   c2 27 02          LBZ QS_NO_ALPHA_UPDATE   ; Both zero = equal, don't update
   26f0   c0 26 f9          LBR QS_UPDATE_ALPHA
                        
   26f3                 QS_ALPHA_DIFF_SIGN:
                            ; Different signs: positive > negative
   26f3   99                GHI 9
   26f4   fa 80             ANI $80
   26f6   ca 27 02          LBNZ QS_NO_ALPHA_UPDATE  ; stand-pat negative, alpha positive
                            ; stand-pat positive, alpha negative -> update
                        
   26f9                 QS_UPDATE_ALPHA:
                            ; alpha = stand-pat
   26f9   68 ca 64 42       RLDI 10, ALPHA_HI
   26fd   99                GHI 9
   26fe   5a                STR 10
   26ff   1a                INC 10
   2700   89                GLO 9
   2701   5a                STR 10
                        
   2702                 QS_NO_ALPHA_UPDATE:
                            ; -----------------------------------------------
                            ; Delta pruning: if stand-pat + QUEEN_VALUE < alpha, return alpha
                            ; (Even capturing a queen can't raise alpha - futile to search)
                            ; -----------------------------------------------
                            ; Load alpha from memory (big-endian: HI at lower address)
   2702   68 ca 64 42       RLDI 10, ALPHA_HI
   2706   4a                LDA 10              ; alpha high
   2707   b7                PHI 7
   2708   0a                LDN 10              ; alpha low
   2709   a7                PLO 7               ; R7 = alpha
                        
                            ; Calculate stand-pat + QUEEN_VALUE (900 = $0384)
                            ; R9 = stand-pat, add 900
   270a   89                GLO 9
   270b   fc 84             ADI LOW(900)        ; Add low byte of 900 ($84)
   270d   a8                PLO 8
   270e   99                GHI 9
   270f   7c 03             ADCI HIGH(900)      ; Add high byte of 900 ($03) + carry
   2711   b8                PHI 8               ; R8 = stand-pat + 900
                        
                            ; Compare: (stand-pat + 900) < alpha?
                            ; If R8 < R7, then delta prune
   2712   68 ca 64 49       RLDI 10, COMPARE_TEMP
   2716   ea                SEX 10
   2717   98                GHI 8               ; (stand-pat + 900) high
   2718   5a                STR 10
   2719   97                GHI 7               ; alpha high
   271a   f3                XOR
   271b   fa 80             ANI $80             ; Check if different signs
   271d   e2                SEX 2
   271e   ca 27 31          LBNZ QS_DELTA_DIFF_SIGN
                        
                            ; Same sign - compare: R8 < R7 means R8 - R7 has borrow
   2721   ea                SEX 10
   2722   87                GLO 7               ; alpha low
   2723   5a                STR 10
   2724   88                GLO 8               ; (stand-pat + 900) low
   2725   f7                SM                  ; D = (sp+900)_lo - alpha_lo
   2726   97                GHI 7               ; alpha high
   2727   5a                STR 10
   2728   98                GHI 8               ; (stand-pat + 900) high
   2729   77                SMB                 ; D = (sp+900)_hi - alpha_hi - borrow
   272a   e2                SEX 2
   272b   cb 27 37          LBNF QS_DELTA_PRUNE ; Borrow = (stand-pat + 900) < alpha, prune!
   272e   c0 27 3c          LBR QS_NO_DELTA_PRUNE
                        
   2731                 QS_DELTA_DIFF_SIGN:
                            ; Different signs: negative < positive always
                            ; (stand-pat + 900) negative means it's < alpha (if alpha positive)
   2731   98                GHI 8
   2732   fa 80             ANI $80
   2734   c2 27 3c          LBZ QS_NO_DELTA_PRUNE ; (stand-pat + 900) positive -> no prune
                        
   2737                 QS_DELTA_PRUNE:
                            ; Return alpha (in R7) - we're too far behind
   2737   97                GHI 7
   2738   b9                PHI 9
   2739   87                GLO 7
   273a   a9                PLO 9               ; R9 = alpha
   273b   d5                RETN
                        
   273c                 QS_NO_DELTA_PRUNE:
                            ; Generate all moves (use QS_MOVE_LIST to avoid clobbering parent's move list!)
   273c   68 c9 67 80       RLDI 9, QS_MOVE_LIST
   2740   d4 04 d7          CALL GENERATE_MOVES
                            ; D = move count
                        
                            ; Save move count to temp (must clear R15.1 to avoid DEC underflow!)
   2743   af                PLO 15              ; R15.0 = move count (temp)
   2744   f8 00             LDI 0
   2746   bf                PHI 15              ; R15.1 = 0 (prevents underflow when DEC 15)
                        
                            ; Save move list start pointer (big-endian: high byte first)
   2747   68 ca 64 1a       RLDI 10, QS_MOVE_PTR_HI
   274b   f8 67             LDI HIGH(QS_MOVE_LIST)
   274d   5a                STR 10
   274e   1a                INC 10
   274f   f8 80             LDI LOW(QS_MOVE_LIST)
   2751   5a                STR 10
                        
                            ; Initialize capture limit counter
   2752   f8 08             LDI 8                   ; QS_CAPTURE_LIMIT = 8 captures max
   2754   bb                PHI 11                  ; R11.1 = captures remaining
                        
   2755                 QS_LOOP:
   2755   3f 59             BN4  BRK_QS_LOOP      ; /EF4 break trap (DEBUG)
   2757   79                MARK
   2758   d1                SEP  1
   2759                 BRK_QS_LOOP:
                            ; Check if any moves left
   2759   8f                GLO 15
   275a   c2 29 19          LBZ QS_RETURN
                        
                            ; Load move list pointer (big-endian: high byte first)
   275d   68 ca 64 1a       RLDI 10, QS_MOVE_PTR_HI
   2761   4a                LDA 10              ; High byte
   2762   b9                PHI 9
   2763   0a                LDN 10              ; Low byte
   2764   a9                PLO 9               ; R9 = move pointer
                        
                            ; Load encoded move (big-endian: high byte first)
   2765   49                LDA 9
   2766   b8                PHI 8
   2767   49                LDA 9
   2768   a8                PLO 8               ; R8 = encoded move
                        
                            ; Save updated pointer (big-endian: high byte first)
   2769   68 ca 64 1a       RLDI 10, QS_MOVE_PTR_HI
   276d   99                GHI 9
   276e   5a                STR 10
   276f   1a                INC 10
   2770   89                GLO 9
   2771   5a                STR 10
                        
                            ; Decrement move count
   2772   2f                DEC 15
                        
                            ; Decode move to get from/to squares
   2773   d4 03 c7          CALL DECODE_MOVE_16BIT
                            ; R13.1 = from, R13.0 = to (R14.0 = flags - but we don't use it)
                        
                            ; Check if this is a capture: target square must have enemy piece
   2776   f8 60             LDI HIGH(BOARD)
   2778   ba                PHI 10
   2779   8d                GLO 13              ; to square
   277a   aa                PLO 10
   277b   0a                LDN 10              ; piece at target
   277c   c2 27 55          LBZ QS_LOOP         ; Empty = not a capture, skip
                        
                            ; Has piece - check if enemy color
   277f   fa 08             ANI COLOR_MASK      ; D = target piece color (0 or 8)
                            ; Use COMPARE_TEMP for XOR scratch (NEVER use STR 2!)
   2781   68 ca 64 49       RLDI 10, COMPARE_TEMP
   2785   ea                SEX 10
   2786   5a                STR 10              ; Store target color to COMPARE_TEMP
   2787   8c                GLO 12              ; D = our color (0 or 8, per COLOR_MASK)
   2788   fa 08             ANI COLOR_MASK      ; D = our color masked (0 or 8)
   278a   f3                XOR                 ; D = our_color XOR target_color
   278b   e2                SEX 2
   278c   c2 27 55          LBZ QS_LOOP         ; Same color (result 0) = own piece, skip
                        
                            ; -------------------------------------------------
                            ; Per-capture delta pruning:
                            ; If stand_pat + victim_value < alpha, skip capture
                            ; (Even capturing this piece won't raise score above alpha)
                            ; -------------------------------------------------
                            ; Reload victim piece and extract type
   278f   f8 60             LDI HIGH(BOARD)
   2791   ba                PHI 10
   2792   8d                GLO 13              ; to square (preserved in R13.0)
   2793   aa                PLO 10
   2794   0a                LDN 10              ; piece at target
   2795   fa 07             ANI $07             ; D = piece type (1-6)
                        
                            ; Look up value: PIECE_VALUES + type*2
   2797   fe                SHL                 ; D = type * 2
   2798   fc 00             ADI LOW(PIECE_VALUES)
   279a   aa                PLO 10
   279b   f8 0e             LDI HIGH(PIECE_VALUES)
   279d   7c 00             ADCI 0
   279f   ba                PHI 10              ; R10 = &PIECE_VALUES[type]
                        
   27a0   4a                LDA 10              ; victim value high
   27a1   b8                PHI 8
   27a2   0a                LDN 10              ; victim value low
   27a3   a8                PLO 8               ; R8 = victim_value
                        
                            ; Load stand_pat from QS_BEST
   27a4   68 ca 64 18       RLDI 10, QS_BEST_HI
   27a8   4a                LDA 10
   27a9   b7                PHI 7
   27aa   0a                LDN 10
   27ab   a7                PLO 7               ; R7 = stand_pat
                        
                            ; R7 = stand_pat + victim_value
   27ac   88                GLO 8
   27ad   52                STR 2               ; Use stack top as temp
   27ae   87                GLO 7
   27af   f4                ADD
   27b0   a7                PLO 7
   27b1   98                GHI 8
   27b2   52                STR 2
   27b3   97                GHI 7
   27b4   74                ADC
   27b5   b7                PHI 7               ; R7 = stand_pat + victim_value
                        
                            ; Load alpha
   27b6   68 ca 64 42       RLDI 10, ALPHA_HI
   27ba   4a                LDA 10
   27bb   b8                PHI 8
   27bc   0a                LDN 10
   27bd   a8                PLO 8               ; R8 = alpha
                        
                            ; Compare: (stand_pat + victim) < alpha?
                            ; If R7 < R8, skip this capture
   27be   68 ca 64 49       RLDI 10, COMPARE_TEMP
   27c2   ea                SEX 10
   27c3   97                GHI 7               ; (stand_pat + victim) high
   27c4   5a                STR 10
   27c5   98                GHI 8               ; alpha high
   27c6   f3                XOR
   27c7   fa 80             ANI $80             ; Check if different signs
   27c9   e2                SEX 2
   27ca   ca 27 dd          LBNZ QS_DELTA_DIFF_SIGN2
                        
                            ; Same sign: R7 < R8 means R7 - R8 has borrow
   27cd   ea                SEX 10
   27ce   88                GLO 8               ; alpha low
   27cf   5a                STR 10
   27d0   87                GLO 7               ; (stand_pat + victim) low
   27d1   f7                SM                  ; D = (sp+v)_lo - alpha_lo
   27d2   98                GHI 8               ; alpha high
   27d3   5a                STR 10
   27d4   97                GHI 7               ; (stand_pat + victim) high
   27d5   77                SMB                 ; D = (sp+v)_hi - alpha_hi - borrow
   27d6   e2                SEX 2
   27d7   cb 27 55          LBNF QS_LOOP        ; Borrow = (stand_pat + victim) < alpha, skip!
   27da   c0 27 e3          LBR QS_DELTA_NO_PRUNE
                        
   27dd                 QS_DELTA_DIFF_SIGN2:
                            ; Different signs: negative < positive always
                            ; (stand_pat + victim) negative means it's < alpha (if alpha positive)
   27dd   97                GHI 7
   27de   fa 80             ANI $80
   27e0   ca 27 55          LBNZ QS_LOOP        ; (stand_pat + victim) negative -> skip capture
                        
   27e3                 QS_DELTA_NO_PRUNE:
                            ; -------------------------------------------------
                            ; End per-capture delta pruning
                            ; -------------------------------------------------
                        
                            ; It's a capture! Process it.
                            ; Save move count to stack (BOTH bytes! IS_IN_CHECK clobbers R15.1)
   27e3   9f                GHI 15
   27e4   73                STXD
   27e5   8f                GLO 15
   27e6   73                STXD
                        
                            ; ===============================================================
                            ; QSEARCH defender-check pre-filter (added 2026-05-07)
                            ; ===============================================================
                            ; QSEARCH lacks recursion: each capture is evaluated as if its
                            ; recapture won't happen. This causes phantom material wins when
                            ; we capture a defended piece with a more valuable attacker.
                            ;
                            ; Filter: if captor_value > victim_value AND target is defended
                            ; by enemy, skip this capture entirely. Single-level defender
                            ; check; doesn't see exchange chains, but catches the dominant
                            ; bug class (e.g., Bxg6 when h7-pawn defends).
                            ;
                            ; Empirical motivation (2026-05-07): post-Kxf7 d=1 returned +220cp
                            ; bestmove d3g6 (Bxg6) despite h7 pawn obviously recapturing —
                            ; QSEARCH saw bishop "win" but not the recapture.
                            ; ===============================================================
                        
                            ; Load victim_value from board[to_square]
   27e7   f8 60             LDI HIGH(BOARD)
   27e9   ba                PHI 10
   27ea   8d                GLO 13                          ; to square
   27eb   aa                PLO 10
   27ec   0a                LDN 10
   27ed   fa 07             ANI $07                         ; victim piece type 1-6
   27ef   fe                SHL                             ; * 2 for 16-bit table
   27f0   fc 00             ADI LOW(PIECE_VALUES)
   27f2   aa                PLO 10
   27f3   f8 0e             LDI HIGH(PIECE_VALUES)
   27f5   7c 00             ADCI 0
   27f7   ba                PHI 10
   27f8   4a                LDA 10                          ; victim_value hi
   27f9   b8                PHI 8
   27fa   0a                LDN 10                          ; victim_value lo
   27fb   a8                PLO 8                           ; R8 = victim_value
                        
                            ; Load captor_value from board[from_square]
   27fc   f8 60             LDI HIGH(BOARD)
   27fe   ba                PHI 10
   27ff   9d                GHI 13                          ; from square
   2800   aa                PLO 10
   2801   0a                LDN 10
   2802   fa 07             ANI $07                         ; captor piece type 1-6
   2804   fe                SHL
   2805   fc 00             ADI LOW(PIECE_VALUES)
   2807   aa                PLO 10
   2808   f8 0e             LDI HIGH(PIECE_VALUES)
   280a   7c 00             ADCI 0
   280c   ba                PHI 10
   280d   4a                LDA 10                          ; captor_value hi
   280e   b7                PHI 7
   280f   0a                LDN 10                          ; captor_value lo
   2810   a7                PLO 7                           ; R7 = captor_value
                        
                            ; Compare: victim - captor (16-bit signed). DF=1 if victim >= captor.
   2811   87                GLO 7
   2812   52                STR 2                           ; M(R2) = captor_lo
   2813   88                GLO 8
   2814   f7                SM                              ; D = victim_lo - captor_lo
   2815   97                GHI 7
   2816   52                STR 2                           ; M(R2) = captor_hi
   2817   98                GHI 8
   2818   77                SMB                             ; D = victim_hi - captor_hi - borrow
   2819   c3 28 34          LBDF QS_DEF_OK                  ; victim >= captor: no filter
                        
                            ; Captor > victim. Check if target square is defended by enemy.
                            ; Save R11.1 (capture limit) and R13 (from/to) — IS_SQUARE_ATTACKED
                            ; restores R11.0 and R12.0 but clobbers everything else including
                            ; R13 and R15.0.
   281c   9b                GHI 11
   281d   73                STXD                            ; push capture limit
   281e   9d                GHI 13
   281f   73                STXD                            ; push from
   2820   8d                GLO 13
   2821   73                STXD                            ; push to
                        
                            ; Set R11.0 = target square, R12.0 already = our color
   2822   8d                GLO 13
   2823   ab                PLO 11
   2824   d4 01 a4          CALL IS_SQUARE_ATTACKED
   2827   a7                PLO 7                           ; R7.0 = result (0=safe, 1=attacked)
   2828   e2                SEX 2                           ; Defensive: ensure X=2 for following pop
                        
                            ; Restore saved state
   2829   60                IRX
   282a   72                LDXA                            ; pop to → R13.0
   282b   ad                PLO 13
   282c   72                LDXA                            ; pop from → R13.1
   282d   bd                PHI 13
   282e   f0                LDX                             ; pop capture limit → R11.1
   282f   bb                PHI 11
                        
   2830   87                GLO 7
   2831   ca 28 67          LBNZ QS_DEF_SKIP                ; defended: filter fires, skip capture
                        
   2834                 QS_DEF_OK:
                            ; ===============================================================
                            ; End QSEARCH defender-check pre-filter
                            ; ===============================================================
                        
                            ; Store from/to for MAKE_MOVE
   2834   68 ca 64 02       RLDI 10, MOVE_FROM
   2838   9d                GHI 13              ; from
   2839   5a                STR 10
   283a   1a                INC 10
   283b   8d                GLO 13              ; to
   283c   5a                STR 10
                        
                            ; Set UNDO_PROMOTION based on move flags (capture-promotions)
   283d   68 ca 64 04       RLDI 10, UNDO_PROMOTION
   2841   68 cd 64 05       RLDI 13, DECODED_FLAGS
   2845   0d                LDN 13              ; D = flags
   2846   fb 03             XRI MOVE_PROMOTION  ; == $03?
   2848   ca 28 50          LBNZ QS_NOT_PROMO
   284b   f8 05             LDI QUEEN_TYPE      ; Promote to queen ($05)
   284d   c0 28 52          LBR QS_SET_PROMO
   2850                 QS_NOT_PROMO:
   2850   f8 00             LDI 0               ; Not a promotion
   2852                 QS_SET_PROMO:
   2852   5a                STR 10              ; UNDO_PROMOTION = QUEEN_TYPE or 0
                        
                            ; Make move
   2853   d4 09 b4          CALL MAKE_MOVE
                        
                            ; -----------------------------------------------
                            ; LEGALITY CHECK: Does this capture leave our king in check?
                            ; MAKE_MOVE does NOT toggle R12 - only SIDE in memory.
                            ; R12 still contains our color (the side that just moved).
                            ; -----------------------------------------------
   2856   d4 01 8e          CALL IS_IN_CHECK
                            ; D = 1 if our king is in check (illegal), 0 if safe
                        
   2859   c2 28 6f          LBZ QS_CAPTURE_LEGAL  ; D=0 means not in check, capture is legal
                        
                            ; ILLEGAL CAPTURE: Unmake and skip to next capture
   285c   d4 0c 20          CALL UNMAKE_MOVE
                        
                            ; R12 stays as our color (UNMAKE_MOVE doesn't toggle R12)
                        
                            ; Restore move count from stack and continue loop (both bytes)
   285f   60                IRX
   2860   72                LDXA
   2861   af                PLO 15              ; R15.0 = move count low
   2862   f0                LDX
   2863   bf                PHI 15              ; R15.1 = move count high (0)
   2864   c0 27 55          LBR QS_LOOP         ; Skip this illegal capture, try next
                        
   2867                 QS_DEF_SKIP:
                            ; Defender-check filter fired: skip capture WITHOUT make/unmake.
                            ; Pop R15 (saved before our filter ran) and continue.
   2867   60                IRX
   2868   72                LDXA
   2869   af                PLO 15              ; R15.0 = move count low
   286a   f0                LDX
   286b   bf                PHI 15              ; R15.1 = move count high (0)
   286c   c0 27 55          LBR QS_LOOP
                        
   286f                 QS_CAPTURE_LEGAL:
                            ; Check capture limit - decrement and bail if exhausted
   286f   9b                GHI 11                  ; D = captures remaining
   2870   c2 29 11          LBZ QS_CAPTURE_LIMIT_HIT ; Already at 0, don't process more
   2873   ff 01             SMI 1
   2875   bb                PHI 11                  ; R11.1 = captures remaining - 1
                        
                            ; Evaluate position after capture
   2876   d4 0e b4          CALL EVALUATE
                            ; Score in R9 (from white's perspective)
                        
                            ; Negate R9 if black to move (white-perspective → side-to-move)
   2879   8c                GLO 12
   287a   fa 08             ANI $08
   287c   c2 28 87          LBZ QS_NO_NEG
   287f   89                GLO 9               ; low byte
   2880   fd 00             SDI 0               ; negate low
   2882   a9                PLO 9
   2883   99                GHI 9               ; high byte
   2884   7d 00             SDBI 0              ; negate high with borrow
   2886   b9                PHI 9
   2887                 QS_NO_NEG:
                            ; Save score (R9) before UNMAKE_MOVE clobbers it
   2887   99                GHI 9
   2888   73                STXD
   2889   89                GLO 9
   288a   73                STXD
                        
                            ; Unmake move
   288b   d4 0c 20          CALL UNMAKE_MOVE
                        
                            ; Restore score (R9)
   288e   60                IRX
   288f   72                LDXA
   2890   a9                PLO 9
   2891   f0                LDX
   2892   b9                PHI 9
                        
                            ; Restore move count (both bytes)
   2893   60                IRX
   2894   72                LDXA
   2895   af                PLO 15              ; R15.0 = move count low
   2896   f0                LDX
   2897   bf                PHI 15              ; R15.1 = move count high (0)
                        
                            ; Compare: if score (R9) > best (QS_BEST), update best
                            ; Load QS_BEST into R7 for comparison (big-endian: HI first)
   2898   68 ca 64 18       RLDI 10, QS_BEST_HI
   289c   4a                LDA 10              ; High byte
   289d   b7                PHI 7
   289e   0a                LDN 10              ; Low byte
   289f   a7                PLO 7               ; R7 = QS_BEST
                        
                            ; Signed comparison: R9 > R7?
                            ; Use COMPARE_TEMP for scratch (NEVER use STR 2!)
   28a0   68 ca 64 49       RLDI 10, COMPARE_TEMP
   28a4   ea                SEX 10
   28a5   99                GHI 9
   28a6   5a                STR 10
   28a7   97                GHI 7
   28a8   f3                XOR
   28a9   fa 80             ANI $80
   28ab   e2                SEX 2
   28ac   ca 28 cd          LBNZ QS_DIFF_SIGN
                        
                            ; Same sign - compare normally
   28af   ea                SEX 10
   28b0   97                GHI 7
   28b1   5a                STR 10
   28b2   99                GHI 9
   28b3   f5                SD
   28b4   e2                SEX 2
   28b5   ca 28 c7          LBNZ QS_HI_DIFF
                            ; High bytes equal, compare low
   28b8   ea                SEX 10
   28b9   87                GLO 7
   28ba   5a                STR 10
   28bb   89                GLO 9
   28bc   f5                SD
   28bd   e2                SEX 2
   28be   c2 27 55          LBZ QS_LOOP         ; Equal, don't update
   28c1   cb 28 d3          LBNF QS_UPDATE      ; Score > best
   28c4   c0 27 55          LBR QS_LOOP         ; Score < best
                        
   28c7                 QS_HI_DIFF:
   28c7   cb 28 d3          LBNF QS_UPDATE      ; Score > best
   28ca   c0 27 55          LBR QS_LOOP         ; Score < best
                        
   28cd                 QS_DIFF_SIGN:
                            ; Different signs - positive is greater
   28cd   99                GHI 9
   28ce   fa 80             ANI $80
   28d0   ca 27 55          LBNZ QS_LOOP        ; Score negative, best positive - don't update
                            ; Score positive, best negative - update
                        
   28d3                 QS_UPDATE:
                            ; Update best = score (big-endian: HI first)
   28d3   68 ca 64 18       RLDI 10, QS_BEST_HI
   28d7   99                GHI 9               ; High byte first
   28d8   5a                STR 10
   28d9   1a                INC 10
   28da   89                GLO 9               ; Low byte second
   28db   5a                STR 10
                        
                            ; -----------------------------------------------
                            ; Beta cutoff check: if best >= beta, return beta
                            ; -----------------------------------------------
                            ; Load beta (big-endian: HI first)
   28dc   68 ca 64 44       RLDI 10, BETA_HI
   28e0   4a                LDA 10              ; beta high
   28e1   b7                PHI 7
   28e2   0a                LDN 10              ; beta low
   28e3   a7                PLO 7               ; R7 = beta
                        
                            ; Compare: best (R9) >= beta (R7)?
   28e4   68 ca 64 49       RLDI 10, COMPARE_TEMP
   28e8   ea                SEX 10
   28e9   99                GHI 9               ; best high
   28ea   5a                STR 10
   28eb   97                GHI 7               ; beta high
   28ec   f3                XOR
   28ed   fa 80             ANI $80
   28ef   e2                SEX 2
   28f0   ca 29 03          LBNZ QS_BETA_CUT_DIFF
                        
                            ; Same sign: best >= beta means best - beta >= 0 (no borrow)
   28f3   ea                SEX 10
   28f4   87                GLO 7               ; beta low
   28f5   5a                STR 10
   28f6   89                GLO 9               ; best low
   28f7   f7                SM
   28f8   97                GHI 7               ; beta high
   28f9   5a                STR 10
   28fa   99                GHI 9               ; best high
   28fb   77                SMB
   28fc   e2                SEX 2
   28fd   c3 29 0c          LBDF QS_BETA_CUTOFF ; No borrow = best >= beta, cutoff!
   2900   c0 27 55          LBR QS_LOOP
                        
   2903                 QS_BETA_CUT_DIFF:
                            ; Different signs: positive >= negative
   2903   99                GHI 9               ; best high
   2904   fa 80             ANI $80
   2906   c2 29 0c          LBZ QS_BETA_CUTOFF  ; best positive, beta negative -> cutoff
   2909   c0 27 55          LBR QS_LOOP
                        
   290c                 QS_BETA_CUTOFF:
                            ; Return beta (fail-high)
   290c   97                GHI 7
   290d   b9                PHI 9
   290e   87                GLO 7
   290f   a9                PLO 9               ; R9 = beta
   2910   d5                RETN
                        
   2911                 QS_CAPTURE_LIMIT_HIT:
                            ; Hit capture limit - unmake the move and return best so far
   2911   d4 0c 20          CALL UNMAKE_MOVE
                            ; Restore move count from stack (was pushed at capture processing start)
   2914   60                IRX
   2915   72                LDXA
   2916   af                PLO 15              ; R15.0 = move count low
   2917   f0                LDX
   2918   bf                PHI 15              ; R15.1 = move count high (0)
                            ; Fall through to QS_RETURN
                        
   2919                 QS_RETURN:
                            ; Return best score in R9 (big-endian: HI first)
   2919   68 ca 64 18       RLDI 10, QS_BEST_HI
   291d   4a                LDA 10              ; High byte
   291e   b9                PHI 9
   291f   0a                LDN 10              ; Low byte
   2920   a9                PLO 9
   2921   d5                RETN
                        
                        ; ------------------------------------------------------------------------------
                        ; Helper Functions - STUBS REMOVED (functions now in other modules)
                        ; ------------------------------------------------------------------------------
                        ; GENERATE_MOVES - implemented in movegen.asm
                        ; MAKE_MOVE - implemented in makemove.asm
                        ; UNMAKE_MOVE - implemented in makemove.asm
                        ; EVALUATE - implemented in evaluate.asm
                        ; IS_IN_CHECK - implemented in check.asm
                        
                        ; Only these helper functions remain here:
                        
                        ; ------------------------------------------------------------------------------
                        ; STORE_KILLER_MOVE - Store killer move for move ordering
                        ; ------------------------------------------------------------------------------
                        ; Input:  R11 = move that caused beta cutoff
                        ;         CURRENT_PLY = current ply (in memory)
                        ; Output: Killer move stored in table
                        ; Uses:   R10, R13, D
                        ; ------------------------------------------------------------------------------
   2922                 STORE_KILLER_MOVE:
                            ; Calculate killer table offset from CURRENT_PLY
                            ; (Use ply, not depth, so killers work across different search depths)
   2922   68 cd 64 48       RLDI 13, CURRENT_PLY
   2926   0d                LDN 13              ; D = current ply
   2927   fa 0f             ANI $0F             ; Limit to 16 plies
   2929   fe                SHL
   292a   fe                SHL                 ; × 4 (2 moves × 2 bytes each)
   292b   ad                PLO 13
                        
                            ; Point to killer table (offset in R13.0 is 0-60, won't overflow with ADI)
   292c   f8 64             LDI HIGH(KILLER_MOVES)
   292e   ba                PHI 10
   292f   8d                GLO 13              ; Get offset (0, 4, 8, ... 60)
   2930   fc 20             ADI LOW(KILLER_MOVES)  ; Add base address low byte
   2932   aa                PLO 10              ; R10 = KILLER_MOVES + offset
                        
                            ; Shift killers: killer2 = killer1
   2933   4a                LDA 10              ; Load killer1 low
   2934   ad                PLO 13
   2935   4a                LDA 10              ; Load killer1 high
   2936   bd                PHI 13              ; D = old killer1
                        
                            ; Store old killer1 as new killer2
   2937   8d                GLO 13
   2938   5a                STR 10
   2939   1a                INC 10
   293a   9d                GHI 13
   293b   5a                STR 10
                        
                            ; Reset pointer to killer1 position (R10 is at killer2_high, need killer1_low)
   293c   2a                DEC 10              ; killer2_low
   293d   2a                DEC 10              ; killer1_high
   293e   2a                DEC 10              ; killer1_low
                        
                            ; Store new killer1 (R11 = move that caused cutoff)
   293f   8b                GLO 11
   2940   5a                STR 10
   2941   1a                INC 10
   2942   9b                GHI 11
   2943   5a                STR 10
                        
   2944   d5                RETN
                        
                        ; ------------------------------------------------------------------------------
                        ; ORDER_TT_MOVE - Promote TT best move to front of move list
                        ; ------------------------------------------------------------------------------
                        ; Input:  R9 = start of move list
                        ;         D = move count
                        ; Output: Move list reordered with TT move at front (if found)
                        ; Uses:   R7, R8, R10, R11, R13
                        ; Note:   TT_MOVE_HI/LO must be populated by TT_PROBE before calling
                        ; ------------------------------------------------------------------------------
   2945                 ORDER_TT_MOVE:
   2945   a7                PLO 7               ; R7.0 = move count
   2946   c2 29 b0          LBZ OTM_DONE        ; No moves, return
                        
                            ; Load TT move (raw from/to squares)
   2949   68 ca 64 c0       RLDI 10, TT_MOVE_HI
   294d   4a                LDA 10              ; D = from
   294e   bd                PHI 13              ; R13.1 = from
   294f   0a                LDN 10              ; D = to
   2950   ad                PLO 13              ; R13.0 = to
                        
                            ; Check validity: both zero = no TT move
   2951   9d                GHI 13
   2952   ca 29 59          LBNZ OTM_VALID
   2955   8d                GLO 13
   2956   c2 29 b0          LBZ OTM_DONE
   2959                 OTM_VALID:
                        
                            ; Save move count (ENCODE clobbers R7)
   2959   87                GLO 7
   295a   73                STXD
                        
                            ; Set flags = 0 for encoding
   295b   68 ca 64 06       RLDI 10, MOVE_FLAGS_TEMP
   295f   f8 00             LDI 0
   2961   5a                STR 10
                        
                            ; Encode TT move to 16-bit format
   2962   d4 03 8d          CALL ENCODE_MOVE_16BIT
                            ; R8 = encoded TT move (flags=0 in top 2 bits)
                        
                            ; Save to R11 for comparison
   2965   98                GHI 8
   2966   bb                PHI 11
   2967   88                GLO 8
   2968   ab                PLO 11              ; R11 = encoded TT move
                        
                            ; Restore move count
   2969   60                IRX
   296a   f0                LDX                 ; D = move count
   296b   b7                PHI 7               ; R7.1 = loop counter
                        
                            ; Set up scan pointer
   296c   99                GHI 9
   296d   b8                PHI 8
   296e   89                GLO 9
   296f   a8                PLO 8               ; R8 = list start
                        
   2970                 OTM_SCAN:
   2970   97                GHI 7
   2971   c2 29 b0          LBZ OTM_DONE        ; Scanned all, no match
                        
                            ; MOVE_LIST entries are stored HIGH byte first (ADD_MOVE_ENCODED
                            ; movegen-helpers.asm:221). Fixed 2026-05-13 — old code mistakenly
                            ; called LDA 8's read "low byte". Compare HIGH (mask flag bits 6-7)
                            ; first, then LOW.
   2974   48                LDA 8               ; list move HIGH byte; R8 advances
   2975   fa 3f             ANI $3F             ; mask off flag bits 6-7
   2977   52                STR 2
   2978   9b                GHI 11              ; TT encoded HIGH byte (flags=0)
   2979   f3                XOR
   297a   ca 29 84          LBNZ OTM_NEXT       ; HIGH bytes differ
                        
                            ; HIGH match — compare LOW byte (no mask)
   297d   08                LDN 8               ; list move LOW byte; R8 stays
   297e   52                STR 2
   297f   8b                GLO 11              ; TT encoded LOW byte
   2980   f3                XOR
   2981   c2 29 8c          LBZ OTM_FOUND       ; Match!
                        
   2984                 OTM_NEXT:
   2984   18                INC 8               ; skip past LOW byte to next entry
   2985   97                GHI 7
   2986   ff 01             SMI 1
   2988   b7                PHI 7
   2989   c0 29 70          LBR OTM_SCAN
                        
   298c                 OTM_FOUND:
                            ; Match at R8-1 (LDA advanced). Swap with front (R9).
   298c   28                DEC 8               ; R8 → matched move low byte
                        
                            ; Skip if already at front
   298d   98                GHI 8
   298e   52                STR 2
   298f   99                GHI 9
   2990   f3                XOR
   2991   ca 29 9b          LBNZ OTM_SWAP
   2994   88                GLO 8
   2995   52                STR 2
   2996   89                GLO 9
   2997   f3                XOR
   2998   c2 29 b0          LBZ OTM_DONE        ; Already first
                        
   299b                 OTM_SWAP:
                            ; Save front (R9) to stack
   299b   49                LDA 9               ; front low, R9++
   299c   73                STXD
   299d   09                LDN 9               ; front high
   299e   73                STXD
                        
                            ; Copy matched (R8) to front
   299f   29                DEC 9               ; R9 back to front low
   29a0   48                LDA 8               ; src low, R8++
   29a1   59                STR 9
   29a2   19                INC 9
   29a3   08                LDN 8               ; src high
   29a4   59                STR 9
   29a5   19                INC 9               ; R9 = front + 2
                        
                            ; Copy saved front to matched position
   29a6   28                DEC 8               ; R8 back to src low
   29a7   60                IRX
   29a8   72                LDXA                ; saved high
   29a9   18                INC 8
   29aa   58                STR 8               ; R8+1 = saved high
   29ab   28                DEC 8
   29ac   f0                LDX                 ; saved low
   29ad   58                STR 8               ; R8 = saved low
                        
                            ; Reset R9 to front
   29ae   29                DEC 9
   29af   29                DEC 9
                        
   29b0                 OTM_DONE:
   29b0   d5                RETN
                        
                        ; ------------------------------------------------------------------------------
                        ; ORDER_KILLER_MOVES - Promote killer moves to front of move list
                        ; ------------------------------------------------------------------------------
                        ; Input:  R9 = start of move list
                        ;         D = move count
                        ;         CURRENT_PLY = current ply (for killer table index)
                        ; Output: Move list reordered with killers at front
                        ; Uses:   R7, R8, R10, R11, R13
                        ; Note:   Call this right after GENERATE_MOVES, before move loop
                        ; ------------------------------------------------------------------------------
   29b1                 ORDER_KILLER_MOVES:
                            ; Save move count
   29b1   a7                PLO 7               ; R7.0 = move count
   29b2   c2 2a 7b          LBZ OKM_DONE        ; No moves, nothing to order
                        
                            ; Calculate killer table offset from CURRENT_PLY
   29b5   68 ca 64 48       RLDI 10, CURRENT_PLY
   29b9   0a                LDN 10              ; D = ply
   29ba   fa 0f             ANI $0F             ; Limit to 16 plies
   29bc   fe                SHL
   29bd   fe                SHL                 ; × 4 (2 moves × 2 bytes each)
   29be   ad                PLO 13              ; R13.0 = offset
                        
                            ; Point to killer table entry
   29bf   f8 64             LDI HIGH(KILLER_MOVES)
   29c1   ba                PHI 10
   29c2   8d                GLO 13
   29c3   fc 20             ADI LOW(KILLER_MOVES)
   29c5   aa                PLO 10              ; R10 = &killer1 for this ply
                        
                            ; Load killer1 (16-bit) into R11
   29c6   4a                LDA 10              ; killer1 low
   29c7   ab                PLO 11
   29c8   4a                LDA 10              ; killer1 high
   29c9   bb                PHI 11              ; R11 = killer1
                        
                            ; Load killer2 (16-bit) into R13
   29ca   4a                LDA 10              ; killer2 low
   29cb   ad                PLO 13
   29cc   0a                LDN 10              ; killer2 high
   29cd   bd                PHI 13              ; R13 = killer2
                        
                            ; Check if killers are zero (uninitialized)
   29ce   8b                GLO 11
   29cf   f1                OR
   29d0   9b                GHI 11
   29d1   c2 2a 1a          LBZ OKM_TRY_KILLER2 ; killer1 is zero, skip
                        
                            ; === Search for killer1 in move list ===
                            ; R8 = scan pointer, start from R9
   29d4   99                GHI 9
   29d5   b8                PHI 8
   29d6   89                GLO 9
   29d7   a8                PLO 8               ; R8 = move list start
                        
   29d8   87                GLO 7               ; D = move count
   29d9   b7                PHI 7               ; R7.1 = loop counter
                        
   29da                 OKM_SCAN_K1:
   29da   97                GHI 7
   29db   c2 2a 1a          LBZ OKM_TRY_KILLER2 ; No more moves to scan
                        
                            ; MOVE_LIST entries stored HIGH first (ADD_MOVE_ENCODED:221). Killer is
                            ; stored with flags=0 (see beta-cutoff store at line ~2042). Compare
                            ; HIGH (mask flag bits 6-7 from list entry), then LOW. Fixed 2026-05-13
                            ; — old code had reversed byte order, so the optimization never matched.
   29de   48                LDA 8               ; list move HIGH byte; R8 advances
   29df   fa 3f             ANI $3F             ; mask off flag bits
   29e1   52                STR 2
   29e2   9b                GHI 11              ; killer1 HIGH (flags=0)
   29e3   f3                XOR
   29e4   ca 29 ee          LBNZ OKM_K1_NEXT    ; HIGH bytes don't match
                        
   29e7   08                LDN 8               ; list move LOW byte; R8 stays
   29e8   52                STR 2
   29e9   8b                GLO 11              ; killer1 LOW
   29ea   f3                XOR
   29eb   c2 29 f6          LBZ OKM_K1_FOUND    ; Match! Swap to front
                        
   29ee                 OKM_K1_NEXT:
   29ee   18                INC 8               ; skip past LOW byte to next entry
   29ef   97                GHI 7
   29f0   ff 01             SMI 1
   29f2   b7                PHI 7               ; Decrement counter
   29f3   c0 29 da          LBR OKM_SCAN_K1
                        
   29f6                 OKM_K1_FOUND:
                            ; Killer1 found at R8-1 (we did LDA). Swap with first move.
   29f6   28                DEC 8               ; R8 points to killer1_low in list
                        
                            ; Only swap if not already at front
   29f7   98                GHI 8
   29f8   52                STR 2
   29f9   99                GHI 9
   29fa   f3                XOR
   29fb   ca 2a 05          LBNZ OKM_K1_SWAP
   29fe   88                GLO 8
   29ff   52                STR 2
   2a00   89                GLO 9
   2a01   f3                XOR
   2a02   c2 2a 1a          LBZ OKM_TRY_KILLER2 ; Already at front, no swap needed
                        
   2a05                 OKM_K1_SWAP:
                            ; Swap 2-byte entry at R8 with entry at R9
                            ; Save move at R9 to stack
   2a05   49                LDA 9
   2a06   73                STXD
   2a07   09                LDN 9
   2a08   73                STXD
                        
                            ; Copy killer from R8 to R9 (LDA advanced R9 by 1, undo it)
   2a09   29                DEC 9
   2a0a   48                LDA 8               ; killer low
   2a0b   59                STR 9
   2a0c   19                INC 9
   2a0d   08                LDN 8               ; killer high
   2a0e   59                STR 9
   2a0f   19                INC 9               ; R9 back to +2
                        
                            ; Copy saved move from stack to R8
   2a10   28                DEC 8               ; Back to low byte position
   2a11   60                IRX
   2a12   72                LDXA                ; Saved high byte
   2a13   18                INC 8
   2a14   58                STR 8               ; Store at R8+1
   2a15   28                DEC 8
   2a16   f0                LDX                 ; Saved low byte
   2a17   58                STR 8               ; Store at R8
                        
                            ; Reset R9 to list start
   2a18   29                DEC 9
   2a19   29                DEC 9
                        
   2a1a                 OKM_TRY_KILLER2:
                            ; Check if killer2 is zero
   2a1a   8d                GLO 13
   2a1b   f1                OR
   2a1c   9d                GHI 13
   2a1d   c2 2a 7b          LBZ OKM_DONE        ; killer2 is zero, skip
                        
                            ; Check if we have at least 2 moves
   2a20   87                GLO 7               ; Original move count
   2a21   ff 02             SMI 2
   2a23   cb 2a 7b          LBNF OKM_DONE       ; Less than 2 moves
                        
                            ; === Search for killer2 in move list (skip first entry) ===
   2a26   99                GHI 9
   2a27   b8                PHI 8
   2a28   89                GLO 9
   2a29   fc 02             ADI 2               ; Skip first entry
   2a2b   a8                PLO 8
   2a2c   99                GHI 9
   2a2d   7c 00             ADCI 0
   2a2f   b8                PHI 8               ; R8 = second entry
                        
   2a30   87                GLO 7               ; move count
   2a31   ff 01             SMI 1               ; Skip first
   2a33   b7                PHI 7               ; R7.1 = counter
                        
   2a34                 OKM_SCAN_K2:
   2a34   97                GHI 7
   2a35   c2 2a 7b          LBZ OKM_DONE        ; No more moves
                        
                            ; Byte-order fix (2026-05-13) — HIGH first with mask, then LOW.
   2a38   48                LDA 8               ; list move HIGH byte; R8 advances
   2a39   fa 3f             ANI $3F             ; mask off flag bits 6-7
   2a3b   52                STR 2
   2a3c   9d                GHI 13              ; killer2 HIGH (flags=0)
   2a3d   f3                XOR
   2a3e   ca 2a 48          LBNZ OKM_K2_NEXT    ; HIGH bytes don't match
                        
   2a41   08                LDN 8               ; list move LOW byte; R8 stays
   2a42   52                STR 2
   2a43   8d                GLO 13              ; killer2 LOW
   2a44   f3                XOR
   2a45   c2 2a 50          LBZ OKM_K2_FOUND    ; Match!
                        
   2a48                 OKM_K2_NEXT:
   2a48   18                INC 8               ; skip past LOW byte to next entry
   2a49   97                GHI 7
   2a4a   ff 01             SMI 1
   2a4c   b7                PHI 7
   2a4d   c0 2a 34          LBR OKM_SCAN_K2
                        
   2a50                 OKM_K2_FOUND:
                            ; Killer2 found at R8-1. Swap with second move (R9+2).
   2a50   28                DEC 8               ; R8 points to killer2_low
                        
                            ; Calculate second entry position
   2a51   99                GHI 9
   2a52   ba                PHI 10
   2a53   89                GLO 9
   2a54   fc 02             ADI 2
   2a56   aa                PLO 10
   2a57   99                GHI 9
   2a58   7c 00             ADCI 0
   2a5a   ba                PHI 10              ; R10 = second entry
                        
                            ; Only swap if not already there
   2a5b   98                GHI 8
   2a5c   52                STR 2
   2a5d   9a                GHI 10
   2a5e   f3                XOR
   2a5f   ca 2a 69          LBNZ OKM_K2_SWAP
   2a62   88                GLO 8
   2a63   52                STR 2
   2a64   8a                GLO 10
   2a65   f3                XOR
   2a66   c2 2a 7b          LBZ OKM_DONE        ; Already in position
                        
   2a69                 OKM_K2_SWAP:
                            ; Swap 2-byte entry at R8 with entry at R10
   2a69   4a                LDA 10              ; second entry low
   2a6a   73                STXD
   2a6b   0a                LDN 10              ; second entry high
   2a6c   73                STXD
                        
                            ; Copy killer to second position
   2a6d   2a                DEC 10
   2a6e   48                LDA 8               ; killer low
   2a6f   5a                STR 10
   2a70   1a                INC 10
   2a71   08                LDN 8               ; killer high
   2a72   5a                STR 10
                        
                            ; Copy saved to R8
   2a73   28                DEC 8
   2a74   60                IRX
   2a75   72                LDXA                ; high byte
   2a76   18                INC 8
   2a77   58                STR 8
   2a78   28                DEC 8
   2a79   f0                LDX                 ; low byte
   2a7a   58                STR 8
                        
   2a7b                 OKM_DONE:
   2a7b   d5                RETN
                        
                        ; ------------------------------------------------------------------------------
                        ; ORDER_CAPTURES_FIRST - Move captures to front of move list, sorted by
                        ;                        victim piece-type value (queen first, pawn last).
                        ; ------------------------------------------------------------------------------
                        ; Input:  R9 = start of move list
                        ;         D = move count
                        ; Output: Move list reordered with captures at front, victim-value descending
                        ;         (Q-takes, R-takes, B-takes, N-takes, P-takes, then non-captures).
                        ; Uses:   R7, R8, R10, R11, R13
                        ; Note:   Call after GENERATE_MOVES, before move loop. Implements simplified
                        ;         victim-only sort (no attacker analysis): 5 passes filtering by
                        ;         piece-type value 5..1. Front pointer R8 persists across passes.
                        ; ------------------------------------------------------------------------------
   2a7c                 ORDER_CAPTURES_FIRST:
                            ; Save move count
   2a7c   a7                PLO 7               ; R7.0 = move count
   2a7d   c2 2a f3          LBZ OCF_DONE        ; No moves
                        
                            ; R8 = front pointer (where to put next capture; persists across passes)
   2a80   99                GHI 9
   2a81   b8                PHI 8
   2a82   89                GLO 9
   2a83   a8                PLO 8               ; R8 = front = list start
                        
                            ; Initialize filter: start with QUEEN piece type (5), decrement each pass
   2a84   68 cd 64 49       RLDI 13, COMPARE_TEMP
   2a88   f8 05             LDI 5
   2a8a   5d                STR 13              ; M(COMPARE_TEMP) = filter type
                        
   2a8b                 OCF_PASS_LOOP:
                            ; R10 = scan pointer (re-init each pass)
   2a8b   99                GHI 9
   2a8c   ba                PHI 10
   2a8d   89                GLO 9
   2a8e   aa                PLO 10              ; R10 = scan = list start
                        
                            ; R7.1 = remaining count to scan (re-init each pass)
   2a8f   87                GLO 7
   2a90   b7                PHI 7
                        
   2a91                 OCF_SCAN_LOOP:
   2a91   97                GHI 7
   2a92   c2 2a e8          LBZ OCF_PASS_DONE   ; No more moves to scan in this pass
                        
                            ; Decode move at R10 to get target square
                            ; Move format: [flags:2][to:7][from:7]
                            ; Move list is big-endian: high byte first, low byte second
   2a95   4a                LDA 10              ; High byte (first in big-endian)
   2a96   bb                PHI 11              ; R11.1 = high byte
   2a97   0a                LDN 10              ; Low byte (second in big-endian)
   2a98   ab                PLO 11              ; R11.0 = low byte
                        
                            ; Extract 'to' square: (high & $3F) << 1 | (low >> 7)
   2a99   9b                GHI 11              ; D = high byte (LDN left D with low byte)
   2a9a   fa 3f             ANI $3F
   2a9c   fe                SHL
   2a9d   ad                PLO 13              ; R13.0 = to bits 1-6
   2a9e   8b                GLO 11              ; Low byte
   2a9f   fa 80             ANI $80             ; Bit 7
   2aa1   c2 2a a8          LBZ OCF_TO_BIT0_CLR
   2aa4   8d                GLO 13
   2aa5   f9 01             ORI $01
   2aa7   ad                PLO 13
   2aa8                 OCF_TO_BIT0_CLR:
                            ; R13.0 = to square, R11 = encoded move
                        
                            ; Check if target square has a piece (any piece = potential capture)
                            ; Calculate BOARD + to_square
                            ; BOARD is at $6000, so high byte is $60, low byte is to_square
   2aa8   f8 60             LDI HIGH(BOARD)
   2aaa   bd                PHI 13
                            ; R13 now = $60xx where xx = to_square (already in R13.0)
                        
                            ; Load piece at target square
   2aab   0d                LDN 13              ; D = piece at target
   2aac   2a                DEC 10              ; Reset R10 to low byte position
                        
                            ; If piece is 0 (empty), not a capture
   2aad   c2 2a df          LBZ OCF_NEXT_MOVE   ; Empty square, skip
                        
                            ; Check victim type against current pass filter.
                            ; D still holds piece byte; mask off color to get type (1-6).
   2ab0   fa 07             ANI PIECE_MASK      ; D = victim type (1-5; king=6 can't actually be captured)
   2ab2   52                STR 2               ; M(R2) = victim type (temp)
   2ab3   68 cd 64 49       RLDI 13, COMPARE_TEMP
   2ab7   0d                LDN 13              ; D = current pass filter type
   2ab8   f3                XOR                 ; D = filter ^ victim (0 if match, since SEX 2 set globally)
   2ab9   ca 2a df          LBNZ OCF_NEXT_MOVE  ; victim type doesn't match this pass — skip
                        
                            ; Match: capture with current filter type. Fall through to swap.
                        
   2abc                 OCF_IS_CAPTURE:
                            ; Move is a capture - swap to front if not already there
                            ; R10 points to current move, R8 points to front
   2abc   9a                GHI 10
   2abd   52                STR 2
   2abe   98                GHI 8
   2abf   f3                XOR
   2ac0   ca 2a ca          LBNZ OCF_DO_SWAP
   2ac3   8a                GLO 10
   2ac4   52                STR 2
   2ac5   88                GLO 8
   2ac6   f3                XOR
   2ac7   c2 2a dd          LBZ OCF_ADVANCE_FRONT  ; Already at front
                        
   2aca                 OCF_DO_SWAP:
                            ; Swap 2-byte entries at R8 and R10
                            ; Save R8 entry to stack
   2aca   48                LDA 8
   2acb   73                STXD
   2acc   08                LDN 8
   2acd   73                STXD
   2ace   28                DEC 8               ; Reset R8
                        
                            ; Copy R10 to R8
   2acf   4a                LDA 10
   2ad0   58                STR 8
   2ad1   18                INC 8
   2ad2   0a                LDN 10
   2ad3   58                STR 8
   2ad4   28                DEC 8
   2ad5   2a                DEC 10              ; Reset both
                        
                            ; Copy stack to R10
   2ad6   60                IRX
   2ad7   72                LDXA                ; High byte
   2ad8   1a                INC 10
   2ad9   5a                STR 10
   2ada   2a                DEC 10
   2adb   f0                LDX                 ; Low byte
   2adc   5a                STR 10
                        
   2add                 OCF_ADVANCE_FRONT:
                            ; Advance front pointer
   2add   18                INC 8
   2ade   18                INC 8
                        
   2adf                 OCF_NEXT_MOVE:
                            ; Advance scan pointer
   2adf   1a                INC 10
   2ae0   1a                INC 10
                            ; Decrement counter
   2ae1   97                GHI 7
   2ae2   ff 01             SMI 1
   2ae4   b7                PHI 7
   2ae5   c0 2a 91          LBR OCF_SCAN_LOOP
                        
   2ae8                 OCF_PASS_DONE:
                            ; Decrement filter type for next pass; loop until filter reaches 0.
   2ae8   68 cd 64 49       RLDI 13, COMPARE_TEMP
   2aec   0d                LDN 13
   2aed   ff 01             SMI 1
   2aef   5d                STR 13              ; filter--
   2af0   ca 2a 8b          LBNZ OCF_PASS_LOOP  ; continue if filter > 0
                        
   2af3                 OCF_DONE:
   2af3   d5                RETN
                        
                        ; ------------------------------------------------------------------------------
                        ; INC_NODE_COUNT - Increment 32-bit node counter (FULL VERSION)
                        ; ------------------------------------------------------------------------------
                        ; Input:  None
                        ; Output: NODES_SEARCHED incremented
                        ; Uses:   A, D
                        ; ------------------------------------------------------------------------------
   2af4                 INC_NODE_COUNT:
   2af4   68 ca 64 12       RLDI 10, NODES_SEARCHED
                        
                            ; Increment byte 0 (LSB)
   2af8   0a                LDN 10
   2af9   fc 01             ADI 1
   2afb   5a                STR 10
   2afc   ca 2b 14          LBNZ INC_NODE_DONE   ; No carry
                        
                            ; Carry to byte 1
   2aff   1a                INC 10
   2b00   0a                LDN 10
   2b01   7c 00             ADCI 0
   2b03   5a                STR 10
   2b04   ca 2b 14          LBNZ INC_NODE_DONE
                        
                            ; Carry to byte 2
   2b07   1a                INC 10
   2b08   0a                LDN 10
   2b09   7c 00             ADCI 0
   2b0b   5a                STR 10
   2b0c   ca 2b 14          LBNZ INC_NODE_DONE
                        
                            ; Carry to byte 3 (MSB)
   2b0f   1a                INC 10
   2b10   0a                LDN 10
   2b11   7c 00             ADCI 0
   2b13   5a                STR 10
                        
   2b14                 INC_NODE_DONE:
   2b14   d5                RETN
                        
                        ; ==============================================================================
                        ; SEARCH_POSITION - Iterative Deepening Entry Point
                        ; ==============================================================================
                        ; Input:  SEARCH_DEPTH = target depth (stored in memory by UCI handler)
                        ; Output: R9 = best score (R6 is SCRT linkage - off limits!)
                        ;         BEST_MOVE = best move found
                        ; Searches depth 1, 2, ..., TARGET_DEPTH. If depth N exceeds node budget,
                        ; aborts and returns depth N-1's bestmove.
                        ; ==============================================================================
   2b15                 SEARCH_POSITION:
   2b15   e2                SEX 2
                        
                            ; --- Save TARGET_DEPTH from SEARCH_DEPTH (set by UCI handler) ---
   2b16   68 ca 64 17       RLDI 10, SEARCH_DEPTH + 1
   2b1a   0a                LDN 10                      ; D = target depth (low byte)
   2b1b   73                STXD                        ; Save depth on stack (LDI clobbers D!)
   2b1c   68 ca 64 c6       RLDI 10, TARGET_DEPTH
   2b20   60                IRX
   2b21   f0                LDX                         ; D = target depth (restored from stack)
   2b22   5a                STR 10                      ; TARGET_DEPTH = original depth
                        
                            ; --- Clear SEARCH_ABORTED flag ---
   2b23   68 ca 64 c4       RLDI 10, SEARCH_ABORTED
   2b27   f8 00             LDI 0
   2b29   5a                STR 10
                        
                            ; --- Clear ITER_BEST (no bestmove yet) ---
   2b2a   68 ca 64 c2       RLDI 10, ITER_BEST_FROM
   2b2e   f8 ff             LDI $FF
   2b30   5a                STR 10
   2b31   1a                INC 10
   2b32   5a                STR 10                      ; ITER_BEST_TO = $FF
                        
                            ; --- Set starting depth = 1 ---
   2b33   68 ca 64 c5       RLDI 10, CURRENT_MAX_DEPTH
   2b37   f8 01             LDI 1
   2b39   5a                STR 10
                        
                            ; --- Initialize RTC elapsed timer ---
                            ; Read current seconds from DS12887 RTC (binary mode)
                            ; Protocol: OUT port 2 = register select, INP port 3 = read data
   2b3a   f8 80             LDI $80                     ; $80 = seconds register
   2b3c   52                STR 2                       ; Store at M(R2) for OUT
   2b3d   62                OUT 2                       ; Send to port 2 (selects seconds), R2++
   2b3e   22                DEC 2                       ; Restore stack pointer
   2b3f   6b                INP 3                       ; D = seconds (binary 0-59), also M(R2)
   2b40   73                STXD                        ; Save seconds on stack (LDI clobbers D!)
   2b41   68 ca 64 ca       RLDI 10, SEARCH_PREV_SECS
   2b45   60                IRX
   2b46   f0                LDX                         ; D = seconds (restored)
   2b47   5a                STR 10                      ; SEARCH_PREV_SECS = current seconds
                        
                            ; Clear elapsed counter
   2b48   68 ca 64 cb       RLDI 10, SEARCH_ELAPSED
   2b4c   f8 00             LDI 0
   2b4e   5a                STR 10                      ; SEARCH_ELAPSED = 0
                        
                            ; --- Canary check (2026-07-03 crash hunt): CANARY_ZONE $64F7-$64FC must be
                            ; all zero (WORKSPACE_CLEAR zeroes it; NO code owns it). The 7/3 crash dump
                            ; found stray writes there. Sticky-OR the zone into CANARY_HIT once per
                            ; search; a nonzero CANARY_HIT in any post-crash dump = the stray writer
                            ; struck this game, and the zone bytes say what it wrote.
   2b4f   68 ca 64 f7       RLDI 10, CANARY_ZONE
   2b53   f8 00             LDI 0
   2b55   52                STR 2                       ; M(2) = accumulator = 0
   2b56   f8 06             LDI 6
   2b58   ab                PLO 11                      ; R11.0 = byte counter (R11 reloaded below)
   2b59                 SP_CANARY_LP:
   2b59   4a                LDA 10
   2b5a   f1                OR                          ; D = zone byte | acc
   2b5b   52                STR 2                       ; acc back to M(2)
   2b5c   2b                DEC 11
   2b5d   8b                GLO 11
   2b5e   ca 2b 59          LBNZ SP_CANARY_LP
   2b61   68 ca 64 1e       RLDI 10, CANARY_HIT
   2b65   0a                LDN 10
   2b66   f1                OR                          ; D = CANARY_HIT | acc
   2b67   5a                STR 10                      ; sticky
                        
                            ; --- Clear node counter (once for entire search) ---
   2b68   68 cb 64 12       RLDI 11, NODES_SEARCHED
   2b6c   f8 00             LDI 0
   2b6e   5b                STR 11
   2b6f   1b                INC 11
   2b70   5b                STR 11
   2b71   1b                INC 11
   2b72   5b                STR 11
   2b73   1b                INC 11
   2b74   5b                STR 11
                        
                            ; --- Zobrist hash: use the incremental hash from UCI parsing ---
                            ; Do NOT call HASH_INIT here! HASH_INIT includes castling/EP Zobrist
                            ; keys, but MAKE_MOVE doesn't XOR castling/EP changes. This creates a
                            ; mismatch between search hashes (from-scratch) and HASH_HIST entries
                            ; (incremental), which breaks repetition detection completely.
                            ; The hash left by UCI parsing is already correct and consistent.
                        
                        ; ======================================================================
                        ; ITERATIVE DEEPENING LOOP
                        ; ======================================================================
   2b75                 ITER_LOOP:
                            ; --- Set SEARCH_DEPTH = CURRENT_MAX_DEPTH for this iteration ---
   2b75   68 ca 64 16       RLDI 10, SEARCH_DEPTH
   2b79   f8 00             LDI 0
   2b7b   5a                STR 10                      ; SEARCH_DEPTH high = 0
   2b7c   1a                INC 10
                            ; Load CURRENT_MAX_DEPTH
   2b7d   68 cd 64 c5       RLDI 13, CURRENT_MAX_DEPTH
   2b81   0d                LDN 13                      ; D = current depth
   2b82   5a                STR 10                      ; SEARCH_DEPTH low = current depth
                        
                            ; --- Reset SEARCH_ABORTED for this iteration ---
   2b83   68 ca 64 c4       RLDI 10, SEARCH_ABORTED
   2b87   f8 00             LDI 0
   2b89   5a                STR 10
                        
                            ; --- Capture iteration start time for iteration-time gate ---
   2b8a   68 ca 64 cb       RLDI 10, SEARCH_ELAPSED
   2b8e   0a                LDN 10
   2b8f   68 ca 64 ed       RLDI 10, ITER_START_ELAPSED
   2b93   5a                STR 10
                        
                            ; --- Standard search init ---
                            ; Alpha = -32767
   2b94   68 ca 64 42       RLDI 10, ALPHA_HI
   2b98   f8 80             LDI $80
   2b9a   5a                STR 10                      ; ALPHA_HI = $80
   2b9b   1a                INC 10
   2b9c   f8 01             LDI $01
   2b9e   5a                STR 10                      ; ALPHA_LO = $01
                        
                            ; Beta = +32767
   2b9f   68 ca 64 44       RLDI 10, BETA_HI
   2ba3   f8 7f             LDI $7F
   2ba5   5a                STR 10                      ; BETA_HI = $7F
   2ba6   1a                INC 10
   2ba7   f8 ff             LDI $FF
   2ba9   5a                STR 10                      ; BETA_LO = $FF
                        
                            ; CURRENT_PLY = 0
   2baa   68 ca 64 48       RLDI 10, CURRENT_PLY
   2bae   f8 00             LDI 0
   2bb0   5a                STR 10
                        
                            ; NULL_MOVE_OK = 1
   2bb1   68 ca 64 a7       RLDI 10, NULL_MOVE_OK
   2bb5   f8 01             LDI 1
   2bb7   5a                STR 10
                        
                            ; Get side to move
   2bb8   d4 01 3e          CALL GET_SIDE_TO_MOVE
   2bbb   ac                PLO 12                      ; C.0 = color
                        
                            ; Board pointer
   2bbc   68 ca 60 00       RLDI 10, BOARD
                        
                            ; Clear best move for this iteration
   2bc0   68 cb 64 10       RLDI 11, BEST_MOVE
   2bc4   f8 ff             LDI $FF
   2bc6   5b                STR 11
   2bc7   1b                INC 11
   2bc8   5b                STR 11
                        
                            ; --- Run search for this depth ---
   2bc9   d4 1c 4e          CALL NEGAMAX
                        
                            ; --- Check if search was aborted ---
   2bcc   68 ca 64 c4       RLDI 10, SEARCH_ABORTED
   2bd0   0a                LDN 10
   2bd1   ca 2c 46          LBNZ ITER_ABORTED           ; Aborted: use previous depth's bestmove
                        
                            ; --- Depth completed: save bestmove ---
                            ; Set up BOTH pointers first, then copy (LDI clobbers D!)
   2bd4   68 ca 64 10       RLDI 10, BEST_MOVE
   2bd8   68 cb 64 c2       RLDI 11, ITER_BEST_FROM
                            ; Now copy: R10→BEST_MOVE, R11→ITER_BEST
   2bdc   4a                LDA 10                      ; D = from square
   2bdd   5b                STR 11                      ; ITER_BEST_FROM = from
   2bde   1b                INC 11
   2bdf   0a                LDN 10                      ; D = to square (BEST_MOVE+1)
   2be0   5b                STR 11                      ; ITER_BEST_TO = to
                        
                            ; --- Save score from this depth ---
   2be1   68 ca 64 c8       RLDI 10, ITER_SCORE_HI
   2be5   99                GHI 9
   2be6   5a                STR 10                      ; ITER_SCORE_HI = R9.hi
   2be7   1a                INC 10
   2be8   89                GLO 9
   2be9   5a                STR 10                      ; ITER_SCORE_LO = R9.lo
                        
                            ; --- Send UCI "info" for this depth ---
   2bea   d4 2c 54          CALL SEND_UCI_INFO
                        
                            ; Stack-overflow handling moved to CHECK_STACK_OVERFLOW (2026-05-16):
                            ; it now traps via MARK/SEP 1 immediately on detection, so this
                            ; IDS-boundary report path is unreachable. STACK_OVERFLOW_FLAG remains
                            ; written by the guard for post-trap memory dump inspection.
   2bed                 ITER_NO_SOVF:
                        
                            ; --- Iterative deepening termination decision ---
                            ; UCI semantics: TARGET_DEPTH is treated as a CAP (max depth we may reach),
                            ; not a fixed target. The engine self-decides whether to attempt the next
                            ; deeper iteration based on iteration-time prediction and a hard safety cap.
                            ;
                            ; Termination rules (stop if any are true; else continue to current+1):
                            ;   1. current >= TARGET_DEPTH   — respect UCI cap
                            ;   2. current >= 5              — hard safety cap (MOVE_LIST sized for 5 plies)
                            ;   3. current >= 3 AND predicted_next > remaining_budget — iter-time gate
                            ;
                            ; Iter-time gate (rule 3, replaces 60s/90s cumulative thresholds 2026-05-06):
                            ;   predicted_next = 3 * last_iter_seconds  (BF=3, conservative)
                            ;   remaining      = 180 - SEARCH_ELAPSED
                            ;   stop if predicted_next >= remaining
                            ; Rationale: closed positions branch ~3x at d>=4 (vs ~1.8x in open). Old
                            ; cumulative gate let d=5 start with insufficient budget in Hippo-class
                            ; positions, wasting 80-110s/move on incomplete d=5 (lost match 2026-05-06
                            ; move 5-9, all d=4 timeouts). Iteration-time gate uses the actual measured
                            ; iteration time so it adapts to position. RTC is 1s resolution; gate only
                            ; applies at d>=3 where iteration times are reliably multi-second.
                        
                            ; Rule 1: current >= TARGET_DEPTH?
   2bed   68 ca 64 c5       RLDI 10, CURRENT_MAX_DEPTH
   2bf1   0a                LDN 10
   2bf2   52                STR 2                       ; M(R2) = current
   2bf3   68 ca 64 c6       RLDI 10, TARGET_DEPTH
   2bf7   0a                LDN 10                      ; D = target
   2bf8   f7                SM                          ; D = target - current; DF=1 if target >= current
   2bf9   cb 2c 53          LBNF ITER_DONE              ; target < current — defensive (shouldn't happen)
   2bfc   c2 2c 53          LBZ ITER_DONE               ; target == current — UCI cap reached
                        
                            ; Rule 2: current >= 5?
   2bff   68 ca 64 c5       RLDI 10, CURRENT_MAX_DEPTH
   2c03   0a                LDN 10
   2c04   ff 05             SMI 5
   2c06   c3 2c 53          LBDF ITER_DONE              ; current >= 5 — hard safety cap
                        
                            ; Rule 3: iteration-time gate. Apply only at depth >= 3.
   2c09   68 ca 64 c5       RLDI 10, CURRENT_MAX_DEPTH
   2c0d   0a                LDN 10
   2c0e   ff 03             SMI 3
   2c10   cb 2c 3b          LBNF ITER_INCREMENT         ; current < 3 — always continue (RTC granularity)
                        
                            ; last_iter_seconds = SEARCH_ELAPSED - ITER_START_ELAPSED
   2c13   68 ca 64 ed       RLDI 10, ITER_START_ELAPSED
   2c17   0a                LDN 10
   2c18   52                STR 2                       ; M(R2) = iter_start
   2c19   68 ca 64 cb       RLDI 10, SEARCH_ELAPSED
   2c1d   0a                LDN 10                      ; D = elapsed
   2c1e   f7                SM                          ; D = elapsed - iter_start = last_iter
   2c1f   ad                PLO 13                      ; R13.0 = last_iter
                        
                            ; Fast path: last_iter > 60 → 3*last_iter overflows AND exceeds remaining
   2c20   ff 3d             SMI 61
   2c22   c3 2c 53          LBDF ITER_DONE              ; last_iter >= 61 — stop
                        
                            ; predicted = 3 * last_iter (no overflow: last_iter <= 60, so 3x <= 180)
   2c25   8d                GLO 13                      ; D = last_iter
   2c26   fe                SHL                         ; D = 2 * last_iter
   2c27   52                STR 2                       ; M(R2) = 2 * last_iter
   2c28   8d                GLO 13                      ; D = last_iter
   2c29   f4                ADD                         ; D = 3 * last_iter
   2c2a   ad                PLO 13                      ; R13.0 = predicted
                        
                            ; remaining = 180 - SEARCH_ELAPSED
   2c2b   68 ca 64 cb       RLDI 10, SEARCH_ELAPSED
   2c2f   0a                LDN 10
   2c30   fd b4             SDI 180                     ; D = 180 - elapsed
   2c32   cb 2c 53          LBNF ITER_DONE              ; elapsed > 180 (defensive; budget abort handles too)
                        
                            ; if predicted >= remaining: stop, else continue
   2c35   52                STR 2                       ; M(R2) = remaining
   2c36   8d                GLO 13                      ; D = predicted
   2c37   f7                SM                          ; D = predicted - remaining
   2c38   c3 2c 53          LBDF ITER_DONE              ; predicted >= remaining — stop
                        
   2c3b                 ITER_INCREMENT:
                            ; --- Increment depth and loop ---
   2c3b   68 ca 64 c5       RLDI 10, CURRENT_MAX_DEPTH
   2c3f   0a                LDN 10
   2c40   fc 01             ADI 1
   2c42   5a                STR 10                      ; CURRENT_MAX_DEPTH++
   2c43   c0 2b 75          LBR ITER_LOOP
                        
   2c46                 ITER_ABORTED:
                            ; Search at this depth was aborted — fall back to ITER_BEST
                            ; Set up BOTH pointers first, then copy (LDI clobbers D!)
   2c46   68 ca 64 c2       RLDI 10, ITER_BEST_FROM
   2c4a   68 cb 64 10       RLDI 11, BEST_MOVE
                            ; Now copy: R10→ITER_BEST, R11→BEST_MOVE
   2c4e   4a                LDA 10                      ; D = ITER_BEST_FROM
   2c4f   5b                STR 11                      ; BEST_MOVE[0] = from
   2c50   1b                INC 11
   2c51   0a                LDN 10                      ; D = ITER_BEST_TO
   2c52   5b                STR 11                      ; BEST_MOVE[1] = to
                        
   2c53                 ITER_DONE:
   2c53   d5                RETN
                        
                        ; ==============================================================================
                        ; SEND_UCI_INFO - Send "info depth N score cp S nodes NNNNN" after each iteration
                        ; ==============================================================================
                        ; Sends: "info depth N score cp S nodes NNNNN\r\n"
                        ;   N = CURRENT_MAX_DEPTH (ASCII digit)
                        ;   S = ITER_SCORE as signed decimal (centipawns)
                        ;   NNNNN = NODES_SEARCHED as decimal via F_UINTOUT (lower 16 bits)
                        ; ==============================================================================
   2c54                 SEND_UCI_INFO:
                            ; Send "info depth "
   2c54   68 cf 2d 82       RLDI 15, STR_INFO_DEPTH
   2c58   d4                SEP 4
   2c59   ff 09             DW F_MSG
                        
                            ; Send depth digit (1-9)
   2c5b   68 ca 64 c5       RLDI 10, CURRENT_MAX_DEPTH
   2c5f   0a                LDN 10                      ; D = depth (1-9)
   2c60   fc 30             ADI '0'                     ; Convert to ASCII
   2c62   d4 00 0b          CALL SERIAL_WRITE_CHAR
                        
                            ; Send " score cp "
   2c65   68 cf 2d 8e       RLDI 15, STR_SCORE_CP
   2c69   d4                SEP 4
   2c6a   ff 09             DW F_MSG
                        
                            ; Load score into R13 (big-endian: HI at $64C8, LO at $64C9)
   2c6c   68 ca 64 c8       RLDI 10, ITER_SCORE_HI
   2c70   4a                LDA 10                      ; D = score high byte, R10 -> LO
   2c71   bd                PHI 13
   2c72   0a                LDN 10                      ; D = score low byte
   2c73   ad                PLO 13                      ; R13 = signed 16-bit score
                        
                            ; Check if negative
   2c74   9d                GHI 13
   2c75   fa 80             ANI $80
   2c77   c2 2c 87          LBZ SUCI_POSITIVE
                        
                            ; Negative: print '-' and negate R13 to get absolute value
   2c7a   f8 2d             LDI '-'
   2c7c   d4 00 0b          CALL SERIAL_WRITE_CHAR
   2c7f   8d                GLO 13                      ; low byte
   2c80   fd 00             SDI 0                       ; negate low
   2c82   ad                PLO 13
   2c83   9d                GHI 13                      ; high byte
   2c84   7d 00             SDBI 0                      ; negate high with borrow
   2c86   bd                PHI 13
                        
   2c87                 SUCI_POSITIVE:
                            ; Convert R13 (now unsigned magnitude) to ASCII decimal
   2c87   68 cf 64 cc       RLDI 15, UINT_BUFFER
   2c8b   d4                SEP 4
   2c8c   ff 60             DW F_UINTOUT
                        
                            ; Null-terminate (R15 points past last digit)
   2c8e   f8 00             LDI 0
   2c90   5f                STR 15
                        
                            ; Print the score string
   2c91   68 cf 64 cc       RLDI 15, UINT_BUFFER
   2c95   d4                SEP 4
   2c96   ff 09             DW F_MSG
                        
                            ; Send " nodes "
   2c98   68 cf 2d 99       RLDI 15, STR_NODES
   2c9c   d4                SEP 4
   2c9d   ff 09             DW F_MSG
                        
                            ; Load NODES_SEARCHED (16-bit) into R13: high byte first, then low
   2c9f   68 ca 64 13       RLDI 10, NODES_SEARCHED + 1
   2ca3   0a                LDN 10                      ; D = high byte of node count
   2ca4   bd                PHI 13                      ; R13.1 = high byte
   2ca5   68 ca 64 12       RLDI 10, NODES_SEARCHED
   2ca9   0a                LDN 10                      ; D = low byte of node count
   2caa   ad                PLO 13                      ; R13.0 = low byte
                        
                            ; Point R15 at ASCII scratch buffer
   2cab   68 cf 64 cc       RLDI 15, UINT_BUFFER
                        
                            ; Convert R13 to ASCII decimal at R15
   2caf   d4                SEP 4
   2cb0   ff 60             DW F_UINTOUT
                        
                            ; Null-terminate (R15 points past last digit)
   2cb2   f8 00             LDI 0
   2cb4   5f                STR 15
                        
                            ; Print the decimal string
   2cb5   68 cf 64 cc       RLDI 15, UINT_BUFFER
   2cb9   d4                SEP 4
   2cba   ff 09             DW F_MSG
                        
                            ; Send CR+LF
   2cbc   f8 0d             LDI 13
   2cbe   d4 00 0b          CALL SERIAL_WRITE_CHAR
   2cc1   f8 0a             LDI 10
   2cc3   d4 00 0b          CALL SERIAL_WRITE_CHAR
                        
   2cc6   d5                RETN
                        
                        ; ==============================================================================
                        ; End of Negamax Core
                        ; ==============================================================================
                        ; ==============================================================================
                        ; RCA 1802/1806 Chess Engine - UCI Protocol Implementation
                        ; ==============================================================================
                        ; Universal Chess Interface for communication with GUI
                        ; Implements minimal UCI subset for playability
                        ; ==============================================================================
                        
                        ; ------------------------------------------------------------------------------
                        ; UCI Command Buffer - defined in board.asm
                        ; ------------------------------------------------------------------------------
                        ; UCI_BUFFER ($7000, 2048 bytes) and UCI_STATE ($64B8) defined in board.asm
   07ff                 UCI_BUFFER_LEN  EQU 2047    ; Max chars (16-bit counter, 2048-byte buffer)
   0001                 UCI_READY       EQU 1       ; Ready state
                        
                        ; ------------------------------------------------------------------------------
                        ; UCI String Constants
                        ; ------------------------------------------------------------------------------
                        ; These would be defined as byte arrays in actual implementation
                        
   2cc7   75 63 69 00   STR_UCI         DB "uci", 0
   2ccb   69 73 72 65   STR_ISREADY     DB "isready", 0
   2ccf   61 64 79 00   
   2cd3   70 6f 73 69   STR_POSITION    DB "position", 0
   2cd7   74 69 6f 6e   
   2cdb   00            
   2cdc   67 6f 00      STR_GO          DB "go", 0
   2cdf   71 75 69 74   STR_QUIT        DB "quit", 0
   2ce3   00            
   2ce4   75 63 69 6e   STR_UCINEWGAME  DB "ucinewgame", 0
   2ce8   65 77 67 61   
   2cec   6d 65 00      
   2cef   73 74 6f 70   STR_STOP        DB "stop", 0
   2cf3   00            
                        
                        ; Response strings (CR+LF for terminal display)
   2cf4   69 64 20 6e   STR_ID_NAME     DB "id name RCA-Chess-1806", 13, 10, 0
   2cf8   61 6d 65 20   
   2cfc   52 43 41 2d   
   2d00   43 68 65 73   
   2d04   73 2d 31 38   
   2d08   30 36 0d 0a   
   2d0c   00            
   2d0d   69 64 20 61   STR_ID_AUTHOR   DB "id author Mark Abene & Claude Code", 13, 10, 0
   2d11   75 74 68 6f   
   2d15   72 20 4d 61   
   2d19   72 6b 20 41   
   2d1d   62 65 6e 65   
   2d21   20 26 20 43   
   2d25   6c 61 75 64   
   2d29   65 20 43 6f   
   2d2d   64 65 0d 0a   
   2d31   00            
   2d32   6f 70 74 69   STR_OPTION_DEPTH DB "option name Depth type spin default 4 min 1 max 6", 13, 10, 0
   2d36   6f 6e 20 6e   
   2d3a   61 6d 65 20   
   2d3e   44 65 70 74   
   2d42   68 20 74 79   
   2d46   70 65 20 73   
   2d4a   70 69 6e 20   
   2d4e   64 65 66 61   
   2d52   75 6c 74 20   
   2d56   34 20 6d 69   
   2d5a   6e 20 31 20   
   2d5e   6d 61 78 20   
   2d62   36 0d 0a 00   
   2d66   75 63 69 6f   STR_UCIOK       DB "uciok", 13, 10, 0
   2d6a   6b 0d 0a 00   
   2d6e   72 65 61 64   STR_READYOK     DB "readyok", 13, 10, 0
   2d72   79 6f 6b 0d   
   2d76   0a 00         
   2d78   62 65 73 74   STR_BESTMOVE    DB "bestmove ", 0
   2d7c   6d 6f 76 65   
   2d80   20 00         
   2d82   69 6e 66 6f   STR_INFO_DEPTH  DB "info depth ", 0
   2d86   20 64 65 70   
   2d8a   74 68 20 00   
   2d8e   20 73 63 6f   STR_SCORE_CP    DB " score cp ", 0
   2d92   72 65 20 63   
   2d96   70 20 00      
   2d99   20 6e 6f 64   STR_NODES       DB " nodes ", 0
   2d9d   65 73 20 00   
                        ; STR_INFO_SOVF removed 2026-05-16 — CHECK_STACK_OVERFLOW now hard-traps
                        ; via MARK/SEP 1 instead of emitting an info string via a corrupted stack.
   2da1   69 6e 66 6f   STR_INFO_RMV    DB "info string ROOT_MOVE_INVALID_SUBSTITUTED", 13, 10, 0
   2da5   20 73 74 72   
   2da9   69 6e 67 20   
   2dad   52 4f 4f 54   
   2db1   5f 4d 4f 56   
   2db5   45 5f 49 4e   
   2db9   56 41 4c 49   
   2dbd   44 5f 53 55   
   2dc1   42 53 54 49   
   2dc5   54 55 54 45   
   2dc9   44 0d 0a 00   
                        
                        ; ------------------------------------------------------------------------------
                        ; UCI_INIT - Initialize UCI interface
                        ; ------------------------------------------------------------------------------
   2dcd                 UCI_INIT:
                            ; Set up serial I/O (if needed)
                            ; TODO: Hardware-specific initialization
                        
                            ; Set initial state
   2dcd   f8 01             LDI UCI_READY
   2dcf   ad                PLO 13
                        
   2dd0   68 ca 64 b8       RLDI 10, UCI_STATE
                        
   2dd4   8d                GLO 13
   2dd5   5a                STR 10
                        
   2dd6   d5                RETN
                        
                        ; ------------------------------------------------------------------------------
                        ; UCI_READ_LINE - Read a line of input
                        ; ------------------------------------------------------------------------------
                        ; Input:  None
                        ; Output: Line in UCI_BUFFER, null-terminated
                        ;         D = length
                        ; Uses:   A, D
                        ;
                        ; Reads characters until newline or max length
                        ; ------------------------------------------------------------------------------
   2dd7                 UCI_READ_LINE:
   2dd7   68 ca 70 00       RLDI 10, UCI_BUFFER
                        
   2ddb   f8 00             LDI 0
   2ddd   bd                PHI 13              ; R13.1 = count high byte = 0
   2dde   ad                PLO 13              ; R13.0 = count low byte = 0
                        
   2ddf                 UCI_READ_LOOP:
                            ; Read character from serial input
   2ddf   d4 00 07          CALL SERIAL_READ_CHAR
                            ; Returns character in D
                        
                            ; Check for carriage return (CR = 13)
   2de2   ff 0d             SMI 13
   2de4   c2 2d ff          LBZ UCI_READ_DONE
                        
                            ; Check for newline (LF = 10) - restore D first
   2de7   fc 0d             ADI 13              ; Restore: (D-13)+13 = D
   2de9   ff 0a             SMI 10              ; Check for LF
   2deb   c2 2d ff          LBZ UCI_READ_DONE
   2dee   fc 0a             ADI 10              ; Restore D
                        
                            ; Store character
   2df0   5a                STR 10
   2df1   1a                INC 10
                        
                            ; Increment 16-bit count
   2df2   1d                INC 13
                        
                            ; Check buffer limit (16-bit: UCI_BUFFER_LEN = 2047 = $07FF)
   2df3   8d                GLO 13
   2df4   fb ff             XRI LOW(UCI_BUFFER_LEN)
   2df6   ca 2d df          LBNZ UCI_READ_LOOP
   2df9   9d                GHI 13
   2dfa   fb 07             XRI HIGH(UCI_BUFFER_LEN)
   2dfc   ca 2d df          LBNZ UCI_READ_LOOP
                            ; Count == UCI_BUFFER_LEN, buffer full
                        
                        
                        
   2dff                 UCI_READ_DONE:
                            ; Null-terminate string
   2dff   f8 00             LDI 0
   2e01   5a                STR 10
                        
                            ; Echo CR+LF
   2e02   f8 0d             LDI 13
   2e04   d4 00 0b          CALL SERIAL_WRITE_CHAR
   2e07   f8 0a             LDI 10
   2e09   d4 00 0b          CALL SERIAL_WRITE_CHAR
                        
                            ; Return length
   2e0c   8d                GLO 13
   2e0d   d5                RETN
                        
                        ; NOTE: UCI_WRITE_STRING removed - use F_MSG with R15 directly
                        ; The old UCI_WRITE_STRING used R10, which clobbered the negamax loop counter!
                        
                        ; ------------------------------------------------------------------------------
                        ; UCI_PROCESS_COMMAND - Process UCI command from buffer
                        ; ------------------------------------------------------------------------------
                        ; Input:  Command in UCI_BUFFER
                        ; Output: Appropriate action taken
                        ; ------------------------------------------------------------------------------
   2e0e                 UCI_PROCESS_COMMAND:
                            ; Compare command with known commands
                        
                            ; Check "uci"
   2e0e   68 ca 70 00       RLDI 10, UCI_BUFFER
                        
   2e12   68 cb 2c c7       RLDI 11, STR_UCI
                        
   2e16   d4 31 2a          CALL STRCMP
   2e19   c2 2e 71          LBZ UCI_CMD_UCI
                        
                            ; Check "isready"
   2e1c   68 ca 70 00       RLDI 10, UCI_BUFFER
                        
   2e20   68 cb 2c cb       RLDI 11, STR_ISREADY
                        
   2e24   d4 31 2a          CALL STRCMP
   2e27   c2 2e 8e          LBZ UCI_CMD_ISREADY
                        
                            ; Check "position"
   2e2a   68 ca 70 00       RLDI 10, UCI_BUFFER
                        
   2e2e   68 cb 2c d3       RLDI 11, STR_POSITION
                        
   2e32   d4 31 40          CALL STRNCMP        ; Compare first 8 chars
   2e35   c2 2e 96          LBZ UCI_CMD_POSITION
                        
                            ; Check "go"
   2e38   68 ca 70 00       RLDI 10, UCI_BUFFER
                        
   2e3c   68 cb 2c dc       RLDI 11, STR_GO
                        
   2e40   d4 31 40          CALL STRNCMP
   2e43   c2 2f c5          LBZ UCI_CMD_GO
                        
                            ; Check "quit"
   2e46   68 ca 70 00       RLDI 10, UCI_BUFFER
                        
   2e4a   68 cb 2c df       RLDI 11, STR_QUIT
                        
   2e4e   d4 31 2a          CALL STRCMP
   2e51   c2 30 ad          LBZ UCI_CMD_QUIT
                        
                            ; Check "ucinewgame"
   2e54   68 ca 70 00       RLDI 10, UCI_BUFFER
                        
   2e58   68 cb 2c e4       RLDI 11, STR_UCINEWGAME
                        
   2e5c   d4 31 2a          CALL STRCMP
   2e5f   c2 30 b0          LBZ UCI_CMD_UCINEWGAME
                        
                            ; Check "stop"
   2e62   68 ca 70 00       RLDI 10, UCI_BUFFER
                        
   2e66   68 cb 2c ef       RLDI 11, STR_STOP
                        
   2e6a   d4 31 2a          CALL STRCMP
   2e6d   c2 30 db          LBZ UCI_CMD_STOP
                        
                            ; Unknown command - ignore
   2e70   d5                RETN
                        
                        ; ------------------------------------------------------------------------------
                        ; UCI Command Handlers
                        ; ------------------------------------------------------------------------------
                        
   2e71                 UCI_CMD_UCI:
                            ; Send identification
   2e71   68 cf 2c f4       RLDI 15, STR_ID_NAME
   2e75   d4                SEP 4
   2e76   ff 09             DW F_MSG
                        
   2e78   68 cf 2d 0d       RLDI 15, STR_ID_AUTHOR
   2e7c   d4                SEP 4
   2e7d   ff 09             DW F_MSG
                        
                            ; Send options
   2e7f   68 cf 2d 32       RLDI 15, STR_OPTION_DEPTH
   2e83   d4                SEP 4
   2e84   ff 09             DW F_MSG
                        
                            ; Send uciok
   2e86   68 cf 2d 66       RLDI 15, STR_UCIOK
   2e8a   d4                SEP 4
   2e8b   ff 09             DW F_MSG
                        
   2e8d   d5                RETN
                        
   2e8e                 UCI_CMD_ISREADY:
                            ; Send readyok
   2e8e   68 cf 2d 6e       RLDI 15, STR_READYOK
   2e92   d4                SEP 4
   2e93   ff 09             DW F_MSG
                        
   2e95   d5                RETN
                        
   2e96                 UCI_CMD_POSITION:
                            ; Parse position command
                            ; Format: "position startpos" or "position startpos moves e2e4 ..."
                        
                            ; Check if "startpos"
   2e96   68 ca 70 09       RLDI 10, UCI_BUFFER + 9
                        
                            ; Check for "startpos"
   2e9a   0a                LDN 10
   2e9b   fb 73             XRI 's'
   2e9d   ca 2f 9f          LBNZ UCI_POS_DONE   ; Not startpos (FEN not supported yet)
                        
                            ; Initialize to starting position
   2ea0   d4 00 a6          CALL INIT_BOARD
   2ea3   d4 01 76          CALL INIT_MOVE_HISTORY
                        
                            ; --- Compute and store starting position hash for repetition detection ---
   2ea6   d4 56 b3          CALL HASH_INIT          ; Compute hash for starting position
   2ea9   68 ca 65 00       RLDI 10, HASH_HIST      ; R10 → first hash history entry
   2ead   68 cd 64 b9       RLDI 13, HASH_HI
   2eb1   4d                LDA 13                  ; D = HASH_HI, R13 → HASH_LO
   2eb2   5a                STR 10
   2eb3   1a                INC 10
   2eb4   0d                LDN 13                  ; D = HASH_LO
   2eb5   5a                STR 10
   2eb6   68 ca 64 eb       RLDI 10, HASH_HIST_COUNT
   2eba   f8 01             LDI 1
   2ebc   5a                STR 10                  ; count = 1 (starting position stored)
                        
                            ; Skip past "startpos" (8 chars) to check for " moves"
                            ; Buffer now at "startpos..." - need to find " moves "
   2ebd   68 ca 70 11       RLDI 10, UCI_BUFFER + 17
                        
                            ; Check if there's more (should be space or null)
   2ec1   0a                LDN 10
   2ec2   c2 2f 9f          LBZ UCI_POS_DONE    ; End of string, no moves
   2ec5   fb 20             XRI ' '
   2ec7   ca 2f 9f          LBNZ UCI_POS_DONE   ; Not a space, unexpected
                        
                            ; Skip the space
   2eca   1a                INC 10
                        
                            ; Check for "moves" (5 chars)
   2ecb   0a                LDN 10
   2ecc   fb 6d             XRI 'm'
   2ece   ca 2f 9f          LBNZ UCI_POS_DONE
   2ed1   1a                INC 10
   2ed2   0a                LDN 10
   2ed3   fb 6f             XRI 'o'
   2ed5   ca 2f 9f          LBNZ UCI_POS_DONE
   2ed8   1a                INC 10
   2ed9   0a                LDN 10
   2eda   fb 76             XRI 'v'
   2edc   ca 2f 9f          LBNZ UCI_POS_DONE
   2edf   1a                INC 10
   2ee0   0a                LDN 10
   2ee1   fb 65             XRI 'e'
   2ee3   ca 2f 9f          LBNZ UCI_POS_DONE
   2ee6   1a                INC 10
   2ee7   0a                LDN 10
   2ee8   fb 73             XRI 's'
   2eea   ca 2f 9f          LBNZ UCI_POS_DONE
   2eed   1a                INC 10              ; R10 now past "moves"
                        
                            ; Now parse move list: " e2e4 e7e5 ..."
   2eee                 UCI_POS_MOVE_LOOP:
                            ; Skip spaces
   2eee   0a                LDN 10
   2eef   c2 2f 9f          LBZ UCI_POS_DONE    ; End of string
   2ef2   fb 20             XRI ' '
   2ef4   ca 2e fb          LBNZ UCI_POS_PARSE_MOVE  ; Not a space, should be move
   2ef7   1a                INC 10
   2ef8   c0 2e ee          LBR UCI_POS_MOVE_LOOP
                        
   2efb                 UCI_POS_PARSE_MOVE:
                            ; R10 points to start of move (e.g., "e2e4")
                            ; Parse from square (2 chars)
   2efb   d4 2f a0          CALL ALGEBRAIC_TO_SQUARE
   2efe   fb ff             XRI $FF
   2f00   c2 2f 9f          LBZ UCI_POS_DONE    ; Invalid square, abort
                        
                            ; Save from square
   2f03   fb ff             XRI $FF             ; Restore value (XRI is self-inverse)
   2f05   b7                PHI 7               ; R7.1 = from square
                        
                            ; Parse to square (2 chars)
   2f06   d4 2f a0          CALL ALGEBRAIC_TO_SQUARE
   2f09   fb ff             XRI $FF
   2f0b   c2 2f 9f          LBZ UCI_POS_DONE    ; Invalid square, abort
   2f0e   fb ff             XRI $FF             ; Restore value
                        
                            ; Store from and to in MOVE_FROM/MOVE_TO
   2f10   a7                PLO 7               ; R7.0 = to square
                        
   2f11   68 c8 64 02       RLDI 8, MOVE_FROM
   2f15   97                GHI 7
   2f16   58                STR 8               ; MOVE_FROM = from
   2f17   18                INC 8
   2f18   87                GLO 7
   2f19   58                STR 8               ; MOVE_TO = to
                        
                            ; ---- Check for promotion suffix (5th char: q/r/b/n) ----
                            ; Clear UNDO_PROMOTION first (default: no promotion)
   2f1a   68 c8 64 04       RLDI 8, UNDO_PROMOTION
   2f1e   f8 00             LDI 0
   2f20   58                STR 8               ; UNDO_PROMOTION = 0
                        
                            ; Check next char for promotion piece
   2f21   0a                LDN 10              ; Peek next char
   2f22   fb 71             XRI 'q'
   2f24   c2 2f 39          LBZ UCI_PROMO_QUEEN
   2f27   fb 03             XRI $03             ; 'q'^'r' = $71^$72 = $03
   2f29   c2 2f 3e          LBZ UCI_PROMO_ROOK
   2f2c   fb 10             XRI $10             ; 'r'^'b' = $72^$62 = $10
   2f2e   c2 2f 43          LBZ UCI_PROMO_BISHOP
   2f31   fb 0c             XRI $0C             ; 'b'^'n' = $62^$6E = $0C
   2f33   c2 2f 48          LBZ UCI_PROMO_KNIGHT
   2f36   c0 2f 4c          LBR UCI_PROMO_DONE  ; Not a promotion char, don't advance
                        
   2f39                 UCI_PROMO_QUEEN:
   2f39   f8 05             LDI QUEEN_TYPE      ; $05
   2f3b   c0 2f 4a          LBR UCI_PROMO_STORE
   2f3e                 UCI_PROMO_ROOK:
   2f3e   f8 04             LDI ROOK_TYPE       ; $04
   2f40   c0 2f 4a          LBR UCI_PROMO_STORE
   2f43                 UCI_PROMO_BISHOP:
   2f43   f8 03             LDI BISHOP_TYPE     ; $03
   2f45   c0 2f 4a          LBR UCI_PROMO_STORE
   2f48                 UCI_PROMO_KNIGHT:
   2f48   f8 02             LDI KNIGHT_TYPE     ; $02
                        
   2f4a                 UCI_PROMO_STORE:
   2f4a   58                STR 8               ; UNDO_PROMOTION = piece type
   2f4b   1a                INC 10              ; Advance past promotion char
                        
   2f4c                 UCI_PROMO_DONE:
                        
                            ; ---- Record move in MOVE_HIST for opening book ----
                            ; Skip recording past book depth (prevents 8-bit GAME_PLY overflow)
   2f4c   68 c8 64 4d       RLDI 8, GAME_PLY
   2f50   08                LDN 8               ; D = GAME_PLY
   2f51   ff 0f             SMI BOOK_PLY_LIMIT  ; past book depth?
   2f53   c3 2f 71          LBDF UCI_HIST_DONE  ; skip recording + increment
                            ; Calculate offset: GAME_PLY * 2
   2f56   08                LDN 8               ; reload GAME_PLY (SMI clobbered D)
   2f57   fe                SHL                 ; D = GAME_PLY * 2
   2f58   a9                PLO 9               ; R9.0 = offset
                        
                            ; R9 = MOVE_HIST + offset
   2f59   f8 60             LDI HIGH(MOVE_HIST)
   2f5b   b9                PHI 9
   2f5c   f8 90             LDI LOW(MOVE_HIST)
   2f5e   e2                SEX 2
   2f5f   52                STR 2
   2f60   89                GLO 9               ; D = offset
   2f61   f4                ADD                 ; D = LOW(MOVE_HIST) + offset
   2f62   a9                PLO 9
   2f63   f8 60             LDI HIGH(MOVE_HIST)
   2f65   7c 00             ADCI 0              ; Add carry to high byte
   2f67   b9                PHI 9
                        
                            ; Store from square
   2f68   97                GHI 7               ; from square
   2f69   59                STR 9
   2f6a   19                INC 9
                            ; Store to square
   2f6b   87                GLO 7               ; to square
   2f6c   59                STR 9
                        
                            ; Increment GAME_PLY
   2f6d   08                LDN 8               ; R8 still points to GAME_PLY
   2f6e   fc 01             ADI 1
   2f70   58                STR 8
   2f71                 UCI_HIST_DONE:
                            ; ---- End of MOVE_HIST recording ----
                        
                            ; Apply the move (save R10 - MAKE_MOVE clobbers it!)
   2f71   9a                GHI 10
   2f72   73                STXD
   2f73   8a                GLO 10
   2f74   73                STXD
   2f75   d4 09 b4          CALL MAKE_MOVE
   2f78   60                IRX
   2f79   72                LDXA
   2f7a   aa                PLO 10
   2f7b   f0                LDX
   2f7c   ba                PHI 10
                        
                            ; ---- Record hash for repetition detection ----
   2f7d   68 cd 64 eb       RLDI 13, HASH_HIST_COUNT
   2f81   0d                LDN 13              ; D = count
   2f82   fb ff             XRI 255             ; Zero if count == 255 (table full)
   2f84   c2 2e ee          LBZ UCI_POS_MOVE_LOOP   ; Full, skip recording
   2f87   0d                LDN 13              ; D = count (reload)
   2f88   fe                SHL                 ; D = (count*2) & $FF, DF = carry for counts >= 128
   2f89   a8                PLO 8               ; R8.0 = offset low byte
   2f8a   f8 65             LDI HIGH(HASH_HIST) ; DF preserved (LDI doesn't affect DF)
   2f8c   7c 00             ADCI 0              ; D = HIGH(HASH_HIST) + carry from SHL
   2f8e   b8                PHI 8               ; R8 = &HASH_HIST[count] (correct for all counts)
   2f8f   68 c9 64 b9       RLDI 9, HASH_HI
   2f93   49                LDA 9               ; D = HASH_HI
   2f94   58                STR 8
   2f95   18                INC 8
   2f96   09                LDN 9               ; D = HASH_LO
   2f97   58                STR 8
   2f98   0d                LDN 13              ; count (R13 still at HASH_HIST_COUNT)
   2f99   fc 01             ADI 1
   2f9b   5d                STR 13              ; count++
   2f9c   c0 2e ee          LBR UCI_POS_MOVE_LOOP
                        
   2f9f                 UCI_POS_DONE:
   2f9f   d5                RETN
                        
                        ; ------------------------------------------------------------------------------
                        ; ALGEBRAIC_TO_SQUARE - Convert algebraic notation to 0x88 square
                        ; ------------------------------------------------------------------------------
                        ; Input:  R10 = pointer to 2-char string (e.g., "e2"), advanced by 2
                        ; Output: D = 0x88 square index, or $FF if invalid
                        ; Uses:   R7.0 for file temp
                        ; ------------------------------------------------------------------------------
   2fa0                 ALGEBRAIC_TO_SQUARE:
                            ; Get file character (a-h)
   2fa0   4a                LDA 10              ; Load file char, advance R10
   2fa1   ff 61             SMI 'a'             ; Convert to 0-7
   2fa3   cb 2f c1          LBNF ATS_INVALID    ; If DF=0 (borrow), char < 'a', invalid
   2fa6   a7                PLO 7               ; Save potential file in R7.0
   2fa7   ff 08             SMI 8               ; Check if >= 8
   2fa9   c3 2f c1          LBDF ATS_INVALID    ; If >= 8, invalid
                        
                            ; Get rank character (1-8)
   2fac   4a                LDA 10              ; Load rank char, advance R10
   2fad   ff 31             SMI '1'             ; Convert to 0-7
   2faf   cb 2f c1          LBNF ATS_INVALID    ; If DF=0 (borrow), char < '1', invalid
   2fb2   ff 08             SMI 8               ; Check if >= 8
   2fb4   c3 2f c1          LBDF ATS_INVALID    ; If >= 8, invalid
   2fb7   fc 08             ADI 8               ; Restore 0-7 value
                        
                            ; Calculate 0x88 square = rank * 16 + file
                            ; rank is in D (0-7), file in R7.0
   2fb9   fe                SHL                 ; D = rank * 2
   2fba   fe                SHL                 ; D = rank * 4
   2fbb   fe                SHL                 ; D = rank * 8
   2fbc   fe                SHL                 ; D = rank * 16
   2fbd   52                STR 2               ; Save rank*16 on stack
   2fbe   87                GLO 7               ; Get file (0-7)
   2fbf   f4                ADD                 ; D = rank*16 + file
   2fc0   d5                RETN
                        
   2fc1                 ATS_INVALID:
   2fc1   1a                INC 10              ; Skip second char even on error (keep R10 consistent)
   2fc2   f8 ff             LDI $FF
   2fc4   d5                RETN
                        
   2fc5                 UCI_CMD_GO:
                            ; Parse go command
                            ; Format: "go depth 6" or "go infinite", etc.
                            ; Default to depth 1, parse "depth N" if present
                            ; Store in memory (R5 is SRET in BIOS mode!)
                        
                            ; Default depth = 1
   2fc5   f8 01             LDI 1
   2fc7   a7                PLO 7               ; R7.0 = depth (default 1)
                        
                            ; Check for "depth " after "go "
                            ; Buffer: "go depth 3" or "go" or "go infinite"
   2fc8   68 ca 70 03       RLDI 10, UCI_BUFFER + 3
                        
                            ; Check if we have "depth"
   2fcc   0a                LDN 10
   2fcd   fb 64             XRI 'd'
   2fcf   ca 30 07          LBNZ UCI_GO_SET_DEPTH   ; Not "depth", use default
   2fd2   1a                INC 10
   2fd3   0a                LDN 10
   2fd4   fb 65             XRI 'e'
   2fd6   ca 30 07          LBNZ UCI_GO_SET_DEPTH
   2fd9   1a                INC 10
   2fda   0a                LDN 10
   2fdb   fb 70             XRI 'p'
   2fdd   ca 30 07          LBNZ UCI_GO_SET_DEPTH
   2fe0   1a                INC 10
   2fe1   0a                LDN 10
   2fe2   fb 74             XRI 't'
   2fe4   ca 30 07          LBNZ UCI_GO_SET_DEPTH
   2fe7   1a                INC 10
   2fe8   0a                LDN 10
   2fe9   fb 68             XRI 'h'
   2feb   ca 30 07          LBNZ UCI_GO_SET_DEPTH
   2fee   1a                INC 10
   2fef   0a                LDN 10
   2ff0   fb 20             XRI ' '
   2ff2   ca 30 07          LBNZ UCI_GO_SET_DEPTH
   2ff5   1a                INC 10              ; R10 now at the number
                        
                            ; Parse the depth number (1-9, single digit only)
                            ; Depths > 9 would take impractically long on the 1802 anyway
   2ff6   0a                LDN 10
   2ff7   ff 30             SMI '0'             ; Convert ASCII to value
   2ff9   cb 30 07          LBNF UCI_GO_SET_DEPTH ; Invalid (< '0'), use default
   2ffc   ff 0a             SMI 10              ; Check if >= 10
   2ffe   c3 30 07          LBDF UCI_GO_SET_DEPTH ; >= 10, use default
   3001   fc 0a             ADI 10              ; Restore 0-9 value
   3003   c2 30 07          LBZ UCI_GO_SET_DEPTH ; Depth 0 invalid, use default
   3006   a7                PLO 7               ; R7.0 = parsed depth (1-9)
                        
   3007                 UCI_GO_SET_DEPTH:
                            ; Set SEARCH_DEPTH from R7.0
   3007   68 cd 64 16       RLDI 13, SEARCH_DEPTH
   300b   f8 00             LDI 0
   300d   5d                STR 13              ; SEARCH_DEPTH high = 0
   300e   1d                INC 13
   300f   87                GLO 7
   3010   5d                STR 13              ; SEARCH_DEPTH low = depth
                        
                            ; ---- Check opening book first ----
   3011   d4 31 63          CALL BOOK_LOOKUP
   3014   c2 30 27          LBZ UCI_GO_SEARCH   ; D=0: no book hit, do normal search
                        
                            ; Book hit! Copy BOOK_MOVE to BEST_MOVE
   3017   68 c8 64 4e       RLDI 8, BOOK_MOVE_FROM
   301b   68 c9 64 10       RLDI 9, BEST_MOVE
                        
                            ; Store book move in BEST_MOVE (from in high, to in low)
   301f   48                LDA 8               ; BOOK_MOVE_FROM
   3020   59                STR 9               ; BEST_MOVE high = from
   3021   19                INC 9
   3022   08                LDN 8               ; BOOK_MOVE_TO
   3023   59                STR 9               ; BEST_MOVE low = to
   3024   c0 30 31          LBR UCI_GO_SEND_MOVE
                        
   3027                 UCI_GO_SEARCH:
                            ; Clear stale promotion flag before search
                            ; (opponent's promotion move leaves UNDO_PROMOTION set, which would
                            ; corrupt every MAKE_MOVE during search)
   3027   68 ca 64 04       RLDI 10, UNDO_PROMOTION
   302b   f8 00             LDI 0
   302d   5a                STR 10              ; UNDO_PROMOTION = 0
                        
                            ; Run search
   302e   d4 2b 15          CALL SEARCH_POSITION
                        
   3031                 UCI_GO_SEND_MOVE:
                            ; Best move now at BEST_MOVE.
                            ;
                            ; --- Root-move validation (added 2026-05-12) ---
                            ; Defense against MOVE_LIST corruption causing illegal-move output.
                            ; Regenerate moves from current board; verify BEST_MOVE appears in
                            ; the regenerated list. If not, emit info string + substitute first
                            ; legal move. Catches the symptom of any state corruption affecting
                            ; root MOVE_LIST regardless of underlying cause.
                        
                            ; Encode BEST_MOVE for byte-by-byte comparison (mirrors ORDER_TT_MOVE)
   3031   68 ca 64 10       RLDI 10, BEST_MOVE
   3035   4a                LDA 10
   3036   bd                PHI 13                      ; R13.1 = BEST_MOVE from (0x88)
   3037   0a                LDN 10
   3038   ad                PLO 13                      ; R13.0 = BEST_MOVE to (0x88)
                        
   3039   68 ca 64 06       RLDI 10, MOVE_FLAGS_TEMP
   303d   f8 00             LDI 0
   303f   5a                STR 10                      ; flags=0 for the comparison encoding
                        
   3040   d4 03 8d          CALL ENCODE_MOVE_16BIT
                            ; R8 = encoded BEST_MOVE (flags=0)
                        
                            ; Save encoded BEST_MOVE on stack across GENERATE_MOVES
                            ; (GENERATE_MOVES clobbers R11 — uses R11.1 as current-from-square)
   3043   98                GHI 8
   3044   73                STXD
   3045   88                GLO 8
   3046   73                STXD
                        
                            ; Regenerate legal moves into MOVE_LIST
   3047   68 c9 78 00       RLDI 9, MOVE_LIST
   304b   d4 04 d7          CALL GENERATE_MOVES
                            ; D = move count
                        
   304e   a7                PLO 7                       ; R7.0 = move count
   304f   b7                PHI 7                       ; R7.1 = loop counter (D unchanged by PLO)
                        
                            ; Restore encoded BEST_MOVE to R11
   3050   60                IRX
   3051   72                LDXA
   3052   ab                PLO 11                      ; R11.0 = LOW
   3053   f0                LDX
   3054   bb                PHI 11                      ; R11.1 = HIGH
                        
   3055   97                GHI 7                       ; check count
   3056   c2 30 98          LBZ RMV_DONE                ; 0 moves (mate/stalemate) — leave as-is
                        
   3059   68 c8 78 00       RLDI 8, MOVE_LIST           ; R8 = scan pointer
                        
   305d                 RMV_SCAN_LOOP:
   305d   97                GHI 7
   305e   c2 30 79          LBZ RMV_NOT_FOUND
                        
                            ; MOVE_LIST stores HIGH byte first (per ADD_MOVE_ENCODED line 221):
                            ; entry layout in memory is [HIGH][LOW] for each 2-byte move.
                            ; Compare HIGH byte (with flag bits 6-7 masked off)
   3061   48                LDA 8                       ; list move HIGH byte; R8++
   3062   fa 3f             ANI $3F                     ; mask off flag bits
   3064   52                STR 2
   3065   9b                GHI 11                      ; encoded BEST_MOVE HIGH byte (flags=0)
   3066   f3                XOR
   3067   ca 30 71          LBNZ RMV_NEXT
                        
                            ; HIGH bytes match — compare LOW byte (no masking needed)
   306a   08                LDN 8                       ; list move LOW byte; R8 stays
   306b   52                STR 2
   306c   8b                GLO 11                      ; encoded BEST_MOVE LOW byte
   306d   f3                XOR
   306e   c2 30 98          LBZ RMV_DONE                ; Match — BEST_MOVE is legal, emit normally
                        
   3071                 RMV_NEXT:
   3071   18                INC 8                       ; skip past LOW byte to next entry
   3072   97                GHI 7
   3073   ff 01             SMI 1
   3075   b7                PHI 7
   3076   c0 30 5d          LBR RMV_SCAN_LOOP
                        
   3079                 RMV_NOT_FOUND:
                            ; BEST_MOVE not in regenerated legal list — corruption symptom.
   3079   68 cf 2d a1       RLDI 15, STR_INFO_RMV
   307d   d4                SEP 4
   307e   ff 09             DW F_MSG
                        
                            ; Substitute first legal move from regenerated list
                            ; (memory order is [HIGH][LOW]; DECODE_MOVE_16BIT wants R8.0=LOW, R8.1=HIGH)
   3080   68 c8 78 00       RLDI 8, MOVE_LIST
   3084   48                LDA 8                       ; HIGH byte from memory
   3085   bb                PHI 11                      ; R11.1 = HIGH
   3086   08                LDN 8                       ; LOW byte from memory
   3087   ab                PLO 11                      ; R11.0 = LOW
                        
                            ; Now build R8 = [HIGH in .1, LOW in .0] for DECODE
   3088   9b                GHI 11
   3089   b8                PHI 8
   308a   8b                GLO 11
   308b   a8                PLO 8
   308c   d4 03 c7          CALL DECODE_MOVE_16BIT
                            ; R13.1 = from, R13.0 = to
                        
                            ; Write back to BEST_MOVE
   308f   68 ca 64 10       RLDI 10, BEST_MOVE
   3093   9d                GHI 13
   3094   5a                STR 10
   3095   1a                INC 10
   3096   8d                GLO 13
   3097   5a                STR 10
                        
   3098                 RMV_DONE:
                            ; Send best move (validated or substituted)
   3098   68 cf 2d 78       RLDI 15, STR_BESTMOVE
   309c   d4                SEP 4
   309d   ff 09             DW F_MSG
                        
                            ; Convert best move to algebraic and send
                            ; TODO: Load best move and convert
   309f   d4 30 dc          CALL UCI_SEND_BEST_MOVE
                        
                            ; Send CR+LF
   30a2   f8 0d             LDI 13
   30a4   d4 00 0b          CALL SERIAL_WRITE_CHAR
   30a7   f8 0a             LDI 10
   30a9   d4 00 0b          CALL SERIAL_WRITE_CHAR
                        
   30ac   d5                RETN
                        
   30ad                 UCI_CMD_QUIT:
                            ; Return to monitor at $8000
   30ad   c0 80 03          LBR $8003
                        
                        ; ------------------------------------------------------------------------------
                        ; UCI_CMD_UCINEWGAME - Prepare for a new game
                        ; ------------------------------------------------------------------------------
                        ; Clears transposition table and resets game state
                        ; ------------------------------------------------------------------------------
   30b0                 UCI_CMD_UCINEWGAME:
                            ; Clear workspace RAM to prevent stale variable bugs
   30b0   d4 5f 8a          CALL WORKSPACE_CLEAR
                        
                            ; Clear transposition table
   30b3   d4 57 c2          CALL TT_CLEAR
                        
                            ; Reset game ply counter
   30b6   68 ca 64 4d       RLDI 10, GAME_PLY
   30ba   f8 00             LDI 0
   30bc   5a                STR 10
                        
                            ; Clear move history
   30bd   d4 01 76          CALL INIT_MOVE_HISTORY
                        
                            ; Initialize board to starting position
   30c0   d4 00 a6          CALL INIT_BOARD
                        
                            ; Compute and store starting-position Zobrist hash + first HASH_HIST entry.
                            ; UCI_CMD_POSITION normally does this when parsing "position startpos",
                            ; but the first such command after ucinewgame is frequently dropped at
                            ; the start of every match since 2026-04-30 ("PARTIAL_ECHO 'sition
                            ; startpos'"). The bridge sends ucinewgame and position back-to-back,
                            ; and BIOS serial RX drops the first 1-2 bytes during the long
                            ; WORKSPACE_CLEAR/TT_CLEAR processing window. Without hash init here,
                            ; the first search runs with hash=0 and pollutes TT with mis-keyed
                            ; entries that persist for the entire match.
   30c3   d4 56 b3          CALL HASH_INIT
   30c6   68 ca 65 00       RLDI 10, HASH_HIST
   30ca   68 cd 64 b9       RLDI 13, HASH_HI
   30ce   4d                LDA 13                  ; D = HASH_HI, R13 → HASH_LO
   30cf   5a                STR 10
   30d0   1a                INC 10
   30d1   0d                LDN 13                  ; D = HASH_LO
   30d2   5a                STR 10
   30d3   68 ca 64 eb       RLDI 10, HASH_HIST_COUNT
   30d7   f8 01             LDI 1
   30d9   5a                STR 10                  ; HASH_HIST_COUNT = 1 (startpos stored)
                        
   30da   d5                RETN
                        
                        ; ------------------------------------------------------------------------------
                        ; UCI_CMD_STOP - Stop calculating (no-op for now)
                        ; ------------------------------------------------------------------------------
                        ; On a single-threaded system we cannot interrupt search.
                        ; GUI should wait for bestmove response.
                        ; This is here for protocol compatibility.
                        ; ------------------------------------------------------------------------------
   30db                 UCI_CMD_STOP:
                            ; No-op - search completes naturally
                            ; GUI will receive bestmove when search finishes
   30db   d5                RETN
                        
                        ; ------------------------------------------------------------------------------
                        ; UCI_SEND_BEST_MOVE - Send best move in algebraic notation
                        ; ------------------------------------------------------------------------------
   30dc                 UCI_SEND_BEST_MOVE:
                            ; BEST_MOVE contains raw from/to squares (not encoded)
                            ; BEST_MOVE[0] = from square (0x88), BEST_MOVE[1] = to square (0x88)
   30dc   68 ca 64 10       RLDI 10, BEST_MOVE
                        
   30e0   4a                LDA 10              ; from square (raw 0x88)
   30e1   bd                PHI 13              ; R13.1 = from
   30e2   0a                LDN 10              ; to square (raw 0x88)
   30e3   ad                PLO 13              ; R13.0 = to
                        
                            ; Convert to algebraic notation (e.g., "e2e4")
                            ; From square
   30e4   9d                GHI 13              ; From square
   30e5   d4 31 17          CALL SQUARE_TO_ALGEBRAIC
                            ; Sends two characters (file, rank)
                        
                            ; To square
   30e8   8d                GLO 13              ; To square
   30e9   d4 31 17          CALL SQUARE_TO_ALGEBRAIC
                        
                            ; Check if this is a promotion move (pawn reaching last rank)
                            ; Load piece at from square
   30ec   f8 60             LDI HIGH(BOARD)
   30ee   ba                PHI 10
   30ef   9d                GHI 13              ; from square
   30f0   aa                PLO 10
   30f1   f8 00             LDI LOW(BOARD)
   30f3   52                STR 2
   30f4   8a                GLO 10
   30f5   f4                ADD
   30f6   aa                PLO 10
   30f7   9a                GHI 10
   30f8   7c 00             ADCI 0
   30fa   ba                PHI 10              ; R10 = &BOARD[from]
   30fb   0a                LDN 10              ; D = piece at from
   30fc   fa 07             ANI PIECE_MASK      ; Get piece type
   30fe   fb 01             XRI PAWN_TYPE       ; Is it a pawn?
   3100   ca 31 16          LBNZ UCI_BM_NO_PROMO
                        
                            ; It's a pawn - check if to square is on last rank
   3103   8d                GLO 13              ; to square
   3104   fa 70             ANI $70             ; Isolate rank
   3106   c2 31 11          LBZ UCI_BM_IS_PROMO ; Rank 0 = promotion for black
   3109   fb 70             XRI $70
   310b   c2 31 11          LBZ UCI_BM_IS_PROMO ; Rank 7 = promotion for white
   310e   c0 31 16          LBR UCI_BM_NO_PROMO
                        
   3111                 UCI_BM_IS_PROMO:
                            ; Append 'q' for queen promotion
   3111   f8 71             LDI 'q'
   3113   d4 00 0b          CALL SERIAL_WRITE_CHAR
                        
   3116                 UCI_BM_NO_PROMO:
   3116   d5                RETN
                        
                        ; ------------------------------------------------------------------------------
                        ; SQUARE_TO_ALGEBRAIC - Convert 0x88 square to algebraic notation
                        ; ------------------------------------------------------------------------------
                        ; Input:  D = square (0x88 format)
                        ; Output: Two characters sent (file letter, rank number)
                        ; ------------------------------------------------------------------------------
   3117                 SQUARE_TO_ALGEBRAIC:
   3117   a7                PLO 7               ; Save square in R7.0 (R13 used by caller!)
                        
                            ; Get file (0-7 → 'a'-'h')
   3118   fa 07             ANI $07             ; File bits
   311a   fc 61             ADI 'a'             ; Convert to ASCII
   311c   d4 00 0b          CALL SERIAL_WRITE_CHAR
                        
                            ; Get rank (0-7 → '1'-'8')
   311f   87                GLO 7               ; Get square from R7.0
   3120   f6                SHR
   3121   f6                SHR
   3122   f6                SHR
   3123   f6                SHR                 ; Rank bits
   3124   fc 31             ADI '1'             ; Convert to ASCII
   3126   d4 00 0b          CALL SERIAL_WRITE_CHAR
                        
   3129   d5                RETN
                        
                        ; ------------------------------------------------------------------------------
                        ; String Comparison Functions
                        ; ------------------------------------------------------------------------------
                        
                        ; STRCMP - Compare two null-terminated strings
                        ; Input:  A = string 1, B = string 2
                        ; Output: D = 0 if equal, non-zero if different
   312a                 STRCMP:
   312a   0a                LDN 10              ; D = char from string 1
   312b   52                STR 2               ; Save to stack
   312c   0b                LDN 11              ; D = char from string 2
   312d   f3                XOR                 ; D = char1 XOR char2 (0 if equal)
   312e   ca 31 3d          LBNZ STRCMP_DIFF     ; If XOR != 0, characters differ
                        
                            ; Characters are equal, check if end of both strings
   3131   0a                LDN 10
   3132   c2 31 3a          LBZ STRCMP_EQUAL     ; If null terminator, both ended - equal
                        
                            ; Continue comparing
   3135   1a                INC 10
   3136   1b                INC 11
   3137   c0 31 2a          LBR STRCMP
                        
   313a                 STRCMP_EQUAL:
   313a   f8 00             LDI 0
   313c   d5                RETN
                        
   313d                 STRCMP_DIFF:
   313d   f8 01             LDI 1
   313f   d5                RETN
                        
                        ; STRNCMP - Compare until space or null in string 1
                        ; Input:  R10 = string 1 (command buffer), R11 = string 2 (command name)
                        ; Output: D = 0 if equal, non-zero if different
   3140                 STRNCMP:
                            ; Check if string 1 hit space (end of command word)
   3140   0a                LDN 10
   3141   fb 20             XRI ' '
   3143   c2 31 56          LBZ STRNCMP_CHECK_END
                        
                            ; Check if string 1 hit null
   3146   0a                LDN 10
   3147   c2 31 56          LBZ STRNCMP_CHECK_END
                        
                            ; Compare characters
   314a   0a                LDN 10              ; D = char from string 1
   314b   52                STR 2               ; Save to stack
   314c   0b                LDN 11              ; D = char from string 2
   314d   f3                XOR                 ; D = char1 XOR char2 (0 if equal)
   314e   ca 31 60          LBNZ STRNCMP_DIFF   ; If different, not equal
                        
   3151   1a                INC 10
   3152   1b                INC 11
   3153   c0 31 40          LBR STRNCMP
                        
   3156                 STRNCMP_CHECK_END:
                            ; String 1 ended (space or null) - check if string 2 also ended
   3156   0b                LDN 11
   3157   c2 31 5d          LBZ STRNCMP_EQUAL   ; String 2 is null - match!
   315a   c0 31 60          LBR STRNCMP_DIFF    ; String 2 has more chars - no match
                        
   315d                 STRNCMP_EQUAL:
   315d   f8 00             LDI 0
   315f   d5                RETN
                        
   3160                 STRNCMP_DIFF:
   3160   f8 01             LDI 1
   3162   d5                RETN
                        
                        ; ==============================================================================
                        ; End of UCI Implementation
                        ; ==============================================================================
                        ; NOTE: SERIAL_READ_CHAR and SERIAL_WRITE_CHAR are provided by serial-io-9600.asm
                        ; ==============================================================================
                        ; ==============================================================================
                        ; Opening Book Lookup - Check if current position is in opening book
                        ; ==============================================================================
                        ;
                        ; Book format (from opening-book.asm):
                        ;   Each entry: [ply] [move1_from] [move1_to] ... [response_from] [response_to]
                        ;   Terminated with $FF
                        ;   Entries sorted by ply
                        ;
                        ; Uses: GAME_PLY - number of moves played since start
                        ;       MOVE_HIST - array of (from, to) pairs for game moves
                        ;       BOOK_MOVE_FROM/TO - output for book response
                        ;
                        ; ==============================================================================
                        
                        ; ==============================================================================
                        ; BOOK_LOOKUP - Search opening book for current position
                        ; ==============================================================================
                        ; Input:  GAME_PLY = number of moves played
                        ;         MOVE_HIST = game move history (2 bytes per move)
                        ; Output: D = 1 if book hit, 0 if no match
                        ;         BOOK_MOVE_FROM/TO = response move (if hit)
                        ; Uses:   R7, R8, R9, R10
                        ; ==============================================================================
   3163                 BOOK_LOOKUP:
                            ; R8 = pointer to current book entry
   3163   68 c8 31 d1       RLDI 8, OPENING_BOOK
                        
                            ; Load GAME_PLY into R7.1 for quick comparison
   3167   68 ca 64 4d       RLDI 10, GAME_PLY
   316b   0a                LDN 10
   316c   b7                PHI 7               ; R7.1 = GAME_PLY
                        
   316d                 BL_ENTRY_LOOP:
                            ; Read entry ply byte
   316d   08                LDN 8               ; D = entry ply
   316e   fb ff             XRI $FF             ; Check for end marker
   3170   c2 31 ce          LBZ BL_NO_MATCH     ; End of book, no match
                        
                            ; Restore ply value
   3173   fb ff             XRI $FF
   3175   a7                PLO 7               ; R7.0 = entry_ply
                        
                            ; Check if entry_ply > GAME_PLY (early exit - book sorted by ply)
   3176   97                GHI 7               ; D = GAME_PLY
   3177   52                STR 2               ; Store on stack
   3178   87                GLO 7               ; D = entry_ply
   3179   f5                SD                  ; D = GAME_PLY - entry_ply
   317a   cb 31 ce          LBNF BL_NO_MATCH    ; If borrow (entry_ply > GAME_PLY), no match possible
                        
                            ; Check if entry_ply == GAME_PLY
   317d   c2 31 8f          LBZ BL_CHECK_MOVES  ; If equal, check the moves
                        
                            ; entry_ply < GAME_PLY, skip to next entry
                            ; Entry length = 1 + entry_ply*2 + 2 = 3 + entry_ply*2
   3180   87                GLO 7               ; D = entry_ply
   3181   fe                SHL                 ; D = entry_ply * 2
   3182   fc 03             ADI 3               ; D = 3 + entry_ply * 2
   3184   52                STR 2               ; Save skip amount
   3185   88                GLO 8
   3186   f4                ADD
   3187   a8                PLO 8
   3188   98                GHI 8
   3189   7c 00             ADCI 0
   318b   b8                PHI 8
   318c   c0 31 6d          LBR BL_ENTRY_LOOP
                        
   318f                 BL_CHECK_MOVES:
                            ; entry_ply == GAME_PLY, compare all moves
                            ; R8 points to ply byte, moves start at R8+1
                            ; R9 = pointer to MOVE_HIST
   318f   68 c9 60 90       RLDI 9, MOVE_HIST
                        
                            ; R10.0 = move counter (number of move pairs to compare)
   3193   87                GLO 7               ; entry_ply = number of moves to compare
   3194   aa                PLO 10
                        
                            ; Move past ply byte
   3195   18                INC 8
                        
                            ; If ply == 0, no moves to compare - direct match!
   3196   8a                GLO 10
   3197   c2 31 b1          LBZ BL_MATCH_FOUND
                        
   319a                 BL_COMPARE_LOOP:
                            ; Compare from square
   319a   08                LDN 8               ; Book from
   319b   52                STR 2
   319c   09                LDN 9               ; History from
   319d   f3                XOR                 ; Compare
   319e   ca 31 bf          LBNZ BL_SKIP_ENTRY  ; Mismatch
                        
                            ; Compare to square
   31a1   18                INC 8
   31a2   19                INC 9
   31a3   08                LDN 8               ; Book to
   31a4   52                STR 2
   31a5   09                LDN 9               ; History to
   31a6   f3                XOR                 ; Compare
   31a7   ca 31 bd          LBNZ BL_SKIP_TO     ; TO mismatch - different skip path
                        
                            ; Move to next pair
   31aa   18                INC 8
   31ab   19                INC 9
   31ac   2a                DEC 10
   31ad   8a                GLO 10
   31ae   ca 31 9a          LBNZ BL_COMPARE_LOOP
                        
   31b1                 BL_MATCH_FOUND:
                            ; All moves matched! R8 now points to response
                            ; Store response in BOOK_MOVE_FROM/TO
   31b1   68 c9 64 4e       RLDI 9, BOOK_MOVE_FROM
                        
   31b5   48                LDA 8               ; Response from
   31b6   59                STR 9
   31b7   19                INC 9
   31b8   08                LDN 8               ; Response to
   31b9   59                STR 9
                        
                            ; Return success
   31ba   f8 01             LDI 1
   31bc   d5                RETN
                        
   31bd                 BL_SKIP_TO:
                            ; TO byte mismatch: R8 points to TO byte (already past FROM via INC 8)
                            ; Advance past TO and count this pair as consumed, then fall through
   31bd   18                INC 8               ; Past TO byte -> R8 at start of next pair
   31be   2a                DEC 10              ; This pair consumed
                            ; Fall through to BL_SKIP_ENTRY
                        
   31bf                 BL_SKIP_ENTRY:
                            ; FROM byte mismatch: R8 points to FROM byte of mismatched pair
                            ; R10.0 = remaining move pairs to skip (not yet compared)
                            ; Skip: remaining_moves*2 + 2 (response bytes)
   31bf   8a                GLO 10              ; Remaining moves
   31c0   fe                SHL                 ; * 2
   31c1   fc 02             ADI 2               ; + response
   31c3   52                STR 2
   31c4   88                GLO 8
   31c5   f4                ADD
   31c6   a8                PLO 8
   31c7   98                GHI 8
   31c8   7c 00             ADCI 0
   31ca   b8                PHI 8
                        
                            ; Reset book pointer past ply (we compared some moves already)
   31cb   c0 31 6d          LBR BL_ENTRY_LOOP
                        
   31ce                 BL_NO_MATCH:
                            ; No book match found
   31ce   f8 00             LDI 0
   31d0   d5                RETN
                        
                        ; ==============================================================================
                        ; End of Opening Book Lookup
                        ; ==============================================================================
                        ; ==============================================================================
                        ; Combined Opening Book Data - Merged from multiple PGN sources
                        ; Total entries: 504, Total size: 9385 bytes
                        ; Duplicates removed: 6
                        ; Sources:
                        ;   giuoco-piano: 97 entries
                        ;   sicilian-rossolimo: 91 entries
                        ;   french-advance: 46 entries
                        ;   caro-kann-advance: 81 entries
                        ;   qgd-exchange: 62 entries
                        ;   alekhine-modern: 30 entries
                        ;   scandinavian: 31 entries
                        ;   pirc-austrian: 23 entries
                        ;   opponent-prep (manual, 2026-04-21): 10 entries targeting Stockfish Skill 2 sidelines
                        ;   krejcik-sacrifice (2026-04-22): 5 entries for 1.e4 Nf6 2.e5 Ne4 3.d3 Nxf2!? line
                        ;   krejcik-retreat (2026-04-22): 3 entries for 1.e4 Nf6 2.e5 Ne4 3.d3 Nc5 line
                        ;   opponent-prep (2026-04-27): 5 entries continuing existing 2026-04-21 lines past the engine's first searched move
                        ; ==============================================================================
                        
                        ; Book format:
                        ;   Each entry: [ply] [move1_from] [move1_to] ... [response_from] [response_to] [$FF terminator]
                        ;   Entries sorted by ply for efficient early-exit
                        
   31d1                 OPENING_BOOK:
                        
                            ; === Ply 0 ===
                            ; Ply 0:  -> 14-34 (52768x)
   31d1   00 14 34          DB $00, $14, $34
                            ; Ply 0:  -> 13-33 (35277x)
   31d4   00 13 33          DB $00, $13, $33
                        
                            ; === Ply 1 ===
                            ; Ply 1: 14-34 -> 64-44 (52604x)
   31d7   01 14 34 64       DB $01, $14, $34, $64, $44
   31db   44            
                            ; Ply 1: 06-25 -> 62-42 (720x)
   31dc   01 06 25 62       DB $01, $06, $25, $62, $42
   31e0   42            
                            ; Ply 1: 14-34 -> 62-42 (63883x)
   31e1   01 14 34 62       DB $01, $14, $34, $62, $42
   31e5   42            
                            ; Ply 1: 13-33 -> 64-54 (1008x)
   31e6   01 13 33 64       DB $01, $13, $33, $64, $54
   31ea   54            
                            ; Ply 1: 14-34 -> 64-54 (37904x)
   31eb   01 14 34 64       DB $01, $14, $34, $64, $54
   31ef   54            
                            ; Ply 1: 14-34 -> 62-52 (61702x)
   31f0   01 14 34 62       DB $01, $14, $34, $62, $52
   31f4   52            
                            ; Ply 1: 12-32 -> 64-54 (3289x)
   31f5   01 12 32 64       DB $01, $12, $32, $64, $54
   31f9   54            
                            ; Ply 1: 13-33 -> 63-43 (20590x)
   31fa   01 13 33 63       DB $01, $13, $33, $63, $43
   31fe   43            
                            ; Ply 1: 14-34 -> 76-55 (17718x)
   31ff   01 14 34 76       DB $01, $14, $34, $76, $55
   3203   55            
                            ; Ply 1: 14-34 -> 63-43 (23971x)
   3204   01 14 34 63       DB $01, $14, $34, $63, $43
   3208   43            
                            ; Ply 1: 13-33 -> 63-53 (605x)
   3209   01 13 33 63       DB $01, $13, $33, $63, $53
   320d   53            
                            ; Ply 1: 14-34 -> 63-53 (9811x)
   320e   01 14 34 63       DB $01, $14, $34, $63, $53
   3212   53            
                        
                            ; === Ply 2 ===
                            ; Ply 2: 14-34 64-44 -> 06-25 (51371x)
   3213   02 14 34 64       DB $02, $14, $34, $64, $44, $06, $25
   3217   44 06 25      
                            ; Ply 2: 06-25 62-42 -> 14-34 (720x)
   321a   02 06 25 62       DB $02, $06, $25, $62, $42, $14, $34
   321e   42 14 34      
                            ; Ply 2: 14-34 62-42 -> 06-25 (63881x)
   3221   02 14 34 62       DB $02, $14, $34, $62, $42, $06, $25
   3225   42 06 25      
                            ; Ply 2: 13-33 64-54 -> 14-34 (1007x)
   3228   02 13 33 64       DB $02, $13, $33, $64, $54, $14, $34
   322c   54 14 34      
                            ; Ply 2: 14-34 62-42 -> 12-22 (1697x)
   322f   02 14 34 62       DB $02, $14, $34, $62, $42, $12, $22
   3233   42 12 22      
                            ; Ply 2: 14-34 64-54 -> 13-33 (37866x)
   3236   02 14 34 64       DB $02, $14, $34, $64, $54, $13, $33
   323a   54 13 33      
                            ; Ply 2: 14-34 62-52 -> 13-33 (61680x)
   323d   02 14 34 62       DB $02, $14, $34, $62, $52, $13, $33
   3241   52 13 33      
                            ; Ply 2: 12-32 64-54 -> 01-22 (2931x)
   3244   02 12 32 64       DB $02, $12, $32, $64, $54, $01, $22
   3248   54 01 22      
                            ; Ply 2: 13-33 63-43 -> 12-32 (20590x)
   324b   02 13 33 63       DB $02, $13, $33, $63, $43, $12, $32
   324f   43 12 32      
                            ; Ply 2: 13-33 64-54 -> 12-32 (1257x)
   3252   02 13 33 64       DB $02, $13, $33, $64, $54, $12, $32
   3256   54 12 32      
                            ; Ply 2: 13-33 76-55 -> 12-32 (13430x)
   3259   02 13 33 76       DB $02, $13, $33, $76, $55, $12, $32
   325d   55 12 32      
                            ; Ply 2: 14-34 76-55 -> 34-44 (17718x)
   3260   02 14 34 76       DB $02, $14, $34, $76, $55, $34, $44
   3264   55 34 44      
                            ; Ply 2: 14-34 63-43 -> 34-43 (23900x)
   3267   02 14 34 63       DB $02, $14, $34, $63, $43, $34, $43
   326b   43 34 43      
                            ; Ply 2: 13-33 63-53 -> 14-34 (592x)
   326e   02 13 33 63       DB $02, $13, $33, $63, $53, $14, $34
   3272   53 14 34      
                            ; Ply 2: 13-33 76-55 -> 01-22 (507x)
   3275   02 13 33 76       DB $02, $13, $33, $76, $55, $01, $22
   3279   55 01 22      
                            ; Ply 2: 14-34 63-53 -> 13-33 (9731x)
   327c   02 14 34 63       DB $02, $14, $34, $63, $53, $13, $33
   3280   53 13 33      
                        
                            ; === Ply 3 ===
                            ; Ply 3: 14-34 64-44 05-32 -> 71-52 (780x)
   3283   03 14 34 64       DB $03, $14, $34, $64, $44, $05, $32, $71, $52
   3287   44 05 32 71   
   328b   52            
                            ; Ply 3: 14-34 64-44 06-25 -> 71-52 (51354x)
   328c   03 14 34 64       DB $03, $14, $34, $64, $44, $06, $25, $71, $52
   3290   44 06 25 71   
   3294   52            
                            ; Ply 3: 06-25 62-42 14-34 -> 71-52 (720x)
   3295   03 06 25 62       DB $03, $06, $25, $62, $42, $14, $34, $71, $52
   3299   42 14 34 71   
   329d   52            
                            ; Ply 3: 14-34 62-42 06-25 -> 71-52 (63881x)
   329e   03 14 34 62       DB $03, $14, $34, $62, $42, $06, $25, $71, $52
   32a2   42 06 25 71   
   32a6   52            
                            ; Ply 3: 13-33 64-54 14-34 -> 63-43 (981x)
   32a7   03 13 33 64       DB $03, $13, $33, $64, $54, $14, $34, $63, $43
   32ab   54 14 34 63   
   32af   43            
                            ; Ply 3: 14-34 62-42 12-22 -> 64-54 (1677x)
   32b0   03 14 34 62       DB $03, $14, $34, $62, $42, $12, $22, $64, $54
   32b4   42 12 22 64   
   32b8   54            
                            ; Ply 3: 14-34 64-54 13-33 -> 63-43 (37745x)
   32b9   03 14 34 64       DB $03, $14, $34, $64, $54, $13, $33, $63, $43
   32bd   54 13 33 63   
   32c1   43            
                            ; Ply 3: 14-34 62-52 13-33 -> 63-43 (61679x)
   32c2   03 14 34 62       DB $03, $14, $34, $62, $52, $13, $33, $63, $43
   32c6   52 13 33 63   
   32ca   43            
                            ; Ply 3: 12-32 64-54 01-22 -> 63-43 (2874x)
   32cb   03 12 32 64       DB $03, $12, $32, $64, $54, $01, $22, $63, $43
   32cf   54 01 22 63   
   32d3   43            
                            ; Ply 3: 13-33 63-43 12-32 -> 64-54 (20480x)
   32d4   03 13 33 63       DB $03, $13, $33, $63, $43, $12, $32, $64, $54
   32d8   43 12 32 64   
   32dc   54            
                            ; Ply 3: 13-33 64-54 12-32 -> 63-43 (701x)
   32dd   03 13 33 64       DB $03, $13, $33, $64, $54, $12, $32, $63, $43
   32e1   54 12 32 63   
   32e5   43            
                            ; Ply 3: 13-33 76-55 12-32 -> 64-54 (13373x)
   32e6   03 13 33 76       DB $03, $13, $33, $76, $55, $12, $32, $64, $54
   32ea   55 12 32 64   
   32ee   54            
                            ; Ply 3: 14-34 76-55 34-44 -> 55-43 (17718x)
   32ef   03 14 34 76       DB $03, $14, $34, $76, $55, $34, $44, $55, $43
   32f3   55 34 44 55   
   32f7   43            
                            ; Ply 3: 14-34 63-43 34-43 -> 73-43 (23900x)
   32f8   03 14 34 63       DB $03, $14, $34, $63, $43, $34, $43, $73, $43
   32fc   43 34 43 73   
   3300   43            
                            ; Ply 3: 13-33 63-53 14-34 -> 76-55 (579x)
   3301   03 13 33 63       DB $03, $13, $33, $63, $53, $14, $34, $76, $55
   3305   53 14 34 76   
   3309   55            
                            ; Ply 3: 14-34 63-53 13-33 -> 76-55 (9612x)
   330a   03 14 34 63       DB $03, $14, $34, $63, $53, $13, $33, $76, $55
   330e   53 13 33 76   
   3312   55            
                        
                            ; === Ply 4 ===
                            ; Ply 4: 14-34 64-44 05-32 71-52 -> 06-25 (780x)
   3313   04 14 34 64       DB $04, $14, $34, $64, $44, $05, $32, $71, $52, $06, $25
   3317   44 05 32 71   
   331b   52 06 25      
                            ; Ply 4: 14-34 64-44 05-32 75-42 -> 06-25 (452x)
   331e   04 14 34 64       DB $04, $14, $34, $64, $44, $05, $32, $75, $42, $06, $25
   3322   44 05 32 75   
   3326   42 06 25      
                            ; Ply 4: 14-34 64-44 06-25 71-52 -> 05-32 (51354x)
   3329   04 14 34 64       DB $04, $14, $34, $64, $44, $06, $25, $71, $52, $05, $32
   332d   44 06 25 71   
   3331   52 05 32      
                            ; Ply 4: 06-25 62-42 14-34 71-52 -> 05-41 (720x)
   3334   04 06 25 62       DB $04, $06, $25, $62, $42, $14, $34, $71, $52, $05, $41
   3338   42 14 34 71   
   333c   52 05 41      
                            ; Ply 4: 14-34 62-42 06-25 71-52 -> 05-41 (63881x)
   333f   04 14 34 62       DB $04, $14, $34, $62, $42, $06, $25, $71, $52, $05, $41
   3343   42 06 25 71   
   3347   52 05 41      
                            ; Ply 4: 13-33 64-54 14-34 63-43 -> 34-44 (981x)
   334a   04 13 33 64       DB $04, $13, $33, $64, $54, $14, $34, $63, $43, $34, $44
   334e   54 14 34 63   
   3352   43 34 44      
                            ; Ply 4: 14-34 62-42 12-22 64-54 -> 13-33 (1676x)
   3355   04 14 34 62       DB $04, $14, $34, $62, $42, $12, $22, $64, $54, $13, $33
   3359   42 12 22 64   
   335d   54 13 33      
                            ; Ply 4: 14-34 64-54 13-33 63-43 -> 34-44 (37745x)
   3360   04 14 34 64       DB $04, $14, $34, $64, $54, $13, $33, $63, $43, $34, $44
   3364   54 13 33 63   
   3368   43 34 44      
                            ; Ply 4: 14-34 62-52 13-33 63-43 -> 34-44 (61679x)
   336b   04 14 34 62       DB $04, $14, $34, $62, $52, $13, $33, $63, $43, $34, $44
   336f   52 13 33 63   
   3373   43 34 44      
                            ; Ply 4: 12-32 64-54 01-22 63-43 -> 13-33 (2872x)
   3376   04 12 32 64       DB $04, $12, $32, $64, $54, $01, $22, $63, $43, $13, $33
   337a   54 01 22 63   
   337e   43 13 33      
                            ; Ply 4: 13-33 63-43 12-32 64-54 -> 01-22 (20477x)
   3381   04 13 33 63       DB $04, $13, $33, $63, $43, $12, $32, $64, $54, $01, $22
   3385   43 12 32 64   
   3389   54 01 22      
                            ; Ply 4: 13-33 64-54 12-32 63-43 -> 01-22 (701x)
   338c   04 13 33 64       DB $04, $13, $33, $64, $54, $12, $32, $63, $43, $01, $22
   3390   54 12 32 63   
   3394   43 01 22      
                            ; Ply 4: 13-33 64-54 12-32 76-55 -> 01-22 (556x)
   3397   04 13 33 64       DB $04, $13, $33, $64, $54, $12, $32, $76, $55, $01, $22
   339b   54 12 32 76   
   339f   55 01 22      
                            ; Ply 4: 13-33 76-55 12-32 64-54 -> 01-22 (13373x)
   33a2   04 13 33 76       DB $04, $13, $33, $76, $55, $12, $32, $64, $54, $01, $22
   33a6   55 12 32 64   
   33aa   54 01 22      
                            ; Ply 4: 14-34 76-55 34-44 55-43 -> 13-33 (17205x)
   33ad   04 14 34 76       DB $04, $14, $34, $76, $55, $34, $44, $55, $43, $13, $33
   33b1   55 34 44 55   
   33b5   43 13 33      
                            ; Ply 4: 14-34 63-43 34-43 73-43 -> 01-22 (23900x)
   33b8   04 14 34 63       DB $04, $14, $34, $63, $43, $34, $43, $73, $43, $01, $22
   33bc   43 34 43 73   
   33c0   43 01 22      
                            ; Ply 4: 13-33 63-53 14-34 76-55 -> 01-22 (579x)
   33c3   04 13 33 63       DB $04, $13, $33, $63, $53, $14, $34, $76, $55, $01, $22
   33c7   53 14 34 76   
   33cb   55 01 22      
                            ; Ply 4: 14-34 63-53 13-33 76-55 -> 01-22 (9611x)
   33ce   04 14 34 63       DB $04, $14, $34, $63, $53, $13, $33, $76, $55, $01, $22
   33d2   53 13 33 76   
   33d6   55 01 22      
                        
                            ; --- Opponent-prep additions (2026-04-21) ---
                            ; Targets Stockfish Skill-2 sidelines observed in match logs. See memory
                            ; 'book_strategy_shift' for rationale and 34-game OOB statistical analysis.
                        
                            ; Ply 4: e2e4 g8f6 e4e5 f6e4 -> d2d3 (Alekhine-Krejcik: kick the loose knight)
   33d9   04 14 34 76       DB $04, $14, $34, $76, $55, $34, $44, $55, $34, $13, $23
   33dd   55 34 44 55   
   33e1   34 13 23      
                            ; Ply 4: e2e4 g8f6 e4e5 f6g8 -> d2d4 (Alekhine-retreat: claim center, Black gave up tempo)
   33e4   04 14 34 76       DB $04, $14, $34, $76, $55, $34, $44, $55, $76, $13, $33
   33e8   55 34 44 55   
   33ec   76 13 33      
                            ; Ply 4: e2e4 e7e6 d2d4 c7c6 -> b1c3 (Franco-Caro hybrid: flexible development)
   33ef   04 14 34 64       DB $04, $14, $34, $64, $54, $13, $33, $62, $52, $01, $22
   33f3   54 13 33 62   
   33f7   52 01 22      
                            ; Ply 4: e2e4 c7c6 d2d4 d7d6 -> b1c3 (Caro without d5: normal development)
   33fa   04 14 34 62       DB $04, $14, $34, $62, $52, $13, $33, $63, $53, $01, $22
   33fe   52 13 33 63   
   3402   53 01 22      
                            ; Ply 4: e2e4 c7c6 d2d4 e7e6 -> b1c3 (Caro-French hybrid: develop)
   3405   04 14 34 62       DB $04, $14, $34, $62, $52, $13, $33, $64, $54, $01, $22
   3409   52 13 33 64   
   340d   54 01 22      
                            ; Ply 4: e2e4 c7c6 d2d4 d8c7 -> b1c3 (premature queen: ignore, develop)
   3410   04 14 34 62       DB $04, $14, $34, $62, $52, $13, $33, $73, $62, $01, $22
   3414   52 13 33 73   
   3418   62 01 22      
                            ; Ply 4: e2e4 e7e6 d2d4 a7a5 -> b1c3 (bizarre flank move: ignore, develop)
   341b   04 14 34 64       DB $04, $14, $34, $64, $54, $13, $33, $60, $40, $01, $22
   341f   54 13 33 60   
   3423   40 01 22      
                            ; Ply 4: e2e4 e7e5 g1f3 d7d5 -> e4d5 (Elephant Gambit: capture, always)
   3426   04 14 34 64       DB $04, $14, $34, $64, $44, $06, $25, $63, $43, $34, $43
   342a   44 06 25 63   
   342e   43 34 43      
                            ; Ply 4: e2e4 e7e5 g1f3 f8d6 -> f1c4 (odd bishop move: standard Italian setup)
   3431   04 14 34 64       DB $04, $14, $34, $64, $44, $06, $25, $75, $53, $05, $32
   3435   44 06 25 75   
   3439   53 05 32      
                        
                            ; Ply 4: e2e4 g8f6 e4e5 b8c6 -> e5f6 (Stockfish blunder: leaves Nf6 hanging
                            ; to the e5 pawn while developing Nc6 instead. Capture the free knight.
                            ; First killed-match book extension test on 2026-05-02.
   343c   04 14 34 76       DB $04, $14, $34, $76, $55, $34, $44, $71, $52, $44, $55
   3440   55 34 44 71   
   3444   52 44 55      
                        
                            ; Ply 4: e2e4 e7e5 g1f3 d7d6 -> d2d4 (Philidor's Defense: open the center
                            ; with d4, the mainline reply. Black's typical reply ...exd4 or ...Nd7
                            ; leads to slight white advantage. New 2026-05-02 opening encountered.
   3447   04 14 34 64       DB $04, $14, $34, $64, $44, $06, $25, $63, $53, $13, $33
   344b   44 06 25 63   
   344f   53 13 33      
                        
                            ; Ply 4: e2e4 e7e6 d2d4 d7d6 -> b1c3 (Lengfellner System: Nc3 development)
                            ; French move order then Pirc-like ...d6 by black. Nc3 is the flexible
                            ; response, matches our Pirc/French treatment elsewhere.
   3452   04 14 34 64       DB $04, $14, $34, $64, $54, $13, $33, $63, $53, $01, $22
   3456   54 13 33 63   
   345a   53 01 22      
                        
                            ; === Ply 5 ===
                            ; Ply 5: 14-34 64-44 05-32 71-52 06-25 -> 75-42 (780x)
   345d   05 14 34 64       DB $05, $14, $34, $64, $44, $05, $32, $71, $52, $06, $25, $75, $42
   3461   44 05 32 71   
   3465   52 06 25 75   
   3469   42            
                            ; Ply 5: 14-34 64-44 05-32 75-42 06-25 -> 71-52 (452x)
   346a   05 14 34 64       DB $05, $14, $34, $64, $44, $05, $32, $75, $42, $06, $25, $71, $52
   346e   44 05 32 75   
   3472   42 06 25 71   
   3476   52            
                            ; Ply 5: 14-34 64-44 06-25 71-52 05-32 -> 75-42 (51353x)
   3477   05 14 34 64       DB $05, $14, $34, $64, $44, $06, $25, $71, $52, $05, $32, $75, $42
   347b   44 06 25 71   
   347f   52 05 32 75   
   3483   42            
                            ; Ply 5: 14-34 62-42 06-25 71-52 05-41 -> 66-56 (30263x)
   3484   05 14 34 62       DB $05, $14, $34, $62, $42, $06, $25, $71, $52, $05, $41, $66, $56
   3488   42 06 25 71   
   348c   52 05 41 66   
   3490   56            
                            ; Ply 5: 13-33 64-54 14-34 63-43 34-44 -> 62-42 (981x)
   3491   05 13 33 64       DB $05, $13, $33, $64, $54, $14, $34, $63, $43, $34, $44, $62, $42
   3495   54 14 34 63   
   3499   43 34 44 62   
   349d   42            
                            ; Ply 5: 14-34 62-42 12-22 64-54 13-33 -> 63-43 (1676x)
   349e   05 14 34 62       DB $05, $14, $34, $62, $42, $12, $22, $64, $54, $13, $33, $63, $43
   34a2   42 12 22 64   
   34a6   54 13 33 63   
   34aa   43            
                            ; Ply 5: 14-34 64-54 13-33 63-43 34-44 -> 62-42 (37743x)
   34ab   05 14 34 64       DB $05, $14, $34, $64, $54, $13, $33, $63, $43, $34, $44, $62, $42
   34af   54 13 33 63   
   34b3   43 34 44 62   
   34b7   42            
                            ; Ply 5: 14-34 62-52 13-33 63-43 34-44 -> 72-45 (45996x)
   34b8   05 14 34 62       DB $05, $14, $34, $62, $52, $13, $33, $63, $43, $34, $44, $72, $45
   34bc   52 13 33 63   
   34c0   43 34 44 72   
   34c4   45            
                            ; Ply 5: 12-32 64-54 01-22 63-43 13-33 -> 76-55 (2872x)
   34c5   05 12 32 64       DB $05, $12, $32, $64, $54, $01, $22, $63, $43, $13, $33, $76, $55
   34c9   54 01 22 63   
   34cd   43 13 33 76   
   34d1   55            
                            ; Ply 5: 13-33 63-43 12-32 64-54 01-22 -> 76-55 (20477x)
   34d2   05 13 33 63       DB $05, $13, $33, $63, $43, $12, $32, $64, $54, $01, $22, $76, $55
   34d6   43 12 32 64   
   34da   54 01 22 76   
   34de   55            
                            ; Ply 5: 13-33 64-54 12-32 63-43 01-22 -> 76-55 (701x)
   34df   05 13 33 64       DB $05, $13, $33, $64, $54, $12, $32, $63, $43, $01, $22, $76, $55
   34e3   54 12 32 63   
   34e7   43 01 22 76   
   34eb   55            
                            ; Ply 5: 13-33 64-54 12-32 76-55 01-22 -> 63-43 (556x)
   34ec   05 13 33 64       DB $05, $13, $33, $64, $54, $12, $32, $76, $55, $01, $22, $63, $43
   34f0   54 12 32 76   
   34f4   55 01 22 63   
   34f8   43            
                            ; Ply 5: 13-33 76-55 12-32 64-54 01-22 -> 63-43 (13373x)
   34f9   05 13 33 76       DB $05, $13, $33, $76, $55, $12, $32, $64, $54, $01, $22, $63, $43
   34fd   55 12 32 64   
   3501   54 01 22 63   
   3505   43            
                            ; Ply 5: 14-34 76-55 34-44 55-43 06-25 -> 63-53 (513x)
   3506   05 14 34 76       DB $05, $14, $34, $76, $55, $34, $44, $55, $43, $06, $25, $63, $53
   350a   55 34 44 55   
   350e   43 06 25 63   
   3512   53            
                            ; Ply 5: 14-34 76-55 34-44 55-43 13-33 -> 63-53 (17205x)
   3513   05 14 34 76       DB $05, $14, $34, $76, $55, $34, $44, $55, $43, $13, $33, $63, $53
   3517   55 34 44 55   
   351b   43 13 33 63   
   351f   53            
                            ; Ply 5: 14-34 63-43 34-43 73-43 01-22 -> 43-40 (23898x)
   3520   05 14 34 63       DB $05, $14, $34, $63, $43, $34, $43, $73, $43, $01, $22, $43, $40
   3524   43 34 43 73   
   3528   43 01 22 43   
   352c   40            
                            ; Ply 5: 13-33 63-53 14-34 76-55 01-22 -> 66-56 (579x)
   352d   05 13 33 63       DB $05, $13, $33, $63, $53, $14, $34, $76, $55, $01, $22, $66, $56
   3531   53 14 34 76   
   3535   55 01 22 66   
   3539   56            
                            ; Ply 5: 14-34 63-53 13-33 76-55 01-22 -> 66-56 (9611x)
   353a   05 14 34 63       DB $05, $14, $34, $63, $53, $13, $33, $76, $55, $01, $22, $66, $56
   353e   53 13 33 76   
   3542   55 01 22 66   
   3546   56            
                        
                            ; === Ply 6 ===
                            ; Ply 6: 14-34 64-44 05-32 71-52 06-25 75-42 -> 12-22 (348x)
   3547   06 14 34 64       DB $06, $14, $34, $64, $44, $05, $32, $71, $52, $06, $25, $75, $42, $12, $22
   354b   44 05 32 71   
   354f   52 06 25 75   
   3553   42 12 22      
                            ; Ply 6: 14-34 64-44 06-25 71-52 05-32 75-42 -> 12-22 (25597x)
   3556   06 14 34 64       DB $06, $14, $34, $64, $44, $06, $25, $71, $52, $05, $32, $75, $42, $12, $22
   355a   44 06 25 71   
   355e   52 05 32 75   
   3562   42 12 22      
                            ; Ply 6: 14-34 62-42 06-25 71-52 05-41 52-33 -> 25-33 (698x)
   3565   06 14 34 62       DB $06, $14, $34, $62, $42, $06, $25, $71, $52, $05, $41, $52, $33, $25, $33
   3569   42 06 25 71   
   356d   52 05 41 52   
   3571   33 25 33      
                            ; Ply 6: 14-34 62-42 06-25 71-52 05-41 60-50 -> 41-52 (1066x)
   3574   06 14 34 62       DB $06, $14, $34, $62, $42, $06, $25, $71, $52, $05, $41, $60, $50, $41, $52
   3578   42 06 25 71   
   357c   52 05 41 60   
   3580   50 41 52      
                            ; Ply 6: 14-34 62-42 06-25 71-52 05-41 63-53 -> 04-06 (4902x)
   3583   06 14 34 62       DB $06, $14, $34, $62, $42, $06, $25, $71, $52, $05, $41, $63, $53, $04, $06
   3587   42 06 25 71   
   358b   52 05 41 63   
   358f   53 04 06      
                            ; Ply 6: 14-34 62-42 06-25 71-52 05-41 64-44 -> 04-06 (1571x)
   3592   06 14 34 62       DB $06, $14, $34, $62, $42, $06, $25, $71, $52, $05, $41, $64, $44, $04, $06
   3596   42 06 25 71   
   359a   52 05 41 64   
   359e   44 04 06      
                            ; Ply 6: 14-34 62-42 06-25 71-52 05-41 64-54 -> 04-06 (8810x)
   35a1   06 14 34 62       DB $06, $14, $34, $62, $42, $06, $25, $71, $52, $05, $41, $64, $54, $04, $06
   35a5   42 06 25 71   
   35a9   52 05 41 64   
   35ad   54 04 06      
                            ; Ply 6: 14-34 62-42 06-25 71-52 05-41 66-56 -> 04-06 (16418x)
   35b0   06 14 34 62       DB $06, $14, $34, $62, $42, $06, $25, $71, $52, $05, $41, $66, $56, $04, $06
   35b4   42 06 25 71   
   35b8   52 05 41 66   
   35bc   56 04 06      
                            ; Ply 6: 14-34 62-42 06-25 71-52 05-41 73-51 -> 01-22 (661x)
   35bf   06 14 34 62       DB $06, $14, $34, $62, $42, $06, $25, $71, $52, $05, $41, $73, $51, $01, $22
   35c3   42 06 25 71   
   35c7   52 05 41 73   
   35cb   51 01 22      
                            ; Ply 6: 14-34 62-42 06-25 71-52 05-41 73-62 -> 04-06 (559x)
   35ce   06 14 34 62       DB $06, $14, $34, $62, $42, $06, $25, $71, $52, $05, $41, $73, $62, $04, $06
   35d2   42 06 25 71   
   35d6   52 05 41 73   
   35da   62 04 06      
                            ; Ply 6: 14-34 62-42 06-25 71-52 05-41 76-55 -> 01-22 (2191x)
   35dd   06 14 34 62       DB $06, $14, $34, $62, $42, $06, $25, $71, $52, $05, $41, $76, $55, $01, $22
   35e1   42 06 25 71   
   35e5   52 05 41 76   
   35e9   55 01 22      
                            ; Ply 6: 13-33 64-54 14-34 63-43 34-44 62-42 -> 12-22 (981x)
   35ec   06 13 33 64       DB $06, $13, $33, $64, $54, $14, $34, $63, $43, $34, $44, $62, $42, $12, $22
   35f0   54 14 34 63   
   35f4   43 34 44 62   
   35f8   42 12 22      
                            ; Ply 6: 14-34 62-42 12-22 64-54 13-33 63-43 -> 34-44 (1676x)
   35fb   06 14 34 62       DB $06, $14, $34, $62, $42, $12, $22, $64, $54, $13, $33, $63, $43, $34, $44
   35ff   42 12 22 64   
   3603   54 13 33 63   
   3607   43 34 44      
                            ; Ply 6: 14-34 64-54 13-33 63-43 34-44 62-42 -> 12-22 (37743x)
   360a   06 14 34 64       DB $06, $14, $34, $64, $54, $13, $33, $63, $43, $34, $44, $62, $42, $12, $22
   360e   54 13 33 63   
   3612   43 34 44 62   
   3616   42 12 22      
                            ; Ply 6: 14-34 62-52 13-33 63-43 34-44 52-42 -> 33-42 (8615x)
   3619   06 14 34 62       DB $06, $14, $34, $62, $52, $13, $33, $63, $43, $34, $44, $52, $42, $33, $42
   361d   52 13 33 63   
   3621   43 34 44 52   
   3625   42 33 42      
                            ; Ply 6: 14-34 62-52 13-33 63-43 34-44 72-45 -> 06-25 (16734x)
   3628   06 14 34 62       DB $06, $14, $34, $62, $52, $13, $33, $63, $43, $34, $44, $72, $45, $06, $25
   362c   52 13 33 63   
   3630   43 34 44 72   
   3634   45 06 25      
                            ; Ply 6: 12-32 64-54 01-22 63-43 13-33 76-55 -> 32-43 (2872x)
   3637   06 12 32 64       DB $06, $12, $32, $64, $54, $01, $22, $63, $43, $13, $33, $76, $55, $32, $43
   363b   54 01 22 63   
   363f   43 13 33 76   
   3643   55 32 43      
                            ; Ply 6: 13-33 63-43 12-32 64-54 01-22 76-55 -> 32-43 (20477x)
   3646   06 13 33 63       DB $06, $13, $33, $63, $43, $12, $32, $64, $54, $01, $22, $76, $55, $32, $43
   364a   43 12 32 64   
   364e   54 01 22 76   
   3652   55 32 43      
                            ; Ply 6: 13-33 64-54 12-32 63-43 01-22 76-55 -> 32-43 (701x)
   3655   06 13 33 64       DB $06, $13, $33, $64, $54, $12, $32, $63, $43, $01, $22, $76, $55, $32, $43
   3659   54 12 32 63   
   365d   43 01 22 76   
   3661   55 32 43      
                            ; Ply 6: 13-33 64-54 12-32 76-55 01-22 63-43 -> 32-43 (556x)
   3664   06 13 33 64       DB $06, $13, $33, $64, $54, $12, $32, $76, $55, $01, $22, $63, $43, $32, $43
   3668   54 12 32 76   
   366c   55 01 22 63   
   3670   43 32 43      
                            ; Ply 6: 13-33 76-55 12-32 64-54 01-22 63-43 -> 32-43 (13373x)
   3673   06 13 33 76       DB $06, $13, $33, $76, $55, $12, $32, $64, $54, $01, $22, $63, $43, $32, $43
   3677   55 12 32 64   
   367b   54 01 22 63   
   367f   43 32 43      
                            ; Ply 6: 14-34 76-55 34-44 55-43 06-25 63-53 -> 13-33 (513x)
   3682   06 14 34 76       DB $06, $14, $34, $76, $55, $34, $44, $55, $43, $06, $25, $63, $53, $13, $33
   3686   55 34 44 55   
   368a   43 06 25 63   
   368e   53 13 33      
                            ; Ply 6: 14-34 76-55 34-44 55-43 13-33 63-53 -> 06-25 (17205x)
   3691   06 14 34 76       DB $06, $14, $34, $76, $55, $34, $44, $55, $43, $13, $33, $63, $53, $06, $25
   3695   55 34 44 55   
   3699   43 13 33 63   
   369d   53 06 25      
                            ; Ply 6: 14-34 63-43 34-43 73-43 01-22 43-40 -> 13-33 (17089x)
   36a0   06 14 34 63       DB $06, $14, $34, $63, $43, $34, $43, $73, $43, $01, $22, $43, $40, $13, $33
   36a4   43 34 43 73   
   36a8   43 01 22 43   
   36ac   40 13 33      
                            ; Ply 6: 13-33 63-53 14-34 76-55 01-22 66-56 -> 15-35 (579x)
   36af   06 13 33 63       DB $06, $13, $33, $63, $53, $14, $34, $76, $55, $01, $22, $66, $56, $15, $35
   36b3   53 14 34 76   
   36b7   55 01 22 66   
   36bb   56 15 35      
                            ; Ply 6: 14-34 63-53 13-33 76-55 01-22 66-56 -> 15-35 (9611x)
   36be   06 14 34 63       DB $06, $14, $34, $63, $53, $13, $33, $76, $55, $01, $22, $66, $56, $15, $35
   36c2   53 13 33 76   
   36c6   55 01 22 66   
   36ca   56 15 35      
                        
                            ; --- Opponent-prep addition (2026-04-21) ---
                            ; Ply 6: e2e4 e7e6 d2d4 d7d5 e4e5 g8e7 -> g1f3 (French Advance ...Ne7: normal Nf3)
   36cd   06 14 34 64       DB $06, $14, $34, $64, $54, $13, $33, $63, $43, $34, $44, $76, $64, $06, $25
   36d1   54 13 33 63   
   36d5   43 34 44 76   
   36d9   64 06 25      
                        
                            ; --- Krejcik-sacrifice-line addition (2026-04-22) ---
                            ; Ply 6: e2e4 g8f6 e4e5 f6e4 d2d3 e4f2 -> e1f2 (recapture the sac'd knight)
   36dc   06 14 34 76       DB $06, $14, $34, $76, $55, $34, $44, $55, $34, $13, $23, $34, $15, $04, $15
   36e0   55 34 44 55   
   36e4   34 13 23 34   
   36e8   15 04 15      
                        
                            ; --- Krejcik-retreat-line addition (2026-04-22) ---
                            ; Ply 6: e2e4 g8f6 e4e5 f6e4 d2d3 e4c5 -> g1f3 (develop, defend e5)
   36eb   06 14 34 76       DB $06, $14, $34, $76, $55, $34, $44, $55, $34, $13, $23, $34, $42, $06, $25
   36ef   55 34 44 55   
   36f3   34 13 23 34   
   36f7   42 06 25      
                        
                            ; --- Opponent-prep additions (2026-04-27) ---
                            ; Targets recurring OOB exits where existing 2026-04-21 ply-4 entries hit
                            ; book but black's continuation drove engine to weak/bad searched moves.
                            ; See bug_promotion_mate_score / book_strategy_shift in memory for context.
                        
                            ; Ply 6: e2e4 c7c6 d2d4 d7d5 e4e5 e7e6 -> b1c3 (Caro-Kann Advance, ...e6 transposition: develop)
                            ; Engine already plays Nc3 here from search; book it for consistency + speed.
   36fa   06 14 34 62       DB $06, $14, $34, $62, $52, $13, $33, $63, $43, $34, $44, $64, $54, $01, $22
   36fe   52 13 33 63   
   3702   43 34 44 64   
   3706   54 01 22      
                        
                            ; Ply 6: e2e4 e7e6 d2d4 a7a5 b1c3 a5a4 -> g1f3 (continuation of bizarre flank: develop instead of Qf3)
                            ; Engine searches Qf3 (premature queen sortie) here without book guidance.
   3709   06 14 34 64       DB $06, $14, $34, $64, $54, $13, $33, $60, $40, $01, $22, $40, $30, $06, $25
   370d   54 13 33 60   
   3711   40 01 22 40   
   3715   30 06 25      
                        
                            ; Ply 6: e2e4 e7e6 d2d4 a7a5 b1c3 d7d5 -> e4e5 (French Steinitz: close center)
                            ; Sibling to the ...a5a4 entry above. Black eventually plays the standard
                            ; French ...d5 push after the off-mainline ...a5; we close the center with
                            ; e5 (Steinitz Variation continuation), consistent with other French
                            ; Advance lines in book.
   3718   06 14 34 64       DB $06, $14, $34, $64, $54, $13, $33, $60, $40, $01, $22, $63, $43, $34, $44
   371c   54 13 33 60   
   3720   40 01 22 63   
   3724   43 34 44      
                        
                            ; Ply 6: e2e4 e7e6 d2d4 a7a5 b1c3 f8b4 -> e4e5 (French Winawer Advance)
                            ; Third sibling of the French ...a5 family (a4/d5/Bb4). Black pins our
                            ; Nc3 with Bb4 (Winawer pattern); we play the standard Advance reply
                            ; e5 to claim center and challenge black's bishop placement.
   3727   06 14 34 64       DB $06, $14, $34, $64, $54, $13, $33, $60, $40, $01, $22, $75, $31, $34, $44
   372b   54 13 33 60   
   372f   40 01 22 75   
   3733   31 34 44      
                        
                            ; Ply 6: e2e4 c7c6 d2d4 d8c7 b1c3 g7g6 -> g1f3 (premature queen + fianchetto: develop instead of Rb1)
                            ; Engine searches Rb1 (rook lift) here without book guidance.
   3736   06 14 34 62       DB $06, $14, $34, $62, $52, $13, $33, $73, $62, $01, $22, $66, $56, $06, $25
   373a   52 13 33 73   
   373e   62 01 22 66   
   3742   56 06 25      
                        
                            ; Ply 6: e2e4 c7c6 d2d4 d8c7 b1c3 d7d6 -> g1f3 (Caro+Qc7+...d6: same Nf3
                            ; development as the sibling g6 entry above. From the 2026-05-01 winning
                            ; match — engine survived 8 moves of d=2 blindness here against a passive
                            ; Stockfish before reaching d=4. Book it to skip the blindness phase.
   3745   06 14 34 62       DB $06, $14, $34, $62, $52, $13, $33, $73, $62, $01, $22, $63, $53, $06, $25
   3749   52 13 33 73   
   374d   62 01 22 63   
   3751   53 06 25      
                        
                            ; Ply 6: e2e4 c7c6 d2d4 d8c7 b1c3 g8f6 -> g1f3 (Caro+Qc7+...Nf6: standard
                            ; Nf3 development, completing the trio of Caro+Qc7 ply-6 entries
                            ; (g6/d6/Nf6 — the three most likely black 3rd moves after Qc7+Nc3).
   3754   06 14 34 62       DB $06, $14, $34, $62, $52, $13, $33, $73, $62, $01, $22, $76, $55, $06, $25
   3758   52 13 33 73   
   375c   62 01 22 76   
   3760   55 06 25      
                        
                            ; Ply 6: e2e4 e7e6 d2d4 c7c6 b1c3 d8c7 -> g1f3 (Franco-Caro + Qc7: dev)
                            ; Franco-Caro hybrid (...e6+...c6) followed by early ...Qc7 queen sortie.
                            ; Same pattern as Caro+Qc7 lines above; ignore the queen, develop with Nf3.
   3763   06 14 34 64       DB $06, $14, $34, $64, $54, $13, $33, $62, $52, $01, $22, $73, $62, $06, $25
   3767   54 13 33 62   
   376b   52 01 22 73   
   376f   62 06 25      
                        
                            ; Ply 6: e2e4 c7c6 d2d4 e7e6 b1c3 f8e7 -> g1f3 (Caro-French + Be7: develop instead of passive Bf4)
                            ; Engine searches Bf4 (passive) here without book guidance.
   3772   06 14 34 62       DB $06, $14, $34, $62, $52, $13, $33, $64, $54, $01, $22, $75, $64, $06, $25
   3776   52 13 33 64   
   377a   54 01 22 75   
   377e   64 06 25      
                        
                            ; --- Win-line lock-in (2026-04-28) ---
                            ; Ply 6: e2e4 e7e5 g1f3 f8d6 f1c4 c7c5 -> e1g1 (ELPH-Italian: castle short)
                            ; Both Apr 27 and Apr 28 wins followed this exact sequence; engine searches
                            ; ~180s to reach e1g1 each time. Book it to save time + lock the winning line.
   3781   06 14 34 64       DB $06, $14, $34, $64, $44, $06, $25, $75, $53, $05, $32, $62, $42, $04, $06
   3785   44 06 25 75   
   3789   53 05 32 62   
   378d   42 04 06      
                        
                            ; --- Sibling line, 2026-05-01 (King's Knight match OOB exit) ---
                            ; Ply 6: e2e4 e7e5 g1f3 f8d6 f1c4 b8c6 -> e1g1 (Bd6+Bc4 with ...Nc6 dev)
                            ; Same Italian setup as the c7c5 line above, but black plays Nc6 instead.
                            ; In the 2026-05-01 match the engine reached d=4 only on move 7 and chose
                            ; e1g1 itself — validating the move; book it to skip the d=2 cascade.
   3790   06 14 34 64       DB $06, $14, $34, $64, $44, $06, $25, $75, $53, $05, $32, $71, $52, $04, $06
   3794   44 06 25 75   
   3798   53 05 32 71   
   379c   52 04 06      
                        
                            ; --- OOB-gap fix from 2026-04-28 loss (a-pawn promotion match) ---
                            ; Ply 6: e2e4 g8f6 e4e5 f6g8 d2d4 e7e6 -> g1f3 (Alekhine ...Ng8 retreat,
                            ; black plays ...e6: standard Nf3 development. Engine without book chose
                            ; Bd3 with d=2-only search (180s timeout); led to early-queen attack & loss.
   379f   06 14 34 76       DB $06, $14, $34, $76, $55, $34, $44, $55, $76, $13, $33, $64, $54, $06, $25
   37a3   55 34 44 55   
   37a7   76 13 33 64   
   37ab   54 06 25      
                        
                            ; --- Sibling ...Ng8 ...d6 line, validated by 2026-05-01 win #8 ---
                            ; Ply 6: e2e4 g8f6 e4e5 f6g8 d2d4 d7d6 -> e5d6 (capture the pawn — standard
                            ; book reply). Engine has been finding exd6 itself from d=3 search; book
                            ; it to skip the 100+s opening-search drift. Pattern previously appeared
                            ; in 2 lost matches (engine same e5d6 pick); the 8th win confirmed it's
                            ; principled play, not coincidence.
   37ae   06 14 34 76       DB $06, $14, $34, $76, $55, $34, $44, $55, $76, $13, $33, $63, $53, $44, $53
   37b2   55 34 44 55   
   37b6   76 13 33 63   
   37ba   53 44 53      
                        
                            ; Ply 6: e2e4 g8f6 e4e5 f6g8 d2d4 d7d5 -> g1f3 (Brooklyn ...d5: Nf3 dev)
                            ; Black challenges center with ...d5 → French-like advance structure.
                            ; Nf3 is consistent flexible dev (c4 break is more aggressive but leads
                            ; to tactical complications we'd rather not enter from book without depth).
                            ; Completes the trio of Brooklyn ply-6 responses (e6/d6/d5).
   37bd   06 14 34 76       DB $06, $14, $34, $76, $55, $34, $44, $55, $76, $13, $33, $63, $43, $06, $25
   37c1   55 34 44 55   
   37c5   76 13 33 63   
   37c9   43 06 25      
                        
                            ; Ply 6: e2e4 e7e5 g1f3 d7d6 d2d4 e5d4 -> f3d4 (Philidor Exchange: Nxd4)
                            ; Textbook continuation after Philidor's Exchange. Knight recaptures on
                            ; d4 — queen recapture (Qxd4) would expose Qd4 to ...Nc6 with tempo.
   37cc   06 14 34 64       DB $06, $14, $34, $64, $44, $06, $25, $63, $53, $13, $33, $44, $33, $25, $33
   37d0   44 06 25 63   
   37d4   53 13 33 44   
   37d8   33 25 33      
                        
                            ; Ply 6: e2e4 e7e5 g1f3 d7d5 e4d5 g8f6 -> f1b5 (Elephant Gambit: Bb5+)
                            ; Black attacks the d5 pawn with ...Nf6 after the gambit accept. Standard
                            ; theory: Bb5+ develops with tempo, forces a defensive black move (Bd7
                            ; or c6) that lets white retain the gambit material edge.
   37db   06 14 34 64       DB $06, $14, $34, $64, $44, $06, $25, $63, $43, $34, $43, $76, $55, $05, $41
   37df   44 06 25 63   
   37e3   43 34 43 76   
   37e7   55 05 41      
                        
                            ; --- OOB-gap fix from 2026-04-29 draw (Caro+e6+Qc7 d=2 cascade) ---
                            ; Ply 6: e2e4 c7c6 d2d4 e7e6 b1c3 d8c7 -> g1f3 (Caro-French + early Qc7:
                            ; standard Nf3 development. Without book, engine d=2-timed-out 3 moves in a
                            ; row and committed to a losing knight sacrifice at move 7 from a noisy +990cp
                            ; d=2 evaluation. Locks in development before the search drift compounds.
   37ea   06 14 34 62       DB $06, $14, $34, $62, $52, $13, $33, $64, $54, $01, $22, $73, $62, $06, $25
   37ee   52 13 33 64   
   37f2   54 01 22 73   
   37f6   62 06 25      
                        
                            ; --- Caro-Kann Advance mainline coverage (2026-05-01) ---
                            ; Ply 6: e2e4 c7c6 d2d4 d7d5 e4e5 c8f5 -> g1f3 (Caro Advance ...Bf5: the
                            ; classical mainline, by far the most-played black response. Without book,
                            ; engine fell into 12-consecutive-move d=2 cascade in 2026-04-30 match.
   37f9   06 14 34 62       DB $06, $14, $34, $62, $52, $13, $33, $63, $43, $34, $44, $72, $45, $06, $25
   37fd   52 13 33 63   
   3801   43 34 44 72   
   3805   45 06 25      
                        
                            ; Ply 6: e2e4 c7c6 d2d4 d7d5 e4e5 d8b6 -> g1f3 (Caro Advance ...Qb6: early
                            ; queen sortie. Specific OOB exit from 2026-04-30 match where engine chose
                            ; passive Be2 from d=3 search, then drifted into noisy d=2 territory.
   3808   06 14 34 62       DB $06, $14, $34, $62, $52, $13, $33, $63, $43, $34, $44, $73, $51, $06, $25
   380c   52 13 33 63   
   3810   43 34 44 73   
   3814   51 06 25      
                        
                            ; === Ply 7 ===
                            ; Ply 7: 14-34 64-44 05-32 71-52 06-25 75-42 12-22 -> 76-55 (304x)
   3817   07 14 34 64       DB $07, $14, $34, $64, $44, $05, $32, $71, $52, $06, $25, $75, $42, $12, $22, $76, $55
   381b   44 05 32 71   
   381f   52 06 25 75   
   3823   42 12 22 76   
   3827   55            
                            ; Ply 7: 14-34 64-44 06-25 71-52 05-32 75-42 01-22 -> 76-55 (1693x)
   3828   07 14 34 64       DB $07, $14, $34, $64, $44, $06, $25, $71, $52, $05, $32, $75, $42, $01, $22, $76, $55
   382c   44 06 25 71   
   3830   52 05 32 75   
   3834   42 01 22 76   
   3838   55            
                            ; Ply 7: 14-34 64-44 06-25 71-52 05-32 75-42 04-06 -> 76-55 (8069x)
   3839   07 14 34 64       DB $07, $14, $34, $64, $44, $06, $25, $71, $52, $05, $32, $75, $42, $04, $06, $76, $55
   383d   44 06 25 71   
   3841   52 05 32 75   
   3845   42 04 06 76   
   3849   55            
                            ; Ply 7: 14-34 64-44 06-25 71-52 05-32 75-42 11-31 -> 42-31 (3844x)
   384a   07 14 34 64       DB $07, $14, $34, $64, $44, $06, $25, $71, $52, $05, $32, $75, $42, $11, $31, $42, $31
   384e   44 06 25 71   
   3852   52 05 32 75   
   3856   42 11 31 42   
   385a   31            
                            ; Ply 7: 14-34 64-44 06-25 71-52 05-32 75-42 12-22 -> 76-55 (22985x)
   385b   07 14 34 64       DB $07, $14, $34, $64, $44, $06, $25, $71, $52, $05, $32, $75, $42, $12, $22, $76, $55
   385f   44 06 25 71   
   3863   52 05 32 75   
   3867   42 12 22 76   
   386b   55            
                            ; Ply 7: 14-34 64-44 06-25 71-52 05-32 75-42 13-23 -> 76-55 (6950x)
   386c   07 14 34 64       DB $07, $14, $34, $64, $44, $06, $25, $71, $52, $05, $32, $75, $42, $13, $23, $76, $55
   3870   44 06 25 71   
   3874   52 05 32 75   
   3878   42 13 23 76   
   387c   55            
                            ; Ply 7: 14-34 62-42 06-25 71-52 05-41 52-33 25-33 -> 42-33 (698x)
   387d   07 14 34 62       DB $07, $14, $34, $62, $42, $06, $25, $71, $52, $05, $41, $52, $33, $25, $33, $42, $33
   3881   42 06 25 71   
   3885   52 05 41 52   
   3889   33 25 33 42   
   388d   33            
                            ; Ply 7: 14-34 62-42 06-25 71-52 05-41 60-50 41-52 -> 63-52 (565x)
   388e   07 14 34 62       DB $07, $14, $34, $62, $42, $06, $25, $71, $52, $05, $41, $60, $50, $41, $52, $63, $52
   3892   42 06 25 71   
   3896   52 05 41 60   
   389a   50 41 52 63   
   389e   52            
                            ; Ply 7: 14-34 62-42 06-25 71-52 05-41 63-53 04-06 -> 72-63 (4327x)
   389f   07 14 34 62       DB $07, $14, $34, $62, $42, $06, $25, $71, $52, $05, $41, $63, $53, $04, $06, $72, $63
   38a3   42 06 25 71   
   38a7   52 05 41 63   
   38ab   53 04 06 72   
   38af   63            
                            ; Ply 7: 14-34 62-42 06-25 71-52 05-41 63-53 13-33 -> 42-33 (864x)
   38b0   07 14 34 62       DB $07, $14, $34, $62, $42, $06, $25, $71, $52, $05, $41, $63, $53, $13, $33, $42, $33
   38b4   42 06 25 71   
   38b8   52 05 41 63   
   38bc   53 13 33 42   
   38c0   33            
                            ; Ply 7: 14-34 62-42 06-25 71-52 05-41 63-53 41-52 -> 61-52 (1035x)
   38c1   07 14 34 62       DB $07, $14, $34, $62, $42, $06, $25, $71, $52, $05, $41, $63, $53, $41, $52, $61, $52
   38c5   42 06 25 71   
   38c9   52 05 41 63   
   38cd   53 41 52 61   
   38d1   52            
                            ; Ply 7: 14-34 62-42 06-25 71-52 05-41 64-44 04-06 -> 75-53 (1137x)
   38d2   07 14 34 62       DB $07, $14, $34, $62, $42, $06, $25, $71, $52, $05, $41, $64, $44, $04, $06, $75, $53
   38d6   42 06 25 71   
   38da   52 05 41 64   
   38de   44 04 06 75   
   38e2   53            
                            ; Ply 7: 14-34 62-42 06-25 71-52 05-41 64-54 04-06 -> 76-64 (8301x)
   38e3   07 14 34 62       DB $07, $14, $34, $62, $42, $06, $25, $71, $52, $05, $41, $64, $54, $04, $06, $76, $64
   38e7   42 06 25 71   
   38eb   52 05 41 64   
   38ef   54 04 06 76   
   38f3   64            
                            ; Ply 7: 14-34 62-42 06-25 71-52 05-41 64-54 41-52 -> 61-52 (4484x)
   38f4   07 14 34 62       DB $07, $14, $34, $62, $42, $06, $25, $71, $52, $05, $41, $64, $54, $41, $52, $61, $52
   38f8   42 06 25 71   
   38fc   52 05 41 64   
   3900   54 41 52 61   
   3904   52            
                            ; Ply 7: 14-34 62-42 06-25 71-52 05-41 66-56 04-06 -> 75-66 (16229x)
   3905   07 14 34 62       DB $07, $14, $34, $62, $42, $06, $25, $71, $52, $05, $41, $66, $56, $04, $06, $75, $66
   3909   42 06 25 71   
   390d   52 05 41 66   
   3911   56 04 06 75   
   3915   66            
                            ; Ply 7: 14-34 62-42 06-25 71-52 05-41 66-56 12-22 -> 75-66 (766x)
   3916   07 14 34 62       DB $07, $14, $34, $62, $42, $06, $25, $71, $52, $05, $41, $66, $56, $12, $22, $75, $66
   391a   42 06 25 71   
   391e   52 05 41 66   
   3922   56 12 22 75   
   3926   66            
                            ; Ply 7: 14-34 62-42 06-25 71-52 05-41 66-56 41-52 -> 63-52 (7797x)
   3927   07 14 34 62       DB $07, $14, $34, $62, $42, $06, $25, $71, $52, $05, $41, $66, $56, $41, $52, $63, $52
   392b   42 06 25 71   
   392f   52 05 41 66   
   3933   56 41 52 63   
   3937   52            
                            ; Ply 7: 14-34 62-42 06-25 71-52 05-41 73-51 01-22 -> 64-54 (582x)
   3938   07 14 34 62       DB $07, $14, $34, $62, $42, $06, $25, $71, $52, $05, $41, $73, $51, $01, $22, $64, $54
   393c   42 06 25 71   
   3940   52 05 41 73   
   3944   51 01 22 64   
   3948   54            
                            ; Ply 7: 14-34 62-42 06-25 71-52 05-41 76-55 01-22 -> 73-62 (943x)
   3949   07 14 34 62       DB $07, $14, $34, $62, $42, $06, $25, $71, $52, $05, $41, $76, $55, $01, $22, $73, $62
   394d   42 06 25 71   
   3951   52 05 41 76   
   3955   55 01 22 73   
   3959   62            
                            ; Ply 7: 14-34 62-42 06-25 71-52 05-41 76-55 34-44 -> 55-43 (980x)
   395a   07 14 34 62       DB $07, $14, $34, $62, $42, $06, $25, $71, $52, $05, $41, $76, $55, $34, $44, $55, $43
   395e   42 06 25 71   
   3962   52 05 41 76   
   3966   55 34 44 55   
   396a   43            
                            ; Ply 7: 14-34 62-42 06-25 71-52 05-41 76-55 41-52 -> 63-52 (1440x)
   396b   07 14 34 62       DB $07, $14, $34, $62, $42, $06, $25, $71, $52, $05, $41, $76, $55, $41, $52, $63, $52
   396f   42 06 25 71   
   3973   52 05 41 76   
   3977   55 41 52 63   
   397b   52            
                            ; Ply 7: 13-33 64-54 14-34 63-43 34-44 62-42 12-22 -> 71-52 (715x)
   397c   07 13 33 64       DB $07, $13, $33, $64, $54, $14, $34, $63, $43, $34, $44, $62, $42, $12, $22, $71, $52
   3980   54 14 34 63   
   3984   43 34 44 62   
   3988   42 12 22 71   
   398c   52            
                            ; Ply 7: 14-34 62-42 12-22 64-54 13-33 63-43 34-44 -> 71-52 (1225x)
   398d   07 14 34 62       DB $07, $14, $34, $62, $42, $12, $22, $64, $54, $13, $33, $63, $43, $34, $44, $71, $52
   3991   42 12 22 64   
   3995   54 13 33 63   
   3999   43 34 44 71   
   399d   52            
                            ; Ply 7: 14-34 64-54 13-33 63-43 34-44 62-42 12-22 -> 71-52 (27824x)
   399e   07 14 34 64       DB $07, $14, $34, $64, $54, $13, $33, $63, $43, $34, $44, $62, $42, $12, $22, $71, $52
   39a2   54 13 33 63   
   39a6   43 34 44 62   
   39aa   42 12 22 71   
   39ae   52            
                            ; Ply 7: 14-34 62-52 13-33 63-43 34-44 52-42 06-25 -> 42-33 (1496x)
   39af   07 14 34 62       DB $07, $14, $34, $62, $52, $13, $33, $63, $43, $34, $44, $52, $42, $06, $25, $42, $33
   39b3   52 13 33 63   
   39b7   43 34 44 52   
   39bb   42 06 25 42   
   39bf   33            
                            ; Ply 7: 14-34 62-52 13-33 63-43 34-44 52-42 12-22 -> 71-52 (1519x)
   39c0   07 14 34 62       DB $07, $14, $34, $62, $52, $13, $33, $63, $43, $34, $44, $52, $42, $12, $22, $71, $52
   39c4   52 13 33 63   
   39c8   43 34 44 52   
   39cc   42 12 22 71   
   39d0   52            
                            ; Ply 7: 14-34 62-52 13-33 63-43 34-44 52-42 33-42 -> 64-54 (5787x)
   39d1   07 14 34 62       DB $07, $14, $34, $62, $52, $13, $33, $63, $43, $34, $44, $52, $42, $33, $42, $64, $54
   39d5   52 13 33 63   
   39d9   43 34 44 52   
   39dd   42 33 42 64   
   39e1   54            
                            ; Ply 7: 14-34 62-52 13-33 63-43 34-44 72-45 01-13 -> 64-54 (3394x)
   39e2   07 14 34 62       DB $07, $14, $34, $62, $52, $13, $33, $63, $43, $34, $44, $72, $45, $01, $13, $64, $54
   39e6   52 13 33 63   
   39ea   43 34 44 72   
   39ee   45 01 13 64   
   39f2   54            
                            ; Ply 7: 14-34 62-52 13-33 63-43 34-44 72-45 01-22 -> 64-54 (3720x)
   39f3   07 14 34 62       DB $07, $14, $34, $62, $52, $13, $33, $63, $43, $34, $44, $72, $45, $01, $22, $64, $54
   39f7   52 13 33 63   
   39fb   43 34 44 72   
   39ff   45 01 22 64   
   3a03   54            
                            ; Ply 7: 14-34 62-52 13-33 63-43 34-44 72-45 02-24 -> 64-54 (911x)
   3a04   07 14 34 62       DB $07, $14, $34, $62, $52, $13, $33, $63, $43, $34, $44, $72, $45, $02, $24, $64, $54
   3a08   52 13 33 63   
   3a0c   43 34 44 72   
   3a10   45 02 24 64   
   3a14   54            
                            ; Ply 7: 14-34 62-52 13-33 63-43 34-44 72-45 05-23 -> 45-23 (1930x)
   3a15   07 14 34 62       DB $07, $14, $34, $62, $52, $13, $33, $63, $43, $34, $44, $72, $45, $05, $23, $45, $23
   3a19   52 13 33 63   
   3a1d   43 34 44 72   
   3a21   45 05 23 45   
   3a25   23            
                            ; Ply 7: 14-34 62-52 13-33 63-43 34-44 72-45 06-14 -> 64-54 (937x)
   3a26   07 14 34 62       DB $07, $14, $34, $62, $52, $13, $33, $63, $43, $34, $44, $72, $45, $06, $14, $64, $54
   3a2a   52 13 33 63   
   3a2e   43 34 44 72   
   3a32   45 06 14 64   
   3a36   54            
                            ; Ply 7: 14-34 62-52 13-33 63-43 34-44 72-45 06-25 -> 64-54 (16528x)
   3a37   07 14 34 62       DB $07, $14, $34, $62, $52, $13, $33, $63, $43, $34, $44, $72, $45, $06, $25, $64, $54
   3a3b   52 13 33 63   
   3a3f   43 34 44 72   
   3a43   45 06 25 64   
   3a47   54            
                            ; Ply 7: 14-34 62-52 13-33 63-43 34-44 72-45 12-22 -> 64-54 (591x)
   3a48   07 14 34 62       DB $07, $14, $34, $62, $52, $13, $33, $63, $43, $34, $44, $72, $45, $12, $22, $64, $54
   3a4c   52 13 33 63   
   3a50   43 34 44 72   
   3a54   45 12 22 64   
   3a58   54            
                            ; Ply 7: 14-34 62-52 13-33 63-43 34-44 72-45 12-32 -> 64-54 (1499x)
   3a59   07 14 34 62       DB $07, $14, $34, $62, $52, $13, $33, $63, $43, $34, $44, $72, $45, $12, $32, $64, $54
   3a5d   52 13 33 63   
   3a61   43 34 44 72   
   3a65   45 12 32 64   
   3a69   54            
                            ; Ply 7: 14-34 62-52 13-33 63-43 34-44 72-45 16-36 -> 45-34 (552x)
   3a6a   07 14 34 62       DB $07, $14, $34, $62, $52, $13, $33, $63, $43, $34, $44, $72, $45, $16, $36, $45, $34
   3a6e   52 13 33 63   
   3a72   43 34 44 72   
   3a76   45 16 36 45   
   3a7a   34            
                            ; Ply 7: 14-34 62-52 13-33 63-43 34-44 72-45 17-37 -> 67-47 (8618x)
   3a7b   07 14 34 62       DB $07, $14, $34, $62, $52, $13, $33, $63, $43, $34, $44, $72, $45, $17, $37, $67, $47
   3a7f   52 13 33 63   
   3a83   43 34 44 72   
   3a87   45 17 37 67   
   3a8b   47            
                            ; Ply 7: 12-32 64-54 01-22 63-43 13-33 76-55 32-43 -> 54-43 (2595x)
   3a8c   07 12 32 64       DB $07, $12, $32, $64, $54, $01, $22, $63, $43, $13, $33, $76, $55, $32, $43, $54, $43
   3a90   54 01 22 63   
   3a94   43 13 33 76   
   3a98   55 32 43 54   
   3a9c   43            
                            ; Ply 7: 13-33 63-43 12-32 64-54 01-22 76-55 32-43 -> 54-43 (19219x)
   3a9d   07 13 33 63       DB $07, $13, $33, $63, $43, $12, $32, $64, $54, $01, $22, $76, $55, $32, $43, $54, $43
   3aa1   43 12 32 64   
   3aa5   54 01 22 76   
   3aa9   55 32 43 54   
   3aad   43            
                            ; Ply 7: 13-33 64-54 12-32 63-43 01-22 76-55 32-43 -> 54-43 (640x)
   3aae   07 13 33 64       DB $07, $13, $33, $64, $54, $12, $32, $63, $43, $01, $22, $76, $55, $32, $43, $54, $43
   3ab2   54 12 32 63   
   3ab6   43 01 22 76   
   3aba   55 32 43 54   
   3abe   43            
                            ; Ply 7: 13-33 76-55 12-32 64-54 01-22 63-43 32-43 -> 54-43 (11922x)
   3abf   07 13 33 76       DB $07, $13, $33, $76, $55, $12, $32, $64, $54, $01, $22, $63, $43, $32, $43, $54, $43
   3ac3   55 12 32 64   
   3ac7   54 01 22 63   
   3acb   43 32 43 54   
   3acf   43            
                            ; Ply 7: 14-34 76-55 34-44 55-43 13-33 63-53 06-25 -> 72-36 (6383x)
   3ad0   07 14 34 76       DB $07, $14, $34, $76, $55, $34, $44, $55, $43, $13, $33, $63, $53, $06, $25, $72, $36
   3ad4   55 34 44 55   
   3ad8   43 13 33 63   
   3adc   53 06 25 72   
   3ae0   36            
                            ; Ply 7: 14-34 63-43 34-43 73-43 01-22 43-40 05-32 -> 76-55 (2045x)
   3ae1   07 14 34 63       DB $07, $14, $34, $63, $43, $34, $43, $73, $43, $01, $22, $43, $40, $05, $32, $76, $55
   3ae5   43 34 43 73   
   3ae9   43 01 22 43   
   3aed   40 05 32 76   
   3af1   55            
                            ; Ply 7: 14-34 63-43 34-43 73-43 01-22 43-40 06-25 -> 76-55 (2116x)
   3af2   07 14 34 63       DB $07, $14, $34, $63, $43, $34, $43, $73, $43, $01, $22, $43, $40, $06, $25, $76, $55
   3af6   43 34 43 73   
   3afa   43 01 22 43   
   3afe   40 06 25 76   
   3b02   55            
                            ; Ply 7: 14-34 63-43 34-43 73-43 01-22 43-40 13-33 -> 76-55 (12102x)
   3b03   07 14 34 63       DB $07, $14, $34, $63, $43, $34, $43, $73, $43, $01, $22, $43, $40, $13, $33, $76, $55
   3b07   43 34 43 73   
   3b0b   43 01 22 43   
   3b0f   40 13 33 76   
   3b13   55            
                            ; Ply 7: 14-34 63-43 34-43 73-43 01-22 43-40 16-26 -> 76-55 (510x)
   3b14   07 14 34 63       DB $07, $14, $34, $63, $43, $34, $43, $73, $43, $01, $22, $43, $40, $16, $26, $76, $55
   3b18   43 34 43 73   
   3b1c   43 01 22 43   
   3b20   40 16 26 76   
   3b24   55            
                            ; Ply 7: 13-33 63-53 14-34 76-55 01-22 66-56 15-35 -> 75-66 (567x)
   3b25   07 13 33 63       DB $07, $13, $33, $63, $53, $14, $34, $76, $55, $01, $22, $66, $56, $15, $35, $75, $66
   3b29   53 14 34 76   
   3b2d   55 01 22 66   
   3b31   56 15 35 75   
   3b35   66            
                            ; Ply 7: 14-34 63-53 13-33 76-55 01-22 66-56 15-35 -> 75-66 (9307x)
   3b36   07 14 34 63       DB $07, $14, $34, $63, $53, $13, $33, $76, $55, $01, $22, $66, $56, $15, $35, $75, $66
   3b3a   53 13 33 76   
   3b3e   55 01 22 66   
   3b42   56 15 35 75   
   3b46   66            
                        
                            ; === Ply 8 ===
                            ; Ply 8: 14-34 64-44 05-32 71-52 06-25 75-42 12-22 76-55 -> 13-23 (226x)
   3b47   08 14 34 64       DB $08, $14, $34, $64, $44, $05, $32, $71, $52, $06, $25, $75, $42, $12, $22, $76, $55, $13, $23
   3b4b   44 05 32 71   
   3b4f   52 06 25 75   
   3b53   42 12 22 76   
   3b57   55 13 23      
                            ; Ply 8: 14-34 64-44 06-25 71-52 05-32 75-42 01-22 63-53 -> 13-23 (204x)
   3b5a   08 14 34 64       DB $08, $14, $34, $64, $44, $06, $25, $71, $52, $05, $32, $75, $42, $01, $22, $63, $53, $13, $23
   3b5e   44 06 25 71   
   3b62   52 05 32 75   
   3b66   42 01 22 63   
   3b6a   53 13 23      
                            ; Ply 8: 14-34 64-44 06-25 71-52 05-32 75-42 01-22 76-55 -> 13-23 (1411x)
   3b6d   08 14 34 64       DB $08, $14, $34, $64, $44, $06, $25, $71, $52, $05, $32, $75, $42, $01, $22, $76, $55, $13, $23
   3b71   44 06 25 71   
   3b75   52 05 32 75   
   3b79   42 01 22 76   
   3b7d   55 13 23      
                            ; Ply 8: 14-34 64-44 06-25 71-52 05-32 75-42 04-06 63-53 -> 12-22 (869x)
   3b80   08 14 34 64       DB $08, $14, $34, $64, $44, $06, $25, $71, $52, $05, $32, $75, $42, $04, $06, $63, $53, $12, $22
   3b84   44 06 25 71   
   3b88   52 05 32 75   
   3b8c   42 04 06 63   
   3b90   53 12 22      
                            ; Ply 8: 14-34 64-44 06-25 71-52 05-32 75-42 04-06 76-55 -> 13-23 (5620x)
   3b93   08 14 34 64       DB $08, $14, $34, $64, $44, $06, $25, $71, $52, $05, $32, $75, $42, $04, $06, $76, $55, $13, $23
   3b97   44 06 25 71   
   3b9b   52 05 32 75   
   3b9f   42 04 06 76   
   3ba3   55 13 23      
                            ; Ply 8: 14-34 64-44 06-25 71-52 05-32 75-42 11-31 42-31 -> 12-22 (3833x)
   3ba6   08 14 34 64       DB $08, $14, $34, $64, $44, $06, $25, $71, $52, $05, $32, $75, $42, $11, $31, $42, $31, $12, $22
   3baa   44 06 25 71   
   3bae   52 05 32 75   
   3bb2   42 11 31 42   
   3bb6   31 12 22      
                            ; Ply 8: 14-34 64-44 06-25 71-52 05-32 75-42 11-31 42-51 -> 10-30 (378x)
   3bb9   08 14 34 64       DB $08, $14, $34, $64, $44, $06, $25, $71, $52, $05, $32, $75, $42, $11, $31, $42, $51, $10, $30
   3bbd   44 06 25 71   
   3bc1   52 05 32 75   
   3bc5   42 11 31 42   
   3bc9   51 10 30      
                            ; Ply 8: 14-34 64-44 06-25 71-52 05-32 75-42 12-22 63-53 -> 13-33 (666x)
   3bcc   08 14 34 64       DB $08, $14, $34, $64, $44, $06, $25, $71, $52, $05, $32, $75, $42, $12, $22, $63, $53, $13, $33
   3bd0   44 06 25 71   
   3bd4   52 05 32 75   
   3bd8   42 12 22 63   
   3bdc   53 13 33      
                            ; Ply 8: 14-34 64-44 06-25 71-52 05-32 75-42 12-22 73-64 -> 04-06 (509x)
   3bdf   08 14 34 64       DB $08, $14, $34, $64, $44, $06, $25, $71, $52, $05, $32, $75, $42, $12, $22, $73, $64, $04, $06
   3be3   44 06 25 71   
   3be7   52 05 32 75   
   3beb   42 12 22 73   
   3bef   64 04 06      
                            ; Ply 8: 14-34 64-44 06-25 71-52 05-32 75-42 12-22 76-55 -> 13-23 (13964x)
   3bf2   08 14 34 64       DB $08, $14, $34, $64, $44, $06, $25, $71, $52, $05, $32, $75, $42, $12, $22, $76, $55, $13, $23
   3bf6   44 06 25 71   
   3bfa   52 05 32 75   
   3bfe   42 12 22 76   
   3c02   55 13 23      
                            ; Ply 8: 14-34 64-44 06-25 71-52 05-32 75-42 13-23 63-53 -> 12-22 (343x)
   3c05   08 14 34 64       DB $08, $14, $34, $64, $44, $06, $25, $71, $52, $05, $32, $75, $42, $13, $23, $63, $53, $12, $22
   3c09   44 06 25 71   
   3c0d   52 05 32 75   
   3c11   42 13 23 63   
   3c15   53 12 22      
                            ; Ply 8: 14-34 64-44 06-25 71-52 05-32 75-42 13-23 67-57 -> 01-22 (205x)
   3c18   08 14 34 64       DB $08, $14, $34, $64, $44, $06, $25, $71, $52, $05, $32, $75, $42, $13, $23, $67, $57, $01, $22
   3c1c   44 06 25 71   
   3c20   52 05 32 75   
   3c24   42 13 23 67   
   3c28   57 01 22      
                            ; Ply 8: 14-34 64-44 06-25 71-52 05-32 75-42 13-23 76-55 -> 04-06 (2215x)
   3c2b   08 14 34 64       DB $08, $14, $34, $64, $44, $06, $25, $71, $52, $05, $32, $75, $42, $13, $23, $76, $55, $04, $06
   3c2f   44 06 25 71   
   3c33   52 05 32 75   
   3c37   42 13 23 76   
   3c3b   55 04 06      
                            ; Ply 8: 14-34 62-42 06-25 71-52 05-41 63-53 04-06 72-63 -> 05-04 (3148x)
   3c3e   08 14 34 62       DB $08, $14, $34, $62, $42, $06, $25, $71, $52, $05, $41, $63, $53, $04, $06, $72, $63, $05, $04
   3c42   42 06 25 71   
   3c46   52 05 41 63   
   3c4a   53 04 06 72   
   3c4e   63 05 04      
                            ; Ply 8: 14-34 62-42 06-25 71-52 05-41 63-53 13-33 42-33 -> 03-33 (753x)
   3c51   08 14 34 62       DB $08, $14, $34, $62, $42, $06, $25, $71, $52, $05, $41, $63, $53, $13, $33, $42, $33, $03, $33
   3c55   42 06 25 71   
   3c59   52 05 41 63   
   3c5d   53 13 33 42   
   3c61   33 03 33      
                            ; Ply 8: 14-34 62-42 06-25 71-52 05-41 63-53 41-52 61-52 -> 04-06 (741x)
   3c64   08 14 34 62       DB $08, $14, $34, $62, $42, $06, $25, $71, $52, $05, $41, $63, $53, $41, $52, $61, $52, $04, $06
   3c68   42 06 25 71   
   3c6c   52 05 41 63   
   3c70   53 41 52 61   
   3c74   52 04 06      
                            ; Ply 8: 14-34 62-42 06-25 71-52 05-41 64-44 04-06 75-53 -> 12-22 (626x)
   3c77   08 14 34 62       DB $08, $14, $34, $62, $42, $06, $25, $71, $52, $05, $41, $64, $44, $04, $06, $75, $53, $12, $22
   3c7b   42 06 25 71   
   3c7f   52 05 41 64   
   3c83   44 04 06 75   
   3c87   53 12 22      
                            ; Ply 8: 14-34 62-42 06-25 71-52 05-41 64-54 04-06 76-64 -> 05-04 (3978x)
   3c8a   08 14 34 62       DB $08, $14, $34, $62, $42, $06, $25, $71, $52, $05, $41, $64, $54, $04, $06, $76, $64, $05, $04
   3c8e   42 06 25 71   
   3c92   52 05 41 64   
   3c96   54 04 06 76   
   3c9a   64 05 04      
                            ; Ply 8: 14-34 62-42 06-25 71-52 05-41 64-54 41-52 61-52 -> 13-23 (2250x)
   3c9d   08 14 34 62       DB $08, $14, $34, $62, $42, $06, $25, $71, $52, $05, $41, $64, $54, $41, $52, $61, $52, $13, $23
   3ca1   42 06 25 71   
   3ca5   52 05 41 64   
   3ca9   54 41 52 61   
   3cad   52 13 23      
                            ; Ply 8: 14-34 62-42 06-25 71-52 05-41 66-56 04-06 75-66 -> 12-22 (7036x)
   3cb0   08 14 34 62       DB $08, $14, $34, $62, $42, $06, $25, $71, $52, $05, $41, $66, $56, $04, $06, $75, $66, $12, $22
   3cb4   42 06 25 71   
   3cb8   52 05 41 66   
   3cbc   56 04 06 75   
   3cc0   66 12 22      
                            ; Ply 8: 14-34 62-42 06-25 71-52 05-41 66-56 41-52 61-52 -> 04-06 (3377x)
   3cc3   08 14 34 62       DB $08, $14, $34, $62, $42, $06, $25, $71, $52, $05, $41, $66, $56, $41, $52, $61, $52, $04, $06
   3cc7   42 06 25 71   
   3ccb   52 05 41 66   
   3ccf   56 41 52 61   
   3cd3   52 04 06      
                            ; Ply 8: 14-34 62-42 06-25 71-52 05-41 66-56 41-52 63-52 -> 13-23 (5778x)
   3cd6   08 14 34 62       DB $08, $14, $34, $62, $42, $06, $25, $71, $52, $05, $41, $66, $56, $41, $52, $63, $52, $13, $23
   3cda   42 06 25 71   
   3cde   52 05 41 66   
   3ce2   56 41 52 63   
   3ce6   52 13 23      
                            ; Ply 8: 14-34 62-42 06-25 71-52 05-41 76-55 01-22 73-62 -> 04-06 (790x)
   3ce9   08 14 34 62       DB $08, $14, $34, $62, $42, $06, $25, $71, $52, $05, $41, $76, $55, $01, $22, $73, $62, $04, $06
   3ced   42 06 25 71   
   3cf1   52 05 41 76   
   3cf5   55 01 22 73   
   3cf9   62 04 06      
                            ; Ply 8: 14-34 62-42 06-25 71-52 05-41 76-55 41-52 63-52 -> 13-23 (1305x)
   3cfc   08 14 34 62       DB $08, $14, $34, $62, $42, $06, $25, $71, $52, $05, $41, $76, $55, $41, $52, $63, $52, $13, $23
   3d00   42 06 25 71   
   3d04   52 05 41 76   
   3d08   55 41 52 63   
   3d0c   52 13 23      
                            ; Ply 8: 13-33 64-54 14-34 63-43 34-44 62-42 12-22 71-52 -> 06-25 (658x)
   3d0f   08 13 33 64       DB $08, $13, $33, $64, $54, $14, $34, $63, $43, $34, $44, $62, $42, $12, $22, $71, $52, $06, $25
   3d13   54 14 34 63   
   3d17   43 34 44 62   
   3d1b   42 12 22 71   
   3d1f   52 06 25      
                            ; Ply 8: 14-34 62-42 12-22 64-54 13-33 63-43 34-44 71-52 -> 06-25 (1165x)
   3d22   08 14 34 62       DB $08, $14, $34, $62, $42, $12, $22, $64, $54, $13, $33, $63, $43, $34, $44, $71, $52, $06, $25
   3d26   42 12 22 64   
   3d2a   54 13 33 63   
   3d2e   43 34 44 71   
   3d32   52 06 25      
                            ; Ply 8: 14-34 64-54 13-33 63-43 34-44 62-42 12-22 71-52 -> 06-25 (26456x)
   3d35   08 14 34 64       DB $08, $14, $34, $64, $54, $13, $33, $63, $43, $34, $44, $62, $42, $12, $22, $71, $52, $06, $25
   3d39   54 13 33 63   
   3d3d   43 34 44 62   
   3d41   42 12 22 71   
   3d45   52 06 25      
                            ; Ply 8: 14-34 64-54 13-33 63-43 34-44 62-42 12-22 72-63 -> 06-25 (1144x)
   3d48   08 14 34 64       DB $08, $14, $34, $64, $54, $13, $33, $63, $43, $34, $44, $62, $42, $12, $22, $72, $63, $06, $25
   3d4c   54 13 33 63   
   3d50   43 34 44 62   
   3d54   42 12 22 72   
   3d58   63 06 25      
                            ; Ply 8: 14-34 64-54 13-33 63-43 34-44 62-42 12-22 73-51 -> 06-25 (7083x)
   3d5b   08 14 34 64       DB $08, $14, $34, $64, $54, $13, $33, $63, $43, $34, $44, $62, $42, $12, $22, $73, $51, $06, $25
   3d5f   54 13 33 63   
   3d63   43 34 44 62   
   3d67   42 12 22 73   
   3d6b   51 06 25      
                            ; Ply 8: 14-34 62-52 13-33 63-43 34-44 52-42 06-25 42-33 -> 25-33 (838x)
   3d6e   08 14 34 62       DB $08, $14, $34, $62, $52, $13, $33, $63, $43, $34, $44, $52, $42, $06, $25, $42, $33, $25, $33
   3d72   52 13 33 63   
   3d76   43 34 44 52   
   3d7a   42 06 25 42   
   3d7e   33 25 33      
                            ; Ply 8: 14-34 62-52 13-33 63-43 34-44 52-42 06-25 71-52 -> 33-42 (666x)
   3d81   08 14 34 62       DB $08, $14, $34, $62, $52, $13, $33, $63, $43, $34, $44, $52, $42, $06, $25, $71, $52, $33, $42
   3d85   52 13 33 63   
   3d89   43 34 44 52   
   3d8d   42 06 25 71   
   3d91   52 33 42      
                            ; Ply 8: 14-34 62-52 13-33 63-43 34-44 52-42 12-22 71-52 -> 06-25 (610x)
   3d94   08 14 34 62       DB $08, $14, $34, $62, $52, $13, $33, $63, $43, $34, $44, $52, $42, $12, $22, $71, $52, $06, $25
   3d98   52 13 33 63   
   3d9c   43 34 44 52   
   3da0   42 12 22 71   
   3da4   52 06 25      
                            ; Ply 8: 14-34 62-52 13-33 63-43 34-44 52-42 33-42 64-54 -> 10-20 (2560x)
   3da7   08 14 34 62       DB $08, $14, $34, $62, $52, $13, $33, $63, $43, $34, $44, $52, $42, $33, $42, $64, $54, $10, $20
   3dab   52 13 33 63   
   3daf   43 34 44 52   
   3db3   42 33 42 64   
   3db7   54 10 20      
                            ; Ply 8: 14-34 62-52 13-33 63-43 34-44 52-42 33-42 71-52 -> 06-25 (1109x)
   3dba   08 14 34 62       DB $08, $14, $34, $62, $52, $13, $33, $63, $43, $34, $44, $52, $42, $33, $42, $71, $52, $06, $25
   3dbe   52 13 33 63   
   3dc2   43 34 44 52   
   3dc6   42 33 42 71   
   3dca   52 06 25      
                            ; Ply 8: 14-34 62-52 13-33 63-43 34-44 72-45 01-13 64-54 -> 13-21 (3303x)
   3dcd   08 14 34 62       DB $08, $14, $34, $62, $52, $13, $33, $63, $43, $34, $44, $72, $45, $01, $13, $64, $54, $13, $21
   3dd1   52 13 33 63   
   3dd5   43 34 44 72   
   3dd9   45 01 13 64   
   3ddd   54 13 21      
                            ; Ply 8: 14-34 62-52 13-33 63-43 34-44 72-45 01-22 64-54 -> 16-36 (3488x)
   3de0   08 14 34 62       DB $08, $14, $34, $62, $52, $13, $33, $63, $43, $34, $44, $72, $45, $01, $22, $64, $54, $16, $36
   3de4   52 13 33 63   
   3de8   43 34 44 72   
   3dec   45 01 22 64   
   3df0   54 16 36      
                            ; Ply 8: 14-34 62-52 13-33 63-43 34-44 72-45 02-24 64-54 -> 01-13 (763x)
   3df3   08 14 34 62       DB $08, $14, $34, $62, $52, $13, $33, $63, $43, $34, $44, $72, $45, $02, $24, $64, $54, $01, $13
   3df7   52 13 33 63   
   3dfb   43 34 44 72   
   3dff   45 02 24 64   
   3e03   54 01 13      
                            ; Ply 8: 14-34 62-52 13-33 63-43 34-44 72-45 05-23 45-23 -> 03-23 (1888x)
   3e06   08 14 34 62       DB $08, $14, $34, $62, $52, $13, $33, $63, $43, $34, $44, $72, $45, $05, $23, $45, $23, $03, $23
   3e0a   52 13 33 63   
   3e0e   43 34 44 72   
   3e12   45 05 23 45   
   3e16   23 03 23      
                            ; Ply 8: 14-34 62-52 13-33 63-43 34-44 72-45 06-14 64-54 -> 14-26 (808x)
   3e19   08 14 34 62       DB $08, $14, $34, $62, $52, $13, $33, $63, $43, $34, $44, $72, $45, $06, $14, $64, $54, $14, $26
   3e1d   52 13 33 63   
   3e21   43 34 44 72   
   3e25   45 06 14 64   
   3e29   54 14 26      
                            ; Ply 8: 14-34 62-52 13-33 63-43 34-44 72-45 06-25 64-54 -> 05-14 (15091x)
   3e2c   08 14 34 62       DB $08, $14, $34, $62, $52, $13, $33, $63, $43, $34, $44, $72, $45, $06, $25, $64, $54, $05, $14
   3e30   52 13 33 63   
   3e34   43 34 44 72   
   3e38   45 06 25 64   
   3e3c   54 05 14      
                            ; Ply 8: 14-34 62-52 13-33 63-43 34-44 72-45 12-32 64-54 -> 01-22 (1403x)
   3e3f   08 14 34 62       DB $08, $14, $34, $62, $52, $13, $33, $63, $43, $34, $44, $72, $45, $12, $32, $64, $54, $01, $22
   3e43   52 13 33 63   
   3e47   43 34 44 72   
   3e4b   45 12 32 64   
   3e4f   54 01 22      
                            ; Ply 8: 14-34 62-52 13-33 63-43 34-44 72-45 16-36 45-34 -> 15-25 (533x)
   3e52   08 14 34 62       DB $08, $14, $34, $62, $52, $13, $33, $63, $43, $34, $44, $72, $45, $16, $36, $45, $34, $15, $25
   3e56   52 13 33 63   
   3e5a   43 34 44 72   
   3e5e   45 16 36 45   
   3e62   34 15 25      
                            ; Ply 8: 14-34 62-52 13-33 63-43 34-44 72-45 17-37 67-47 -> 05-23 (4832x)
   3e65   08 14 34 62       DB $08, $14, $34, $62, $52, $13, $33, $63, $43, $34, $44, $72, $45, $17, $37, $67, $47, $05, $23
   3e69   52 13 33 63   
   3e6d   43 34 44 72   
   3e71   45 17 37 67   
   3e75   47 05 23      
                            ; Ply 8: 14-34 62-52 13-33 63-43 34-44 72-45 17-37 67-57 -> 16-36 (1662x)
   3e78   08 14 34 62       DB $08, $14, $34, $62, $52, $13, $33, $63, $43, $34, $44, $72, $45, $17, $37, $67, $57, $16, $36
   3e7c   52 13 33 63   
   3e80   43 34 44 72   
   3e84   45 17 37 67   
   3e88   57 16 36      
                            ; Ply 8: 12-32 64-54 01-22 63-43 13-33 76-55 32-43 54-43 -> 02-46 (2514x)
   3e8b   08 12 32 64       DB $08, $12, $32, $64, $54, $01, $22, $63, $43, $13, $33, $76, $55, $32, $43, $54, $43, $02, $46
   3e8f   54 01 22 63   
   3e93   43 13 33 76   
   3e97   55 32 43 54   
   3e9b   43 02 46      
                            ; Ply 8: 13-33 63-43 12-32 64-54 01-22 76-55 32-43 54-43 -> 02-46 (18670x)
   3e9e   08 13 33 63       DB $08, $13, $33, $63, $43, $12, $32, $64, $54, $01, $22, $76, $55, $32, $43, $54, $43, $02, $46
   3ea2   43 12 32 64   
   3ea6   54 01 22 76   
   3eaa   55 32 43 54   
   3eae   43 02 46      
                            ; Ply 8: 13-33 63-43 12-32 64-54 01-22 76-55 32-43 55-43 -> 14-34 (1076x)
   3eb1   08 13 33 63       DB $08, $13, $33, $63, $43, $12, $32, $64, $54, $01, $22, $76, $55, $32, $43, $55, $43, $14, $34
   3eb5   43 12 32 64   
   3eb9   54 01 22 76   
   3ebd   55 32 43 55   
   3ec1   43 14 34      
                            ; Ply 8: 13-33 64-54 12-32 63-43 01-22 76-55 32-43 54-43 -> 02-46 (623x)
   3ec4   08 13 33 64       DB $08, $13, $33, $64, $54, $12, $32, $63, $43, $01, $22, $76, $55, $32, $43, $54, $43, $02, $46
   3ec8   54 12 32 63   
   3ecc   43 01 22 76   
   3ed0   55 32 43 54   
   3ed4   43 02 46      
                            ; Ply 8: 13-33 76-55 12-32 64-54 01-22 63-43 32-43 54-43 -> 02-46 (11485x)
   3ed7   08 13 33 76       DB $08, $13, $33, $76, $55, $12, $32, $64, $54, $01, $22, $63, $43, $32, $43, $54, $43, $02, $46
   3edb   55 12 32 64   
   3edf   54 01 22 63   
   3ee3   43 32 43 54   
   3ee7   43 02 46      
                            ; Ply 8: 13-33 76-55 12-32 64-54 01-22 63-43 32-43 55-43 -> 14-34 (1193x)
   3eea   08 13 33 76       DB $08, $13, $33, $76, $55, $12, $32, $64, $54, $01, $22, $63, $43, $32, $43, $55, $43, $14, $34
   3eee   55 12 32 64   
   3ef2   54 01 22 63   
   3ef6   43 32 43 55   
   3efa   43 14 34      
                            ; Ply 8: 14-34 76-55 34-44 55-43 13-33 63-53 06-25 53-44 -> 25-44 (4142x)
   3efd   08 14 34 76       DB $08, $14, $34, $76, $55, $34, $44, $55, $43, $13, $33, $63, $53, $06, $25, $53, $44, $25, $44
   3f01   55 34 44 55   
   3f05   43 13 33 63   
   3f09   53 06 25 53   
   3f0d   44 25 44      
                            ; Ply 8: 14-34 76-55 34-44 55-43 13-33 63-53 06-25 66-56 -> 05-32 (2876x)
   3f10   08 14 34 76       DB $08, $14, $34, $76, $55, $34, $44, $55, $43, $13, $33, $63, $53, $06, $25, $66, $56, $05, $32
   3f14   55 34 44 55   
   3f18   43 13 33 63   
   3f1c   53 06 25 66   
   3f20   56 05 32      
                            ; Ply 8: 14-34 76-55 34-44 55-43 13-33 63-53 06-25 71-52 -> 12-32 (514x)
   3f23   08 14 34 76       DB $08, $14, $34, $76, $55, $34, $44, $55, $43, $13, $33, $63, $53, $06, $25, $71, $52, $12, $32
   3f27   55 34 44 55   
   3f2b   43 13 33 63   
   3f2f   53 06 25 71   
   3f33   52 12 32      
                            ; Ply 8: 14-34 76-55 34-44 55-43 13-33 63-53 06-25 72-36 -> 05-14 (5647x)
   3f36   08 14 34 76       DB $08, $14, $34, $76, $55, $34, $44, $55, $43, $13, $33, $63, $53, $06, $25, $72, $36, $05, $14
   3f3a   55 34 44 55   
   3f3e   43 13 33 63   
   3f42   53 06 25 72   
   3f46   36 05 14      
                            ; Ply 8: 14-34 63-43 34-43 73-43 01-22 43-40 05-32 76-55 -> 13-23 (1128x)
   3f49   08 14 34 63       DB $08, $14, $34, $63, $43, $34, $43, $73, $43, $01, $22, $43, $40, $05, $32, $76, $55, $13, $23
   3f4d   43 34 43 73   
   3f51   43 01 22 43   
   3f55   40 05 32 76   
   3f59   55 13 23      
                            ; Ply 8: 14-34 63-43 34-43 73-43 01-22 43-40 06-25 76-55 -> 13-33 (823x)
   3f5c   08 14 34 63       DB $08, $14, $34, $63, $43, $34, $43, $73, $43, $01, $22, $43, $40, $06, $25, $76, $55, $13, $33
   3f60   43 34 43 73   
   3f64   43 01 22 43   
   3f68   40 06 25 76   
   3f6c   55 13 33      
                            ; Ply 8: 14-34 63-43 34-43 73-43 01-22 43-40 13-33 62-52 -> 06-25 (2555x)
   3f6f   08 14 34 63       DB $08, $14, $34, $63, $43, $34, $43, $73, $43, $01, $22, $43, $40, $13, $33, $62, $52, $06, $25
   3f73   43 34 43 73   
   3f77   43 01 22 43   
   3f7b   40 13 33 62   
   3f7f   52 06 25      
                            ; Ply 8: 14-34 63-43 34-43 73-43 01-22 43-40 13-33 76-55 -> 06-25 (7778x)
   3f82   08 14 34 63       DB $08, $14, $34, $63, $43, $34, $43, $73, $43, $01, $22, $43, $40, $13, $33, $76, $55, $06, $25
   3f86   43 34 43 73   
   3f8a   43 01 22 43   
   3f8e   40 13 33 76   
   3f92   55 06 25      
                            ; Ply 8: 14-34 63-43 34-43 73-43 01-22 43-40 16-26 76-55 -> 05-16 (502x)
   3f95   08 14 34 63       DB $08, $14, $34, $63, $43, $34, $43, $73, $43, $01, $22, $43, $40, $16, $26, $76, $55, $05, $16
   3f99   43 34 43 73   
   3f9d   43 01 22 43   
   3fa1   40 16 26 76   
   3fa5   55 05 16      
                            ; Ply 8: 14-34 63-53 13-33 76-55 01-22 66-56 15-35 75-66 -> 06-25 (8516x)
   3fa8   08 14 34 63       DB $08, $14, $34, $63, $53, $13, $33, $76, $55, $01, $22, $66, $56, $15, $35, $75, $66, $06, $25
   3fac   53 13 33 76   
   3fb0   55 01 22 66   
   3fb4   56 15 35 75   
   3fb8   66 06 25      
                        
                            ; --- Krejcik-sacrifice-line addition (2026-04-22) ---
                            ; Ply 8: ...e1f2 b8c6 -> g1f3 (develop knight, defend e5)
   3fbb   08 14 34 76       DB $08, $14, $34, $76, $55, $34, $44, $55, $34, $13, $23, $34, $15, $04, $15, $71, $52, $06, $25
   3fbf   55 34 44 55   
   3fc3   34 13 23 34   
   3fc7   15 04 15 71   
   3fcb   52 06 25      
                        
                            ; --- Krejcik-retreat-line addition (2026-04-22) ---
                            ; Ply 8: ...g1f3 d7d6 -> e5d6 (simplify, exchange)
   3fce   08 14 34 76       DB $08, $14, $34, $76, $55, $34, $44, $55, $34, $13, $23, $34, $42, $06, $25, $63, $53, $44, $53
   3fd2   55 34 44 55   
   3fd6   34 13 23 34   
   3fda   42 06 25 63   
   3fde   53 44 53      
                        
                            ; --- Krejcik-retreat-line ply-8 sibling, 2026-05-01 loss data ---
                            ; Ply 8: e2e4 g8f6 e4e5 f6e4 d2d3 e4c5 g1f3 d7d5 -> d3d4 (push central pawn)
                            ; Black challenges center with ...d5; engine pushes d4 from search at d=3.
                            ; OOB exit from the 2026-05-01 evening loss where this position triggered
                            ; 7 consecutive d=2-only moves and a -2075cp collapse.
   3fe1   08 14 34 76       DB $08, $14, $34, $76, $55, $34, $44, $55, $34, $13, $23, $34, $42, $06, $25, $63, $43, $23, $33
   3fe5   55 34 44 55   
   3fe9   34 13 23 34   
   3fed   42 06 25 63   
   3ff1   43 23 33      
                        
                            ; --- Caro-French + Be7 + d6 ply-8 extension, 2026-05-01 loss data ---
                            ; Ply 8: e2e4 c7c6 d2d4 e7e6 b1c3 f8e7 g1f3 d7d6 -> c1f4 (active bishop dev)
                            ; Pushes our book penetration to 5 moves on this Caro-French line. Engine
                            ; chose Bf4 from d=2 search (180s timeout, score 260cp inflated) in the
                            ; 2026-05-01 evening queens-game loss. Booking the move avoids the d=2
                            ; noise that read +260 cp while the position was actually drifting.
   3ff4   08 14 34 62       DB $08, $14, $34, $62, $52, $13, $33, $64, $54, $01, $22, $75, $64, $06, $25, $63, $53, $02, $35
   3ff8   52 13 33 64   
   3ffc   54 01 22 75   
   4000   64 06 25 63   
   4004   53 02 35      
                        
                            ; --- Caro-Kann Advance + ...e6 + ...Be7 ply-8, 2026-05-02 ---
                            ; Ply 8: e2e4 c7c6 d2d4 d7d5 e4e5 e7e6 b1c3 f8e7 -> g1f3 (flexible dev)
                            ; Caro Advance with ...e6 transposition then ...Be7. Bishop on e7 doesn't
                            ; threaten anything; just develop the kingside knight. Same principle as
                            ; the Caro-French + Be7 + d6 line above.
   4007   08 14 34 62       DB $08, $14, $34, $62, $52, $13, $33, $63, $43, $34, $44, $64, $54, $01, $22, $75, $64, $06, $25
   400b   52 13 33 63   
   400f   43 34 44 64   
   4013   54 01 22 75   
   4017   64 06 25      
                        
                            ; --- Italian Bd6+Nc6+O-O + ...a6 ply-8, 2026-05-02 ---
                            ; Ply 8: e2e4 e7e5 g1f3 f8d6 f1c4 b8c6 e1g1 a7a6 -> f1e1 (Re1, support e4)
                            ; Continues from the ELPH-Italian line where engine castles short. Black's
                            ; passive ...a6 is a non-threatening waiting move; we develop the rook
                            ; to e1 to support the e4 pawn and prepare future central tension.
   401a   08 14 34 64       DB $08, $14, $34, $64, $44, $06, $25, $75, $53, $05, $32, $71, $52, $04, $06, $60, $50, $05, $04
   401e   44 06 25 75   
   4022   53 05 32 71   
   4026   52 04 06 60   
   402a   50 05 04      
                        
                            ; Ply 8: e2e4 g8f6 e4e5 f6g8 d2d4 d7d5 g1f3 c7c5 -> c2c3 (French Advance c3)
                            ; Brooklyn ...d5 continued: black challenges d4 with ...c5, position
                            ; transposes to French Advance theory. Mainline reply is c3 supporting
                            ; the d4 pawn. Builds on the Brooklyn-...d5 ply-6 entry added earlier.
   402d   08 14 34 76       DB $08, $14, $34, $76, $55, $34, $44, $55, $76, $13, $33, $63, $43, $06, $25, $62, $42, $12, $22
   4031   55 34 44 55   
   4035   76 13 33 63   
   4039   43 06 25 62   
   403d   42 12 22      
                        
                            ; Ply 8: e2e4 e7e6 d2d4 d7d5 e4e5 g8e7 g1f3 e7f5 -> c2c3 (defend d4)
                            ; French Advance + ...Ne7 + ...Nf5: black's knight maneuver targets d4.
                            ; c3 supports the pawn, prevents ...Nxd4 sacrifice idea, classical
                            ; French Advance wedge structure.
   4040   08 14 34 64       DB $08, $14, $34, $64, $54, $13, $33, $63, $43, $34, $44, $76, $64, $06, $25, $64, $45, $12, $22
   4044   54 13 33 63   
   4048   43 34 44 76   
   404c   64 06 25 64   
   4050   45 12 22      
                        
                            ; Ply 8: e2e4 e7e6 d2d4 a7a5 b1c3 a5a4 g1f3 c7c5 -> e4e5 (Advance)
                            ; Continues the French + ...a5a4 + Nf3 line. Black attacks d4 with ...c5;
                            ; we play the French Advance e5 push (cxd4 follows; Nxd4 recapture is
                            ; clean). Consistent with our French Advance treatment.
   4053   08 14 34 64       DB $08, $14, $34, $64, $54, $13, $33, $60, $40, $01, $22, $40, $30, $06, $25, $62, $42, $34, $44
   4057   54 13 33 60   
   405b   40 01 22 40   
   405f   30 06 25 62   
   4063   42 34 44      
                        
                            ; Ply 8: e2e4 e7e6 d2d4 a7a5 b1c3 d7d5 e4e5 c7c5 -> g1f3 (develop)
                            ; Continues the French + ...a5 + ...d5 + e5 line. Black attacks d4 with ...c5.
                            ; FIX 2026-06-17: response was c2c3 ($12,$22) -- ILLEGAL here because this
                            ; sibling already played b1c3 (Nc3), so c3 is occupied by our own knight (the
                            ; c3-wedge reply was copied from the no-Nc3 siblings by mistake; it caused an
                            ; illegal-move forfeit in a live match). Replaced with g1f3 (Nf3): develops and
                            ; meets ...cxd4 with Nxd4. Verified legal; book legality sweep now clean.
   4066   08 14 34 64       DB $08, $14, $34, $64, $54, $13, $33, $60, $40, $01, $22, $63, $43, $34, $44, $62, $42, $06, $25
   406a   54 13 33 60   
   406e   40 01 22 63   
   4072   43 34 44 62   
   4076   42 06 25      
                        
                            ; --- Opponent-prep addition (2026-04-27) ---
                            ; Ply 8: e2e4 e7e6 d2d4 d7d5 e4e5 c7c5 c2c3 d8a5 -> g1f3 (French Advance, Wade variation)
                            ; 3 recent matches reached this position; engine plays Nf3 from search. Book it.
   4079   08 14 34 64       DB $08, $14, $34, $64, $54, $13, $33, $63, $43, $34, $44, $62, $42, $12, $22, $73, $40, $06, $25
   407d   54 13 33 63   
   4081   43 34 44 62   
   4085   42 12 22 73   
   4089   40 06 25      
                        
                            ; --- Caro+Qc7+d6+g6 Hippo ply-8, 2026-05-06 ---
                            ; Ply 8: e2e4 c7c6 d2d4 d8c7 b1c3 d7d6 g1f3 g7g6 -> e4e5 (space + force open)
                            ; 2026-05-06 loss in 20 moves: engine timed out at d=4 on five consecutive
                            ; OOB moves in this Hippo formation. Closed position branching ratio 2.3-3.6x
                            ; (vs 1.4-1.8x in open positions) made d=4 take 70-100s, leaving no budget
                            ; for d=5. Book e5 to force open position and improve move ordering for
                            ; subsequent OOB search. Theoretically strong: 5...dxe5 6.Nxe5 opens e-file
                            ; with active knight; black queen on c7 awkwardly placed.
   408c   08 14 34 62       DB $08, $14, $34, $62, $52, $13, $33, $73, $62, $01, $22, $63, $53, $06, $25, $66, $56, $34, $44
   4090   52 13 33 73   
   4094   62 01 22 63   
   4098   53 06 25 66   
   409c   56 34 44      
                        
                            ; --- Caro+Qc7+Nf6+d6 Hippo ply-8, 2026-05-06 ---
                            ; Ply 8: e2e4 c7c6 d2d4 d8c7 b1c3 g8f6 g1f3 d7d6 -> e4e5 (attack Nf6, force open)
                            ; 2026-05-06 second Hippo loss with Stockfish move-order variant: Nf6 first,
                            ; d6 second (vs prior g6-first order). Same anti-Hippo policy: e5 attacks
                            ; the knight and forces an open position the engine can navigate at d=4.
   409f   08 14 34 62       DB $08, $14, $34, $62, $52, $13, $33, $73, $62, $01, $22, $76, $55, $06, $25, $63, $53, $34, $44
   40a3   52 13 33 73   
   40a7   62 01 22 76   
   40ab   55 06 25 63   
   40af   53 34 44      
                        
                            ; --- Caro+Qc7+Nf6+d5 ply-8, 2026-05-13 ---
                            ; Ply 8: e2e4 c7c6 d2d4 d8c7 b1c3 g8f6 g1f3 d7d5 -> e4e5 (attack Nf6)
                            ; 2026-05-12 loss: Stockfish played 4...d5 instead of 4...d6, dropping
                            ; out of book at ply 8. Engine then searched and chose e4e5 anyway, but
                            ; black's Nxe4 outpost dragged the engine into a slow drift to -1785cp.
                            ; Same anti-Hippo policy: book the e5 thrust to lock in the line + save
                            ; ~165s of move-5 search.
   40b2   08 14 34 62       DB $08, $14, $34, $62, $52, $13, $33, $73, $62, $01, $22, $76, $55, $06, $25, $63, $43, $34, $44
   40b6   52 13 33 73   
   40ba   62 01 22 76   
   40be   55 06 25 63   
   40c2   43 34 44      
                        
                            ; === Ply 9 ===
                            ; Ply 9: 14-34 64-44 06-25 71-52 05-32 75-42 01-22 76-55 13-23 -> 63-53 (637x)
   40c5   09 14 34 64       DB $09, $14, $34, $64, $44, $06, $25, $71, $52, $05, $32, $75, $42, $01, $22, $76, $55, $13, $23, $63, $53
   40c9   44 06 25 71   
   40cd   52 05 32 75   
   40d1   42 01 22 76   
   40d5   55 13 23 63   
   40d9   53            
                            ; Ply 9: 14-34 64-44 06-25 71-52 05-32 75-42 04-06 63-53 12-22 -> 76-55 (466x)
   40da   09 14 34 64       DB $09, $14, $34, $64, $44, $06, $25, $71, $52, $05, $32, $75, $42, $04, $06, $63, $53, $12, $22, $76, $55
   40de   44 06 25 71   
   40e2   52 05 32 75   
   40e6   42 04 06 63   
   40ea   53 12 22 76   
   40ee   55            
                            ; Ply 9: 14-34 64-44 06-25 71-52 05-32 75-42 04-06 63-53 17-27 -> 76-55 (206x)
   40ef   09 14 34 64       DB $09, $14, $34, $64, $44, $06, $25, $71, $52, $05, $32, $75, $42, $04, $06, $63, $53, $17, $27, $76, $55
   40f3   44 06 25 71   
   40f7   52 05 32 75   
   40fb   42 04 06 63   
   40ff   53 17 27 76   
   4103   55            
                            ; Ply 9: 14-34 64-44 06-25 71-52 05-32 75-42 04-06 76-55 01-22 -> 63-53 (243x)
   4104   09 14 34 64       DB $09, $14, $34, $64, $44, $06, $25, $71, $52, $05, $32, $75, $42, $04, $06, $76, $55, $01, $22, $63, $53
   4108   44 06 25 71   
   410c   52 05 32 75   
   4110   42 04 06 76   
   4114   55 01 22 63   
   4118   53            
                            ; Ply 9: 14-34 64-44 06-25 71-52 05-32 75-42 04-06 76-55 13-23 -> 63-53 (3042x)
   4119   09 14 34 64       DB $09, $14, $34, $64, $44, $06, $25, $71, $52, $05, $32, $75, $42, $04, $06, $76, $55, $13, $23, $63, $53
   411d   44 06 25 71   
   4121   52 05 32 75   
   4125   42 04 06 76   
   4129   55 13 23 63   
   412d   53            
                            ; Ply 9: 14-34 64-44 06-25 71-52 05-32 75-42 04-06 76-55 13-33 -> 42-33 (1048x)
   412e   09 14 34 64       DB $09, $14, $34, $64, $44, $06, $25, $71, $52, $05, $32, $75, $42, $04, $06, $76, $55, $13, $33, $42, $33
   4132   44 06 25 71   
   4136   52 05 32 75   
   413a   42 04 06 76   
   413e   55 13 33 42   
   4142   33            
                            ; Ply 9: 14-34 64-44 06-25 71-52 05-32 75-42 11-31 42-31 12-22 -> 31-40 (1960x)
   4143   09 14 34 64       DB $09, $14, $34, $64, $44, $06, $25, $71, $52, $05, $32, $75, $42, $11, $31, $42, $31, $12, $22, $31, $40
   4147   44 06 25 71   
   414b   52 05 32 75   
   414f   42 11 31 42   
   4153   31 12 22 31   
   4157   40            
                            ; Ply 9: 14-34 64-44 06-25 71-52 05-32 75-42 11-31 42-51 10-30 -> 60-50 (340x)
   4158   09 14 34 64       DB $09, $14, $34, $64, $44, $06, $25, $71, $52, $05, $32, $75, $42, $11, $31, $42, $51, $10, $30, $60, $50
   415c   44 06 25 71   
   4160   52 05 32 75   
   4164   42 11 31 42   
   4168   51 10 30 60   
   416c   50            
                            ; Ply 9: 14-34 64-44 06-25 71-52 05-32 75-42 12-22 63-53 13-33 -> 44-33 (570x)
   416d   09 14 34 64       DB $09, $14, $34, $64, $44, $06, $25, $71, $52, $05, $32, $75, $42, $12, $22, $63, $53, $13, $33, $44, $33
   4171   44 06 25 71   
   4175   52 05 32 75   
   4179   42 12 22 63   
   417d   53 13 33 44   
   4181   33            
                            ; Ply 9: 14-34 64-44 06-25 71-52 05-32 75-42 12-22 73-64 04-06 -> 63-53 (343x)
   4182   09 14 34 64       DB $09, $14, $34, $64, $44, $06, $25, $71, $52, $05, $32, $75, $42, $12, $22, $73, $64, $04, $06, $63, $53
   4186   44 06 25 71   
   418a   52 05 32 75   
   418e   42 12 22 73   
   4192   64 04 06 63   
   4196   53            
                            ; Ply 9: 14-34 64-44 06-25 71-52 05-32 75-42 12-22 76-55 11-31 -> 42-51 (546x)
   4197   09 14 34 64       DB $09, $14, $34, $64, $44, $06, $25, $71, $52, $05, $32, $75, $42, $12, $22, $76, $55, $11, $31, $42, $51
   419b   44 06 25 71   
   419f   52 05 32 75   
   41a3   42 12 22 76   
   41a7   55 11 31 42   
   41ab   51            
                            ; Ply 9: 14-34 64-44 06-25 71-52 05-32 75-42 12-22 76-55 13-23 -> 63-53 (6849x)
   41ac   09 14 34 64       DB $09, $14, $34, $64, $44, $06, $25, $71, $52, $05, $32, $75, $42, $12, $22, $76, $55, $13, $23, $63, $53
   41b0   44 06 25 71   
   41b4   52 05 32 75   
   41b8   42 12 22 76   
   41bc   55 13 23 63   
   41c0   53            
                            ; Ply 9: 14-34 64-44 06-25 71-52 05-32 75-42 12-22 76-55 13-33 -> 44-33 (7998x)
   41c1   09 14 34 64       DB $09, $14, $34, $64, $44, $06, $25, $71, $52, $05, $32, $75, $42, $12, $22, $76, $55, $13, $33, $44, $33
   41c5   44 06 25 71   
   41c9   52 05 32 75   
   41cd   42 12 22 76   
   41d1   55 13 33 44   
   41d5   33            
                            ; Ply 9: 14-34 64-44 06-25 71-52 05-32 75-42 13-23 63-53 12-22 -> 76-55 (219x)
   41d6   09 14 34 64       DB $09, $14, $34, $64, $44, $06, $25, $71, $52, $05, $32, $75, $42, $13, $23, $63, $53, $12, $22, $76, $55
   41da   44 06 25 71   
   41de   52 05 32 75   
   41e2   42 13 23 63   
   41e6   53 12 22 76   
   41ea   55            
                            ; Ply 9: 14-34 64-44 06-25 71-52 05-32 75-42 13-23 76-55 01-22 -> 63-53 (827x)
   41eb   09 14 34 64       DB $09, $14, $34, $64, $44, $06, $25, $71, $52, $05, $32, $75, $42, $13, $23, $76, $55, $01, $22, $63, $53
   41ef   44 06 25 71   
   41f3   52 05 32 75   
   41f7   42 13 23 76   
   41fb   55 01 22 63   
   41ff   53            
                            ; Ply 9: 14-34 64-44 06-25 71-52 05-32 75-42 13-23 76-55 02-46 -> 67-57 (548x)
   4200   09 14 34 64       DB $09, $14, $34, $64, $44, $06, $25, $71, $52, $05, $32, $75, $42, $13, $23, $76, $55, $02, $46, $67, $57
   4204   44 06 25 71   
   4208   52 05 32 75   
   420c   42 13 23 76   
   4210   55 02 46 67   
   4214   57            
                            ; Ply 9: 14-34 64-44 06-25 71-52 05-32 75-42 13-23 76-55 04-06 -> 63-53 (1188x)
   4215   09 14 34 64       DB $09, $14, $34, $64, $44, $06, $25, $71, $52, $05, $32, $75, $42, $13, $23, $76, $55, $04, $06, $63, $53
   4219   44 06 25 71   
   421d   52 05 32 75   
   4221   42 13 23 76   
   4225   55 04 06 63   
   4229   53            
                            ; Ply 9: 14-34 64-44 06-25 71-52 05-32 75-42 13-23 76-55 12-22 -> 63-53 (688x)
   422a   09 14 34 64       DB $09, $14, $34, $64, $44, $06, $25, $71, $52, $05, $32, $75, $42, $13, $23, $76, $55, $12, $22, $63, $53
   422e   44 06 25 71   
   4232   52 05 32 75   
   4236   42 13 23 76   
   423a   55 12 22 63   
   423e   53            
                            ; Ply 9: 14-34 62-42 06-25 71-52 05-41 63-53 04-06 72-63 05-04 -> 76-55 (2070x)
   423f   09 14 34 62       DB $09, $14, $34, $62, $42, $06, $25, $71, $52, $05, $41, $63, $53, $04, $06, $72, $63, $05, $04, $76, $55
   4243   42 06 25 71   
   4247   52 05 41 63   
   424b   53 04 06 72   
   424f   63 05 04 76   
   4253   55            
                            ; Ply 9: 14-34 62-42 06-25 71-52 05-41 63-53 04-06 72-63 12-22 -> 76-55 (664x)
   4254   09 14 34 62       DB $09, $14, $34, $62, $42, $06, $25, $71, $52, $05, $41, $63, $53, $04, $06, $72, $63, $12, $22, $76, $55
   4258   42 06 25 71   
   425c   52 05 41 63   
   4260   53 04 06 72   
   4264   63 12 22 76   
   4268   55            
                            ; Ply 9: 14-34 62-42 06-25 71-52 05-41 63-53 13-33 42-33 03-33 -> 72-63 (631x)
   4269   09 14 34 62       DB $09, $14, $34, $62, $42, $06, $25, $71, $52, $05, $41, $63, $53, $13, $33, $42, $33, $03, $33, $72, $63
   426d   42 06 25 71   
   4271   52 05 41 63   
   4275   53 13 33 42   
   4279   33 03 33 72   
   427d   63            
                            ; Ply 9: 14-34 62-42 06-25 71-52 05-41 64-54 04-06 76-64 05-04 -> 60-50 (2553x)
   427e   09 14 34 62       DB $09, $14, $34, $62, $42, $06, $25, $71, $52, $05, $41, $64, $54, $04, $06, $76, $64, $05, $04, $60, $50
   4282   42 06 25 71   
   4286   52 05 41 64   
   428a   54 04 06 76   
   428e   64 05 04 60   
   4292   50            
                            ; Ply 9: 14-34 62-42 06-25 71-52 05-41 64-54 04-06 76-64 12-22 -> 60-50 (1570x)
   4293   09 14 34 62       DB $09, $14, $34, $62, $42, $06, $25, $71, $52, $05, $41, $64, $54, $04, $06, $76, $64, $12, $22, $60, $50
   4297   42 06 25 71   
   429b   52 05 41 64   
   429f   54 04 06 76   
   42a3   64 12 22 60   
   42a7   50            
                            ; Ply 9: 14-34 62-42 06-25 71-52 05-41 64-54 04-06 76-64 13-33 -> 42-33 (1229x)
   42a8   09 14 34 62       DB $09, $14, $34, $62, $42, $06, $25, $71, $52, $05, $41, $64, $54, $04, $06, $76, $64, $13, $33, $42, $33
   42ac   42 06 25 71   
   42b0   52 05 41 64   
   42b4   54 04 06 76   
   42b8   64 13 33 42   
   42bc   33            
                            ; Ply 9: 14-34 62-42 06-25 71-52 05-41 64-54 41-52 61-52 04-06 -> 76-64 (655x)
   42bd   09 14 34 62       DB $09, $14, $34, $62, $42, $06, $25, $71, $52, $05, $41, $64, $54, $41, $52, $61, $52, $04, $06, $76, $64
   42c1   42 06 25 71   
   42c5   52 05 41 64   
   42c9   54 41 52 61   
   42cd   52 04 06 76   
   42d1   64            
                            ; Ply 9: 14-34 62-42 06-25 71-52 05-41 64-54 41-52 61-52 13-23 -> 76-64 (1400x)
   42d2   09 14 34 62       DB $09, $14, $34, $62, $42, $06, $25, $71, $52, $05, $41, $64, $54, $41, $52, $61, $52, $13, $23, $76, $64
   42d6   42 06 25 71   
   42da   52 05 41 64   
   42de   54 41 52 61   
   42e2   52 13 23 76   
   42e6   64            
                            ; Ply 9: 14-34 62-42 06-25 71-52 05-41 66-56 04-06 75-66 05-04 -> 76-55 (3202x)
   42e7   09 14 34 62       DB $09, $14, $34, $62, $42, $06, $25, $71, $52, $05, $41, $66, $56, $04, $06, $75, $66, $05, $04, $76, $55
   42eb   42 06 25 71   
   42ef   52 05 41 66   
   42f3   56 04 06 75   
   42f7   66 05 04 76   
   42fb   55            
                            ; Ply 9: 14-34 62-42 06-25 71-52 05-41 66-56 04-06 75-66 12-22 -> 76-55 (4776x)
   42fc   09 14 34 62       DB $09, $14, $34, $62, $42, $06, $25, $71, $52, $05, $41, $66, $56, $04, $06, $75, $66, $12, $22, $76, $55
   4300   42 06 25 71   
   4304   52 05 41 66   
   4308   56 04 06 75   
   430c   66 12 22 76   
   4310   55            
                            ; Ply 9: 14-34 62-42 06-25 71-52 05-41 66-56 04-06 75-66 41-52 -> 63-52 (851x)
   4311   09 14 34 62       DB $09, $14, $34, $62, $42, $06, $25, $71, $52, $05, $41, $66, $56, $04, $06, $75, $66, $41, $52, $63, $52
   4315   42 06 25 71   
   4319   52 05 41 66   
   431d   56 04 06 75   
   4321   66 41 52 63   
   4325   52            
                            ; Ply 9: 14-34 62-42 06-25 71-52 05-41 66-56 41-52 61-52 04-06 -> 75-66 (3299x)
   4326   09 14 34 62       DB $09, $14, $34, $62, $42, $06, $25, $71, $52, $05, $41, $66, $56, $41, $52, $61, $52, $04, $06, $75, $66
   432a   42 06 25 71   
   432e   52 05 41 66   
   4332   56 41 52 61   
   4336   52 04 06 75   
   433a   66            
                            ; Ply 9: 14-34 62-42 06-25 71-52 05-41 66-56 41-52 63-52 04-06 -> 75-66 (645x)
   433b   09 14 34 62       DB $09, $14, $34, $62, $42, $06, $25, $71, $52, $05, $41, $66, $56, $41, $52, $63, $52, $04, $06, $75, $66
   433f   42 06 25 71   
   4343   52 05 41 66   
   4347   56 41 52 63   
   434b   52 04 06 75   
   434f   66            
                            ; Ply 9: 14-34 62-42 06-25 71-52 05-41 66-56 41-52 63-52 13-23 -> 75-66 (5343x)
   4350   09 14 34 62       DB $09, $14, $34, $62, $42, $06, $25, $71, $52, $05, $41, $66, $56, $41, $52, $63, $52, $13, $23, $75, $66
   4354   42 06 25 71   
   4358   52 05 41 66   
   435c   56 41 52 63   
   4360   52 13 23 75   
   4364   66            
                            ; Ply 9: 14-34 62-42 06-25 71-52 05-41 66-56 41-52 63-52 17-27 -> 75-66 (986x)
   4365   09 14 34 62       DB $09, $14, $34, $62, $42, $06, $25, $71, $52, $05, $41, $66, $56, $41, $52, $63, $52, $17, $27, $75, $66
   4369   42 06 25 71   
   436d   52 05 41 66   
   4371   56 41 52 63   
   4375   52 17 27 75   
   4379   66            
                            ; Ply 9: 14-34 62-42 06-25 71-52 05-41 76-55 01-22 73-62 04-06 -> 52-33 (678x)
   437a   09 14 34 62       DB $09, $14, $34, $62, $42, $06, $25, $71, $52, $05, $41, $76, $55, $01, $22, $73, $62, $04, $06, $52, $33
   437e   42 06 25 71   
   4382   52 05 41 76   
   4386   55 01 22 73   
   438a   62 04 06 52   
   438e   33            
                            ; Ply 9: 14-34 62-42 06-25 71-52 05-41 76-55 41-52 63-52 13-23 -> 72-36 (577x)
   438f   09 14 34 62       DB $09, $14, $34, $62, $42, $06, $25, $71, $52, $05, $41, $76, $55, $41, $52, $63, $52, $13, $23, $72, $36
   4393   42 06 25 71   
   4397   52 05 41 76   
   439b   55 41 52 63   
   439f   52 13 23 72   
   43a3   36            
                            ; Ply 9: 14-34 62-42 12-22 64-54 13-33 63-43 34-44 71-52 06-25 -> 73-51 (535x)
   43a4   09 14 34 62       DB $09, $14, $34, $62, $42, $12, $22, $64, $54, $13, $33, $63, $43, $34, $44, $71, $52, $06, $25, $73, $51
   43a8   42 12 22 64   
   43ac   54 13 33 63   
   43b0   43 34 44 71   
   43b4   52 06 25 73   
   43b8   51            
                            ; Ply 9: 14-34 64-54 13-33 63-43 34-44 62-42 12-22 71-52 06-25 -> 73-51 (12324x)
   43b9   09 14 34 64       DB $09, $14, $34, $64, $54, $13, $33, $63, $43, $34, $44, $62, $42, $12, $22, $71, $52, $06, $25, $73, $51
   43bd   54 13 33 63   
   43c1   43 34 44 62   
   43c5   42 12 22 71   
   43c9   52 06 25 73   
   43cd   51            
                            ; Ply 9: 14-34 64-54 13-33 63-43 34-44 62-42 12-22 72-63 06-25 -> 73-51 (641x)
   43ce   09 14 34 64       DB $09, $14, $34, $64, $54, $13, $33, $63, $43, $34, $44, $62, $42, $12, $22, $72, $63, $06, $25, $73, $51
   43d2   54 13 33 63   
   43d6   43 34 44 62   
   43da   42 12 22 72   
   43de   63 06 25 73   
   43e2   51            
                            ; Ply 9: 14-34 64-54 13-33 63-43 34-44 62-42 12-22 73-51 06-25 -> 71-52 (3874x)
   43e3   09 14 34 64       DB $09, $14, $34, $64, $54, $13, $33, $63, $43, $34, $44, $62, $42, $12, $22, $73, $51, $06, $25, $71, $52
   43e7   54 13 33 63   
   43eb   43 34 44 62   
   43ef   42 12 22 73   
   43f3   51 06 25 71   
   43f7   52            
                            ; Ply 9: 14-34 62-52 13-33 63-43 34-44 52-42 06-25 42-33 03-33 -> 71-52 (616x)
   43f8   09 14 34 62       DB $09, $14, $34, $62, $52, $13, $33, $63, $43, $34, $44, $52, $42, $06, $25, $42, $33, $03, $33, $71, $52
   43fc   52 13 33 63   
   4400   43 34 44 52   
   4404   42 06 25 42   
   4408   33 03 33 71   
   440c   52            
                            ; Ply 9: 14-34 62-52 13-33 63-43 34-44 52-42 06-25 42-33 25-33 -> 71-52 (681x)
   440d   09 14 34 62       DB $09, $14, $34, $62, $52, $13, $33, $63, $43, $34, $44, $52, $42, $06, $25, $42, $33, $25, $33, $71, $52
   4411   52 13 33 63   
   4415   43 34 44 52   
   4419   42 06 25 42   
   441d   33 25 33 71   
   4421   52            
                            ; Ply 9: 14-34 62-52 13-33 63-43 34-44 52-42 33-42 64-54 02-24 -> 71-63 (588x)
   4422   09 14 34 62       DB $09, $14, $34, $62, $52, $13, $33, $63, $43, $34, $44, $52, $42, $33, $42, $64, $54, $02, $24, $71, $63
   4426   52 13 33 63   
   442a   43 34 44 52   
   442e   42 33 42 64   
   4432   54 02 24 71   
   4436   63            
                            ; Ply 9: 14-34 62-52 13-33 63-43 34-44 52-42 33-42 64-54 06-25 -> 75-42 (1125x)
   4437   09 14 34 62       DB $09, $14, $34, $62, $52, $13, $33, $63, $43, $34, $44, $52, $42, $33, $42, $64, $54, $06, $25, $75, $42
   443b   52 13 33 63   
   443f   43 34 44 52   
   4443   42 33 42 64   
   4447   54 06 25 75   
   444b   42            
                            ; Ply 9: 14-34 62-52 13-33 63-43 34-44 52-42 33-42 64-54 10-20 -> 75-42 (2134x)
   444c   09 14 34 62       DB $09, $14, $34, $62, $52, $13, $33, $63, $43, $34, $44, $52, $42, $33, $42, $64, $54, $10, $20, $75, $42
   4450   52 13 33 63   
   4454   43 34 44 52   
   4458   42 33 42 64   
   445c   54 10 20 75   
   4460   42            
                            ; Ply 9: 14-34 62-52 13-33 63-43 34-44 52-42 33-42 71-52 05-41 -> 64-54 (679x)
   4461   09 14 34 62       DB $09, $14, $34, $62, $52, $13, $33, $63, $43, $34, $44, $52, $42, $33, $42, $71, $52, $05, $41, $64, $54
   4465   52 13 33 63   
   4469   43 34 44 52   
   446d   42 33 42 71   
   4471   52 05 41 64   
   4475   54            
                            ; Ply 9: 14-34 62-52 13-33 63-43 34-44 52-42 33-42 71-52 06-25 -> 72-36 (937x)
   4476   09 14 34 62       DB $09, $14, $34, $62, $52, $13, $33, $63, $43, $34, $44, $52, $42, $33, $42, $71, $52, $06, $25, $72, $36
   447a   52 13 33 63   
   447e   43 34 44 52   
   4482   42 33 42 71   
   4486   52 06 25 72   
   448a   36            
                            ; Ply 9: 14-34 62-52 13-33 63-43 34-44 72-45 01-13 64-54 13-21 -> 71-63 (2518x)
   448b   09 14 34 62       DB $09, $14, $34, $62, $52, $13, $33, $63, $43, $34, $44, $72, $45, $01, $13, $64, $54, $13, $21, $71, $63
   448f   52 13 33 63   
   4493   43 34 44 72   
   4497   45 01 13 64   
   449b   54 13 21 71   
   449f   63            
                            ; Ply 9: 14-34 62-52 13-33 63-43 34-44 72-45 01-22 64-54 16-36 -> 45-56 (3483x)
   44a0   09 14 34 62       DB $09, $14, $34, $62, $52, $13, $33, $63, $43, $34, $44, $72, $45, $01, $22, $64, $54, $16, $36, $45, $56
   44a4   52 13 33 63   
   44a8   43 34 44 72   
   44ac   45 01 22 64   
   44b0   54 16 36 45   
   44b4   56            
                            ; Ply 9: 14-34 62-52 13-33 63-43 34-44 72-45 02-24 64-54 01-13 -> 71-63 (535x)
   44b5   09 14 34 62       DB $09, $14, $34, $62, $52, $13, $33, $63, $43, $34, $44, $72, $45, $02, $24, $64, $54, $01, $13, $71, $63
   44b9   52 13 33 63   
   44bd   43 34 44 72   
   44c1   45 02 24 64   
   44c5   54 01 13 71   
   44c9   63            
                            ; Ply 9: 14-34 62-52 13-33 63-43 34-44 72-45 05-23 45-23 03-23 -> 64-54 (1715x)
   44ca   09 14 34 62       DB $09, $14, $34, $62, $52, $13, $33, $63, $43, $34, $44, $72, $45, $05, $23, $45, $23, $03, $23, $64, $54
   44ce   52 13 33 63   
   44d2   43 34 44 72   
   44d6   45 05 23 45   
   44da   23 03 23 64   
   44de   54            
                            ; Ply 9: 14-34 62-52 13-33 63-43 34-44 72-45 06-14 64-54 14-26 -> 45-56 (774x)
   44df   09 14 34 62       DB $09, $14, $34, $62, $52, $13, $33, $63, $43, $34, $44, $72, $45, $06, $14, $64, $54, $14, $26, $45, $56
   44e3   52 13 33 63   
   44e7   43 34 44 72   
   44eb   45 06 14 64   
   44ef   54 14 26 45   
   44f3   56            
                            ; Ply 9: 14-34 62-52 13-33 63-43 34-44 72-45 06-25 64-54 05-14 -> 71-63 (5543x)
   44f4   09 14 34 62       DB $09, $14, $34, $62, $52, $13, $33, $63, $43, $34, $44, $72, $45, $06, $25, $64, $54, $05, $14, $71, $63
   44f8   52 13 33 63   
   44fc   43 34 44 72   
   4500   45 06 25 64   
   4504   54 05 14 71   
   4508   63            
                            ; Ply 9: 14-34 62-52 13-33 63-43 34-44 72-45 12-32 64-54 01-22 -> 76-64 (641x)
   4509   09 14 34 62       DB $09, $14, $34, $62, $52, $13, $33, $63, $43, $34, $44, $72, $45, $12, $32, $64, $54, $01, $22, $76, $64
   450d   52 13 33 63   
   4511   43 34 44 72   
   4515   45 12 32 64   
   4519   54 01 22 76   
   451d   64            
                            ; Ply 9: 14-34 62-52 13-33 63-43 34-44 72-45 16-36 45-34 15-25 -> 34-56 (533x)
   451e   09 14 34 62       DB $09, $14, $34, $62, $52, $13, $33, $63, $43, $34, $44, $72, $45, $16, $36, $45, $34, $15, $25, $34, $56
   4522   52 13 33 63   
   4526   43 34 44 72   
   452a   45 16 36 45   
   452e   34 15 25 34   
   4532   56            
                            ; Ply 9: 14-34 62-52 13-33 63-43 34-44 72-45 17-37 67-47 02-46 -> 73-51 (752x)
   4533   09 14 34 62       DB $09, $14, $34, $62, $52, $13, $33, $63, $43, $34, $44, $72, $45, $17, $37, $67, $47, $02, $46, $73, $51
   4537   52 13 33 63   
   453b   43 34 44 72   
   453f   45 17 37 67   
   4543   47 02 46 73   
   4547   51            
                            ; Ply 9: 14-34 62-52 13-33 63-43 34-44 72-45 17-37 67-47 05-23 -> 45-23 (4749x)
   4548   09 14 34 62       DB $09, $14, $34, $62, $52, $13, $33, $63, $43, $34, $44, $72, $45, $17, $37, $67, $47, $05, $23, $45, $23
   454c   52 13 33 63   
   4550   43 34 44 72   
   4554   45 17 37 67   
   4558   47 05 23 45   
   455c   23            
                            ; Ply 9: 14-34 62-52 13-33 63-43 34-44 72-45 17-37 67-47 12-32 -> 64-54 (2322x)
   455d   09 14 34 62       DB $09, $14, $34, $62, $52, $13, $33, $63, $43, $34, $44, $72, $45, $17, $37, $67, $47, $12, $32, $64, $54
   4561   52 13 33 63   
   4565   43 34 44 72   
   4569   45 17 37 67   
   456d   47 12 32 64   
   4571   54            
                            ; Ply 9: 14-34 62-52 13-33 63-43 34-44 72-45 17-37 67-57 16-36 -> 45-63 (841x)
   4572   09 14 34 62       DB $09, $14, $34, $62, $52, $13, $33, $63, $43, $34, $44, $72, $45, $17, $37, $67, $57, $16, $36, $45, $63
   4576   52 13 33 63   
   457a   43 34 44 72   
   457e   45 17 37 67   
   4582   57 16 36 45   
   4586   63            
                            ; Ply 9: 12-32 64-54 01-22 63-43 13-33 76-55 32-43 54-43 02-46 -> 62-52 (1237x)
   4587   09 12 32 64       DB $09, $12, $32, $64, $54, $01, $22, $63, $43, $13, $33, $76, $55, $32, $43, $54, $43, $02, $46, $62, $52
   458b   54 01 22 63   
   458f   43 13 33 76   
   4593   55 32 43 54   
   4597   43 02 46 62   
   459b   52            
                            ; Ply 9: 13-33 63-43 12-32 64-54 01-22 76-55 32-43 54-43 02-46 -> 75-64 (8748x)
   459c   09 13 33 63       DB $09, $13, $33, $63, $43, $12, $32, $64, $54, $01, $22, $76, $55, $32, $43, $54, $43, $02, $46, $75, $64
   45a0   43 12 32 64   
   45a4   54 01 22 76   
   45a8   55 32 43 54   
   45ac   43 02 46 75   
   45b0   64            
                            ; Ply 9: 13-33 63-43 12-32 64-54 01-22 76-55 32-43 55-43 14-34 -> 43-22 (989x)
   45b1   09 13 33 63       DB $09, $13, $33, $63, $43, $12, $32, $64, $54, $01, $22, $76, $55, $32, $43, $55, $43, $14, $34, $43, $22
   45b5   43 12 32 64   
   45b9   54 01 22 76   
   45bd   55 32 43 55   
   45c1   43 14 34 43   
   45c5   22            
                            ; Ply 9: 13-33 76-55 12-32 64-54 01-22 63-43 32-43 54-43 02-46 -> 75-64 (4997x)
   45c6   09 13 33 76       DB $09, $13, $33, $76, $55, $12, $32, $64, $54, $01, $22, $63, $43, $32, $43, $54, $43, $02, $46, $75, $64
   45ca   55 12 32 64   
   45ce   54 01 22 63   
   45d2   43 32 43 54   
   45d6   43 02 46 75   
   45da   64            
                            ; Ply 9: 13-33 76-55 12-32 64-54 01-22 63-43 32-43 55-43 14-34 -> 43-22 (1171x)
   45db   09 13 33 76       DB $09, $13, $33, $76, $55, $12, $32, $64, $54, $01, $22, $63, $43, $32, $43, $55, $43, $14, $34, $43, $22
   45df   55 12 32 64   
   45e3   54 01 22 63   
   45e7   43 32 43 55   
   45eb   43 14 34 43   
   45ef   22            
                            ; Ply 9: 14-34 76-55 34-44 55-43 13-33 63-53 06-25 53-44 25-44 -> 62-52 (2786x)
   45f0   09 14 34 76       DB $09, $14, $34, $76, $55, $34, $44, $55, $43, $13, $33, $63, $53, $06, $25, $53, $44, $25, $44, $62, $52
   45f4   55 34 44 55   
   45f8   43 13 33 63   
   45fc   53 06 25 53   
   4600   44 25 44 62   
   4604   52            
                            ; Ply 9: 14-34 76-55 34-44 55-43 13-33 63-53 06-25 66-56 05-32 -> 43-51 (2109x)
   4605   09 14 34 76       DB $09, $14, $34, $76, $55, $34, $44, $55, $43, $13, $33, $63, $53, $06, $25, $66, $56, $05, $32, $43, $51
   4609   55 34 44 55   
   460d   43 13 33 63   
   4611   53 06 25 66   
   4615   56 05 32 43   
   4619   51            
                            ; Ply 9: 14-34 76-55 34-44 55-43 13-33 63-53 06-25 71-52 12-32 -> 43-51 (514x)
   461a   09 14 34 76       DB $09, $14, $34, $76, $55, $34, $44, $55, $43, $13, $33, $63, $53, $06, $25, $71, $52, $12, $32, $43, $51
   461e   55 34 44 55   
   4622   43 13 33 63   
   4626   53 06 25 71   
   462a   52 12 32 43   
   462e   51            
                            ; Ply 9: 14-34 76-55 34-44 55-43 13-33 63-53 06-25 72-36 05-14 -> 64-54 (3305x)
   462f   09 14 34 76       DB $09, $14, $34, $76, $55, $34, $44, $55, $43, $13, $33, $63, $53, $06, $25, $72, $36, $05, $14, $64, $54
   4633   55 34 44 55   
   4637   43 13 33 63   
   463b   53 06 25 72   
   463f   36 05 14 64   
   4643   54            
                            ; Ply 9: 14-34 63-43 34-43 73-43 01-22 43-40 05-32 76-55 13-23 -> 62-52 (551x)
   4644   09 14 34 63       DB $09, $14, $34, $63, $43, $34, $43, $73, $43, $01, $22, $43, $40, $05, $32, $76, $55, $13, $23, $62, $52
   4648   43 34 43 73   
   464c   43 01 22 43   
   4650   40 05 32 76   
   4654   55 13 23 62   
   4658   52            
                            ; Ply 9: 14-34 63-43 34-43 73-43 01-22 43-40 13-33 62-52 05-32 -> 76-55 (718x)
   4659   09 14 34 63       DB $09, $14, $34, $63, $43, $34, $43, $73, $43, $01, $22, $43, $40, $13, $33, $62, $52, $05, $32, $76, $55
   465d   43 34 43 73   
   4661   43 01 22 43   
   4665   40 13 33 62   
   4669   52 05 32 76   
   466d   55            
                            ; Ply 9: 14-34 63-43 34-43 73-43 01-22 43-40 13-33 62-52 06-25 -> 76-55 (1648x)
   466e   09 14 34 63       DB $09, $14, $34, $63, $43, $34, $43, $73, $43, $01, $22, $43, $40, $13, $33, $62, $52, $06, $25, $76, $55
   4672   43 34 43 73   
   4676   43 01 22 43   
   467a   40 13 33 62   
   467e   52 06 25 76   
   4682   55            
                            ; Ply 9: 14-34 63-43 34-43 73-43 01-22 43-40 13-33 76-55 02-13 -> 62-52 (662x)
   4683   09 14 34 63       DB $09, $14, $34, $63, $43, $34, $43, $73, $43, $01, $22, $43, $40, $13, $33, $76, $55, $02, $13, $62, $52
   4687   43 34 43 73   
   468b   43 01 22 43   
   468f   40 13 33 76   
   4693   55 02 13 62   
   4697   52            
                            ; Ply 9: 14-34 63-43 34-43 73-43 01-22 43-40 13-33 76-55 05-32 -> 62-52 (871x)
   4698   09 14 34 63       DB $09, $14, $34, $63, $43, $34, $43, $73, $43, $01, $22, $43, $40, $13, $33, $76, $55, $05, $32, $62, $52
   469c   43 34 43 73   
   46a0   43 01 22 43   
   46a4   40 13 33 76   
   46a8   55 05 32 62   
   46ac   52            
                            ; Ply 9: 14-34 63-43 34-43 73-43 01-22 43-40 13-33 76-55 06-25 -> 72-45 (2592x)
   46ad   09 14 34 63       DB $09, $14, $34, $63, $43, $34, $43, $73, $43, $01, $22, $43, $40, $13, $33, $76, $55, $06, $25, $72, $45
   46b1   43 34 43 73   
   46b5   43 01 22 43   
   46b9   40 13 33 76   
   46bd   55 06 25 72   
   46c1   45            
                            ; Ply 9: 14-34 63-53 13-33 76-55 01-22 66-56 15-35 75-66 06-25 -> 74-76 (5613x)
   46c2   09 14 34 63       DB $09, $14, $34, $63, $53, $13, $33, $76, $55, $01, $22, $66, $56, $15, $35, $75, $66, $06, $25, $74, $76
   46c6   53 13 33 76   
   46ca   55 01 22 66   
   46ce   56 15 35 75   
   46d2   66 06 25 74   
   46d6   76            
                        
                            ; === Ply 10 ===
                            ; Ply 10: 14-34 64-44 06-25 71-52 05-32 75-42 01-22 76-55 13-23 63-53 -> 02-46 (262x)
   46d7   0a 14 34 64       DB $0A, $14, $34, $64, $44, $06, $25, $71, $52, $05, $32, $75, $42, $01, $22, $76, $55, $13, $23, $63, $53, $02, $46
   46db   44 06 25 71   
   46df   52 05 32 75   
   46e3   42 01 22 76   
   46e7   55 13 23 63   
   46eb   53 02 46      
                            ; Ply 10: 14-34 64-44 06-25 71-52 05-32 75-42 04-06 63-53 12-22 76-55 -> 13-23 (268x)
   46ee   0a 14 34 64       DB $0A, $14, $34, $64, $44, $06, $25, $71, $52, $05, $32, $75, $42, $04, $06, $63, $53, $12, $22, $76, $55, $13, $23
   46f2   44 06 25 71   
   46f6   52 05 32 75   
   46fa   42 04 06 63   
   46fe   53 12 22 76   
   4702   55 13 23      
                            ; Ply 10: 14-34 64-44 06-25 71-52 05-32 75-42 04-06 76-55 13-23 60-50 -> 12-22 (297x)
   4705   0a 14 34 64       DB $0A, $14, $34, $64, $44, $06, $25, $71, $52, $05, $32, $75, $42, $04, $06, $76, $55, $13, $23, $60, $50, $12, $22
   4709   44 06 25 71   
   470d   52 05 32 75   
   4711   42 04 06 76   
   4715   55 13 23 60   
   4719   50 12 22      
                            ; Ply 10: 14-34 64-44 06-25 71-52 05-32 75-42 04-06 76-55 13-23 63-53 -> 12-22 (2411x)
   471c   0a 14 34 64       DB $0A, $14, $34, $64, $44, $06, $25, $71, $52, $05, $32, $75, $42, $04, $06, $76, $55, $13, $23, $63, $53, $12, $22
   4720   44 06 25 71   
   4724   52 05 32 75   
   4728   42 04 06 76   
   472c   55 13 23 63   
   4730   53 12 22      
                            ; Ply 10: 14-34 64-44 06-25 71-52 05-32 75-42 04-06 76-55 13-23 67-57 -> 12-22 (271x)
   4733   0a 14 34 64       DB $0A, $14, $34, $64, $44, $06, $25, $71, $52, $05, $32, $75, $42, $04, $06, $76, $55, $13, $23, $67, $57, $12, $22
   4737   44 06 25 71   
   473b   52 05 32 75   
   473f   42 04 06 76   
   4743   55 13 23 67   
   4747   57 12 22      
                            ; Ply 10: 14-34 64-44 06-25 71-52 05-32 75-42 04-06 76-55 13-23 74-76 -> 12-22 (434x)
   474a   0a 14 34 64       DB $0A, $14, $34, $64, $44, $06, $25, $71, $52, $05, $32, $75, $42, $04, $06, $76, $55, $13, $23, $74, $76, $12, $22
   474e   44 06 25 71   
   4752   52 05 32 75   
   4756   42 04 06 76   
   475a   55 13 23 74   
   475e   76 12 22      
                            ; Ply 10: 14-34 64-44 06-25 71-52 05-32 75-42 04-06 76-55 13-33 42-33 -> 25-33 (1047x)
   4761   0a 14 34 64       DB $0A, $14, $34, $64, $44, $06, $25, $71, $52, $05, $32, $75, $42, $04, $06, $76, $55, $13, $33, $42, $33, $25, $33
   4765   44 06 25 71   
   4769   52 05 32 75   
   476d   42 04 06 76   
   4771   55 13 33 42   
   4775   33 25 33      
                            ; Ply 10: 14-34 64-44 06-25 71-52 05-32 75-42 04-06 76-55 13-33 44-33 -> 34-44 (331x)
   4778   0a 14 34 64       DB $0A, $14, $34, $64, $44, $06, $25, $71, $52, $05, $32, $75, $42, $04, $06, $76, $55, $13, $33, $44, $33, $34, $44
   477c   44 06 25 71   
   4780   52 05 32 75   
   4784   42 04 06 76   
   4788   55 13 33 44   
   478c   33 34 44      
                            ; Ply 10: 14-34 64-44 06-25 71-52 05-32 75-42 11-31 42-31 12-22 31-40 -> 13-33 (1652x)
   478f   0a 14 34 64       DB $0A, $14, $34, $64, $44, $06, $25, $71, $52, $05, $32, $75, $42, $11, $31, $42, $31, $12, $22, $31, $40, $13, $33
   4793   44 06 25 71   
   4797   52 05 32 75   
   479b   42 11 31 42   
   479f   31 12 22 31   
   47a3   40 13 33      
                            ; Ply 10: 14-34 64-44 06-25 71-52 05-32 75-42 11-31 42-31 12-22 31-42 -> 13-33 (276x)
   47a6   0a 14 34 64       DB $0A, $14, $34, $64, $44, $06, $25, $71, $52, $05, $32, $75, $42, $11, $31, $42, $31, $12, $22, $31, $42, $13, $33
   47aa   44 06 25 71   
   47ae   52 05 32 75   
   47b2   42 11 31 42   
   47b6   31 12 22 31   
   47ba   42 13 33      
                            ; Ply 10: 14-34 64-44 06-25 71-52 05-32 75-42 11-31 42-31 12-22 31-53 -> 13-33 (221x)
   47bd   0a 14 34 64       DB $0A, $14, $34, $64, $44, $06, $25, $71, $52, $05, $32, $75, $42, $11, $31, $42, $31, $12, $22, $31, $53, $13, $33
   47c1   44 06 25 71   
   47c5   52 05 32 75   
   47c9   42 11 31 42   
   47cd   31 12 22 31   
   47d1   53 13 33      
                            ; Ply 10: 14-34 64-44 06-25 71-52 05-32 75-42 11-31 42-31 12-22 31-64 -> 13-33 (1042x)
   47d4   0a 14 34 64       DB $0A, $14, $34, $64, $44, $06, $25, $71, $52, $05, $32, $75, $42, $11, $31, $42, $31, $12, $22, $31, $64, $13, $33
   47d8   44 06 25 71   
   47dc   52 05 32 75   
   47e0   42 11 31 42   
   47e4   31 12 22 31   
   47e8   64 13 33      
                            ; Ply 10: 14-34 64-44 06-25 71-52 05-32 75-42 12-22 63-53 13-33 44-33 -> 22-33 (565x)
   47eb   0a 14 34 64       DB $0A, $14, $34, $64, $44, $06, $25, $71, $52, $05, $32, $75, $42, $12, $22, $63, $53, $13, $33, $44, $33, $22, $33
   47ef   44 06 25 71   
   47f3   52 05 32 75   
   47f7   42 12 22 63   
   47fb   53 13 33 44   
   47ff   33 22 33      
                            ; Ply 10: 14-34 64-44 06-25 71-52 05-32 75-42 12-22 73-64 04-06 63-53 -> 13-33 (219x)
   4802   0a 14 34 64       DB $0A, $14, $34, $64, $44, $06, $25, $71, $52, $05, $32, $75, $42, $12, $22, $73, $64, $04, $06, $63, $53, $13, $33
   4806   44 06 25 71   
   480a   52 05 32 75   
   480e   42 12 22 73   
   4812   64 04 06 63   
   4816   53 13 33      
                            ; Ply 10: 14-34 64-44 06-25 71-52 05-32 75-42 12-22 76-55 11-31 42-51 -> 13-23 (498x)
   4819   0a 14 34 64       DB $0A, $14, $34, $64, $44, $06, $25, $71, $52, $05, $32, $75, $42, $12, $22, $76, $55, $11, $31, $42, $51, $13, $23
   481d   44 06 25 71   
   4821   52 05 32 75   
   4825   42 12 22 76   
   4829   55 11 31 42   
   482d   51 13 23      
                            ; Ply 10: 14-34 64-44 06-25 71-52 05-32 75-42 12-22 76-55 13-23 60-50 -> 32-21 (1332x)
   4830   0a 14 34 64       DB $0A, $14, $34, $64, $44, $06, $25, $71, $52, $05, $32, $75, $42, $12, $22, $76, $55, $13, $23, $60, $50, $32, $21
   4834   44 06 25 71   
   4838   52 05 32 75   
   483c   42 12 22 76   
   4840   55 13 23 60   
   4844   50 32 21      
                            ; Ply 10: 14-34 64-44 06-25 71-52 05-32 75-42 12-22 76-55 13-23 63-53 -> 04-06 (2845x)
   4847   0a 14 34 64       DB $0A, $14, $34, $64, $44, $06, $25, $71, $52, $05, $32, $75, $42, $12, $22, $76, $55, $13, $23, $63, $53, $04, $06
   484b   44 06 25 71   
   484f   52 05 32 75   
   4853   42 12 22 76   
   4857   55 13 23 63   
   485b   53 04 06      
                            ; Ply 10: 14-34 64-44 06-25 71-52 05-32 75-42 12-22 76-55 13-23 67-57 -> 04-06 (284x)
   485e   0a 14 34 64       DB $0A, $14, $34, $64, $44, $06, $25, $71, $52, $05, $32, $75, $42, $12, $22, $76, $55, $13, $23, $67, $57, $04, $06
   4862   44 06 25 71   
   4866   52 05 32 75   
   486a   42 12 22 76   
   486e   55 13 23 67   
   4872   57 04 06      
                            ; Ply 10: 14-34 64-44 06-25 71-52 05-32 75-42 12-22 76-55 13-23 74-76 -> 04-06 (1636x)
   4875   0a 14 34 64       DB $0A, $14, $34, $64, $44, $06, $25, $71, $52, $05, $32, $75, $42, $12, $22, $76, $55, $13, $23, $74, $76, $04, $06
   4879   44 06 25 71   
   487d   52 05 32 75   
   4881   42 12 22 76   
   4885   55 13 23 74   
   4889   76 04 06      
                            ; Ply 10: 14-34 64-44 06-25 71-52 05-32 75-42 12-22 76-55 13-33 44-33 -> 22-33 (4157x)
   488c   0a 14 34 64       DB $0A, $14, $34, $64, $44, $06, $25, $71, $52, $05, $32, $75, $42, $12, $22, $76, $55, $13, $33, $44, $33, $22, $33
   4890   44 06 25 71   
   4894   52 05 32 75   
   4898   42 12 22 76   
   489c   55 13 33 44   
   48a0   33 22 33      
                            ; Ply 10: 14-34 64-44 06-25 71-52 05-32 75-42 13-23 76-55 01-22 63-53 -> 02-46 (282x)
   48a3   0a 14 34 64       DB $0A, $14, $34, $64, $44, $06, $25, $71, $52, $05, $32, $75, $42, $13, $23, $76, $55, $01, $22, $63, $53, $02, $46
   48a7   44 06 25 71   
   48ab   52 05 32 75   
   48af   42 13 23 76   
   48b3   55 01 22 63   
   48b7   53 02 46      
                            ; Ply 10: 14-34 64-44 06-25 71-52 05-32 75-42 13-23 76-55 02-46 67-57 -> 46-37 (529x)
   48ba   0a 14 34 64       DB $0A, $14, $34, $64, $44, $06, $25, $71, $52, $05, $32, $75, $42, $13, $23, $76, $55, $02, $46, $67, $57, $46, $37
   48be   44 06 25 71   
   48c2   52 05 32 75   
   48c6   42 13 23 76   
   48ca   55 02 46 67   
   48ce   57 46 37      
                            ; Ply 10: 14-34 64-44 06-25 71-52 05-32 75-42 13-23 76-55 04-06 63-53 -> 12-22 (927x)
   48d1   0a 14 34 64       DB $0A, $14, $34, $64, $44, $06, $25, $71, $52, $05, $32, $75, $42, $13, $23, $76, $55, $04, $06, $63, $53, $12, $22
   48d5   44 06 25 71   
   48d9   52 05 32 75   
   48dd   42 13 23 76   
   48e1   55 04 06 63   
   48e5   53 12 22      
                            ; Ply 10: 14-34 64-44 06-25 71-52 05-32 75-42 13-23 76-55 12-22 63-53 -> 04-06 (224x)
   48e8   0a 14 34 64       DB $0A, $14, $34, $64, $44, $06, $25, $71, $52, $05, $32, $75, $42, $13, $23, $76, $55, $12, $22, $63, $53, $04, $06
   48ec   44 06 25 71   
   48f0   52 05 32 75   
   48f4   42 13 23 76   
   48f8   55 12 22 63   
   48fc   53 04 06      
                            ; Ply 10: 14-34 62-42 06-25 71-52 05-41 63-53 04-06 72-63 05-04 76-55 -> 12-22 (1641x)
   48ff   0a 14 34 62       DB $0A, $14, $34, $62, $42, $06, $25, $71, $52, $05, $41, $63, $53, $04, $06, $72, $63, $05, $04, $76, $55, $12, $22
   4903   42 06 25 71   
   4907   52 05 41 63   
   490b   53 04 06 72   
   490f   63 05 04 76   
   4913   55 12 22      
                            ; Ply 10: 14-34 62-42 06-25 71-52 05-41 63-53 04-06 72-63 12-22 76-55 -> 05-04 (620x)
   4916   0a 14 34 62       DB $0A, $14, $34, $62, $42, $06, $25, $71, $52, $05, $41, $63, $53, $04, $06, $72, $63, $12, $22, $76, $55, $05, $04
   491a   42 06 25 71   
   491e   52 05 41 63   
   4922   53 04 06 72   
   4926   63 12 22 76   
   492a   55 05 04      
                            ; Ply 10: 14-34 62-42 06-25 71-52 05-41 63-53 13-33 42-33 03-33 72-63 -> 41-52 (565x)
   492d   0a 14 34 62       DB $0A, $14, $34, $62, $42, $06, $25, $71, $52, $05, $41, $63, $53, $13, $33, $42, $33, $03, $33, $72, $63, $41, $52
   4931   42 06 25 71   
   4935   52 05 41 63   
   4939   53 13 33 42   
   493d   33 03 33 72   
   4941   63 41 52      
                            ; Ply 10: 14-34 62-42 06-25 71-52 05-41 64-54 04-06 76-64 05-04 52-33 -> 25-33 (550x)
   4944   0a 14 34 62       DB $0A, $14, $34, $62, $42, $06, $25, $71, $52, $05, $41, $64, $54, $04, $06, $76, $64, $05, $04, $52, $33, $25, $33
   4948   42 06 25 71   
   494c   52 05 41 64   
   4950   54 04 06 76   
   4954   64 05 04 52   
   4958   33 25 33      
                            ; Ply 10: 14-34 62-42 06-25 71-52 05-41 64-54 04-06 76-64 05-04 60-50 -> 41-05 (2059x)
   495b   0a 14 34 62       DB $0A, $14, $34, $62, $42, $06, $25, $71, $52, $05, $41, $64, $54, $04, $06, $76, $64, $05, $04, $60, $50, $41, $05
   495f   42 06 25 71   
   4963   52 05 41 64   
   4967   54 04 06 76   
   496b   64 05 04 60   
   496f   50 41 05      
                            ; Ply 10: 14-34 62-42 06-25 71-52 05-41 64-54 04-06 76-64 12-22 60-50 -> 41-30 (1244x)
   4972   0a 14 34 62       DB $0A, $14, $34, $62, $42, $06, $25, $71, $52, $05, $41, $64, $54, $04, $06, $76, $64, $12, $22, $60, $50, $41, $30
   4976   42 06 25 71   
   497a   52 05 41 64   
   497e   54 04 06 76   
   4982   64 12 22 60   
   4986   50 41 30      
                            ; Ply 10: 14-34 62-42 06-25 71-52 05-41 64-54 04-06 76-64 13-33 42-33 -> 25-33 (1220x)
   4989   0a 14 34 62       DB $0A, $14, $34, $62, $42, $06, $25, $71, $52, $05, $41, $64, $54, $04, $06, $76, $64, $13, $33, $42, $33, $25, $33
   498d   42 06 25 71   
   4991   52 05 41 64   
   4995   54 04 06 76   
   4999   64 13 33 42   
   499d   33 25 33      
                            ; Ply 10: 14-34 62-42 06-25 71-52 05-41 64-54 41-52 61-52 13-23 76-64 -> 03-14 (541x)
   49a0   0a 14 34 62       DB $0A, $14, $34, $62, $42, $06, $25, $71, $52, $05, $41, $64, $54, $41, $52, $61, $52, $13, $23, $76, $64, $03, $14
   49a4   42 06 25 71   
   49a8   52 05 41 64   
   49ac   54 41 52 61   
   49b0   52 13 23 76   
   49b4   64 03 14      
                            ; Ply 10: 14-34 62-42 06-25 71-52 05-41 66-56 04-06 75-66 05-04 64-44 -> 41-52 (1326x)
   49b7   0a 14 34 62       DB $0A, $14, $34, $62, $42, $06, $25, $71, $52, $05, $41, $66, $56, $04, $06, $75, $66, $05, $04, $64, $44, $41, $52
   49bb   42 06 25 71   
   49bf   52 05 41 66   
   49c3   56 04 06 75   
   49c7   66 05 04 64   
   49cb   44 41 52      
                            ; Ply 10: 14-34 62-42 06-25 71-52 05-41 66-56 04-06 75-66 05-04 76-55 -> 34-44 (1426x)
   49ce   0a 14 34 62       DB $0A, $14, $34, $62, $42, $06, $25, $71, $52, $05, $41, $66, $56, $04, $06, $75, $66, $05, $04, $76, $55, $34, $44
   49d2   42 06 25 71   
   49d6   52 05 41 66   
   49da   56 04 06 75   
   49de   66 05 04 76   
   49e2   55 34 44      
                            ; Ply 10: 14-34 62-42 06-25 71-52 05-41 66-56 04-06 75-66 12-22 64-44 -> 13-33 (793x)
   49e5   0a 14 34 62       DB $0A, $14, $34, $62, $42, $06, $25, $71, $52, $05, $41, $66, $56, $04, $06, $75, $66, $12, $22, $64, $44, $13, $33
   49e9   42 06 25 71   
   49ed   52 05 41 66   
   49f1   56 04 06 75   
   49f5   66 12 22 64   
   49f9   44 13 33      
                            ; Ply 10: 14-34 62-42 06-25 71-52 05-41 66-56 04-06 75-66 12-22 76-55 -> 05-04 (3494x)
   49fc   0a 14 34 62       DB $0A, $14, $34, $62, $42, $06, $25, $71, $52, $05, $41, $66, $56, $04, $06, $75, $66, $12, $22, $76, $55, $05, $04
   4a00   42 06 25 71   
   4a04   52 05 41 66   
   4a08   56 04 06 75   
   4a0c   66 12 22 76   
   4a10   55 05 04      
                            ; Ply 10: 14-34 62-42 06-25 71-52 05-41 66-56 04-06 75-66 41-52 63-52 -> 13-23 (570x)
   4a13   0a 14 34 62       DB $0A, $14, $34, $62, $42, $06, $25, $71, $52, $05, $41, $66, $56, $04, $06, $75, $66, $41, $52, $63, $52, $13, $23
   4a17   42 06 25 71   
   4a1b   52 05 41 66   
   4a1f   56 04 06 75   
   4a23   66 41 52 63   
   4a27   52 13 23      
                            ; Ply 10: 14-34 62-42 06-25 71-52 05-41 66-56 41-52 61-52 04-06 75-66 -> 05-04 (2514x)
   4a2a   0a 14 34 62       DB $0A, $14, $34, $62, $42, $06, $25, $71, $52, $05, $41, $66, $56, $41, $52, $61, $52, $04, $06, $75, $66, $05, $04
   4a2e   42 06 25 71   
   4a32   52 05 41 66   
   4a36   56 41 52 61   
   4a3a   52 04 06 75   
   4a3e   66 05 04      
                            ; Ply 10: 14-34 62-42 06-25 71-52 05-41 66-56 41-52 63-52 13-23 75-66 -> 17-27 (4125x)
   4a41   0a 14 34 62       DB $0A, $14, $34, $62, $42, $06, $25, $71, $52, $05, $41, $66, $56, $41, $52, $63, $52, $13, $23, $75, $66, $17, $27
   4a45   42 06 25 71   
   4a49   52 05 41 66   
   4a4d   56 41 52 63   
   4a51   52 13 23 75   
   4a55   66 17 27      
                            ; Ply 10: 14-34 62-42 06-25 71-52 05-41 66-56 41-52 63-52 17-27 75-66 -> 13-23 (790x)
   4a58   0a 14 34 62       DB $0A, $14, $34, $62, $42, $06, $25, $71, $52, $05, $41, $66, $56, $41, $52, $63, $52, $17, $27, $75, $66, $13, $23
   4a5c   42 06 25 71   
   4a60   52 05 41 66   
   4a64   56 41 52 63   
   4a68   52 17 27 75   
   4a6c   66 13 23      
                            ; Ply 10: 14-34 64-54 13-33 63-43 34-44 62-42 12-22 71-52 06-25 42-33 -> 22-33 (509x)
   4a6f   0a 14 34 64       DB $0A, $14, $34, $64, $54, $13, $33, $63, $43, $34, $44, $62, $42, $12, $22, $71, $52, $06, $25, $42, $33, $22, $33
   4a73   54 13 33 63   
   4a77   43 34 44 62   
   4a7b   42 12 22 71   
   4a7f   52 06 25 42   
   4a83   33 22 33      
                            ; Ply 10: 14-34 64-54 13-33 63-43 34-44 62-42 12-22 71-52 06-25 72-63 -> 05-14 (5464x)
   4a86   0a 14 34 64       DB $0A, $14, $34, $64, $54, $13, $33, $63, $43, $34, $44, $62, $42, $12, $22, $71, $52, $06, $25, $72, $63, $05, $14
   4a8a   54 13 33 63   
   4a8e   43 34 44 62   
   4a92   42 12 22 71   
   4a96   52 06 25 72   
   4a9a   63 05 14      
                            ; Ply 10: 14-34 64-54 13-33 63-43 34-44 62-42 12-22 71-52 06-25 73-51 -> 10-20 (6451x)
   4a9d   0a 14 34 64       DB $0A, $14, $34, $64, $54, $13, $33, $63, $43, $34, $44, $62, $42, $12, $22, $71, $52, $06, $25, $73, $51, $10, $20
   4aa1   54 13 33 63   
   4aa5   43 34 44 62   
   4aa9   42 12 22 71   
   4aad   52 06 25 73   
   4ab1   51 10 20      
                            ; Ply 10: 14-34 64-54 13-33 63-43 34-44 62-42 12-22 71-52 06-25 76-64 -> 01-20 (885x)
   4ab4   0a 14 34 64       DB $0A, $14, $34, $64, $54, $13, $33, $63, $43, $34, $44, $62, $42, $12, $22, $71, $52, $06, $25, $76, $64, $01, $20
   4ab8   54 13 33 63   
   4abc   43 34 44 62   
   4ac0   42 12 22 71   
   4ac4   52 06 25 76   
   4ac8   64 01 20      
                            ; Ply 10: 14-34 64-54 13-33 63-43 34-44 62-42 12-22 73-51 06-25 71-52 -> 10-20 (2148x)
   4acb   0a 14 34 64       DB $0A, $14, $34, $64, $54, $13, $33, $63, $43, $34, $44, $62, $42, $12, $22, $73, $51, $06, $25, $71, $52, $10, $20
   4acf   54 13 33 63   
   4ad3   43 34 44 62   
   4ad7   42 12 22 73   
   4adb   51 06 25 71   
   4adf   52 10 20      
                            ; Ply 10: 14-34 64-54 13-33 63-43 34-44 62-42 12-22 73-51 06-25 72-63 -> 05-14 (1236x)
   4ae2   0a 14 34 64       DB $0A, $14, $34, $64, $54, $13, $33, $63, $43, $34, $44, $62, $42, $12, $22, $73, $51, $06, $25, $72, $63, $05, $14
   4ae6   54 13 33 63   
   4aea   43 34 44 62   
   4aee   42 12 22 73   
   4af2   51 06 25 72   
   4af6   63 05 14      
                            ; Ply 10: 14-34 62-52 13-33 63-43 34-44 52-42 06-25 42-33 03-33 71-52 -> 33-35 (601x)
   4af9   0a 14 34 62       DB $0A, $14, $34, $62, $52, $13, $33, $63, $43, $34, $44, $52, $42, $06, $25, $42, $33, $03, $33, $71, $52, $33, $35
   4afd   52 13 33 63   
   4b01   43 34 44 52   
   4b05   42 06 25 42   
   4b09   33 03 33 71   
   4b0d   52 33 35      
                            ; Ply 10: 14-34 62-52 13-33 63-43 34-44 52-42 33-42 64-54 06-25 75-42 -> 05-23 (766x)
   4b10   0a 14 34 62       DB $0A, $14, $34, $62, $52, $13, $33, $63, $43, $34, $44, $52, $42, $33, $42, $64, $54, $06, $25, $75, $42, $05, $23
   4b14   52 13 33 63   
   4b18   43 34 44 52   
   4b1c   42 33 42 64   
   4b20   54 06 25 75   
   4b24   42 05 23      
                            ; Ply 10: 14-34 62-52 13-33 63-43 34-44 52-42 33-42 64-54 10-20 75-42 -> 11-31 (1122x)
   4b27   0a 14 34 62       DB $0A, $14, $34, $62, $52, $13, $33, $63, $43, $34, $44, $52, $42, $33, $42, $64, $54, $10, $20, $75, $42, $11, $31
   4b2b   52 13 33 63   
   4b2f   43 34 44 52   
   4b33   42 33 42 64   
   4b37   54 10 20 75   
   4b3b   42 11 31      
                            ; Ply 10: 14-34 62-52 13-33 63-43 34-44 52-42 33-42 71-52 05-41 64-54 -> 02-24 (516x)
   4b3e   0a 14 34 62       DB $0A, $14, $34, $62, $52, $13, $33, $63, $43, $34, $44, $52, $42, $33, $42, $71, $52, $05, $41, $64, $54, $02, $24
   4b42   52 13 33 63   
   4b46   43 34 44 52   
   4b4a   42 33 42 71   
   4b4e   52 05 41 64   
   4b52   54 02 24      
                            ; Ply 10: 14-34 62-52 13-33 63-43 34-44 72-45 01-13 64-54 13-21 71-63 -> 06-25 (2293x)
   4b55   0a 14 34 62       DB $0A, $14, $34, $62, $52, $13, $33, $63, $43, $34, $44, $72, $45, $01, $13, $64, $54, $13, $21, $71, $63, $06, $25
   4b59   52 13 33 63   
   4b5d   43 34 44 72   
   4b61   45 01 13 64   
   4b65   54 13 21 71   
   4b69   63 06 25      
                            ; Ply 10: 14-34 62-52 13-33 63-43 34-44 72-45 01-22 64-54 16-36 45-56 -> 06-14 (3336x)
   4b6c   0a 14 34 62       DB $0A, $14, $34, $62, $52, $13, $33, $63, $43, $34, $44, $72, $45, $01, $22, $64, $54, $16, $36, $45, $56, $06, $14
   4b70   52 13 33 63   
   4b74   43 34 44 72   
   4b78   45 01 22 64   
   4b7c   54 16 36 45   
   4b80   56 06 14      
                            ; Ply 10: 14-34 62-52 13-33 63-43 34-44 72-45 05-23 45-23 03-23 64-54 -> 06-14 (711x)
   4b83   0a 14 34 62       DB $0A, $14, $34, $62, $52, $13, $33, $63, $43, $34, $44, $72, $45, $05, $23, $45, $23, $03, $23, $64, $54, $06, $14
   4b87   52 13 33 63   
   4b8b   43 34 44 72   
   4b8f   45 05 23 45   
   4b93   23 03 23 64   
   4b97   54 06 14      
                            ; Ply 10: 14-34 62-52 13-33 63-43 34-44 72-45 06-14 64-54 14-26 45-56 -> 17-37 (657x)
   4b9a   0a 14 34 62       DB $0A, $14, $34, $62, $52, $13, $33, $63, $43, $34, $44, $72, $45, $06, $14, $64, $54, $14, $26, $45, $56, $17, $37
   4b9e   52 13 33 63   
   4ba2   43 34 44 72   
   4ba6   45 06 14 64   
   4baa   54 14 26 45   
   4bae   56 17 37      
                            ; Ply 10: 14-34 62-52 13-33 63-43 34-44 72-45 06-25 64-54 05-14 52-42 -> 02-24 (2377x)
   4bb1   0a 14 34 62       DB $0A, $14, $34, $62, $52, $13, $33, $63, $43, $34, $44, $72, $45, $06, $25, $64, $54, $05, $14, $52, $42, $02, $24
   4bb5   52 13 33 63   
   4bb9   43 34 44 72   
   4bbd   45 06 25 64   
   4bc1   54 05 14 52   
   4bc5   42 02 24      
                            ; Ply 10: 14-34 62-52 13-33 63-43 34-44 72-45 06-25 64-54 05-14 67-57 -> 04-06 (506x)
   4bc8   0a 14 34 62       DB $0A, $14, $34, $62, $52, $13, $33, $63, $43, $34, $44, $72, $45, $06, $25, $64, $54, $05, $14, $67, $57, $04, $06
   4bcc   52 13 33 63   
   4bd0   43 34 44 72   
   4bd4   45 06 25 64   
   4bd8   54 05 14 67   
   4bdc   57 04 06      
                            ; Ply 10: 14-34 62-52 13-33 63-43 34-44 72-45 06-25 64-54 05-14 71-63 -> 04-06 (5197x)
   4bdf   0a 14 34 62       DB $0A, $14, $34, $62, $52, $13, $33, $63, $43, $34, $44, $72, $45, $06, $25, $64, $54, $05, $14, $71, $63, $04, $06
   4be3   52 13 33 63   
   4be7   43 34 44 72   
   4beb   45 06 25 64   
   4bef   54 05 14 71   
   4bf3   63 04 06      
                            ; Ply 10: 14-34 62-52 13-33 63-43 34-44 72-45 06-25 64-54 05-14 76-64 -> 04-06 (3060x)
   4bf6   0a 14 34 62       DB $0A, $14, $34, $62, $52, $13, $33, $63, $43, $34, $44, $72, $45, $06, $25, $64, $54, $05, $14, $76, $64, $04, $06
   4bfa   52 13 33 63   
   4bfe   43 34 44 72   
   4c02   45 06 25 64   
   4c06   54 05 14 76   
   4c0a   64 04 06      
                            ; Ply 10: 14-34 62-52 13-33 63-43 34-44 72-45 17-37 67-47 02-46 73-51 -> 05-23 (746x)
   4c0d   0a 14 34 62       DB $0A, $14, $34, $62, $52, $13, $33, $63, $43, $34, $44, $72, $45, $17, $37, $67, $47, $02, $46, $73, $51, $05, $23
   4c11   52 13 33 63   
   4c15   43 34 44 72   
   4c19   45 17 37 67   
   4c1d   47 02 46 73   
   4c21   51 05 23      
                            ; Ply 10: 14-34 62-52 13-33 63-43 34-44 72-45 17-37 67-47 05-23 45-23 -> 03-23 (4736x)
   4c24   0a 14 34 62       DB $0A, $14, $34, $62, $52, $13, $33, $63, $43, $34, $44, $72, $45, $17, $37, $67, $47, $05, $23, $45, $23, $03, $23
   4c28   52 13 33 63   
   4c2c   43 34 44 72   
   4c30   45 17 37 67   
   4c34   47 05 23 45   
   4c38   23 03 23      
                            ; Ply 10: 14-34 62-52 13-33 63-43 34-44 72-45 17-37 67-47 12-32 64-54 -> 01-22 (2249x)
   4c3b   0a 14 34 62       DB $0A, $14, $34, $62, $52, $13, $33, $63, $43, $34, $44, $72, $45, $17, $37, $67, $47, $12, $32, $64, $54, $01, $22
   4c3f   52 13 33 63   
   4c43   43 34 44 72   
   4c47   45 17 37 67   
   4c4b   47 12 32 64   
   4c4f   54 01 22      
                            ; Ply 10: 12-32 64-54 01-22 63-43 13-33 76-55 32-43 54-43 02-46 62-52 -> 14-24 (1043x)
   4c52   0a 12 32 64       DB $0A, $12, $32, $64, $54, $01, $22, $63, $43, $13, $33, $76, $55, $32, $43, $54, $43, $02, $46, $62, $52, $14, $24
   4c56   54 01 22 63   
   4c5a   43 13 33 76   
   4c5e   55 32 43 54   
   4c62   43 02 46 62   
   4c66   52 14 24      
                            ; Ply 10: 12-32 64-54 01-22 63-43 13-33 76-55 32-43 54-43 02-46 75-64 -> 14-24 (916x)
   4c69   0a 12 32 64       DB $0A, $12, $32, $64, $54, $01, $22, $63, $43, $13, $33, $76, $55, $32, $43, $54, $43, $02, $46, $75, $64, $14, $24
   4c6d   54 01 22 63   
   4c71   43 13 33 76   
   4c75   55 32 43 54   
   4c79   43 02 46 75   
   4c7d   64 14 24      
                            ; Ply 10: 13-33 63-43 12-32 64-54 01-22 76-55 32-43 54-43 02-46 62-52 -> 14-24 (5625x)
   4c80   0a 13 33 63       DB $0A, $13, $33, $63, $43, $12, $32, $64, $54, $01, $22, $76, $55, $32, $43, $54, $43, $02, $46, $62, $52, $14, $24
   4c84   43 12 32 64   
   4c88   54 01 22 76   
   4c8c   55 32 43 54   
   4c90   43 02 46 62   
   4c94   52 14 24      
                            ; Ply 10: 13-33 63-43 12-32 64-54 01-22 76-55 32-43 54-43 02-46 71-63 -> 14-24 (1473x)
   4c97   0a 13 33 63       DB $0A, $13, $33, $63, $43, $12, $32, $64, $54, $01, $22, $76, $55, $32, $43, $54, $43, $02, $46, $71, $63, $14, $24
   4c9b   43 12 32 64   
   4c9f   54 01 22 76   
   4ca3   55 32 43 54   
   4ca7   43 02 46 71   
   4cab   63 14 24      
                            ; Ply 10: 13-33 63-43 12-32 64-54 01-22 76-55 32-43 54-43 02-46 75-31 -> 14-24 (595x)
   4cae   0a 13 33 63       DB $0A, $13, $33, $63, $43, $12, $32, $64, $54, $01, $22, $76, $55, $32, $43, $54, $43, $02, $46, $75, $31, $14, $24
   4cb2   43 12 32 64   
   4cb6   54 01 22 76   
   4cba   55 32 43 54   
   4cbe   43 02 46 75   
   4cc2   31 14 24      
                            ; Ply 10: 13-33 63-43 12-32 64-54 01-22 76-55 32-43 54-43 02-46 75-64 -> 14-24 (7901x)
   4cc5   0a 13 33 63       DB $0A, $13, $33, $63, $43, $12, $32, $64, $54, $01, $22, $76, $55, $32, $43, $54, $43, $02, $46, $75, $64, $14, $24
   4cc9   43 12 32 64   
   4ccd   54 01 22 76   
   4cd1   55 32 43 54   
   4cd5   43 02 46 75   
   4cd9   64 14 24      
                            ; Ply 10: 13-33 63-43 12-32 64-54 01-22 76-55 32-43 55-43 14-34 43-22 -> 11-22 (988x)
   4cdc   0a 13 33 63       DB $0A, $13, $33, $63, $43, $12, $32, $64, $54, $01, $22, $76, $55, $32, $43, $55, $43, $14, $34, $43, $22, $11, $22
   4ce0   43 12 32 64   
   4ce4   54 01 22 76   
   4ce8   55 32 43 55   
   4cec   43 14 34 43   
   4cf0   22 11 22      
                            ; Ply 10: 13-33 76-55 12-32 64-54 01-22 63-43 32-43 54-43 02-46 62-52 -> 14-24 (3841x)
   4cf3   0a 13 33 76       DB $0A, $13, $33, $76, $55, $12, $32, $64, $54, $01, $22, $63, $43, $32, $43, $54, $43, $02, $46, $62, $52, $14, $24
   4cf7   55 12 32 64   
   4cfb   54 01 22 63   
   4cff   43 32 43 54   
   4d03   43 02 46 62   
   4d07   52 14 24      
                            ; Ply 10: 13-33 76-55 12-32 64-54 01-22 63-43 32-43 54-43 02-46 71-63 -> 14-24 (736x)
   4d0a   0a 13 33 76       DB $0A, $13, $33, $76, $55, $12, $32, $64, $54, $01, $22, $63, $43, $32, $43, $54, $43, $02, $46, $71, $63, $14, $24
   4d0e   55 12 32 64   
   4d12   54 01 22 63   
   4d16   43 32 43 54   
   4d1a   43 02 46 71   
   4d1e   63 14 24      
                            ; Ply 10: 13-33 76-55 12-32 64-54 01-22 63-43 32-43 54-43 02-46 75-31 -> 14-24 (548x)
   4d21   0a 13 33 76       DB $0A, $13, $33, $76, $55, $12, $32, $64, $54, $01, $22, $63, $43, $32, $43, $54, $43, $02, $46, $75, $31, $14, $24
   4d25   55 12 32 64   
   4d29   54 01 22 63   
   4d2d   43 32 43 54   
   4d31   43 02 46 75   
   4d35   31 14 24      
                            ; Ply 10: 13-33 76-55 12-32 64-54 01-22 63-43 32-43 54-43 02-46 75-64 -> 14-24 (4585x)
   4d38   0a 13 33 76       DB $0A, $13, $33, $76, $55, $12, $32, $64, $54, $01, $22, $63, $43, $32, $43, $54, $43, $02, $46, $75, $64, $14, $24
   4d3c   55 12 32 64   
   4d40   54 01 22 63   
   4d44   43 32 43 54   
   4d48   43 02 46 75   
   4d4c   64 14 24      
                            ; Ply 10: 13-33 76-55 12-32 64-54 01-22 63-43 32-43 55-43 14-34 43-22 -> 11-22 (1171x)
   4d4f   0a 13 33 76       DB $0A, $13, $33, $76, $55, $12, $32, $64, $54, $01, $22, $63, $43, $32, $43, $55, $43, $14, $34, $43, $22, $11, $22
   4d53   55 12 32 64   
   4d57   54 01 22 63   
   4d5b   43 32 43 55   
   4d5f   43 14 34 43   
   4d63   22 11 22      
                            ; Ply 10: 14-34 76-55 34-44 55-43 13-33 63-53 06-25 53-44 25-44 62-52 -> 05-14 (1346x)
   4d66   0a 14 34 76       DB $0A, $14, $34, $76, $55, $34, $44, $55, $43, $13, $33, $63, $53, $06, $25, $53, $44, $25, $44, $62, $52, $05, $14
   4d6a   55 34 44 55   
   4d6e   43 13 33 63   
   4d72   53 06 25 53   
   4d76   44 25 44 62   
   4d7a   52 05 14      
                            ; Ply 10: 14-34 76-55 34-44 55-43 13-33 63-53 06-25 53-44 25-44 66-56 -> 05-32 (674x)
   4d7d   0a 14 34 76       DB $0A, $14, $34, $76, $55, $34, $44, $55, $43, $13, $33, $63, $53, $06, $25, $53, $44, $25, $44, $66, $56, $05, $32
   4d81   55 34 44 55   
   4d85   43 13 33 63   
   4d89   53 06 25 53   
   4d8d   44 25 44 66   
   4d91   56 05 32      
                            ; Ply 10: 14-34 76-55 34-44 55-43 13-33 63-53 06-25 66-56 05-32 43-51 -> 32-21 (2088x)
   4d94   0a 14 34 76       DB $0A, $14, $34, $76, $55, $34, $44, $55, $43, $13, $33, $63, $53, $06, $25, $66, $56, $05, $32, $43, $51, $32, $21
   4d98   55 34 44 55   
   4d9c   43 13 33 63   
   4da0   53 06 25 66   
   4da4   56 05 32 43   
   4da8   51 32 21      
                            ; Ply 10: 14-34 76-55 34-44 55-43 13-33 63-53 06-25 66-56 05-32 62-52 -> 04-06 (522x)
   4dab   0a 14 34 76       DB $0A, $14, $34, $76, $55, $34, $44, $55, $43, $13, $33, $63, $53, $06, $25, $66, $56, $05, $32, $62, $52, $04, $06
   4daf   55 34 44 55   
   4db3   43 13 33 63   
   4db7   53 06 25 66   
   4dbb   56 05 32 62   
   4dbf   52 04 06      
                            ; Ply 10: 14-34 76-55 34-44 55-43 13-33 63-53 06-25 72-36 05-14 62-52 -> 04-06 (809x)
   4dc2   0a 14 34 76       DB $0A, $14, $34, $76, $55, $34, $44, $55, $43, $13, $33, $63, $53, $06, $25, $72, $36, $05, $14, $62, $52, $04, $06
   4dc6   55 34 44 55   
   4dca   43 13 33 63   
   4dce   53 06 25 72   
   4dd2   36 05 14 62   
   4dd6   52 04 06      
                            ; Ply 10: 14-34 76-55 34-44 55-43 13-33 63-53 06-25 72-36 05-14 64-54 -> 04-06 (2284x)
   4dd9   0a 14 34 76       DB $0A, $14, $34, $76, $55, $34, $44, $55, $43, $13, $33, $63, $53, $06, $25, $72, $36, $05, $14, $64, $54, $04, $06
   4ddd   55 34 44 55   
   4de1   43 13 33 63   
   4de5   53 06 25 72   
   4de9   36 05 14 64   
   4ded   54 04 06      
                            ; Ply 10: 14-34 63-43 34-43 73-43 01-22 43-40 13-33 62-52 06-25 76-55 -> 05-32 (879x)
   4df0   0a 14 34 63       DB $0A, $14, $34, $63, $43, $34, $43, $73, $43, $01, $22, $43, $40, $13, $33, $62, $52, $06, $25, $76, $55, $05, $32
   4df4   43 34 43 73   
   4df8   43 01 22 43   
   4dfc   40 13 33 62   
   4e00   52 06 25 76   
   4e04   55 05 32      
                            ; Ply 10: 14-34 63-43 34-43 73-43 01-22 43-40 13-33 76-55 06-25 62-52 -> 05-32 (1304x)
   4e07   0a 14 34 63       DB $0A, $14, $34, $63, $43, $34, $43, $73, $43, $01, $22, $43, $40, $13, $33, $76, $55, $06, $25, $62, $52, $05, $32
   4e0b   43 34 43 73   
   4e0f   43 01 22 43   
   4e13   40 13 33 76   
   4e17   55 06 25 62   
   4e1b   52 05 32      
                            ; Ply 10: 14-34 63-43 34-43 73-43 01-22 43-40 13-33 76-55 06-25 72-36 -> 17-27 (1377x)
   4e1e   0a 14 34 63       DB $0A, $14, $34, $63, $43, $34, $43, $73, $43, $01, $22, $43, $40, $13, $33, $76, $55, $06, $25, $72, $36, $17, $27
   4e22   43 34 43 73   
   4e26   43 01 22 43   
   4e2a   40 13 33 76   
   4e2e   55 06 25 72   
   4e32   36 17 27      
                            ; Ply 10: 14-34 63-43 34-43 73-43 01-22 43-40 13-33 76-55 06-25 72-45 -> 05-32 (1168x)
   4e35   0a 14 34 63       DB $0A, $14, $34, $63, $43, $34, $43, $73, $43, $01, $22, $43, $40, $13, $33, $76, $55, $06, $25, $72, $45, $05, $32
   4e39   43 34 43 73   
   4e3d   43 01 22 43   
   4e41   40 13 33 76   
   4e45   55 06 25 72   
   4e49   45 05 32      
                            ; Ply 10: 14-34 63-53 13-33 76-55 01-22 66-56 15-35 75-66 06-25 62-42 -> 33-42 (1019x)
   4e4c   0a 14 34 63       DB $0A, $14, $34, $63, $53, $13, $33, $76, $55, $01, $22, $66, $56, $15, $35, $75, $66, $06, $25, $62, $42, $33, $42
   4e50   53 13 33 76   
   4e54   55 01 22 66   
   4e58   56 15 35 75   
   4e5c   66 06 25 62   
   4e60   42 33 42      
                            ; Ply 10: 14-34 63-53 13-33 76-55 01-22 66-56 15-35 75-66 06-25 74-76 -> 05-23 (3211x)
   4e63   0a 14 34 63       DB $0A, $14, $34, $63, $53, $13, $33, $76, $55, $01, $22, $66, $56, $15, $35, $75, $66, $06, $25, $74, $76, $05, $23
   4e67   53 13 33 76   
   4e6b   55 01 22 66   
   4e6f   56 15 35 75   
   4e73   66 06 25 74   
   4e77   76 05 23      
                        
                            ; --- Krejcik-sacrifice-line addition (2026-04-22) ---
                            ; Ply 10: ...g1f3 f7f6 -> e5f6 (exf6, simple capture)
   4e7a   0a 14 34 76       DB $0A, $14, $34, $76, $55, $34, $44, $55, $34, $13, $23, $34, $15, $04, $15, $71, $52, $06, $25, $65, $55, $44, $55
   4e7e   55 34 44 55   
   4e82   34 13 23 34   
   4e86   15 04 15 71   
   4e8a   52 06 25 65   
   4e8e   55 44 55      
                        
                            ; --- Krejcik-retreat-line addition (2026-04-22) ---
                            ; Ply 10: ...e5d6 c7d6 -> b1c3 (develop knight)
   4e91   0a 14 34 76       DB $0A, $14, $34, $76, $55, $34, $44, $55, $34, $13, $23, $34, $42, $06, $25, $63, $53, $44, $53, $62, $53, $01, $22
   4e95   55 34 44 55   
   4e99   34 13 23 34   
   4e9d   42 06 25 63   
   4ea1   53 44 53 62   
   4ea5   53 01 22      
                        
                            ; === Ply 11 ===
                            ; Ply 11: 14-34 64-44 06-25 71-52 05-32 75-42 04-06 76-55 13-23 63-53 12-22 -> 60-50 (1090x)
   4ea8   0b 14 34 64       DB $0B, $14, $34, $64, $44, $06, $25, $71, $52, $05, $32, $75, $42, $04, $06, $76, $55, $13, $23, $63, $53, $12, $22, $60, $50
   4eac   44 06 25 71   
   4eb0   52 05 32 75   
   4eb4   42 04 06 76   
   4eb8   55 13 23 63   
   4ebc   53 12 22 60   
   4ec0   50            
                            ; Ply 11: 14-34 64-44 06-25 71-52 05-32 75-42 04-06 76-55 13-33 42-33 25-33 -> 52-33 (1033x)
   4ec1   0b 14 34 64       DB $0B, $14, $34, $64, $44, $06, $25, $71, $52, $05, $32, $75, $42, $04, $06, $76, $55, $13, $33, $42, $33, $25, $33, $52, $33
   4ec5   44 06 25 71   
   4ec9   52 05 32 75   
   4ecd   42 04 06 76   
   4ed1   55 13 33 42   
   4ed5   33 25 33 52   
   4ed9   33            
                            ; Ply 11: 14-34 64-44 06-25 71-52 05-32 75-42 04-06 76-55 13-33 44-33 34-44 -> 63-43 (267x)
   4eda   0b 14 34 64       DB $0B, $14, $34, $64, $44, $06, $25, $71, $52, $05, $32, $75, $42, $04, $06, $76, $55, $13, $33, $44, $33, $34, $44, $63, $43
   4ede   44 06 25 71   
   4ee2   52 05 32 75   
   4ee6   42 04 06 76   
   4eea   55 13 33 44   
   4eee   33 34 44 63   
   4ef2   43            
                            ; Ply 11: 14-34 64-44 06-25 71-52 05-32 75-42 11-31 42-31 12-22 31-40 13-33 -> 44-33 (912x)
   4ef3   0b 14 34 64       DB $0B, $14, $34, $64, $44, $06, $25, $71, $52, $05, $32, $75, $42, $11, $31, $42, $31, $12, $22, $31, $40, $13, $33, $44, $33
   4ef7   44 06 25 71   
   4efb   52 05 32 75   
   4eff   42 11 31 42   
   4f03   31 12 22 31   
   4f07   40 13 33 44   
   4f0b   33            
                            ; Ply 11: 14-34 64-44 06-25 71-52 05-32 75-42 11-31 42-31 12-22 31-42 13-33 -> 44-33 (258x)
   4f0c   0b 14 34 64       DB $0B, $14, $34, $64, $44, $06, $25, $71, $52, $05, $32, $75, $42, $11, $31, $42, $31, $12, $22, $31, $42, $13, $33, $44, $33
   4f10   44 06 25 71   
   4f14   52 05 32 75   
   4f18   42 11 31 42   
   4f1c   31 12 22 31   
   4f20   42 13 33 44   
   4f24   33            
                            ; Ply 11: 14-34 64-44 06-25 71-52 05-32 75-42 11-31 42-31 12-22 31-64 13-33 -> 52-40 (754x)
   4f25   0b 14 34 64       DB $0B, $14, $34, $64, $44, $06, $25, $71, $52, $05, $32, $75, $42, $11, $31, $42, $31, $12, $22, $31, $64, $13, $33, $52, $40
   4f29   44 06 25 71   
   4f2d   52 05 32 75   
   4f31   42 11 31 42   
   4f35   31 12 22 31   
   4f39   64 13 33 52   
   4f3d   40            
                            ; Ply 11: 14-34 64-44 06-25 71-52 05-32 75-42 12-22 63-53 13-33 44-33 22-33 -> 42-31 (284x)
   4f3e   0b 14 34 64       DB $0B, $14, $34, $64, $44, $06, $25, $71, $52, $05, $32, $75, $42, $12, $22, $63, $53, $13, $33, $44, $33, $22, $33, $42, $31
   4f42   44 06 25 71   
   4f46   52 05 32 75   
   4f4a   42 12 22 63   
   4f4e   53 13 33 44   
   4f52   33 22 33 42   
   4f56   31            
                            ; Ply 11: 14-34 64-44 06-25 71-52 05-32 75-42 12-22 73-64 04-06 63-53 13-33 -> 42-51 (216x)
   4f57   0b 14 34 64       DB $0B, $14, $34, $64, $44, $06, $25, $71, $52, $05, $32, $75, $42, $12, $22, $73, $64, $04, $06, $63, $53, $13, $33, $42, $51
   4f5b   44 06 25 71   
   4f5f   52 05 32 75   
   4f63   42 12 22 73   
   4f67   64 04 06 63   
   4f6b   53 13 33 42   
   4f6f   51            
                            ; Ply 11: 14-34 64-44 06-25 71-52 05-32 75-42 12-22 76-55 11-31 42-51 13-23 -> 63-53 (429x)
   4f70   0b 14 34 64       DB $0B, $14, $34, $64, $44, $06, $25, $71, $52, $05, $32, $75, $42, $12, $22, $76, $55, $11, $31, $42, $51, $13, $23, $63, $53
   4f74   44 06 25 71   
   4f78   52 05 32 75   
   4f7c   42 12 22 76   
   4f80   55 11 31 42   
   4f84   51 13 23 63   
   4f88   53            
                            ; Ply 11: 14-34 64-44 06-25 71-52 05-32 75-42 12-22 76-55 13-23 60-50 04-06 -> 42-60 (512x)
   4f89   0b 14 34 64       DB $0B, $14, $34, $64, $44, $06, $25, $71, $52, $05, $32, $75, $42, $12, $22, $76, $55, $13, $23, $60, $50, $04, $06, $42, $60
   4f8d   44 06 25 71   
   4f91   52 05 32 75   
   4f95   42 12 22 76   
   4f99   55 13 23 60   
   4f9d   50 04 06 42   
   4fa1   60            
                            ; Ply 11: 14-34 64-44 06-25 71-52 05-32 75-42 12-22 76-55 13-23 60-50 32-21 -> 42-60 (740x)
   4fa2   0b 14 34 64       DB $0B, $14, $34, $64, $44, $06, $25, $71, $52, $05, $32, $75, $42, $12, $22, $76, $55, $13, $23, $60, $50, $32, $21, $42, $60
   4fa6   44 06 25 71   
   4faa   52 05 32 75   
   4fae   42 12 22 76   
   4fb2   55 13 23 60   
   4fb6   50 32 21 42   
   4fba   60            
                            ; Ply 11: 14-34 64-44 06-25 71-52 05-32 75-42 12-22 76-55 13-23 63-53 01-13 -> 60-50 (531x)
   4fbb   0b 14 34 64       DB $0B, $14, $34, $64, $44, $06, $25, $71, $52, $05, $32, $75, $42, $12, $22, $76, $55, $13, $23, $63, $53, $01, $13, $60, $50
   4fbf   44 06 25 71   
   4fc3   52 05 32 75   
   4fc7   42 12 22 76   
   4fcb   55 13 23 63   
   4fcf   53 01 13 60   
   4fd3   50            
                            ; Ply 11: 14-34 64-44 06-25 71-52 05-32 75-42 12-22 76-55 13-23 63-53 02-46 -> 67-57 (243x)
   4fd4   0b 14 34 64       DB $0B, $14, $34, $64, $44, $06, $25, $71, $52, $05, $32, $75, $42, $12, $22, $76, $55, $13, $23, $63, $53, $02, $46, $67, $57
   4fd8   44 06 25 71   
   4fdc   52 05 32 75   
   4fe0   42 12 22 76   
   4fe4   55 13 23 63   
   4fe8   53 02 46 67   
   4fec   57            
                            ; Ply 11: 14-34 64-44 06-25 71-52 05-32 75-42 12-22 76-55 13-23 63-53 04-06 -> 74-76 (902x)
   4fed   0b 14 34 64       DB $0B, $14, $34, $64, $44, $06, $25, $71, $52, $05, $32, $75, $42, $12, $22, $76, $55, $13, $23, $63, $53, $04, $06, $74, $76
   4ff1   44 06 25 71   
   4ff5   52 05 32 75   
   4ff9   42 12 22 76   
   4ffd   55 13 23 63   
   5001   53 04 06 74   
   5005   76            
                            ; Ply 11: 14-34 64-44 06-25 71-52 05-32 75-42 12-22 76-55 13-23 63-53 11-31 -> 42-51 (355x)
   5006   0b 14 34 64       DB $0B, $14, $34, $64, $44, $06, $25, $71, $52, $05, $32, $75, $42, $12, $22, $76, $55, $13, $23, $63, $53, $11, $31, $42, $51
   500a   44 06 25 71   
   500e   52 05 32 75   
   5012   42 12 22 76   
   5016   55 13 23 63   
   501a   53 11 31 42   
   501e   51            
                            ; Ply 11: 14-34 64-44 06-25 71-52 05-32 75-42 12-22 76-55 13-23 63-53 32-21 -> 60-50 (559x)
   501f   0b 14 34 64       DB $0B, $14, $34, $64, $44, $06, $25, $71, $52, $05, $32, $75, $42, $12, $22, $76, $55, $13, $23, $63, $53, $32, $21, $60, $50
   5023   44 06 25 71   
   5027   52 05 32 75   
   502b   42 12 22 76   
   502f   55 13 23 63   
   5033   53 32 21 60   
   5037   50            
                            ; Ply 11: 14-34 64-44 06-25 71-52 05-32 75-42 12-22 76-55 13-23 74-76 04-06 -> 63-43 (835x)
   5038   0b 14 34 64       DB $0B, $14, $34, $64, $44, $06, $25, $71, $52, $05, $32, $75, $42, $12, $22, $76, $55, $13, $23, $74, $76, $04, $06, $63, $43
   503c   44 06 25 71   
   5040   52 05 32 75   
   5044   42 12 22 76   
   5048   55 13 23 74   
   504c   76 04 06 63   
   5050   43            
                            ; Ply 11: 14-34 64-44 06-25 71-52 05-32 75-42 12-22 76-55 13-33 44-33 11-31 -> 42-51 (462x)
   5051   0b 14 34 64       DB $0B, $14, $34, $64, $44, $06, $25, $71, $52, $05, $32, $75, $42, $12, $22, $76, $55, $13, $33, $44, $33, $11, $31, $42, $51
   5055   44 06 25 71   
   5059   52 05 32 75   
   505d   42 12 22 76   
   5061   55 13 33 44   
   5065   33 11 31 42   
   5069   51            
                            ; Ply 11: 14-34 64-44 06-25 71-52 05-32 75-42 12-22 76-55 13-33 44-33 22-33 -> 42-31 (4053x)
   506a   0b 14 34 64       DB $0B, $14, $34, $64, $44, $06, $25, $71, $52, $05, $32, $75, $42, $12, $22, $76, $55, $13, $33, $44, $33, $22, $33, $42, $31
   506e   44 06 25 71   
   5072   52 05 32 75   
   5076   42 12 22 76   
   507a   55 13 33 44   
   507e   33 22 33 42   
   5082   31            
                            ; Ply 11: 14-34 64-44 06-25 71-52 05-32 75-42 12-22 76-55 13-33 44-33 34-44 -> 63-43 (2596x)
   5083   0b 14 34 64       DB $0B, $14, $34, $64, $44, $06, $25, $71, $52, $05, $32, $75, $42, $12, $22, $76, $55, $13, $33, $44, $33, $34, $44, $63, $43
   5087   44 06 25 71   
   508b   52 05 32 75   
   508f   42 12 22 76   
   5093   55 13 33 44   
   5097   33 34 44 63   
   509b   43            
                            ; Ply 11: 14-34 64-44 06-25 71-52 05-32 75-42 13-23 76-55 01-22 63-53 02-46 -> 67-57 (202x)
   509c   0b 14 34 64       DB $0B, $14, $34, $64, $44, $06, $25, $71, $52, $05, $32, $75, $42, $13, $23, $76, $55, $01, $22, $63, $53, $02, $46, $67, $57
   50a0   44 06 25 71   
   50a4   52 05 32 75   
   50a8   42 13 23 76   
   50ac   55 01 22 63   
   50b0   53 02 46 67   
   50b4   57            
                            ; Ply 11: 14-34 64-44 06-25 71-52 05-32 75-42 13-23 76-55 02-46 67-57 46-37 -> 63-53 (222x)
   50b5   0b 14 34 64       DB $0B, $14, $34, $64, $44, $06, $25, $71, $52, $05, $32, $75, $42, $13, $23, $76, $55, $02, $46, $67, $57, $46, $37, $63, $53
   50b9   44 06 25 71   
   50bd   52 05 32 75   
   50c1   42 13 23 76   
   50c5   55 02 46 67   
   50c9   57 46 37 63   
   50cd   53            
                            ; Ply 11: 14-34 64-44 06-25 71-52 05-32 75-42 13-23 76-55 04-06 63-53 12-22 -> 60-50 (422x)
   50ce   0b 14 34 64       DB $0B, $14, $34, $64, $44, $06, $25, $71, $52, $05, $32, $75, $42, $13, $23, $76, $55, $04, $06, $63, $53, $12, $22, $60, $50
   50d2   44 06 25 71   
   50d6   52 05 32 75   
   50da   42 13 23 76   
   50de   55 04 06 63   
   50e2   53 12 22 60   
   50e6   50            
                            ; Ply 11: 14-34 62-42 06-25 71-52 05-41 63-53 04-06 72-63 05-04 76-55 12-22 -> 60-50 (1588x)
   50e7   0b 14 34 62       DB $0B, $14, $34, $62, $42, $06, $25, $71, $52, $05, $41, $63, $53, $04, $06, $72, $63, $05, $04, $76, $55, $12, $22, $60, $50
   50eb   42 06 25 71   
   50ef   52 05 41 63   
   50f3   53 04 06 72   
   50f7   63 05 04 76   
   50fb   55 12 22 60   
   50ff   50            
                            ; Ply 11: 14-34 62-42 06-25 71-52 05-41 63-53 04-06 72-63 12-22 76-55 05-04 -> 60-50 (544x)
   5100   0b 14 34 62       DB $0B, $14, $34, $62, $42, $06, $25, $71, $52, $05, $41, $63, $53, $04, $06, $72, $63, $12, $22, $76, $55, $05, $04, $60, $50
   5104   42 06 25 71   
   5108   52 05 41 63   
   510c   53 04 06 72   
   5110   63 12 22 76   
   5114   55 05 04 60   
   5118   50            
                            ; Ply 11: 14-34 62-42 06-25 71-52 05-41 64-54 04-06 76-64 05-04 52-33 25-33 -> 42-33 (549x)
   5119   0b 14 34 62       DB $0B, $14, $34, $62, $42, $06, $25, $71, $52, $05, $41, $64, $54, $04, $06, $76, $64, $05, $04, $52, $33, $25, $33, $42, $33
   511d   42 06 25 71   
   5121   52 05 41 64   
   5125   54 04 06 76   
   5129   64 05 04 52   
   512d   33 25 33 42   
   5131   33            
                            ; Ply 11: 14-34 62-42 06-25 71-52 05-41 64-54 04-06 76-64 05-04 60-50 41-05 -> 63-43 (1370x)
   5132   0b 14 34 62       DB $0B, $14, $34, $62, $42, $06, $25, $71, $52, $05, $41, $64, $54, $04, $06, $76, $64, $05, $04, $60, $50, $41, $05, $63, $43
   5136   42 06 25 71   
   513a   52 05 41 64   
   513e   54 04 06 76   
   5142   64 05 04 60   
   5146   50 41 05 63   
   514a   43            
                            ; Ply 11: 14-34 62-42 06-25 71-52 05-41 64-54 04-06 76-64 12-22 60-50 41-30 -> 61-41 (1075x)
   514b   0b 14 34 62       DB $0B, $14, $34, $62, $42, $06, $25, $71, $52, $05, $41, $64, $54, $04, $06, $76, $64, $12, $22, $60, $50, $41, $30, $61, $41
   514f   42 06 25 71   
   5153   52 05 41 64   
   5157   54 04 06 76   
   515b   64 12 22 60   
   515f   50 41 30 61   
   5163   41            
                            ; Ply 11: 14-34 62-42 06-25 71-52 05-41 66-56 04-06 75-66 05-04 64-44 12-22 -> 76-64 (527x)
   5164   0b 14 34 62       DB $0B, $14, $34, $62, $42, $06, $25, $71, $52, $05, $41, $66, $56, $04, $06, $75, $66, $05, $04, $64, $44, $12, $22, $76, $64
   5168   42 06 25 71   
   516c   52 05 41 66   
   5170   56 04 06 75   
   5174   66 05 04 64   
   5178   44 12 22 76   
   517c   64            
                            ; Ply 11: 14-34 62-42 06-25 71-52 05-41 66-56 04-06 75-66 05-04 64-44 41-52 -> 63-52 (1180x)
   517d   0b 14 34 62       DB $0B, $14, $34, $62, $42, $06, $25, $71, $52, $05, $41, $66, $56, $04, $06, $75, $66, $05, $04, $64, $44, $41, $52, $63, $52
   5181   42 06 25 71   
   5185   52 05 41 66   
   5189   56 04 06 75   
   518d   66 05 04 64   
   5191   44 41 52 63   
   5195   52            
                            ; Ply 11: 14-34 62-42 06-25 71-52 05-41 66-56 04-06 75-66 05-04 76-55 12-22 -> 74-76 (1019x)
   5196   0b 14 34 62       DB $0B, $14, $34, $62, $42, $06, $25, $71, $52, $05, $41, $66, $56, $04, $06, $75, $66, $05, $04, $76, $55, $12, $22, $74, $76
   519a   42 06 25 71   
   519e   52 05 41 66   
   51a2   56 04 06 75   
   51a6   66 05 04 76   
   51aa   55 12 22 74   
   51ae   76            
                            ; Ply 11: 14-34 62-42 06-25 71-52 05-41 66-56 04-06 75-66 05-04 76-55 34-44 -> 55-43 (1390x)
   51af   0b 14 34 62       DB $0B, $14, $34, $62, $42, $06, $25, $71, $52, $05, $41, $66, $56, $04, $06, $75, $66, $05, $04, $76, $55, $34, $44, $55, $43
   51b3   42 06 25 71   
   51b7   52 05 41 66   
   51bb   56 04 06 75   
   51bf   66 05 04 76   
   51c3   55 34 44 55   
   51c7   43            
                            ; Ply 11: 14-34 62-42 06-25 71-52 05-41 66-56 04-06 75-66 12-22 64-44 13-33 -> 42-33 (646x)
   51c8   0b 14 34 62       DB $0B, $14, $34, $62, $42, $06, $25, $71, $52, $05, $41, $66, $56, $04, $06, $75, $66, $12, $22, $64, $44, $13, $33, $42, $33
   51cc   42 06 25 71   
   51d0   52 05 41 66   
   51d4   56 04 06 75   
   51d8   66 12 22 64   
   51dc   44 13 33 42   
   51e0   33            
                            ; Ply 11: 14-34 62-42 06-25 71-52 05-41 66-56 04-06 75-66 12-22 76-55 05-04 -> 74-76 (3329x)
   51e1   0b 14 34 62       DB $0B, $14, $34, $62, $42, $06, $25, $71, $52, $05, $41, $66, $56, $04, $06, $75, $66, $12, $22, $76, $55, $05, $04, $74, $76
   51e5   42 06 25 71   
   51e9   52 05 41 66   
   51ed   56 04 06 75   
   51f1   66 12 22 76   
   51f5   55 05 04 74   
   51f9   76            
                            ; Ply 11: 14-34 62-42 06-25 71-52 05-41 66-56 41-52 61-52 04-06 75-66 05-04 -> 76-57 (1074x)
   51fa   0b 14 34 62       DB $0B, $14, $34, $62, $42, $06, $25, $71, $52, $05, $41, $66, $56, $41, $52, $61, $52, $04, $06, $75, $66, $05, $04, $76, $57
   51fe   42 06 25 71   
   5202   52 05 41 66   
   5206   56 41 52 61   
   520a   52 04 06 75   
   520e   66 05 04 76   
   5212   57            
                            ; Ply 11: 14-34 62-42 06-25 71-52 05-41 66-56 41-52 63-52 13-23 75-66 17-27 -> 76-55 (2406x)
   5213   0b 14 34 62       DB $0B, $14, $34, $62, $42, $06, $25, $71, $52, $05, $41, $66, $56, $41, $52, $63, $52, $13, $23, $75, $66, $17, $27, $76, $55
   5217   42 06 25 71   
   521b   52 05 41 66   
   521f   56 41 52 63   
   5223   52 13 23 75   
   5227   66 17 27 76   
   522b   55            
                            ; Ply 11: 14-34 64-54 13-33 63-43 34-44 62-42 12-22 71-52 06-25 72-63 05-14 -> 76-64 (2948x)
   522c   0b 14 34 64       DB $0B, $14, $34, $64, $54, $13, $33, $63, $43, $34, $44, $62, $42, $12, $22, $71, $52, $06, $25, $72, $63, $05, $14, $76, $64
   5230   54 13 33 63   
   5234   43 34 44 62   
   5238   42 12 22 71   
   523c   52 06 25 72   
   5240   63 05 14 76   
   5244   64            
                            ; Ply 11: 14-34 64-54 13-33 63-43 34-44 62-42 12-22 71-52 06-25 72-63 05-23 -> 42-33 (736x)
   5245   0b 14 34 64       DB $0B, $14, $34, $64, $54, $13, $33, $63, $43, $34, $44, $62, $42, $12, $22, $71, $52, $06, $25, $72, $63, $05, $23, $42, $33
   5249   54 13 33 63   
   524d   43 34 44 62   
   5251   42 12 22 71   
   5255   52 06 25 72   
   5259   63 05 23 42   
   525d   33            
                            ; Ply 11: 14-34 64-54 13-33 63-43 34-44 62-42 12-22 71-52 06-25 72-63 10-20 -> 65-55 (724x)
   525e   0b 14 34 64       DB $0B, $14, $34, $64, $54, $13, $33, $63, $43, $34, $44, $62, $42, $12, $22, $71, $52, $06, $25, $72, $63, $10, $20, $65, $55
   5262   54 13 33 63   
   5266   43 34 44 62   
   526a   42 12 22 71   
   526e   52 06 25 72   
   5272   63 10 20 65   
   5276   55            
                            ; Ply 11: 14-34 64-54 13-33 63-43 34-44 62-42 12-22 71-52 06-25 73-51 05-14 -> 42-33 (1239x)
   5277   0b 14 34 64       DB $0B, $14, $34, $64, $54, $13, $33, $63, $43, $34, $44, $62, $42, $12, $22, $71, $52, $06, $25, $73, $51, $05, $14, $42, $33
   527b   54 13 33 63   
   527f   43 34 44 62   
   5283   42 12 22 71   
   5287   52 06 25 73   
   528b   51 05 14 42   
   528f   33            
                            ; Ply 11: 14-34 64-54 13-33 63-43 34-44 62-42 12-22 71-52 06-25 73-51 05-23 -> 42-33 (1657x)
   5290   0b 14 34 64       DB $0B, $14, $34, $64, $54, $13, $33, $63, $43, $34, $44, $62, $42, $12, $22, $71, $52, $06, $25, $73, $51, $05, $23, $42, $33
   5294   54 13 33 63   
   5298   43 34 44 62   
   529c   42 12 22 71   
   52a0   52 06 25 73   
   52a4   51 05 23 42   
   52a8   33            
                            ; Ply 11: 14-34 64-54 13-33 63-43 34-44 62-42 12-22 71-52 06-25 73-51 10-20 -> 42-32 (2409x)
   52a9   0b 14 34 64       DB $0B, $14, $34, $64, $54, $13, $33, $63, $43, $34, $44, $62, $42, $12, $22, $71, $52, $06, $25, $73, $51, $10, $20, $42, $32
   52ad   54 13 33 63   
   52b1   43 34 44 62   
   52b5   42 12 22 71   
   52b9   52 06 25 73   
   52bd   51 10 20 42   
   52c1   32            
                            ; Ply 11: 14-34 64-54 13-33 63-43 34-44 62-42 12-22 71-52 06-25 76-64 05-23 -> 42-33 (502x)
   52c2   0b 14 34 64       DB $0B, $14, $34, $64, $54, $13, $33, $63, $43, $34, $44, $62, $42, $12, $22, $71, $52, $06, $25, $76, $64, $05, $23, $42, $33
   52c6   54 13 33 63   
   52ca   43 34 44 62   
   52ce   42 12 22 71   
   52d2   52 06 25 76   
   52d6   64 05 23 42   
   52da   33            
                            ; Ply 11: 14-34 64-54 13-33 63-43 34-44 62-42 12-22 73-51 06-25 71-52 05-23 -> 42-33 (571x)
   52db   0b 14 34 64       DB $0B, $14, $34, $64, $54, $13, $33, $63, $43, $34, $44, $62, $42, $12, $22, $73, $51, $06, $25, $71, $52, $05, $23, $42, $33
   52df   54 13 33 63   
   52e3   43 34 44 62   
   52e7   42 12 22 73   
   52eb   51 06 25 71   
   52ef   52 05 23 42   
   52f3   33            
                            ; Ply 11: 14-34 64-54 13-33 63-43 34-44 62-42 12-22 73-51 06-25 71-52 10-20 -> 76-57 (799x)
   52f4   0b 14 34 64       DB $0B, $14, $34, $64, $54, $13, $33, $63, $43, $34, $44, $62, $42, $12, $22, $73, $51, $06, $25, $71, $52, $10, $20, $76, $57
   52f8   54 13 33 63   
   52fc   43 34 44 62   
   5300   42 12 22 73   
   5304   51 06 25 71   
   5308   52 10 20 76   
   530c   57            
                            ; Ply 11: 14-34 64-54 13-33 63-43 34-44 62-42 12-22 73-51 06-25 72-63 05-14 -> 63-41 (723x)
   530d   0b 14 34 64       DB $0B, $14, $34, $64, $54, $13, $33, $63, $43, $34, $44, $62, $42, $12, $22, $73, $51, $06, $25, $72, $63, $05, $14, $63, $41
   5311   54 13 33 63   
   5315   43 34 44 62   
   5319   42 12 22 73   
   531d   51 06 25 72   
   5321   63 05 14 63   
   5325   41            
                            ; Ply 11: 14-34 62-52 13-33 63-43 34-44 52-42 33-42 64-54 10-20 75-42 11-31 -> 42-64 (585x)
   5326   0b 14 34 62       DB $0B, $14, $34, $62, $52, $13, $33, $63, $43, $34, $44, $52, $42, $33, $42, $64, $54, $10, $20, $75, $42, $11, $31, $42, $64
   532a   52 13 33 63   
   532e   43 34 44 52   
   5332   42 33 42 64   
   5336   54 10 20 75   
   533a   42 11 31 42   
   533e   64            
                            ; Ply 11: 14-34 62-52 13-33 63-43 34-44 72-45 01-13 64-54 13-21 71-63 06-25 -> 76-64 (829x)
   533f   0b 14 34 62       DB $0B, $14, $34, $62, $52, $13, $33, $63, $43, $34, $44, $72, $45, $01, $13, $64, $54, $13, $21, $71, $63, $06, $25, $76, $64
   5343   52 13 33 63   
   5347   43 34 44 72   
   534b   45 01 13 64   
   534f   54 13 21 71   
   5353   63 06 25 76   
   5357   64            
                            ; Ply 11: 14-34 62-52 13-33 63-43 34-44 72-45 01-22 64-54 16-36 45-56 06-14 -> 52-42 (1596x)
   5358   0b 14 34 62       DB $0B, $14, $34, $62, $52, $13, $33, $63, $43, $34, $44, $72, $45, $01, $22, $64, $54, $16, $36, $45, $56, $06, $14, $52, $42
   535c   52 13 33 63   
   5360   43 34 44 72   
   5364   45 01 22 64   
   5368   54 16 36 45   
   536c   56 06 14 52   
   5370   42            
                            ; Ply 11: 14-34 62-52 13-33 63-43 34-44 72-45 06-25 64-54 05-14 52-42 02-24 -> 73-51 (985x)
   5371   0b 14 34 62       DB $0B, $14, $34, $62, $52, $13, $33, $63, $43, $34, $44, $72, $45, $06, $25, $64, $54, $05, $14, $52, $42, $02, $24, $73, $51
   5375   52 13 33 63   
   5379   43 34 44 72   
   537d   45 06 25 64   
   5381   54 05 14 52   
   5385   42 02 24 73   
   5389   51            
                            ; Ply 11: 14-34 62-52 13-33 63-43 34-44 72-45 06-25 64-54 05-14 52-42 04-06 -> 71-52 (1043x)
   538a   0b 14 34 62       DB $0B, $14, $34, $62, $52, $13, $33, $63, $43, $34, $44, $72, $45, $06, $25, $64, $54, $05, $14, $52, $42, $04, $06, $71, $52
   538e   52 13 33 63   
   5392   43 34 44 72   
   5396   45 06 25 64   
   539a   54 05 14 52   
   539e   42 04 06 71   
   53a2   52            
                            ; Ply 11: 14-34 62-52 13-33 63-43 34-44 72-45 06-25 64-54 05-14 52-42 12-22 -> 71-52 (510x)
   53a3   0b 14 34 62       DB $0B, $14, $34, $62, $52, $13, $33, $63, $43, $34, $44, $72, $45, $06, $25, $64, $54, $05, $14, $52, $42, $12, $22, $71, $52
   53a7   52 13 33 63   
   53ab   43 34 44 72   
   53af   45 06 25 64   
   53b3   54 05 14 52   
   53b7   42 12 22 71   
   53bb   52            
                            ; Ply 11: 14-34 62-52 13-33 63-43 34-44 72-45 06-25 64-54 05-14 71-63 04-06 -> 76-64 (1788x)
   53bc   0b 14 34 62       DB $0B, $14, $34, $62, $52, $13, $33, $63, $43, $34, $44, $72, $45, $06, $25, $64, $54, $05, $14, $71, $63, $04, $06, $76, $64
   53c0   52 13 33 63   
   53c4   43 34 44 72   
   53c8   45 06 25 64   
   53cc   54 05 14 71   
   53d0   63 04 06 76   
   53d4   64            
                            ; Ply 11: 14-34 62-52 13-33 63-43 34-44 72-45 06-25 64-54 05-14 76-64 04-06 -> 52-42 (805x)
   53d5   0b 14 34 62       DB $0B, $14, $34, $62, $52, $13, $33, $63, $43, $34, $44, $72, $45, $06, $25, $64, $54, $05, $14, $76, $64, $04, $06, $52, $42
   53d9   52 13 33 63   
   53dd   43 34 44 72   
   53e1   45 06 25 64   
   53e5   54 05 14 76   
   53e9   64 04 06 52   
   53ed   42            
                            ; Ply 11: 14-34 62-52 13-33 63-43 34-44 72-45 17-37 67-47 02-46 73-51 05-23 -> 45-23 (523x)
   53ee   0b 14 34 62       DB $0B, $14, $34, $62, $52, $13, $33, $63, $43, $34, $44, $72, $45, $17, $37, $67, $47, $02, $46, $73, $51, $05, $23, $45, $23
   53f2   52 13 33 63   
   53f6   43 34 44 72   
   53fa   45 17 37 67   
   53fe   47 02 46 73   
   5402   51 05 23 45   
   5406   23            
                            ; Ply 11: 14-34 62-52 13-33 63-43 34-44 72-45 17-37 67-47 05-23 45-23 03-23 -> 73-40 (2364x)
   5407   0b 14 34 62       DB $0B, $14, $34, $62, $52, $13, $33, $63, $43, $34, $44, $72, $45, $17, $37, $67, $47, $05, $23, $45, $23, $03, $23, $73, $40
   540b   52 13 33 63   
   540f   43 34 44 72   
   5413   45 17 37 67   
   5417   47 05 23 45   
   541b   23 03 23 73   
   541f   40            
                            ; Ply 11: 14-34 62-52 13-33 63-43 34-44 72-45 17-37 67-47 12-32 64-54 01-22 -> 76-64 (865x)
   5420   0b 14 34 62       DB $0B, $14, $34, $62, $52, $13, $33, $63, $43, $34, $44, $72, $45, $17, $37, $67, $47, $12, $32, $64, $54, $01, $22, $76, $64
   5424   52 13 33 63   
   5428   43 34 44 72   
   542c   45 17 37 67   
   5430   47 12 32 64   
   5434   54 01 22 76   
   5438   64            
                            ; Ply 11: 13-33 63-43 12-32 64-54 01-22 76-55 32-43 54-43 02-46 62-52 03-12 -> 75-64 (811x)
   5439   0b 13 33 63       DB $0B, $13, $33, $63, $43, $12, $32, $64, $54, $01, $22, $76, $55, $32, $43, $54, $43, $02, $46, $62, $52, $03, $12, $75, $64
   543d   43 12 32 64   
   5441   54 01 22 76   
   5445   55 32 43 54   
   5449   43 02 46 62   
   544d   52 03 12 75   
   5451   64            
                            ; Ply 11: 13-33 63-43 12-32 64-54 01-22 76-55 32-43 54-43 02-46 62-52 14-24 -> 75-64 (2208x)
   5452   0b 13 33 63       DB $0B, $13, $33, $63, $43, $12, $32, $64, $54, $01, $22, $76, $55, $32, $43, $54, $43, $02, $46, $62, $52, $14, $24, $75, $64
   5456   43 12 32 64   
   545a   54 01 22 76   
   545e   55 32 43 54   
   5462   43 02 46 62   
   5466   52 14 24 75   
   546a   64            
                            ; Ply 11: 13-33 63-43 12-32 64-54 01-22 76-55 32-43 54-43 02-46 71-63 14-24 -> 62-52 (820x)
   546b   0b 13 33 63       DB $0B, $13, $33, $63, $43, $12, $32, $64, $54, $01, $22, $76, $55, $32, $43, $54, $43, $02, $46, $71, $63, $14, $24, $62, $52
   546f   43 12 32 64   
   5473   54 01 22 76   
   5477   55 32 43 54   
   547b   43 02 46 71   
   547f   63 14 24 62   
   5483   52            
                            ; Ply 11: 13-33 63-43 12-32 64-54 01-22 76-55 32-43 54-43 02-46 75-64 14-24 -> 74-76 (3254x)
   5484   0b 13 33 63       DB $0B, $13, $33, $63, $43, $12, $32, $64, $54, $01, $22, $76, $55, $32, $43, $54, $43, $02, $46, $75, $64, $14, $24, $74, $76
   5488   43 12 32 64   
   548c   54 01 22 76   
   5490   55 32 43 54   
   5494   43 02 46 75   
   5498   64 14 24 74   
   549c   76            
                            ; Ply 11: 13-33 63-43 12-32 64-54 01-22 76-55 32-43 55-43 14-34 43-22 11-22 -> 62-42 (874x)
   549d   0b 13 33 63       DB $0B, $13, $33, $63, $43, $12, $32, $64, $54, $01, $22, $76, $55, $32, $43, $55, $43, $14, $34, $43, $22, $11, $22, $62, $42
   54a1   43 12 32 64   
   54a5   54 01 22 76   
   54a9   55 32 43 55   
   54ad   43 14 34 43   
   54b1   22 11 22 62   
   54b5   42            
                            ; Ply 11: 13-33 76-55 12-32 64-54 01-22 63-43 32-43 54-43 02-46 62-52 03-12 -> 75-64 (515x)
   54b6   0b 13 33 76       DB $0B, $13, $33, $76, $55, $12, $32, $64, $54, $01, $22, $63, $43, $32, $43, $54, $43, $02, $46, $62, $52, $03, $12, $75, $64
   54ba   55 12 32 64   
   54be   54 01 22 63   
   54c2   43 32 43 54   
   54c6   43 02 46 62   
   54ca   52 03 12 75   
   54ce   64            
                            ; Ply 11: 13-33 76-55 12-32 64-54 01-22 63-43 32-43 54-43 02-46 62-52 14-24 -> 75-64 (1539x)
   54cf   0b 13 33 76       DB $0B, $13, $33, $76, $55, $12, $32, $64, $54, $01, $22, $63, $43, $32, $43, $54, $43, $02, $46, $62, $52, $14, $24, $75, $64
   54d3   55 12 32 64   
   54d7   54 01 22 63   
   54db   43 32 43 54   
   54df   43 02 46 62   
   54e3   52 14 24 75   
   54e7   64            
                            ; Ply 11: 13-33 76-55 12-32 64-54 01-22 63-43 32-43 54-43 02-46 75-64 14-24 -> 74-76 (1863x)
   54e8   0b 13 33 76       DB $0B, $13, $33, $76, $55, $12, $32, $64, $54, $01, $22, $63, $43, $32, $43, $54, $43, $02, $46, $75, $64, $14, $24, $74, $76
   54ec   55 12 32 64   
   54f0   54 01 22 63   
   54f4   43 32 43 54   
   54f8   43 02 46 75   
   54fc   64 14 24 74   
   5500   76            
                            ; Ply 11: 13-33 76-55 12-32 64-54 01-22 63-43 32-43 55-43 14-34 43-22 11-22 -> 62-42 (1096x)
   5501   0b 13 33 76       DB $0B, $13, $33, $76, $55, $12, $32, $64, $54, $01, $22, $63, $43, $32, $43, $55, $43, $14, $34, $43, $22, $11, $22, $62, $42
   5505   55 12 32 64   
   5509   54 01 22 63   
   550d   43 32 43 55   
   5511   43 14 34 43   
   5515   22 11 22 62   
   5519   42            
                            ; Ply 11: 14-34 76-55 34-44 55-43 13-33 63-53 06-25 53-44 25-44 62-52 05-14 -> 72-45 (928x)
   551a   0b 14 34 76       DB $0B, $14, $34, $76, $55, $34, $44, $55, $43, $13, $33, $63, $53, $06, $25, $53, $44, $25, $44, $62, $52, $05, $14, $72, $45
   551e   55 34 44 55   
   5522   43 13 33 63   
   5526   53 06 25 53   
   552a   44 25 44 62   
   552e   52 05 14 72   
   5532   45            
                            ; Ply 11: 14-34 76-55 34-44 55-43 13-33 63-53 06-25 53-44 25-44 66-56 05-32 -> 62-52 (506x)
   5533   0b 14 34 76       DB $0B, $14, $34, $76, $55, $34, $44, $55, $43, $13, $33, $63, $53, $06, $25, $53, $44, $25, $44, $66, $56, $05, $32, $62, $52
   5537   55 34 44 55   
   553b   43 13 33 63   
   553f   53 06 25 53   
   5543   44 25 44 66   
   5547   56 05 32 62   
   554b   52            
                            ; Ply 11: 14-34 76-55 34-44 55-43 13-33 63-53 06-25 66-56 05-32 43-51 32-21 -> 75-66 (1843x)
   554c   0b 14 34 76       DB $0B, $14, $34, $76, $55, $34, $44, $55, $43, $13, $33, $63, $53, $06, $25, $66, $56, $05, $32, $43, $51, $32, $21, $75, $66
   5550   55 34 44 55   
   5554   43 13 33 63   
   5558   53 06 25 66   
   555c   56 05 32 43   
   5560   51 32 21 75   
   5564   66            
                            ; Ply 11: 14-34 76-55 34-44 55-43 13-33 63-53 06-25 72-36 05-14 62-52 04-06 -> 36-25 (752x)
   5565   0b 14 34 76       DB $0B, $14, $34, $76, $55, $34, $44, $55, $43, $13, $33, $63, $53, $06, $25, $72, $36, $05, $14, $62, $52, $04, $06, $36, $25
   5569   55 34 44 55   
   556d   43 13 33 63   
   5571   53 06 25 72   
   5575   36 05 14 62   
   5579   52 04 06 36   
   557d   25            
                            ; Ply 11: 14-34 76-55 34-44 55-43 13-33 63-53 06-25 72-36 05-14 64-54 04-06 -> 75-64 (2028x)
   557e   0b 14 34 76       DB $0B, $14, $34, $76, $55, $34, $44, $55, $43, $13, $33, $63, $53, $06, $25, $72, $36, $05, $14, $64, $54, $04, $06, $75, $64
   5582   55 34 44 55   
   5586   43 13 33 63   
   558a   53 06 25 72   
   558e   36 05 14 64   
   5592   54 04 06 75   
   5596   64            
                            ; Ply 11: 14-34 76-55 34-44 55-43 13-33 63-53 06-25 72-36 05-14 64-54 12-32 -> 43-51 (597x)
   5597   0b 14 34 76       DB $0B, $14, $34, $76, $55, $34, $44, $55, $43, $13, $33, $63, $53, $06, $25, $72, $36, $05, $14, $64, $54, $12, $32, $43, $51
   559b   55 34 44 55   
   559f   43 13 33 63   
   55a3   53 06 25 72   
   55a7   36 05 14 64   
   55ab   54 12 32 43   
   55af   51            
                            ; Ply 11: 14-34 63-43 34-43 73-43 01-22 43-40 13-33 62-52 06-25 76-55 05-32 -> 72-45 (689x)
   55b0   0b 14 34 63       DB $0B, $14, $34, $63, $43, $34, $43, $73, $43, $01, $22, $43, $40, $13, $33, $62, $52, $06, $25, $76, $55, $05, $32, $72, $45
   55b4   43 34 43 73   
   55b8   43 01 22 43   
   55bc   40 13 33 62   
   55c0   52 06 25 76   
   55c4   55 05 32 72   
   55c8   45            
                            ; Ply 11: 14-34 63-43 34-43 73-43 01-22 43-40 13-33 76-55 06-25 62-52 05-32 -> 72-45 (1059x)
   55c9   0b 14 34 63       DB $0B, $14, $34, $63, $43, $34, $43, $73, $43, $01, $22, $43, $40, $13, $33, $76, $55, $06, $25, $62, $52, $05, $32, $72, $45
   55cd   43 34 43 73   
   55d1   43 01 22 43   
   55d5   40 13 33 76   
   55d9   55 06 25 62   
   55dd   52 05 32 72   
   55e1   45            
                            ; Ply 11: 14-34 63-43 34-43 73-43 01-22 43-40 13-33 76-55 06-25 72-36 17-27 -> 36-47 (1007x)
   55e2   0b 14 34 63       DB $0B, $14, $34, $63, $43, $34, $43, $73, $43, $01, $22, $43, $40, $13, $33, $76, $55, $06, $25, $72, $36, $17, $27, $36, $47
   55e6   43 34 43 73   
   55ea   43 01 22 43   
   55ee   40 13 33 76   
   55f2   55 06 25 72   
   55f6   36 17 27 36   
   55fa   47            
                            ; Ply 11: 14-34 63-43 34-43 73-43 01-22 43-40 13-33 76-55 06-25 72-45 05-32 -> 64-54 (948x)
   55fb   0b 14 34 63       DB $0B, $14, $34, $63, $43, $34, $43, $73, $43, $01, $22, $43, $40, $13, $33, $76, $55, $06, $25, $72, $45, $05, $32, $64, $54
   55ff   43 34 43 73   
   5603   43 01 22 43   
   5607   40 13 33 76   
   560b   55 06 25 72   
   560f   45 05 32 64   
   5613   54            
                            ; Ply 11: 14-34 63-43 34-43 73-43 01-22 43-40 13-33 76-55 06-25 72-45 25-44 -> 62-52 (519x)
   5614   0b 14 34 63       DB $0B, $14, $34, $63, $43, $34, $43, $73, $43, $01, $22, $43, $40, $13, $33, $76, $55, $06, $25, $72, $45, $25, $44, $62, $52
   5618   43 34 43 73   
   561c   43 01 22 43   
   5620   40 13 33 76   
   5624   55 06 25 72   
   5628   45 25 44 62   
   562c   52            
                            ; Ply 11: 14-34 63-53 13-33 76-55 01-22 66-56 15-35 75-66 06-25 62-42 05-41 -> 72-63 (952x)
   562d   0b 14 34 63       DB $0B, $14, $34, $63, $53, $13, $33, $76, $55, $01, $22, $66, $56, $15, $35, $75, $66, $06, $25, $62, $42, $05, $41, $72, $63
   5631   53 13 33 76   
   5635   55 01 22 66   
   5639   56 15 35 75   
   563d   66 06 25 62   
   5641   42 05 41 72   
   5645   63            
                            ; Ply 11: 14-34 63-53 13-33 76-55 01-22 66-56 15-35 75-66 06-25 62-42 33-42 -> 73-40 (1016x)
   5646   0b 14 34 63       DB $0B, $14, $34, $63, $53, $13, $33, $76, $55, $01, $22, $66, $56, $15, $35, $75, $66, $06, $25, $62, $42, $33, $42, $73, $40
   564a   53 13 33 76   
   564e   55 01 22 66   
   5652   56 15 35 75   
   5656   66 06 25 62   
   565a   42 33 42 73   
   565e   40            
                            ; Ply 11: 14-34 63-53 13-33 76-55 01-22 66-56 15-35 75-66 06-25 74-76 05-23 -> 71-52 (1217x)
   565f   0b 14 34 63       DB $0B, $14, $34, $63, $53, $13, $33, $76, $55, $01, $22, $66, $56, $15, $35, $75, $66, $06, $25, $74, $76, $05, $23, $71, $52
   5663   53 13 33 76   
   5667   55 01 22 66   
   566b   56 15 35 75   
   566f   66 06 25 74   
   5673   76 05 23 71   
   5677   52            
                        
                            ; === Ply 12 (krejcik-sacrifice-line, 2026-04-22) ===
                            ; Ply 12: ...e5f6 d7d5 -> b1c3 (develop; support center)
   5678   0c 14 34 76       DB $0C, $14, $34, $76, $55, $34, $44, $55, $34, $13, $23, $34, $15, $04, $15, $71, $52, $06, $25, $65, $55, $44, $55, $63, $43, $01, $22
   567c   55 34 44 55   
   5680   34 13 23 34   
   5684   15 04 15 71   
   5688   52 06 25 65   
   568c   55 44 55 63   
   5690   43 01 22      
                        
                            ; === Ply 14 (krejcik-sacrifice-line, 2026-04-22) ===
                            ; Ply 14: ...b1c3 e7f6 -> f2g1 (KEY: tuck king to safety, unpin Nf3-Qd1)
   5693   0e 14 34 76       DB $0E, $14, $34, $76, $55, $34, $44, $55, $34, $13, $23, $34, $15, $04, $15, $71, $52, $06, $25, $65, $55, $44, $55, $63, $43, $01, $22, $64, $55, $15, $06
   5697   55 34 44 55   
   569b   34 13 23 34   
   569f   15 04 15 71   
   56a3   52 06 25 65   
   56a7   55 44 55 63   
   56ab   43 01 22 64   
   56af   55 15 06      
                        
                        ; End of book marker
   56b2   ff                DB $FF
                        
                        ; Total size: 8610 bytes
                        ; ==============================================================================
                        ; TRANSPOSITION TABLE FUNCTIONS
                        ; ==============================================================================
                        ; Provides Zobrist hashing and transposition table lookup/store.
                        ;
                        ; Functions:
                        ;   HASH_INIT   - Compute full hash from current board position
                        ;   TT_CLEAR    - Clear all TT entries
                        ;   TT_PROBE    - Look up position in TT
                        ;   TT_STORE    - Store position result in TT
                        ;
                        ; Hash is updated incrementally by MAKE_MOVE/UNMAKE_MOVE (in makemove.asm)
                        ; ==============================================================================
                        
                        ; ==============================================================================
                        ; HASH_INIT - Compute Zobrist hash from current board position
                        ; ==============================================================================
                        ; Scans the board and XORs all piece-square keys, plus side/castling/EP.
                        ; Result stored in HASH_HI/HASH_LO.
                        ;
                        ; Uses: R7 (hash accumulator), R8 (temp), R9 (square counter), R10 (pointer)
                        ; ==============================================================================
   56b3                 HASH_INIT:
                            ; Initialize hash to zero
   56b3   f8 00             LDI 0
   56b5   b7                PHI 7
   56b6   a7                PLO 7               ; R7 = 0 (hash accumulator)
                        
                            ; Scan all 64 valid squares (0x88 format)
   56b7   f8 00             LDI 0
   56b9   a9                PLO 9               ; R9.0 = square index (0x88 format)
                        
   56ba                 HASH_INIT_LOOP:
                            ; Check if square is valid (not off-board)
   56ba   89                GLO 9
   56bb   fa 88             ANI $88
   56bd   ca 57 1f          LBNZ HASH_INIT_NEXT_SQ  ; Off-board, skip
                        
                            ; Get piece at this square
   56c0   f8 60             LDI HIGH(BOARD)
   56c2   ba                PHI 10
   56c3   89                GLO 9
   56c4   aa                PLO 10              ; R10 = BOARD + square
   56c5   0a                LDN 10              ; D = piece at square
   56c6   c2 57 1f          LBZ HASH_INIT_NEXT_SQ   ; Empty square, skip
                        
                            ; Have a piece - compute Zobrist key offset
                            ; piece_index = (piece & 7) - 1 for white, + 6 for black
                            ; Piece encoding: 1-6 = white P/N/B/R/Q/K, 9-14 = black
   56c9   a8                PLO 8               ; R8.0 = piece
   56ca   fa 07             ANI $07             ; D = piece type (1-6)
   56cc   ff 01             SMI 1               ; D = piece_type - 1 (0-5)
   56ce   ad                PLO 13              ; R13.0 = piece index base
                        
   56cf   88                GLO 8               ; Get piece again
   56d0   fa 08             ANI $08             ; Check color bit
   56d2   c2 56 d9          LBZ HASH_INIT_WHITE
                            ; Black piece - add 6 to index
   56d5   8d                GLO 13
   56d6   fc 06             ADI 6
   56d8   ad                PLO 13
   56d9                 HASH_INIT_WHITE:
                        
                            ; Now compute square index (0-63 from 0x88)
                            ; sq64 = (sq88 >> 4) * 8 + (sq88 & 7) = rank*8 + file
   56d9   89                GLO 9               ; 0x88 square
   56da   fa 07             ANI $07             ; D = file (0-7)
   56dc   a8                PLO 8               ; R8.0 = file
   56dd   89                GLO 9
   56de   fa 70             ANI $70             ; D = rank * 16 (masked)
   56e0   f6                SHR                 ; D = rank * 8
   56e1   52                STR 2               ; Save rank*8
   56e2   88                GLO 8               ; D = file
   56e3   f4                ADD                 ; D = rank*8 + file = sq64
   56e4   a8                PLO 8               ; R8.0 = sq64 (0-63)
                        
                            ; Compute Zobrist table offset:
                            ; offset = piece_index * 128 + sq64 * 2
                            ; R13.0 = piece_index (0-11)
                            ; R8.0 = sq64 (0-63)
                        
                            ; First: piece_index * 128 = piece_index << 7
                            ; Since piece_index is 0-11, result fits in 16 bits
   56e5   8d                GLO 13              ; piece_index (0-11)
   56e6   fe                SHL                 ; x2
   56e7   fe                SHL                 ; x4
   56e8   fe                SHL                 ; x8
   56e9   fe                SHL                 ; x16
   56ea   fe                SHL                 ; x32
   56eb   fe                SHL                 ; x64
   56ec   b8                PHI 8               ; R8.1 = (piece_index * 64) = high part of offset
   56ed   f8 00             LDI 0
   56ef   c7                LSNF                ; Skip if no carry from last SHL
   56f0   f8 01             LDI 1               ; Carry into high byte
                            ; Actually, piece_index * 128: need one more shift
                            ; Let me reconsider: piece * 128 = piece << 7
                            ; For piece=11: 11 << 7 = 1408 = $580
                            ; High byte = piece >> 1, low byte = (piece & 1) << 7
                        
                            ; Restart: piece_index * 128
   56f2   8d                GLO 13              ; piece_index (0-11)
   56f3   f6                SHR                 ; D = piece_index >> 1
   56f4   b8                PHI 8               ; R8.1 = high byte of piece*128
   56f5   8d                GLO 13
   56f6   fa 01             ANI $01             ; D = piece_index & 1
   56f8   c2 57 00          LBZ HASH_INIT_EVEN_PIECE
   56fb   f8 80             LDI $80
   56fd   c0 57 02          LBR HASH_INIT_ADD_SQ
   5700                 HASH_INIT_EVEN_PIECE:
   5700   f8 00             LDI 0
   5702                 HASH_INIT_ADD_SQ:
                            ; D = low byte of piece*128 (0 or $80)
                            ; Now add sq64 * 2
   5702   ad                PLO 13              ; R13.0 = temp low
   5703   88                GLO 8               ; sq64
   5704   fe                SHL                 ; sq64 * 2
   5705   52                STR 2
   5706   8d                GLO 13
   5707   f4                ADD                 ; D = low + sq*2
   5708   ad                PLO 13              ; R13.0 = offset low
   5709   98                GHI 8               ; high byte of piece*128
   570a   7c 00             ADCI 0              ; add carry
   570c   bd                PHI 13              ; R13.1 = offset high
                        
                            ; Now add ZOBRIST_PIECE_SQ base address
   570d   8d                GLO 13
   570e   fc 49             ADI LOW(ZOBRIST_PIECE_SQ)
   5710   aa                PLO 10
   5711   9d                GHI 13
   5712   7c 59             ADCI HIGH(ZOBRIST_PIECE_SQ)
   5714   ba                PHI 10              ; R10 = address of Zobrist key
                        
                            ; XOR the 16-bit key into hash (R7)
   5715   4a                LDA 10              ; High byte of key
   5716   52                STR 2
   5717   97                GHI 7
   5718   f3                XOR
   5719   b7                PHI 7               ; hash_hi ^= key_hi
   571a   0a                LDN 10              ; Low byte of key
   571b   52                STR 2
   571c   87                GLO 7
   571d   f3                XOR
   571e   a7                PLO 7               ; hash_lo ^= key_lo
                        
   571f                 HASH_INIT_NEXT_SQ:
                            ; Next square
   571f   19                INC 9               ; R9.0++
   5720   89                GLO 9
   5721   fb 80             XRI $80             ; Check if we've passed square $7F
   5723   ca 56 ba          LBNZ HASH_INIT_LOOP
                        
                            ; Done with pieces. Now XOR side to move.
   5726   68 ca 60 80       RLDI 10, GAME_STATE
   572a   0a                LDN 10              ; D = side to move (0=white, 8=black)
   572b   c2 57 3c          LBZ HASH_SIDE_DONE
                            ; Black to move - XOR side key
   572e   68 ca 5f 49       RLDI 10, ZOBRIST_SIDE
   5732   4a                LDA 10
   5733   52                STR 2
   5734   97                GHI 7
   5735   f3                XOR
   5736   b7                PHI 7
   5737   0a                LDN 10
   5738   52                STR 2
   5739   87                GLO 7
   573a   f3                XOR
   573b   a7                PLO 7
   573c                 HASH_SIDE_DONE:
                        
                            ; XOR castling rights
                            ; Castling is at GAME_STATE + STATE_CASTLING ($6081)
   573c   68 ca 60 81       RLDI 10, GAME_STATE + STATE_CASTLING
   5740   0a                LDN 10              ; D = castling rights
   5741   a9                PLO 9               ; R9.0 = castling bits
                        
                            ; Check each castling bit
                            ; White kingside (bit 0)
   5742   89                GLO 9
   5743   fa 01             ANI CASTLE_WK
   5745   c2 57 4b          LBZ HASH_NO_WK
   5748   d4 57 92          CALL HASH_XOR_CASTLE_0
   574b                 HASH_NO_WK:
                            ; White queenside (bit 1)
   574b   89                GLO 9
   574c   fa 02             ANI CASTLE_WQ
   574e   c2 57 54          LBZ HASH_NO_WQ
   5751   d4 57 99          CALL HASH_XOR_CASTLE_1
   5754                 HASH_NO_WQ:
                            ; Black kingside (bit 2)
   5754   89                GLO 9
   5755   fa 04             ANI CASTLE_BK
   5757   c2 57 5d          LBZ HASH_NO_BK
   575a   d4 57 a2          CALL HASH_XOR_CASTLE_2
   575d                 HASH_NO_BK:
                            ; Black queenside (bit 3)
   575d   89                GLO 9
   575e   fa 08             ANI CASTLE_BQ
   5760   c2 57 66          LBZ HASH_NO_BQ
   5763   d4 57 ad          CALL HASH_XOR_CASTLE_3
   5766                 HASH_NO_BQ:
                        
                            ; XOR en passant file if set
   5766   68 ca 60 80       RLDI 10, GAME_STATE
   576a   1a                INC 10
   576b   1a                INC 10              ; Point to EP square
   576c   0a                LDN 10              ; D = EP square ($FF if none)
   576d   fb ff             XRI $FF
   576f   c2 57 88          LBZ HASH_NO_EP      ; No EP square
                            ; Have EP - get file (bits 0-2 of 0x88 square)
   5772   0a                LDN 10
   5773   fa 07             ANI $07             ; D = file (0-7)
   5775   fe                SHL                 ; D = file * 2 (offset into ZOBRIST_EP)
   5776   fc 53             ADI LOW(ZOBRIST_EP)
   5778   aa                PLO 10
   5779   f8 5f             LDI HIGH(ZOBRIST_EP)
   577b   7c 00             ADCI 0
   577d   ba                PHI 10              ; R10 = address of EP file key
   577e   4a                LDA 10
   577f   52                STR 2
   5780   97                GHI 7
   5781   f3                XOR
   5782   b7                PHI 7
   5783   0a                LDN 10
   5784   52                STR 2
   5785   87                GLO 7
   5786   f3                XOR
   5787   a7                PLO 7
   5788                 HASH_NO_EP:
                        
                            ; Store final hash
   5788   68 ca 64 b9       RLDI 10, HASH_HI
   578c   97                GHI 7
   578d   5a                STR 10
   578e   1a                INC 10
   578f   87                GLO 7
   5790   5a                STR 10
                        
   5791   d5                RETN
                        
                        ; Helper functions to XOR castling keys (avoids code duplication)
   5792                 HASH_XOR_CASTLE_0:
   5792   68 ca 5f 4b       RLDI 10, ZOBRIST_CASTLE
   5796   c0 57 b7          LBR HASH_XOR_CASTLE_DO
   5799                 HASH_XOR_CASTLE_1:
   5799   68 ca 5f 4b       RLDI 10, ZOBRIST_CASTLE
   579d   1a                INC 10
   579e   1a                INC 10
   579f   c0 57 b7          LBR HASH_XOR_CASTLE_DO
   57a2                 HASH_XOR_CASTLE_2:
   57a2   68 ca 5f 4b       RLDI 10, ZOBRIST_CASTLE
   57a6   1a                INC 10
   57a7   1a                INC 10
   57a8   1a                INC 10
   57a9   1a                INC 10
   57aa   c0 57 b7          LBR HASH_XOR_CASTLE_DO
   57ad                 HASH_XOR_CASTLE_3:
   57ad   68 ca 5f 4b       RLDI 10, ZOBRIST_CASTLE
   57b1   1a                INC 10
   57b2   1a                INC 10
   57b3   1a                INC 10
   57b4   1a                INC 10
   57b5   1a                INC 10
   57b6   1a                INC 10
   57b7                 HASH_XOR_CASTLE_DO:
   57b7   4a                LDA 10
   57b8   52                STR 2
   57b9   97                GHI 7
   57ba   f3                XOR
   57bb   b7                PHI 7
   57bc   0a                LDN 10
   57bd   52                STR 2
   57be   87                GLO 7
   57bf   f3                XOR
   57c0   a7                PLO 7
   57c1   d5                RETN
                        
                        ; ==============================================================================
                        ; TT_CLEAR - Clear all transposition table entries
                        ; ==============================================================================
                        ; Sets all TT entries to flag=TT_FLAG_NONE (0)
                        ; Should be called at start of new game or new position.
                        ;
                        ; Uses: R9 (counter), R10 (pointer)
                        ; ==============================================================================
   57c2                 TT_CLEAR:
   57c2   68 ca 68 00       RLDI 10, TT_TABLE
                        
                            ; Clear 256 entries × 8 bytes = 2048 bytes
                            ; Use R9 as 16-bit counter
   57c6   68 c9 08 00       RLDI 9, TT_ENTRIES * TT_ENTRY_SIZE
                        
   57ca   f8 00             LDI 0               ; Value to write
   57cc                 TT_CLEAR_LOOP:
   57cc   5a                STR 10
   57cd   1a                INC 10
   57ce   29                DEC 9
   57cf   99                GHI 9
   57d0   ca 57 cc          LBNZ TT_CLEAR_LOOP
   57d3   89                GLO 9
   57d4   ca 57 cc          LBNZ TT_CLEAR_LOOP
                        
   57d7   d5                RETN
                        
                        ; ==============================================================================
                        ; TT_PROBE - Look up current position in transposition table
                        ; ==============================================================================
                        ; Checks if current position (HASH_HI/LO) exists in TT.
                        ; If found and depth >= required, copies entry data to TT_* variables.
                        ;
                        ; Input:  D = required depth
                        ; Output: D = 1 if usable hit, 0 if miss
                        ;         If hit: TT_SCORE, TT_DEPTH, TT_FLAG, TT_MOVE populated
                        ;
                        ; Uses: R7 (hash), R8 (required depth), R10 (pointer)
                        ; ==============================================================================
   57d8                 TT_PROBE:
   57d8   a8                PLO 8               ; R8.0 = required depth
                        
   57d9   68 c9 64 1d       RLDI 9, TRACE_WHERE
   57dd   f8 b1             LDI $B1
   57df   59                STR 9              ; tracer: in TT_PROBE
                        
                            ; Clear TT_MOVE (prevents stale data if hash misses)
   57e0   68 c9 64 c0       RLDI 9, TT_MOVE_HI
   57e4   f8 00             LDI 0
   57e6   59                STR 9
   57e7   19                INC 9
   57e8   59                STR 9               ; TT_MOVE_HI/LO = 0
                        
                            ; Load current hash
   57e9   68 ca 64 b9       RLDI 10, HASH_HI
   57ed   4a                LDA 10
   57ee   b7                PHI 7
   57ef   0a                LDN 10
   57f0   a7                PLO 7               ; R7 = current hash
                        
                            ; Calculate TT entry address: TT_TABLE + (index * 8)
                            ; XOR-fold indexing (2026-05-15): index = (hash_hi XOR hash_lo) & $FF.
   57f1   97                GHI 7               ; hash_hi
   57f2   52                STR 2
   57f3   87                GLO 7               ; hash_lo
   57f4   f3                XOR                 ; D = hash_hi XOR hash_lo
   57f5   fa ff             ANI TT_INDEX_MASK   ; Mask to table size
   57f7   fe                SHL                 ; x2, carry into DF
   57f8   aa                PLO 10
   57f9   f8 00             LDI 0
   57fb   7e                SHLC                ; carry into D
   57fc   ba                PHI 10              ; R10.1 = high so far
   57fd   8a                GLO 10
   57fe   fe                SHL                 ; x4
   57ff   aa                PLO 10
   5800   9a                GHI 10
   5801   7e                SHLC
   5802   ba                PHI 10
   5803   8a                GLO 10
   5804   fe                SHL                 ; x8
   5805   aa                PLO 10
   5806   9a                GHI 10
   5807   7e                SHLC
   5808   ba                PHI 10              ; R10 = index * 8
                        
                            ; Add TT_TABLE base
   5809   8a                GLO 10
   580a   fc 00             ADI LOW(TT_TABLE)
   580c   aa                PLO 10
   580d   9a                GHI 10
   580e   7c 68             ADCI HIGH(TT_TABLE)
   5810   ba                PHI 10              ; R10 = TT entry address
                        
                            ; Check if entry matches (compare stored hash with current)
   5811   4a                LDA 10              ; Entry hash_hi
   5812   52                STR 2
   5813   97                GHI 7
   5814   f3                XOR
   5815   ca 58 61          LBNZ TT_PROBE_MISS
   5818   4a                LDA 10              ; Entry hash_lo
   5819   52                STR 2
   581a   87                GLO 7
   581b   f3                XOR
   581c   ca 58 61          LBNZ TT_PROBE_MISS
                        
                            ; Hash matches! Save move for ordering (even if depth insufficient)
                            ; R10 at offset 2 (score_hi). Move is at offset 6-7.
   581f   1a                INC 10              ; → 3
   5820   1a                INC 10              ; → 4 (depth)
   5821   1a                INC 10              ; → 5 (flag)
   5822   1a                INC 10              ; → 6 (move_hi)
   5823   4a                LDA 10              ; D = move_hi, R10 → 7
   5824   73                STXD                ; push move_hi
   5825   0a                LDN 10              ; D = move_lo
   5826   73                STXD                ; push move_lo
                        
                            ; Write to TT_MOVE_HI/LO
   5827   68 c9 64 c0       RLDI 9, TT_MOVE_HI
   582b   60                IRX
   582c   72                LDXA                ; D = move_lo
   582d   19                INC 9
   582e   59                STR 9               ; TT_MOVE_LO = move_lo
   582f   29                DEC 9
   5830   f0                LDX                 ; D = move_hi
   5831   59                STR 9               ; TT_MOVE_HI = move_hi
                        
                            ; Navigate back to depth (offset 4)
   5832   2a                DEC 10              ; → 6
   5833   2a                DEC 10              ; → 5
   5834   2a                DEC 10              ; → 4 (depth)
                        
                            ; Check depth
   5835   0a                LDN 10              ; Entry depth
   5836   52                STR 2
   5837   88                GLO 8               ; Required depth
   5838   f5                SD                  ; D = entry_depth - required_depth
   5839   cb 58 61          LBNF TT_PROBE_MISS  ; Borrow → depth insufficient (but TT_MOVE saved!)
                        
                            ; Usable hit! Copy entry data to TT_* variables
                            ; Back up to start of entry
   583c   2a                DEC 10
   583d   2a                DEC 10
   583e   2a                DEC 10
   583f   2a                DEC 10              ; R10 at entry start
                        
                            ; Copy to TT result variables
   5840   68 c9 64 bc       RLDI 9, TT_SCORE_HI
                        
   5844   1a                INC 10
   5845   1a                INC 10              ; Skip hash verification bytes
   5846   4a                LDA 10              ; score_hi
   5847   59                STR 9
   5848   19                INC 9
   5849   4a                LDA 10              ; score_lo
   584a   59                STR 9
   584b   19                INC 9
   584c   4a                LDA 10              ; depth
   584d   59                STR 9
   584e   19                INC 9
   584f   4a                LDA 10              ; flag
   5850   59                STR 9
   5851   19                INC 9
   5852   4a                LDA 10              ; move_hi
   5853   59                STR 9
   5854   19                INC 9
   5855   0a                LDN 10              ; move_lo
   5856   59                STR 9
                        
                            ; Set TT_HIT = 1
   5857   68 ca 64 bb       RLDI 10, TT_HIT
   585b   f8 01             LDI 1
   585d   5a                STR 10
                        
   585e   f8 01             LDI 1               ; Return hit
   5860   d5                RETN
                        
   5861                 TT_PROBE_MISS:
                            ; Set TT_HIT = 0
   5861   68 ca 64 bb       RLDI 10, TT_HIT
   5865   f8 00             LDI 0
   5867   5a                STR 10
                        
   5868   f8 00             LDI 0               ; Return miss
   586a   d5                RETN
                        
                        ; ==============================================================================
                        ; TT_STORE - Store position result in transposition table
                        ; ==============================================================================
                        ; Stores current position with score, depth, flag, and best move.
                        ; Always replaces existing entry (replace-always scheme).
                        ;
                        ; Input:  Stack contains (push order): score_hi, score_lo, depth, flag
                        ;         BEST_MOVE contains best move
                        ; Actually, let's use memory variables for simplicity:
                        ;         SCORE_HI/LO = score to store
                        ;         D = depth
                        ;         R8.0 = flag
                        ;
                        ; Uses: R7 (hash), R9 (temp), R10 (pointer)
                        ; ==============================================================================
   586b                 TT_STORE:
                            ; Save depth and flag
   586b   73                STXD                ; Push depth
   586c   88                GLO 8
   586d   73                STXD                ; Push flag
                        
   586e   68 ca 64 1d       RLDI 10, TRACE_WHERE
   5872   f8 b2             LDI $B2
   5874   5a                STR 10              ; tracer: in TT_STORE
                        
                            ; Load current hash
   5875   68 ca 64 b9       RLDI 10, HASH_HI
   5879   4a                LDA 10
   587a   b7                PHI 7
   587b   0a                LDN 10
   587c   a7                PLO 7               ; R7 = current hash
                        
                            ; Calculate TT entry address: TT_TABLE + (index * 8) — XOR-fold (must match TT_PROBE)
   587d   97                GHI 7               ; hash_hi
   587e   52                STR 2
   587f   87                GLO 7               ; hash_lo
   5880   f3                XOR                 ; D = hash_hi XOR hash_lo
   5881   fa ff             ANI TT_INDEX_MASK
   5883   fe                SHL                 ; x2, carry into DF
   5884   aa                PLO 10
   5885   f8 00             LDI 0
   5887   7e                SHLC
   5888   ba                PHI 10
   5889   8a                GLO 10
   588a   fe                SHL                 ; x4
   588b   aa                PLO 10
   588c   9a                GHI 10
   588d   7e                SHLC
   588e   ba                PHI 10
   588f   8a                GLO 10
   5890   fe                SHL                 ; x8
   5891   aa                PLO 10
   5892   9a                GHI 10
   5893   7e                SHLC
   5894   ba                PHI 10              ; R10 = index * 8
                        
                            ; Add TT_TABLE base
   5895   8a                GLO 10
   5896   fc 00             ADI LOW(TT_TABLE)
   5898   aa                PLO 10
   5899   9a                GHI 10
   589a   7c 68             ADCI HIGH(TT_TABLE)
   589c   ba                PHI 10              ; R10 = TT entry address
                        
                            ; Write entry
   589d   97                GHI 7               ; hash_hi
   589e   5a                STR 10
   589f   1a                INC 10
   58a0   87                GLO 7               ; hash_lo
   58a1   5a                STR 10
   58a2   1a                INC 10
                        
                            ; Score from SCORE_HI/LO
   58a3   68 c9 64 46       RLDI 9, SCORE_HI
   58a7   49                LDA 9               ; score_hi
   58a8   5a                STR 10
   58a9   1a                INC 10
   58aa   09                LDN 9               ; score_lo
   58ab   5a                STR 10
   58ac   1a                INC 10
                        
                            ; Depth and flag from stack
   58ad   60                IRX
   58ae   72                LDXA                ; flag
   58af   a8                PLO 8               ; Save temporarily
   58b0   f0                LDX                 ; depth
   58b1   5a                STR 10
   58b2   1a                INC 10
   58b3   88                GLO 8               ; flag
   58b4   5a                STR 10
   58b5   1a                INC 10
                        
                            ; Best move from NODE_BEST_MOVE[ply]
   58b6   68 c9 64 48       RLDI 9, CURRENT_PLY
   58ba   09                LDN 9               ; D = ply
   58bb   fe                SHL                 ; D = ply * 2
   58bc   a9                PLO 9               ; R9.0 = offset (NODE_BEST_MOVE base = $6700, low = $00)
   58bd   f8 67             LDI HIGH(NODE_BEST_MOVE)
   58bf   b9                PHI 9               ; R9 = $6700 + ply*2
   58c0   49                LDA 9               ; from
   58c1   5a                STR 10
   58c2   1a                INC 10
   58c3   09                LDN 9               ; to
   58c4   5a                STR 10
                        
   58c5   d5                RETN
                        
                        ; ==============================================================================
                        ; HASH_XOR_PIECE_SQ - XOR piece-square key into current hash
                        ; ==============================================================================
                        ; Used for incremental hash updates in MAKE_MOVE/UNMAKE_MOVE.
                        ;
                        ; Input:  R8.0 = piece (1-6 white, 9-14 black, or EMPTY=0 for no-op)
                        ;         R8.1 = square (0x88 format)
                        ; Output: HASH_HI/LO updated
                        ; Uses:   R7, R9, R10, R11, R13
                        ; ==============================================================================
   58c6                 HASH_XOR_PIECE_SQ:
                            ; Skip if piece is EMPTY
   58c6   88                GLO 8
   58c7   c2 59 28          LBZ HXPS_DONE
                        
                            ; Load current hash into R7
   58ca   68 ca 64 b9       RLDI 10, HASH_HI
   58ce   4a                LDA 10
   58cf   b7                PHI 7
   58d0   0a                LDN 10
   58d1   a7                PLO 7               ; R7 = current hash
                        
                            ; Compute piece index (0-11)
                            ; piece_index = (piece & 7) - 1 for white, + 6 for black
   58d2   88                GLO 8               ; piece
   58d3   fa 07             ANI $07             ; piece type (1-6)
   58d5   ff 01             SMI 1               ; piece_type - 1 (0-5)
   58d7   ad                PLO 13              ; R13.0 = base index
                        
   58d8   88                GLO 8               ; piece again
   58d9   fa 08             ANI $08             ; color bit
   58db   c2 58 e2          LBZ HXPS_WHITE
                            ; Black - add 6
   58de   8d                GLO 13
   58df   fc 06             ADI 6
   58e1   ad                PLO 13
   58e2                 HXPS_WHITE:
                        
                            ; Compute square index (0-63 from 0x88)
                            ; sq64 = (sq88 >> 4) * 8 + (sq88 & 7)
   58e2   98                GHI 8               ; 0x88 square
   58e3   fa 07             ANI $07             ; file
   58e5   a9                PLO 9               ; R9.0 = file
   58e6   98                GHI 8
   58e7   fa 70             ANI $70             ; rank * 16
   58e9   f6                SHR                 ; rank * 8
   58ea   ab                PLO 11              ; R11.0 = rank*8 (use R11, NOT R7 - R7 has hash!)
   58eb   89                GLO 9               ; file
   58ec   52                STR 2               ; temp store on stack
   58ed   8b                GLO 11              ; rank*8
   58ee   f4                ADD                 ; rank*8 + file = sq64
   58ef   a9                PLO 9               ; R9.0 = sq64
                        
                            ; Compute Zobrist offset: piece_index * 128 + sq64 * 2
                            ; piece * 128: high = piece >> 1, low = (piece & 1) << 7
   58f0   8d                GLO 13              ; piece_index
   58f1   f6                SHR                 ; piece >> 1
   58f2   bd                PHI 13              ; R13.1 = high byte of piece*128
   58f3   8d                GLO 13
   58f4   fe                SHL                 ; Restore, then check bit 0
   58f5   f6                SHR                 ; Back to original
   58f6   fa 01             ANI $01
   58f8   c2 59 00          LBZ HXPS_EVEN
   58fb   f8 80             LDI $80
   58fd   c0 59 02          LBR HXPS_ADD_SQ
   5900                 HXPS_EVEN:
   5900   f8 00             LDI 0
   5902                 HXPS_ADD_SQ:
                            ; D = low byte of piece*128 (0 or $80)
   5902   aa                PLO 10              ; R10.0 = temp low
   5903   89                GLO 9               ; sq64
   5904   fe                SHL                 ; sq64 * 2
   5905   52                STR 2
   5906   8a                GLO 10
   5907   f4                ADD                 ; low + sq*2
   5908   aa                PLO 10
   5909   9d                GHI 13              ; high of piece*128
   590a   7c 00             ADCI 0
   590c   ba                PHI 10              ; R10 = offset
                        
                            ; Add ZOBRIST_PIECE_SQ base
   590d   8a                GLO 10
   590e   fc 49             ADI LOW(ZOBRIST_PIECE_SQ)
   5910   aa                PLO 10
   5911   9a                GHI 10
   5912   7c 59             ADCI HIGH(ZOBRIST_PIECE_SQ)
   5914   ba                PHI 10              ; R10 = key address
                        
                            ; XOR key into hash
   5915   4a                LDA 10              ; key_hi
   5916   52                STR 2
   5917   97                GHI 7
   5918   f3                XOR
   5919   b7                PHI 7
   591a   0a                LDN 10              ; key_lo
   591b   52                STR 2
   591c   87                GLO 7
   591d   f3                XOR
   591e   a7                PLO 7
                        
                            ; Store updated hash
   591f   68 ca 64 b9       RLDI 10, HASH_HI
   5923   97                GHI 7
   5924   5a                STR 10
   5925   1a                INC 10
   5926   87                GLO 7
   5927   5a                STR 10
                        
   5928                 HXPS_DONE:
   5928   d5                RETN
                        
                        ; ==============================================================================
                        ; HASH_XOR_SIDE - Toggle side-to-move in hash
                        ; ==============================================================================
                        ; Called after every move to flip the side-to-move bit in the hash.
                        ;
                        ; Uses: R7, R10
                        ; ==============================================================================
   5929                 HASH_XOR_SIDE:
                            ; Load current hash
   5929   68 ca 64 b9       RLDI 10, HASH_HI
   592d   4a                LDA 10
   592e   b7                PHI 7
   592f   0a                LDN 10
   5930   a7                PLO 7               ; R7 = current hash
                        
                            ; XOR with side key
   5931   68 ca 5f 49       RLDI 10, ZOBRIST_SIDE
   5935   4a                LDA 10              ; key_hi
   5936   52                STR 2
   5937   97                GHI 7
   5938   f3                XOR
   5939   b7                PHI 7
   593a   0a                LDN 10              ; key_lo
   593b   52                STR 2
   593c   87                GLO 7
   593d   f3                XOR
   593e   a7                PLO 7
                        
                            ; Store updated hash
   593f   68 ca 64 b9       RLDI 10, HASH_HI
   5943   97                GHI 7
   5944   5a                STR 10
   5945   1a                INC 10
   5946   87                GLO 7
   5947   5a                STR 10
                        
   5948   d5                RETN
                        ; Zobrist hash keys for transposition table
                        ; Generated by gen_zobrist.py
                        ; Seed: 0x1802CAFE
                        ;
                        ; Piece indices:
                        ;   0-5:  White P, N, B, R, Q, K
                        ;   6-11: Black P, N, B, R, Q, K
                        ;
                        ; Square indices: 0-63 (rank*8 + file)
                        ;
                        
                        ; ===========================================
                        ; Piece-Square Keys (768 x 2 bytes = 1536 bytes)
                        ; Access: ZOBRIST_PIECE_SQ + (piece_index * 128) + (square * 2)
                        ; ===========================================
   5949                 ZOBRIST_PIECE_SQ:
                        ; Piece 0: WhiteP
   5949   63 c3 c7 79       DW $63C3, $C779, $3A3C, $7599  ; d1
   594d   3a 3c 75 99   
   5951   31 41 c2 d6       DW $3141, $C2D6, $D891, $CEC4  ; h1
   5955   d8 91 ce c4   
   5959   83 de 5b 37       DW $83DE, $5B37, $5799, $E158  ; d2
   595d   57 99 e1 58   
   5961   89 d7 ca 58       DW $89D7, $CA58, $6328, $A9A0  ; h2
   5965   63 28 a9 a0   
   5969   bd 96 94 19       DW $BD96, $9419, $14B7, $2BBB  ; d3
   596d   14 b7 2b bb   
   5971   ca 09 ec 60       DW $CA09, $EC60, $3309, $E193  ; h3
   5975   33 09 e1 93   
   5979   c7 db a4 87       DW $C7DB, $A487, $9161, $CDA0  ; d4
   597d   91 61 cd a0   
   5981   92 ed 7c b2       DW $92ED, $7CB2, $3FED, $76AD  ; h4
   5985   3f ed 76 ad   
   5989   f4 98 dc 8d       DW $F498, $DC8D, $253F, $A4D4  ; d5
   598d   25 3f a4 d4   
   5991   f4 5f 58 d0       DW $F45F, $58D0, $96F8, $D38E  ; h5
   5995   96 f8 d3 8e   
   5999   be 90 b3 88       DW $BE90, $B388, $2956, $4BD7  ; d6
   599d   29 56 4b d7   
   59a1   1d a9 8f 74       DW $1DA9, $8F74, $E33E, $B79E  ; h6
   59a5   e3 3e b7 9e   
   59a9   65 3a 50 49       DW $653A, $5049, $7A64, $D723  ; d7
   59ad   7a 64 d7 23   
   59b1   f7 59 82 a6       DW $F759, $82A6, $6262, $5690  ; h7
   59b5   62 62 56 90   
   59b9   6b b5 6f a2       DW $6BB5, $6FA2, $C473, $7178  ; d8
   59bd   c4 73 71 78   
   59c1   ab 05 6a e6       DW $AB05, $6AE6, $60BD, $625B  ; h8
   59c5   60 bd 62 5b   
                        
                        ; Piece 1: WhiteN
   59c9   65 73 45 1b       DW $6573, $451B, $BAE9, $50A5  ; d1
   59cd   ba e9 50 a5   
   59d1   3f 46 9d ca       DW $3F46, $9DCA, $82C8, $0506  ; h1
   59d5   82 c8 05 06   
   59d9   93 5e f6 99       DW $935E, $F699, $A8D1, $BF33  ; d2
   59dd   a8 d1 bf 33   
   59e1   ea a1 c3 46       DW $EAA1, $C346, $7B40, $CA8F  ; h2
   59e5   7b 40 ca 8f   
   59e9   21 69 ae 6d       DW $2169, $AE6D, $5255, $046F  ; d3
   59ed   52 55 04 6f   
   59f1   ba a9 52 99       DW $BAA9, $5299, $19D1, $3315  ; h3
   59f5   19 d1 33 15   
   59f9   19 ff dd 86       DW $19FF, $DD86, $EBF5, $5F4D  ; d4
   59fd   eb f5 5f 4d   
   5a01   f8 97 56 93       DW $F897, $5693, $87F7, $200E  ; h4
   5a05   87 f7 20 0e   
   5a09   a8 dd 1c d8       DW $A8DD, $1CD8, $E5E4, $37DC  ; d5
   5a0d   e5 e4 37 dc   
   5a11   6b dc cd d3       DW $6BDC, $CDD3, $E48E, $B067  ; h5
   5a15   e4 8e b0 67   
   5a19   ba f8 31 d4       DW $BAF8, $31D4, $505B, $F7A1  ; d6
   5a1d   50 5b f7 a1   
   5a21   d7 a0 26 5b       DW $D7A0, $265B, $C790, $F5F5  ; h6
   5a25   c7 90 f5 f5   
   5a29   11 2d 29 03       DW $112D, $2903, $F557, $0C67  ; d7
   5a2d   f5 57 0c 67   
   5a31   d4 eb 39 e4       DW $D4EB, $39E4, $B9B7, $6780  ; h7
   5a35   b9 b7 67 80   
   5a39   a5 e1 29 9d       DW $A5E1, $299D, $D997, $EB5A  ; d8
   5a3d   d9 97 eb 5a   
   5a41   9e cc 2b f0       DW $9ECC, $2BF0, $3448, $F7B5  ; h8
   5a45   34 48 f7 b5   
                        
                        ; Piece 2: WhiteB
   5a49   f2 27 bd 31       DW $F227, $BD31, $C3F0, $ABC6  ; d1
   5a4d   c3 f0 ab c6   
   5a51   4c a0 20 3a       DW $4CA0, $203A, $E791, $A7E9  ; h1
   5a55   e7 91 a7 e9   
   5a59   2a 0b 22 41       DW $2A0B, $2241, $5B68, $13FC  ; d2
   5a5d   5b 68 13 fc   
   5a61   15 8a 60 47       DW $158A, $6047, $9B2F, $C3AF  ; h2
   5a65   9b 2f c3 af   
   5a69   ff ee bb 98       DW $FFEE, $BB98, $1C74, $3744  ; d3
   5a6d   1c 74 37 44   
   5a71   0e 3b 3b 73       DW $0E3B, $3B73, $D76C, $4BE9  ; h3
   5a75   d7 6c 4b e9   
   5a79   56 4b 6a 9d       DW $564B, $6A9D, $DBC0, $108C  ; d4
   5a7d   db c0 10 8c   
   5a81   b4 b2 11 97       DW $B4B2, $1197, $6D53, $F9DE  ; h4
   5a85   6d 53 f9 de   
   5a89   b3 ca 05 39       DW $B3CA, $0539, $1888, $FE31  ; d5
   5a8d   18 88 fe 31   
   5a91   a4 0a 45 ad       DW $A40A, $45AD, $FAD7, $29DE  ; h5
   5a95   fa d7 29 de   
   5a99   ff 83 07 0c       DW $FF83, $070C, $8AC6, $EBC9  ; d6
   5a9d   8a c6 eb c9   
   5aa1   bc 17 68 a5       DW $BC17, $68A5, $F0D7, $0368  ; h6
   5aa5   f0 d7 03 68   
   5aa9   22 14 3e 2e       DW $2214, $3E2E, $4032, $C3FB  ; d7
   5aad   40 32 c3 fb   
   5ab1   6c 61 c2 1f       DW $6C61, $C21F, $CB86, $8D1E  ; h7
   5ab5   cb 86 8d 1e   
   5ab9   43 08 e6 72       DW $4308, $E672, $50C2, $70E4  ; d8
   5abd   50 c2 70 e4   
   5ac1   f0 58 70 f4       DW $F058, $70F4, $7D3F, $FA13  ; h8
   5ac5   7d 3f fa 13   
                        
                        ; Piece 3: WhiteR
   5ac9   76 8e 42 88       DW $768E, $4288, $58DB, $0C45  ; d1
   5acd   58 db 0c 45   
   5ad1   85 ae c8 fd       DW $85AE, $C8FD, $EDE1, $EDCB  ; h1
   5ad5   ed e1 ed cb   
   5ad9   8d a4 8e 1f       DW $8DA4, $8E1F, $5BB3, $79C1  ; d2
   5add   5b b3 79 c1   
   5ae1   86 46 bb 89       DW $8646, $BB89, $7F58, $322A  ; h2
   5ae5   7f 58 32 2a   
   5ae9   59 22 fa 41       DW $5922, $FA41, $66F5, $90D7  ; d3
   5aed   66 f5 90 d7   
   5af1   b7 93 ab 72       DW $B793, $AB72, $7E38, $972E  ; h3
   5af5   7e 38 97 2e   
   5af9   2e c5 7c f6       DW $2EC5, $7CF6, $E3DC, $28CF  ; d4
   5afd   e3 dc 28 cf   
   5b01   3b 55 f8 6d       DW $3B55, $F86D, $79C3, $9F6C  ; h4
   5b05   79 c3 9f 6c   
   5b09   ba 7a a6 07       DW $BA7A, $A607, $149E, $FC4B  ; d5
   5b0d   14 9e fc 4b   
   5b11   51 3b f1 0a       DW $513B, $F10A, $307A, $16A8  ; h5
   5b15   30 7a 16 a8   
   5b19   6b 7d 3a 05       DW $6B7D, $3A05, $8AA7, $24D3  ; d6
   5b1d   8a a7 24 d3   
   5b21   00 a7 ec 0e       DW $00A7, $EC0E, $CBC5, $7230  ; h6
   5b25   cb c5 72 30   
   5b29   52 a1 f3 2d       DW $52A1, $F32D, $4058, $809F  ; d7
   5b2d   40 58 80 9f   
   5b31   8e 49 f5 c9       DW $8E49, $F5C9, $9374, $127F  ; h7
   5b35   93 74 12 7f   
   5b39   67 e4 42 42       DW $67E4, $4242, $54C0, $F185  ; d8
   5b3d   54 c0 f1 85   
   5b41   8b 4c c4 62       DW $8B4C, $C462, $0F2A, $1629  ; h8
   5b45   0f 2a 16 29   
                        
                        ; Piece 4: WhiteQ
   5b49   40 e5 98 bf       DW $40E5, $98BF, $4725, $BC37  ; d1
   5b4d   47 25 bc 37   
   5b51   fb 55 37 93       DW $FB55, $3793, $5407, $0209  ; h1
   5b55   54 07 02 09   
   5b59   c8 71 35 df       DW $C871, $35DF, $867E, $3F3E  ; d2
   5b5d   86 7e 3f 3e   
   5b61   98 59 e3 47       DW $9859, $E347, $FE7A, $7E67  ; h2
   5b65   fe 7a 7e 67   
   5b69   a2 b9 e1 7f       DW $A2B9, $E17F, $EC66, $F7E6  ; d3
   5b6d   ec 66 f7 e6   
   5b71   97 9a 26 2e       DW $979A, $262E, $5FED, $D011  ; h3
   5b75   5f ed d0 11   
   5b79   52 66 35 0a       DW $5266, $350A, $84D9, $E32F  ; d4
   5b7d   84 d9 e3 2f   
   5b81   78 c0 17 3d       DW $78C0, $173D, $B589, $7E4B  ; h4
   5b85   b5 89 7e 4b   
   5b89   e9 67 34 f6       DW $E967, $34F6, $D4CE, $FD6D  ; d5
   5b8d   d4 ce fd 6d   
   5b91   55 10 87 55       DW $5510, $8755, $C65F, $D36C  ; h5
   5b95   c6 5f d3 6c   
   5b99   d8 22 41 b5       DW $D822, $41B5, $5E7A, $4E7A  ; d6
   5b9d   5e 7a 4e 7a   
   5ba1   32 2b f0 21       DW $322B, $F021, $568F, $931D  ; h6
   5ba5   56 8f 93 1d   
   5ba9   70 f1 a5 93       DW $70F1, $A593, $4843, $CD51  ; d7
   5bad   48 43 cd 51   
   5bb1   04 f0 de bc       DW $04F0, $DEBC, $3D8A, $B691  ; h7
   5bb5   3d 8a b6 91   
   5bb9   39 13 6c 3c       DW $3913, $6C3C, $93CF, $47B1  ; d8
   5bbd   93 cf 47 b1   
   5bc1   12 63 bc 99       DW $1263, $BC99, $BAF8, $038D  ; h8
   5bc5   ba f8 03 8d   
                        
                        ; Piece 5: WhiteK
   5bc9   64 fb 3d 9d       DW $64FB, $3D9D, $20B1, $AFE6  ; d1
   5bcd   20 b1 af e6   
   5bd1   49 6c 95 91       DW $496C, $9591, $D3E2, $E4B1  ; h1
   5bd5   d3 e2 e4 b1   
   5bd9   e9 5e 2e 86       DW $E95E, $2E86, $E7E3, $289E  ; d2
   5bdd   e7 e3 28 9e   
   5be1   f7 73 3c 31       DW $F773, $3C31, $0DCA, $A127  ; h2
   5be5   0d ca a1 27   
   5be9   3c 74 8a 6a       DW $3C74, $8A6A, $2ECB, $BE15  ; d3
   5bed   2e cb be 15   
   5bf1   cf 70 77 14       DW $CF70, $7714, $71FE, $D8F8  ; h3
   5bf5   71 fe d8 f8   
   5bf9   45 24 73 74       DW $4524, $7374, $A073, $481F  ; d4
   5bfd   a0 73 48 1f   
   5c01   88 3c 61 67       DW $883C, $6167, $8B9B, $57D2  ; h4
   5c05   8b 9b 57 d2   
   5c09   71 71 6f d0       DW $7171, $6FD0, $6806, $1873  ; d5
   5c0d   68 06 18 73   
   5c11   3f bb 86 1c       DW $3FBB, $861C, $39C4, $81B5  ; h5
   5c15   39 c4 81 b5   
   5c19   8b 6a 5b 12       DW $8B6A, $5B12, $9346, $5710  ; d6
   5c1d   93 46 57 10   
   5c21   f5 16 e7 d0       DW $F516, $E7D0, $35AA, $7084  ; h6
   5c25   35 aa 70 84   
   5c29   08 16 bb 9a       DW $0816, $BB9A, $CB30, $BE17  ; d7
   5c2d   cb 30 be 17   
   5c31   94 f2 d3 63       DW $94F2, $D363, $5DD2, $C666  ; h7
   5c35   5d d2 c6 66   
   5c39   0e 82 15 53       DW $0E82, $1553, $A388, $E2B1  ; d8
   5c3d   a3 88 e2 b1   
   5c41   27 d6 cb f2       DW $27D6, $CBF2, $CA65, $86B1  ; h8
   5c45   ca 65 86 b1   
                        
                        ; Piece 6: BlackP
   5c49   05 56 62 a1       DW $0556, $62A1, $65C1, $F4B7  ; d1
   5c4d   65 c1 f4 b7   
   5c51   6e 64 c8 58       DW $6E64, $C858, $E41C, $ED22  ; h1
   5c55   e4 1c ed 22   
   5c59   5b 68 5e 16       DW $5B68, $5E16, $14D7, $CA90  ; d2
   5c5d   14 d7 ca 90   
   5c61   e5 77 62 84       DW $E577, $6284, $7E3B, $4FA8  ; h2
   5c65   7e 3b 4f a8   
   5c69   4e 55 87 f5       DW $4E55, $87F5, $2BBD, $3DD6  ; d3
   5c6d   2b bd 3d d6   
   5c71   f2 d1 da 0b       DW $F2D1, $DA0B, $5CF0, $BC8B  ; h3
   5c75   5c f0 bc 8b   
   5c79   e9 d7 e0 00       DW $E9D7, $E000, $9DBF, $2144  ; d4
   5c7d   9d bf 21 44   
   5c81   94 ea ed 66       DW $94EA, $ED66, $83FC, $41BD  ; h4
   5c85   83 fc 41 bd   
   5c89   69 cb f6 db       DW $69CB, $F6DB, $7334, $8F04  ; d5
   5c8d   73 34 8f 04   
   5c91   ae 7b 18 28       DW $AE7B, $1828, $66D8, $9C49  ; h5
   5c95   66 d8 9c 49   
   5c99   b5 73 0a 1b       DW $B573, $0A1B, $19A8, $82A0  ; d6
   5c9d   19 a8 82 a0   
   5ca1   78 22 70 9f       DW $7822, $709F, $0FC0, $4421  ; h6
   5ca5   0f c0 44 21   
   5ca9   99 03 cb 4d       DW $9903, $CB4D, $837D, $1F42  ; d7
   5cad   83 7d 1f 42   
   5cb1   35 91 1d 3b       DW $3591, $1D3B, $A49E, $1783  ; h7
   5cb5   a4 9e 17 83   
   5cb9   65 b2 05 41       DW $65B2, $0541, $883E, $ECED  ; d8
   5cbd   88 3e ec ed   
   5cc1   18 77 96 6c       DW $1877, $966C, $B610, $8D8A  ; h8
   5cc5   b6 10 8d 8a   
                        
                        ; Piece 7: BlackN
   5cc9   07 f8 b0 79       DW $07F8, $B079, $A4EE, $5DEB  ; d1
   5ccd   a4 ee 5d eb   
   5cd1   92 7e 83 e0       DW $927E, $83E0, $F525, $7C8C  ; h1
   5cd5   f5 25 7c 8c   
   5cd9   a8 db b8 db       DW $A8DB, $B8DB, $FEC6, $1E2F  ; d2
   5cdd   fe c6 1e 2f   
   5ce1   7c 48 3e 31       DW $7C48, $3E31, $F4E7, $204F  ; h2
   5ce5   f4 e7 20 4f   
   5ce9   58 54 57 31       DW $5854, $5731, $6127, $C1E6  ; d3
   5ced   61 27 c1 e6   
   5cf1   89 1c 17 ee       DW $891C, $17EE, $2912, $A379  ; h3
   5cf5   29 12 a3 79   
   5cf9   64 cc 74 f9       DW $64CC, $74F9, $39DA, $B6E4  ; d4
   5cfd   39 da b6 e4   
   5d01   2d 0e c3 fe       DW $2D0E, $C3FE, $EB17, $EFD3  ; h4
   5d05   eb 17 ef d3   
   5d09   22 e4 f8 e6       DW $22E4, $F8E6, $53E6, $D152  ; d5
   5d0d   53 e6 d1 52   
   5d11   b4 43 5b d0       DW $B443, $5BD0, $C6B9, $00CD  ; h5
   5d15   c6 b9 00 cd   
   5d19   4f cf 38 92       DW $4FCF, $3892, $135E, $8DD8  ; d6
   5d1d   13 5e 8d d8   
   5d21   ba b4 01 d3       DW $BAB4, $01D3, $52BF, $26C8  ; h6
   5d25   52 bf 26 c8   
   5d29   0f f8 38 e4       DW $0FF8, $38E4, $9D49, $0F8F  ; d7
   5d2d   9d 49 0f 8f   
   5d31   cc 46 57 fc       DW $CC46, $57FC, $D61C, $78EB  ; h7
   5d35   d6 1c 78 eb   
   5d39   24 1a f5 8e       DW $241A, $F58E, $1A70, $D676  ; d8
   5d3d   1a 70 d6 76   
   5d41   fa 07 c6 4d       DW $FA07, $C64D, $6D78, $90EA  ; h8
   5d45   6d 78 90 ea   
                        
                        ; Piece 8: BlackB
   5d49   aa 34 e3 a9       DW $AA34, $E3A9, $B061, $C35F  ; d1
   5d4d   b0 61 c3 5f   
   5d51   ac eb c0 8a       DW $ACEB, $C08A, $E73F, $B0CD  ; h1
   5d55   e7 3f b0 cd   
   5d59   52 38 bf be       DW $5238, $BFBE, $CB9D, $BF8F  ; d2
   5d5d   cb 9d bf 8f   
   5d61   03 fd 62 37       DW $03FD, $6237, $C158, $0B63  ; h2
   5d65   c1 58 0b 63   
   5d69   bf 9a fe 72       DW $BF9A, $FE72, $B17F, $2C1D  ; d3
   5d6d   b1 7f 2c 1d   
   5d71   b3 13 97 ba       DW $B313, $97BA, $6898, $9A1D  ; h3
   5d75   68 98 9a 1d   
   5d79   97 6d f4 2d       DW $976D, $F42D, $08D2, $077B  ; d4
   5d7d   08 d2 07 7b   
   5d81   9b bf 01 72       DW $9BBF, $0172, $CC56, $D1F0  ; h4
   5d85   cc 56 d1 f0   
   5d89   c4 c8 89 71       DW $C4C8, $8971, $EEF2, $5607  ; d5
   5d8d   ee f2 56 07   
   5d91   f1 d2 df 23       DW $F1D2, $DF23, $F7B1, $B410  ; h5
   5d95   f7 b1 b4 10   
   5d99   be b0 ae a4       DW $BEB0, $AEA4, $4EEA, $37A2  ; d6
   5d9d   4e ea 37 a2   
   5da1   c5 57 19 11       DW $C557, $1911, $6ED0, $A58F  ; h6
   5da5   6e d0 a5 8f   
   5da9   02 bd 7f 37       DW $02BD, $7F37, $EE83, $14F8  ; d7
   5dad   ee 83 14 f8   
   5db1   dd eb 97 2e       DW $DDEB, $972E, $1E8D, $D753  ; h7
   5db5   1e 8d d7 53   
   5db9   37 d8 d3 9a       DW $37D8, $D39A, $DD7F, $70A4  ; d8
   5dbd   dd 7f 70 a4   
   5dc1   06 2b 9e d4       DW $062B, $9ED4, $7788, $5D19  ; h8
   5dc5   77 88 5d 19   
                        
                        ; Piece 9: BlackR
   5dc9   d7 a0 4e 7a       DW $D7A0, $4E7A, $805A, $2C91  ; d1
   5dcd   80 5a 2c 91   
   5dd1   bb 65 e8 22       DW $BB65, $E822, $9AD6, $ACF0  ; h1
   5dd5   9a d6 ac f0   
   5dd9   da 3c 85 c7       DW $DA3C, $85C7, $F051, $CE39  ; d2
   5ddd   f0 51 ce 39   
   5de1   0e fa 5d 4d       DW $0EFA, $5D4D, $7846, $044F  ; h2
   5de5   78 46 04 4f   
   5de9   c5 6d c4 e0       DW $C56D, $C4E0, $B230, $4CFE  ; d3
   5ded   b2 30 4c fe   
   5df1   9f be 19 d6       DW $9FBE, $19D6, $38AF, $0C67  ; h3
   5df5   38 af 0c 67   
   5df9   35 27 dc 54       DW $3527, $DC54, $94B4, $A05B  ; d4
   5dfd   94 b4 a0 5b   
   5e01   8f 9c a1 9a       DW $8F9C, $A19A, $F749, $69C3  ; h4
   5e05   f7 49 69 c3   
   5e09   3c 1e 4b cf       DW $3C1E, $4BCF, $7C58, $1C12  ; d5
   5e0d   7c 58 1c 12   
   5e11   a2 66 7e 28       DW $A266, $7E28, $F3CD, $EC45  ; h5
   5e15   f3 cd ec 45   
   5e19   23 ef b9 ed       DW $23EF, $B9ED, $24F4, $0B0F  ; d6
   5e1d   24 f4 0b 0f   
   5e21   3e c0 bd dc       DW $3EC0, $BDDC, $4DA1, $FACD  ; h6
   5e25   4d a1 fa cd   
   5e29   5d f7 4c d6       DW $5DF7, $4CD6, $439B, $04FF  ; d7
   5e2d   43 9b 04 ff   
   5e31   72 fb a6 0e       DW $72FB, $A60E, $252C, $E9E6  ; h7
   5e35   25 2c e9 e6   
   5e39   e1 f3 ff 00       DW $E1F3, $FF00, $D7A8, $D865  ; d8
   5e3d   d7 a8 d8 65   
   5e41   9e 7a ce 92       DW $9E7A, $CE92, $68DB, $01FB  ; h8
   5e45   68 db 01 fb   
                        
                        ; Piece 10: BlackQ
   5e49   41 0e b2 b8       DW $410E, $B2B8, $F9F7, $7EC1  ; d1
   5e4d   f9 f7 7e c1   
   5e51   e3 a1 a7 b6       DW $E3A1, $A7B6, $2EC5, $8079  ; h1
   5e55   2e c5 80 79   
   5e59   86 52 da 93       DW $8652, $DA93, $8FB5, $985B  ; d2
   5e5d   8f b5 98 5b   
   5e61   65 a6 45 eb       DW $65A6, $45EB, $B93F, $A28D  ; h2
   5e65   b9 3f a2 8d   
   5e69   ff 94 b3 91       DW $FF94, $B391, $5286, $4931  ; d3
   5e6d   52 86 49 31   
   5e71   76 ed 6a 92       DW $76ED, $6A92, $4E74, $992C  ; h3
   5e75   4e 74 99 2c   
   5e79   a2 cb 9c b5       DW $A2CB, $9CB5, $75DA, $6184  ; d4
   5e7d   75 da 61 84   
   5e81   a5 e4 be 3d       DW $A5E4, $BE3D, $EB61, $C433  ; h4
   5e85   eb 61 c4 33   
   5e89   4f 36 a6 c5       DW $4F36, $A6C5, $322F, $5D8A  ; d5
   5e8d   32 2f 5d 8a   
   5e91   6d ce 71 46       DW $6DCE, $7146, $294C, $F33E  ; h5
   5e95   29 4c f3 3e   
   5e99   ef 41 bb 0d       DW $EF41, $BB0D, $D863, $653D  ; d6
   5e9d   d8 63 65 3d   
   5ea1   4f b4 ba b7       DW $4FB4, $BAB7, $2018, $294F  ; h6
   5ea5   20 18 29 4f   
   5ea9   d5 8c 88 db       DW $D58C, $88DB, $4C4D, $6056  ; d7
   5ead   4c 4d 60 56   
   5eb1   9d 11 7c b3       DW $9D11, $7CB3, $CC8F, $7D5D  ; h7
   5eb5   cc 8f 7d 5d   
   5eb9   57 0d 27 6e       DW $570D, $276E, $2CAE, $4D7C  ; d8
   5ebd   2c ae 4d 7c   
   5ec1   56 fc 4c 6d       DW $56FC, $4C6D, $9EC1, $F909  ; h8
   5ec5   9e c1 f9 09   
                        
                        ; Piece 11: BlackK
   5ec9   00 92 b3 b9       DW $0092, $B3B9, $D151, $FF42  ; d1
   5ecd   d1 51 ff 42   
   5ed1   5f 03 76 57       DW $5F03, $7657, $9C37, $1DC2  ; h1
   5ed5   9c 37 1d c2   
   5ed9   77 1e cb 8d       DW $771E, $CB8D, $929E, $BECF  ; d2
   5edd   92 9e be cf   
   5ee1   f9 40 df 4d       DW $F940, $DF4D, $B04E, $4A9D  ; h2
   5ee5   b0 4e 4a 9d   
   5ee9   83 c4 19 09       DW $83C4, $1909, $E637, $5C93  ; d3
   5eed   e6 37 5c 93   
   5ef1   26 95 35 b7       DW $2695, $35B7, $772E, $46BF  ; h3
   5ef5   77 2e 46 bf   
   5ef9   f6 45 ec 7a       DW $F645, $EC7A, $7913, $B85D  ; d4
   5efd   79 13 b8 5d   
   5f01   cd e3 0f 49       DW $CDE3, $0F49, $8C47, $14C8  ; h4
   5f05   8c 47 14 c8   
   5f09   9e 9e 9d bf       DW $9E9E, $9DBF, $21DE, $4554  ; d5
   5f0d   21 de 45 54   
   5f11   9a f5 30 ca       DW $9AF5, $30CA, $1C9F, $35E7  ; h5
   5f15   1c 9f 35 e7   
   5f19   43 8e 1e b0       DW $438E, $1EB0, $ED9B, $C4B4  ; d6
   5f1d   ed 9b c4 b4   
   5f21   a1 de 99 fd       DW $A1DE, $99FD, $39F4, $D0C1  ; h6
   5f25   39 f4 d0 c1   
   5f29   02 2b 51 da       DW $022B, $51DA, $A0CC, $8AC4  ; d7
   5f2d   a0 cc 8a c4   
   5f31   3c 8b 35 b7       DW $3C8B, $35B7, $D3C6, $3A76  ; h7
   5f35   d3 c6 3a 76   
   5f39   39 c9 46 bc       DW $39C9, $46BC, $BC5F, $3D67  ; d8
   5f3d   bc 5f 3d 67   
   5f41   14 90 ef bf       DW $1490, $EFBF, $BE55, $47D8  ; h8
   5f45   be 55 47 d8   
                        
                        ; ===========================================
                        ; Side to Move Key (1 x 2 bytes)
                        ; XOR when black to move
                        ; ===========================================
   5f49                 ZOBRIST_SIDE:
   5f49   d2 d0             DW $D2D0
                        
                        ; ===========================================
                        ; Castling Rights Keys (4 x 2 bytes)
                        ; Index: 0=K, 1=Q, 2=k, 3=q
                        ; ===========================================
   5f4b                 ZOBRIST_CASTLE:
   5f4b   09 05             DW $0905  ; WhiteKingside
   5f4d   14 41             DW $1441  ; WhiteQueenside
   5f4f   10 92             DW $1092  ; BlackKingside
   5f51   bb 78             DW $BB78  ; BlackQueenside
                        
                        ; ===========================================
                        ; En Passant File Keys (8 x 2 bytes)
                        ; Index: 0=a-file, 7=h-file
                        ; ===========================================
   5f53                 ZOBRIST_EP:
   5f53   2d 66             DW $2D66  ; a-file
   5f55   ac 1b             DW $AC1B  ; b-file
   5f57   95 09             DW $9509  ; c-file
   5f59   c4 34             DW $C434  ; d-file
   5f5b   42 ea             DW $42EA  ; e-file
   5f5d   ae 3b             DW $AE3B  ; f-file
   5f5f   51 8f             DW $518F  ; g-file
   5f61   80 c8             DW $80C8  ; h-file
                        
                        ; Total: 781 keys, 1562 bytes
                        ; ==============================================================================
                        ; RCA 1802/1806 Chess Engine - Main Program
                        ; ==============================================================================
                        ; Entry point and main loop
                        ; ==============================================================================
                        ; ==============================================================================
                        ; Program Entry Point (build script adds ORG $0000)
                        ; ==============================================================================
                        ; ------------------------------------------------------------------------------
                        ; 1 Mode Entry - SCRT set up by 1, use 1 stack
                        ; ------------------------------------------------------------------------------
   5f63                 START:
                            ; 1 has set up R4=CALL, R5=RET, R2=stack (at $7F77)
                            ; DO NOT reset R2! Monitor uses $7F78-$7FFF for static variables.
                            ; If we set R2=$7FFF, our stack would overwrite monitor variables,
                            ; breaking warm start at $8003.
   5f63   e2                SEX 2 ; Ensure X = R2 for stack operations
                            ; Serial I/O uses 1 entry points, no init needed
                            ; Clear workspace RAM ($6200-$64FF) to prevent stale variable bugs
   5f64   d4 5f 8a          CALL WORKSPACE_CLEAR
                            ; Initialize board to starting position
   5f67   d4 00 a6          CALL INIT_BOARD
                            ; Initialize move history
   5f6a   d4 01 76          CALL INIT_MOVE_HISTORY
                            ; Clear transposition table (once at startup)
   5f6d   d4 57 c2          CALL TT_CLEAR
                            ; Send startup message
   5f70   68 cf 5f bd       RLDI 15, MSG_STARTUP
   5f74   d4 5f 86          CALL PRINT_STRING
                            ; Initialize UCI
   5f77   d4 2d cd          CALL UCI_INIT
                            ; Enter main loop
   5f7a   c0 5f 7d          LBR MAIN_LOOP
                        ; ==============================================================================
                        ; Main Loop
                        ; ==============================================================================
   5f7d                 MAIN_LOOP:
                            ; UCI: No prompt - engine waits silently for commands
                            ; Read and process UCI commands
   5f7d   d4 2d d7          CALL UCI_READ_LINE
   5f80   d4 2e 0e          CALL UCI_PROCESS_COMMAND
   5f83   c0 5f 7d          LBR MAIN_LOOP
                        ; ==============================================================================
                        ; PRINT_STRING - Output null-terminated string
                        ; ==============================================================================
                        ; Input: F (R15) = pointer to string
                        ; Uses: F, D, R8 (temp save in standalone mode)
                        ; ==============================================================================
   5f86                 PRINT_STRING:
                            ; 1 F_MSG uses R15 directly - single call, efficient
   5f86   d4                SEP 4
   5f87   ff 09             DW F_MSG
   5f89   d5                RETN
                        ; ==============================================================================
                        ; WORKSPACE_CLEAR - Zero all workspace RAM ($6200-$67FF)
                        ; ==============================================================================
                        ; Clears 1536 bytes ($0600) to prevent stale variable bugs between runs.
                        ; Must be called before INIT_BOARD (which populates the board area).
                        ;
                        ; Range expanded 2026-04-24 from $6200-$64FF (768 bytes) to $6200-$67FF
                        ; (1536 bytes) to cover variables that have been added at $6500+ over time:
                        ; $6500-$66FD: HASH_HIST (510 bytes - repetition detection)
                        ; $6700-$670F: NODE_BEST_MOVE (16 bytes - per-ply best move)
                        ; $6710-$671F: W/B_PAWN_FILE_CT (16 bytes - eval transients)
                        ; $6720-$6721: W/B_QUEEN_SQ (eval transients)
                        ; $6722-$6741: FUTILITY_TABLE (relocated 2026-04-24, 8-ply futility data)
                        ; $6742-$67FF: free zone, cleared defensively
                        ; TT at $6800-$6FFF has its own TT_CLEAR routine.
                        ;
                        ; Uses: R9 (counter), R10 (pointer)
                        ; ==============================================================================
   5f8a                 WORKSPACE_CLEAR:
   5f8a   f8 62             LDI $62
   5f8c   ba                PHI 10
   5f8d   f8 00             LDI $00
   5f8f   aa                PLO 10 ; R10 = $6200
                            ; 1536 bytes = $0600
   5f90   f8 06             LDI $06
   5f92   b9                PHI 9
   5f93   f8 00             LDI $00
   5f95   a9                PLO 9 ; R9 = $0600
   5f96                 WORKSPACE_CLEAR_LOOP:
   5f96   f8 00             LDI 0 ; Value to write (must reload — GHI/GLO clobber D)
   5f98   5a                STR 10
   5f99   1a                INC 10
   5f9a   29                DEC 9
   5f9b   99                GHI 9
   5f9c   ca 5f 96          LBNZ WORKSPACE_CLEAR_LOOP
   5f9f   89                GLO 9
   5fa0   ca 5f 96          LBNZ WORKSPACE_CLEAR_LOOP
                            ; Also clear MOVE_LIST area $7800-$7AFF (768 bytes).
                            ; MOVE_LIST was relocated $6200→$7800 in commit 3b16d64 for the d=5
                            ; expansion. Its zone now sits immediately below stack guard $7B00.
                            ; If GENERATE_MOVES is ever called with a corrupted count value, or
                            ; pointer math wanders past the per-ply allocation, residual data here
                            ; would decode as phantom moves. Zeroing means stale-bytes decode to
                            ; a1→a1 — still illegal but at least not a "real-looking" coordinates.
   5fa3   f8 78             LDI $78
   5fa5   ba                PHI 10
   5fa6   f8 00             LDI $00
   5fa8   aa                PLO 10 ; R10 = $7800
   5fa9   f8 03             LDI $03
   5fab   b9                PHI 9
   5fac   f8 00             LDI $00
   5fae   a9                PLO 9 ; R9 = $0300 (768 bytes)
   5faf                 WORKSPACE_CLEAR_ML_LOOP:
   5faf   f8 00             LDI 0
   5fb1   5a                STR 10
   5fb2   1a                INC 10
   5fb3   29                DEC 9
   5fb4   99                GHI 9
   5fb5   ca 5f af          LBNZ WORKSPACE_CLEAR_ML_LOOP
   5fb8   89                GLO 9
   5fb9   ca 5f af          LBNZ WORKSPACE_CLEAR_ML_LOOP
   5fbc   d5                RETN
                        ; ==============================================================================
                        ; Dead test/utility stubs (TEST_MOVE_GEN, TEST_MAKE_UNMAKE, TEST_SEARCH,
                        ; PRINT_BOARD, MOVE_TO_STRING, STRING_TO_MOVE) and the unused leftover strings
                        ; VERSION_STRING/ENGINE_NAME/ENGINE_AUTHOR removed 2026-05-18. The live UCI id
                        ; strings are STR_ID_NAME/STR_ID_AUTHOR in uci.asm; these had zero references.
                        ; Reclaims space so the binary tail stays below \$6000 (BOARD) after item-C.
                        ; ==============================================================================
                        ; ==============================================================================
                        ; Messages
                        ; ==============================================================================
   5fbd                 MSG_STARTUP:
   5fbd   0d 0a             DB 13, 10
   5fbf   52 43 41 20       DB "RCA 1802/1806 Chess Engine", 13, 10
   5fc3   31 38 30 32   
   5fc7   2f 31 38 30   
   5fcb   36 20 43 68   
   5fcf   65 73 73 20   
   5fd3   45 6e 67 69   
   5fd7   6e 65 0d 0a   
   5fdb   49 6e 69 74       DB "Initializing...", 13, 10
   5fdf   69 61 6c 69   
   5fe3   7a 69 6e 67   
   5fe7   2e 2e 2e 0d   
   5feb   0a            
   5fec   00                DB 0
                        ; ==============================================================================
                        ; End of Main Program
                        ; ==============================================================================
                        ; ==============================================================================
                        ; OVERFLOW PAGE $7B00-$7BFF (256 B) — subroutine landing pad
                        ; ==============================================================================
                        ; This page is the ONLY free code region besides the main-segment tail (see
                        ; memory/high_memory_map_authoritative.md). This module is cat'ed LAST by
                        ; build.sh so its ORG cannot relocate any other module. Keep tenants small,
                        ; LEAF, and one-page; run tools/audit_table_pages.py after any change here.
                        ; ==============================================================================
   7b00                         ORG $7B00
                        
                        ; ------------------------------------------------------------------------------
                        ; OOO_DISCOMFORT - queenside-castle discomfort vs a developed enemy queen
                        ; (2026-07-08, task #53). The corpus shows 10 of 13 O-O-O losses castled (or
                        ; sat) queenside WHILE the enemy queen was developed on files a-d; 9 of 11
                        ; O-O-O wins had her home on d8. v3's ZONE_R proximity gate cannot see a
                        ; pre-aimed queen at castle time (a5 is rank-distance 4 from c1), so this term
                        ; supplies the anticipation: a standing penalty for queenside king posture
                        ; whenever the enemy queen stands developed on that wing, at ANY distance.
                        ; Self-healing: reads the live board each eval — penalty lifts when the queen
                        ; trades off or leaves the wing.
                        ;   White fires: wK on files a-c, ranks 1-2 AND bQ on files a-d, not home d8.
                        ;   Black mirror: bK files a-c, ranks 7-8 AND wQ files a-d, not home d1.
                        ; In:  nothing (reads GAME_STATE king squares + W/B_QUEEN_SQ trackers)
                        ; Out: D = signed net adjustment (-50 white-fire / +50 black-fire / 0 / 0 both)
                        ; Preserves R9, R12. Clobbers R10, R11, R13, D. LEAF. X=2 assumed (caller = EVALUATE).
                        ; ------------------------------------------------------------------------------
   7b00                 OOO_DISCOMFORT:
   7b00   68 cd 64 1d       RLDI 13, TRACE_WHERE
   7b04   f8 e4             LDI $E4
   7b06   5d                STR 13              ; tracer: in OOO_DISCOMFORT
   7b07   f8 00             LDI 0
   7b09   ab                PLO 11              ; R11.0 = signed net adjustment
                            ; --- white king in queenside posture? (files a-c, ranks 1-2) ---
   7b0a   68 ca 60 86       RLDI 10, GAME_STATE + STATE_W_KING_SQ
   7b0e   0a                LDN 10
   7b0f   fa 60             ANI $60
   7b11   ca 7b 36          LBNZ OOO_B_SIDE     ; rank > 2 -> no queenside-castle posture
   7b14   0a                LDN 10
   7b15   fa 07             ANI $07
   7b17   ff 03             SMI 3
   7b19   c3 7b 36          LBDF OOO_B_SIDE     ; file >= d -> not queenside
                            ; black queen developed on files a-d?
   7b1c   68 ca 67 21       RLDI 10, B_QUEEN_SQ
   7b20   0a                LDN 10
   7b21   fb ff             XRI $FF
   7b23   c2 7b 36          LBZ OOO_B_SIDE      ; no black queen -> quiet
   7b26   0a                LDN 10
   7b27   fb 73             XRI $73
   7b29   c2 7b 36          LBZ OOO_B_SIDE      ; home on d8 -> quiet (the 5 clean O-O-O wins)
   7b2c   0a                LDN 10
   7b2d   fa 04             ANI $04
   7b2f   ca 7b 36          LBNZ OOO_B_SIDE     ; files e-h -> not aimed at the queenside
   7b32   8b                GLO 11
   7b33   ff 32             SMI 50
   7b35   ab                PLO 11              ; net -= 50 (white king uncomfortable)
   7b36                 OOO_B_SIDE:
                            ; --- black king in queenside posture? (files a-c, ranks 7-8) ---
   7b36   68 ca 60 87       RLDI 10, GAME_STATE + STATE_B_KING_SQ
   7b3a   0a                LDN 10
   7b3b   fa 60             ANI $60
   7b3d   fb 60             XRI $60
   7b3f   ca 7b 68          LBNZ OOO_DONE       ; rank nibble < $60 -> not on black's back two ranks
   7b42   68 ca 60 87       RLDI 10, GAME_STATE + STATE_B_KING_SQ
   7b46   0a                LDN 10
   7b47   fa 07             ANI $07
   7b49   ff 03             SMI 3
   7b4b   c3 7b 68          LBDF OOO_DONE       ; file >= d -> not queenside
                            ; white queen developed on files a-d?
   7b4e   68 ca 67 20       RLDI 10, W_QUEEN_SQ
   7b52   0a                LDN 10
   7b53   fb ff             XRI $FF
   7b55   c2 7b 68          LBZ OOO_DONE        ; no white queen -> quiet
   7b58   0a                LDN 10
   7b59   fb 03             XRI $03
   7b5b   c2 7b 68          LBZ OOO_DONE        ; home on d1 -> quiet
   7b5e   0a                LDN 10
   7b5f   fa 04             ANI $04
   7b61   ca 7b 68          LBNZ OOO_DONE       ; files e-h -> not aimed
   7b64   8b                GLO 11
   7b65   fc 32             ADI 50
   7b67   ab                PLO 11              ; net += 50 (black king uncomfortable)
   7b68                 OOO_DONE:
   7b68   8b                GLO 11              ; D = signed net
   7b69   d5                RETN
                        
*                       	END
0000  A1            0070  A8            03e9  ADD_MOVE_ENCODED    64fe  ADV_PAWN_B
64fd  ADV_PAWN_W    2fa0  ALGEBRAIC_TO_SQUARE    000f  ALL_CASTLING    6442  ALPHA_HI  
6443  ALPHA_LO      040d  AME_FULL      2fc1  ATS_INVALID    01b5  ATTACK_CHECK_B_PAWNS
024c  ATTACK_CHECK_KING    0208  ATTACK_CHECK_KNIGHTS    02e7  ATTACK_CHECK_SLIDING    01e0  ATTACK_CHECK_W_PAWNS
02dd  ATTACK_FOUND    02db  ATTACK_FOUND_POP2    02d5  ATTACK_FOUND_POP3    0253  ATTACK_KING_LOOP
0280  ATTACK_KING_NEXT    020f  ATTACK_KNIGHT_LOOP    023c  ATTACK_KNIGHT_NEXT    01c9  ATTACK_PAWN_2
01f4  ATTACK_PAWN_W2    02df  ATTACK_RESTORE    032c  ATTACK_SLIDE_CHECK_DIAG    0347  ATTACK_SLIDE_CHECK_ORTH
02eb  ATTACK_SLIDE_LOOP    035f  ATTACK_SLIDE_NONE    0362  ATTACK_SLIDE_YES    2580  BAUD_RATE 
6410  BEST_MOVE     640e  BEST_SCORE_HI    640f  BEST_SCORE_LO    6444  BETA_HI   
6445  BETA_LO       0003  BISHOP_TYPE    014a  BISHOP_VALUE    0002  BIT_DELAY 
16fc  BKS_DONE      0008  BLACK         318f  BL_CHECK_MOVES    319a  BL_COMPARE_LOOP
316d  BL_ENTRY_LOOP    31b1  BL_MATCH_FOUND    31ce  BL_NO_MATCH    31bf  BL_SKIP_ENTRY
31bd  BL_SKIP_TO    6000  BOARD         5000  BOARD_BASE    3163  BOOK_LOOKUP
644e  BOOK_MOVE_FROM    644f  BOOK_MOVE_TO    000f  BOOK_PLY_LIMIT    02ef  BRK_ATTACK_SLIDE_LOOP
2759  BRK_QS_LOOP    000b  B_BISHOP      000e  B_KING        000a  B_KNIGHT  
0009  B_PAWN        6718  B_PAWN_FILE_CT    000d  B_QUEEN       64b6  B_QUEEN_CNT
6721  B_QUEEN_SQ    000c  B_ROOK        1c00  CALC_MAT_LOOP    1c3f  CALC_MAT_NEXT
1bf1  CALC_TOTAL_MATERIAL    641e  CANARY_HIT    64f7  CANARY_ZONE    0004  CASTLE_BK 
0008  CASTLE_BQ     0001  CASTLE_WK     0002  CASTLE_WQ     2259  CE_DONE   
0028  CHECK_BONUS    16fc  CHECK_BONUS_DONE    16f2  CHECK_BONUS_SUB    0418  CHECK_EN_PASSANT
0426  CHECK_EP_NO    64da  CHECK_EXT_FLAG    0e0e  CHECK_INSUFFICIENT_MATERIAL    0087  CHECK_STACK_OVERFLOW
0384  CHECK_TARGET_EMPTY    0381  CHECK_TARGET_FRIENDLY    038a  CHECK_TARGET_INVALID    0365  CHECK_TARGET_SQUARE
0e76  CIM_BLACK_B    0eae  CIM_DRAW      0e17  CIM_LOOP      0e82  CIM_NEXT  
0eb1  CIM_NOT_DRAW    015c  CLEAR_CASTLING_RIGHT    0000  CODE_START    0008  COLOR_MASK
6449  COMPARE_TEMP    0000  COSMAC_ELF_SIM    64c5  CURRENT_MAX_DEPTH    6448  CURRENT_PLY
0dcd  DANGER_V3_TABLE    0000  DEBUG_EVAL    0000  DEBUG_MOVES    0000  DEBUG_NODES
6405  DECODED_FLAGS    03c7  DECODE_MOVE_16BIT    03da  DECODE_TO_DONE    0006  DEFAULT_DEPTH
0001  DIR_E         00f0  DIR_N         00f1  DIR_NE        00ef  DIR_NW    
0010  DIR_S         0011  DIR_SE        000f  DIR_SW        00ff  DIR_W     
13a3  EG_B_HI       13a1  EG_B_POS      168e  EG_CHECK_BLACK    1667  EG_DB_GO  
1655  EG_DRIVE_BLACK    169a  EG_DRIVE_WHITE    16ac  EG_DW_GO      16d0  EG_EDGE_DONE
13e2  EG_NO_B_ADV    13d2  EG_NO_W_ADV    64ec  EG_PIECE_COUNT    13cb  EG_W_ADV_GO
1368  EG_W_HI       1366  EG_W_POS      0000  EMMA02        0000  EMPTY     
0000  EMU1802       03c2  ENCODE_FLAG_1    03bb  ENCODE_FLAG_2    03c6  ENCODE_HI_DONE
039b  ENCODE_LOW_DONE    038d  ENCODE_MOVE_16BIT    0006  ENDGAME_THRESHOLD_HI    0068  ENDGAME_THRESHOLD_LO
64a9  ENEMY_COLOR_TEMP    0eb4  EVALUATE      16fd  EVALUATE_MATERIAL    10af  EVAL_ADD_BLACK
10b2  EVAL_ADD_WHITE    1018  EVAL_BB_TRACK    11fb  EVAL_BDP_DONE    11d6  EVAL_BDP_LOOP
11ea  EVAL_BDP_NEXT    0fcb  EVAL_BP_ADD    0fa2  EVAL_BP_ADV    0ff6  EVAL_BP_COUNT
0fd7  EVAL_BP_NOSAT    0fc4  EVAL_BP_R2    0fc9  EVAL_BP_R3    0fbf  EVAL_BP_R4
108e  EVAL_BQ_TRACK    12d0  EVAL_BR1_CLOSED    12c8  EVAL_BR1_SEMI    1303  EVAL_BR2_SEMI
1052  EVAL_BROOK_TRACK    130b  EVAL_BR_DONE    1067  EVAL_BR_F2    64b0  EVAL_B_BISHOPS
64b3  EVAL_B_ROOK_F1    64b4  EVAL_B_ROOK_F2    64ad  EVAL_B_ROOK_SQ1    64ae  EVAL_B_ROOK_SQ2
0ee9  EVAL_CLR_PAWN_CT    10c6  EVAL_DONE     1b50  EVAL_EG_BLACK_KING    1b79  EVAL_EG_CALC
1baf  EVAL_EG_CENTER_ADD    1bab  EVAL_EG_CENTER_POS    1bad  EVAL_EG_CENTER_STORE_HI    1bf0  EVAL_EG_DONE
1bce  EVAL_EG_ENEMY_KING    1b66  EVAL_EG_WHITE_KING    1b37  EVAL_ENDGAME    10bc  EVAL_NEXT_SQUARE
0fd8  EVAL_NOT_ADV_PAWN    1020  EVAL_NOT_BISHOP_TRACK    0ec7  EVAL_NOT_DEAD_DRAW    1003  EVAL_NOT_PAWN_TRACK
109c  EVAL_NOT_QUEEN_TRACK    1073  EVAL_NOT_ROOK_TRACK    121f  EVAL_NO_BBP    116f  EVAL_NO_B_CASTLE
120d  EVAL_NO_WBP    1161  EVAL_NO_W_CASTLE    0f57  EVAL_PB_BLACK    0f5b  EVAL_PB_DONE
19f6  EVAL_PST      1a74  EVAL_PST_ADD    1a82  EVAL_PST_ADD_WHITE    1a0e  EVAL_PST_LOOP
1a8c  EVAL_PST_NEXT_SQ    1a71  EVAL_PST_POSITIVE    1a5b  EVAL_PST_WHITE    0f23  EVAL_SCAN 
64aa  EVAL_SKIP_PST    641d  EVAL_SQ_INDEX    6440  EVAL_TEMP1    6441  EVAL_TEMP2
11cc  EVAL_WDP_DONE    11a7  EVAL_WDP_LOOP    11bb  EVAL_WDP_NEXT    0f92  EVAL_WP_ADD
0f9e  EVAL_WP_NOSAT    0f86  EVAL_WP_R5    0f90  EVAL_WP_R6    0f8b  EVAL_WP_R7
125a  EVAL_WR1_CLOSED    1252  EVAL_WR1_SEMI    128d  EVAL_WR2_SEMI    1295  EVAL_WR_DONE
1043  EVAL_WR_F2    64af  EVAL_W_BISHOPS    64b1  EVAL_W_ROOK_F1    64b2  EVAL_W_ROOK_F2
64ab  EVAL_W_ROOK_SQ1    64ac  EVAL_W_ROOK_SQ2    0000  FAST_EMU_SERIAL    014d  FLIP_SIDE 
0000  FUTILITY_MARGIN_D1_HI    0096  FUTILITY_MARGIN_D1_LO    0001  FUTILITY_MARGIN_D2_HI    00f4  FUTILITY_MARGIN_D2_LO
2037  FUTILITY_NO_NEG    64a2  FUTILITY_OK    6722  FUTILITY_TABLE    ff09  F_MSG     
ff06  F_READ        ff03  F_TYPE        ff60  F_UINTOUT     644d  GAME_PLY  
6080  GAME_STATE    04d7  GENERATE_MOVES    077c  GEN_BISHOP    0433  GEN_CASTLE_BLACK
0457  GEN_CASTLE_BQ    04d4  GEN_CASTLE_DONE    0485  GEN_CASTLE_WHITE    04a9  GEN_CASTLE_WQ
0429  GEN_CASTLING_MOVES    641f  GEN_FROM_SQ    09ad  GEN_KG_CASTLING    0905  GEN_KG_DIR2
091d  GEN_KG_DIR3    0935  GEN_KG_DIR4    094d  GEN_KG_DIR5    0965  GEN_KG_DIR6
097d  GEN_KG_DIR7    0995  GEN_KG_DIR8    08ed  GEN_KING      06b9  GEN_KNIGHT
06d1  GEN_KN_DIR2    06e9  GEN_KN_DIR3    0701  GEN_KN_DIR4    0719  GEN_KN_DIR5
0731  GEN_KN_DIR6    0749  GEN_KN_DIR7    0761  GEN_KN_DIR8    0779  GEN_KN_DONE
641e  GEN_LOOP_CTR    053a  GEN_PAWN      053e  GEN_PAWN_BLACK    057f  GEN_PAWN_CAPTURES_B
0635  GEN_PAWN_CAPTURES_W    06b6  GEN_PAWN_DONE    05a4  GEN_PAWN_EP_LEFT_B    065c  GEN_PAWN_EP_LEFT_W
05dc  GEN_PAWN_EP_RIGHT_B    0696  GEN_PAWN_EP_RIGHT_W    040e  GEN_PAWN_PROMOTION    06ac  GEN_PAWN_PROMO_B
06ac  GEN_PAWN_PROMO_W    05b7  GEN_PAWN_RIGHT_B    066f  GEN_PAWN_RIGHT_W    05f2  GEN_PAWN_WHITE
079a  GEN_QUEEN     078b  GEN_ROOK      04e7  GEN_SCAN_BOARD    0524  GEN_SKIP_SQUARE
0803  GEN_SLIDE_E    0805  GEN_SLIDE_E_LOOP    0829  GEN_SLIDE_E_RET    07b5  GEN_SLIDE_N
07dc  GEN_SLIDE_NE    07de  GEN_SLIDE_NE_LOOP    0802  GEN_SLIDE_NE_RET    08c6  GEN_SLIDE_NW
08c8  GEN_SLIDE_NW_LOOP    08ec  GEN_SLIDE_NW_RET    07b7  GEN_SLIDE_N_LOOP    07db  GEN_SLIDE_N_RET
0851  GEN_SLIDE_S    082a  GEN_SLIDE_SE    082c  GEN_SLIDE_SE_LOOP    0850  GEN_SLIDE_SE_RET
0878  GEN_SLIDE_SW    087a  GEN_SLIDE_SW_LOOP    089e  GEN_SLIDE_SW_RET    0853  GEN_SLIDE_S_LOOP
0877  GEN_SLIDE_S_RET    089f  GEN_SLIDE_W    08a1  GEN_SLIDE_W_LOOP    08c5  GEN_SLIDE_W_RET
0156  GET_CASTLING_RIGHTS    0169  GET_PIECE_AT    0173  GET_PIECE_INVALID    013e  GET_SIDE_TO_MOVE
05a1  GMP_B_CL_EMIT    059f  GMP_B_CL_PROMO    05d9  GMP_B_CR_EMIT    05d7  GMP_B_CR_PROMO
0659  GMP_W_CL_EMIT    0657  GMP_W_CL_PROMO    0693  GMP_W_CR_EMIT    0691  GMP_W_CR_PROMO
6407  GM_SCAN_IDX    0007  H1            0077  H8            0001  HALF_DELAY
64b9  HASH_HI       6500  HASH_HIST     64eb  HASH_HIST_COUNT    56b3  HASH_INIT 
5702  HASH_INIT_ADD_SQ    5700  HASH_INIT_EVEN_PIECE    56ba  HASH_INIT_LOOP    571f  HASH_INIT_NEXT_SQ
56d9  HASH_INIT_WHITE    64ba  HASH_LO       575d  HASH_NO_BK    5766  HASH_NO_BQ
5788  HASH_NO_EP    574b  HASH_NO_WK    5754  HASH_NO_WQ    573c  HASH_SIDE_DONE
5792  HASH_XOR_CASTLE_0    5799  HASH_XOR_CASTLE_1    57a2  HASH_XOR_CASTLE_2    57ad  HASH_XOR_CASTLE_3
57b7  HASH_XOR_CASTLE_DO    58c6  HASH_XOR_PIECE_SQ    5929  HASH_XOR_SIDE    6400  HISTORY_PTR
0008  HIST_ENTRY_SIZE    1338  HM_AMP_DONE    5902  HXPS_ADD_SQ    5928  HXPS_DONE 
5900  HXPS_EVEN     58e2  HXPS_WHITE    2af4  INC_NODE_COUNT    2b14  INC_NODE_DONE
00a6  INIT_BOARD    00ef  INIT_BP       00ad  INIT_CLEAR    0176  INIT_MOVE_HISTORY
00df  INIT_WP       00ff  INVALID_SQ    0191  IS_CHECK_BLACK    01a0  IS_CHECK_TEST
019a  IS_CHECK_WHITE    018e  IS_IN_CHECK    01a4  IS_SQUARE_ATTACKED    2c46  ITER_ABORTED
64c2  ITER_BEST_FROM    64c3  ITER_BEST_TO    2c53  ITER_DONE     2c3b  ITER_INCREMENT
2b75  ITER_LOOP     2bed  ITER_NO_SOVF    64c8  ITER_SCORE_HI    64c9  ITER_SCORE_LO
64ed  ITER_START_ELAPSED    6420  KILLER_MOVES    1aaf  KING_CENTER_TABLE    1aef  KING_EDGE_TABLE
009e  KING_OFFSETS    1b2f  KING_PROX_BONUS    1700  KING_SAFETY_V3    0006  KING_TYPE 
4e20  KING_VALUE    0096  KNIGHT_OFFSETS    0002  KNIGHT_TYPE    0140  KNIGHT_VALUE
162a  KP_FILE_OK    1637  KP_HAVE_DIST    161a  KP_RANK_OK    1636  KP_USE_RANK
176b  KSV_BEARS     0df9  KSV_COLOR     173c  KSV_FD_OK     17b6  KSV_LFLIGHT
1799  KSV_LLOOP     17ba  KSV_LNEXT     178f  KSV_LUFT      175a  KSV_NOTCHEB
1723  KSV_PLOOP     177c  KSV_PNEXT     171d  KSV_PSETUP    0ded  KSV_PTAB  
174a  KSV_RD_OK     17c8  KSV_SHIELD    17eb  KSV_SHL       17ff  KSV_SHN   
17d7  KSV_SH_GO     17d5  KSV_SH_W      1778  KSV_W1        1828  KSV_ZERO  
20c5  LMR_CAPTURE_DONE    2349  LMR_DO_RESEARCH    64a5  LMR_IS_CAPTURE    64a3  LMR_MOVE_INDEX
20c3  LMR_NOT_CAPTURE    2238  LMR_NO_EXTRA_DEC    23d4  LMR_NO_RESEARCH    64a6  LMR_OUTER 
64a4  LMR_REDUCED    2343  LMR_RESEARCH_DIFF_SIGN    220e  LMR_SKIP      64ef  LOOP_MOVE_CNT
64db  LOOP_MOVE_PTR    5f7d  MAIN_LOOP     09b4  MAKE_MOVE     000c  MAX_DEPTH 
0008  MAX_PLY       0c0b  MMRHC_A1      0c15  MMRHC_A8      0c1c  MMRHC_CLEAR
0c10  MMRHC_H1      0c1a  MMRHC_H8      0a6b  MM_BLACK_KING    0b10  MM_CASTLE_DONE
0ab3  MM_CASTLE_KS    0ae3  MM_CASTLE_QS    0a7e  MM_CLEAR_BLACK_CASTLE    0a7a  MM_CLEAR_WHITE_CASTLE
0b9a  MM_DONE       0a80  MM_DO_CLEAR_CASTLE    0b69  MM_EP_BLACK    0b74  MM_EP_CLEAR
0b77  MM_EP_DONE    0b5e  MM_EP_WHITE    0bc7  MM_HASH_GOT_PIECE    0bb8  MM_HASH_NOT_PROMO
0a48  MM_NOT_EP_CAP    0b21  MM_NOT_KING    0a57  MM_NOT_PROMOTION    0b8b  MM_RESET_HALFMOVE
0b8e  MM_ROOK_CHECK    0b9a  MM_ROOK_DONE    0bf8  MM_ROOK_HOME_CHECK    0a6f  MM_STORE_KING
0a65  MM_WHITE_KING    644a  MOVECOUNT_TEMP    0001  MOVE_CASTLE    0002  MOVE_EP   
6406  MOVE_FLAGS_TEMP    6402  MOVE_FROM     6090  MOVE_HIST     7800  MOVE_LIST 
0000  MOVE_NORMAL    0003  MOVE_PROMOTION    644b  MOVE_TEMP_HI    644c  MOVE_TEMP_LO
6403  MOVE_TO       5fbd  MSG_STARTUP    000f  NEG16_R7      1c4e  NEGAMAX   
1cd1  NEGAMAX_ABORT_RETURN    258c  NEGAMAX_ALPHA_DIFF_SIGN    2592  NEGAMAX_ALPHA_DO_UPDATE    2586  NEGAMAX_ALPHA_HI_DIFF
2472  NEGAMAX_BETA_DIFF_SIGN    24ad  NEGAMAX_BETA_NOT_ROOT    1cd9  NEGAMAX_BUDGET_OK    1da4  NEGAMAX_CONTINUE
251c  NEGAMAX_DIFF_SIGN    2478  NEGAMAX_DO_BETA_CUTOFF    2065  NEGAMAX_FUTILITY_R9_DONE    2063  NEGAMAX_FUTILITY_R9_EVEN
207f  NEGAMAX_HAS_MOVES    2516  NEGAMAX_HI_DIFF    260b  NEGAMAX_LEAF    2195  NEGAMAX_LMP_DONE
25c6  NEGAMAX_LOOP_DONE    21ca  NEGAMAX_MOVE_LEGAL    207f  NEGAMAX_MOVE_LOOP    25a9  NEGAMAX_NEXT_MOVE
1cfc  NEGAMAX_NOT_FIFTY    2158  NEGAMAX_NOT_FUTILE    24e7  NEGAMAX_NO_BETA_CUTOFF    2623  NEGAMAX_NO_MOVES
1f60  NEGAMAX_PLY_DONE    1f5e  NEGAMAX_PLY_EVEN    1c6e  NEGAMAX_PLY_OK    1c6d  NEGAMAX_PLY_RET
1f88  NEGAMAX_RESET_DONE    1f86  NEGAMAX_RESET_EVEN    25d9  NEGAMAX_RETURN    2522  NEGAMAX_SCORE_BETTER
1fbb  NEGAMAX_SKIP_CAPTURE_ORDER    2066  NEGAMAX_SKIP_FUTILITY    1fa2  NEGAMAX_SKIP_KILLER    1fde  NEGAMAX_SKIP_TT_ORDER
2658  NEGAMAX_STALEMATE    1d95  NEGAMAX_TT_MISS    1fde  NEGAMAX_TT_ORDER_CALL    2557  NEGAMAX_UPDATE_ALPHA
1e95  NMP_CHECK_SIGN    1e9b  NMP_CUTOFF    1eb0  NMP_NO_CUTOFF    1ec2  NMP_SKIP  
20ec  NM_CASTLE_ILLEGAL    20ff  NM_NOT_CASTLE    21a8  NM_NOT_PROMO    21aa  NM_SET_PROMO
6412  NODES_SEARCHED    6700  NODE_BEST_MOVE    64c7  NODE_BUDGET_HI    6742  NODE_IN_CHECK
64d2  NODE_TT_FLAGS    00ff  NO_EP         0d92  NULL_MAKE_MOVE    64a7  NULL_MOVE_OK
64a8  NULL_SAVED_EP    0db1  NULL_UNMAKE_MOVE    2add  OCF_ADVANCE_FRONT    2af3  OCF_DONE  
2aca  OCF_DO_SWAP    2abc  OCF_IS_CAPTURE    2adf  OCF_NEXT_MOVE    2ae8  OCF_PASS_DONE
2a8b  OCF_PASS_LOOP    2a91  OCF_SCAN_LOOP    2aa8  OCF_TO_BIT0_CLR    13f3  OG_B2     
1401  OG_BQ         143c  OG_NOT        143e  OG_STORE      1418  OG_W2     
1426  OG_WQ         2a7b  OKM_DONE      29f6  OKM_K1_FOUND    29ee  OKM_K1_NEXT
2a05  OKM_K1_SWAP    2a50  OKM_K2_FOUND    2a48  OKM_K2_NEXT    2a69  OKM_K2_SWAP
29da  OKM_SCAN_K1    2a34  OKM_SCAN_K2    2a1a  OKM_TRY_KILLER2    7b36  OOO_B_SIDE
7b00  OOO_DISCOMFORT    7b68  OOO_DONE      1142  OOO_SEXT_GO    1140  OOO_SEXT_POS
31d1  OPENING_BOOK    2a7c  ORDER_CAPTURES_FIRST    29b1  ORDER_KILLER_MOVES    2945  ORDER_TT_MOVE
29b0  OTM_DONE      298c  OTM_FOUND     2984  OTM_NEXT      2970  OTM_SCAN  
299b  OTM_SWAP      2959  OTM_VALID     0001  PAWN_TYPE     0064  PAWN_VALUE
64b7  PIECE_BALANCE    0007  PIECE_MASK    0e00  PIECE_VALUES    000a  PLY_FRAME_SIZE
6450  PLY_STATE_BASE    15ce  PP_B_APPLY    152c  PP_B_LOOP     1601  PP_B_NEXT 
1595  PP_B_R2       1590  PP_B_R3       158b  PP_B_R4       1586  PP_B_R5   
1581  PP_B_R6       159e  PP_B_RA_LOOP    15b9  PP_B_RA_RIGHT    15e9  PP_B_RUN_OK
1597  PP_B_SUB      14cb  PP_W_ADD      14eb  PP_W_ADD_GO    1465  PP_W_LEFT_OK
144a  PP_W_LOOP     151d  PP_W_NEXT     14df  PP_W_OUTGUN    14b5  PP_W_R3   
14ba  PP_W_R4       14bf  PP_W_R5       14c4  PP_W_R6       14c9  PP_W_R7   
1471  PP_W_RIGHT_OK    1505  PP_W_RUN_OK    14e7  PP_W_SCALE    5f86  PRINT_STRING
18e8  PST_BISHOP    19a8  PST_KING      18a8  PST_KNIGHT    1868  PST_PAWN  
1968  PST_QUEEN     1928  PST_ROOK      19ef  PST_TABLE_HI    19e8  PST_TABLE_LO
110a  QC_B_DONE     10f9  QC_B_LOOP     10e8  QC_W_DONE     10d7  QC_W_LOOP 
1186  QMOB_BLACK    119d  QMOB_DONE     183d  QM_DIR        1859  QM_NEXT   
1844  QM_STEP       26f3  QS_ALPHA_DIFF_SIGN    6418  QS_BEST_HI    6419  QS_BEST_LO
290c  QS_BETA_CUTOFF    2903  QS_BETA_CUT_DIFF    26be  QS_BETA_DIFF_SIGN    286f  QS_CAPTURE_LEGAL
2911  QS_CAPTURE_LIMIT_HIT    2834  QS_DEF_OK     2867  QS_DEF_SKIP    2731  QS_DELTA_DIFF_SIGN
27dd  QS_DELTA_DIFF_SIGN2    27e3  QS_DELTA_NO_PRUNE    2737  QS_DELTA_PRUNE    28cd  QS_DIFF_SIGN
28c7  QS_HI_DIFF    2755  QS_LOOP       6780  QS_MOVE_LIST    641a  QS_MOVE_PTR_HI
641b  QS_MOVE_PTR_LO    2850  QS_NOT_PROMO    2702  QS_NO_ALPHA_UPDATE    26c4  QS_NO_BETA_CUTOFF
273c  QS_NO_DELTA_PRUNE    2887  QS_NO_NEG     2919  QS_RETURN     268e  QS_SAVE_STANDPAT
2852  QS_SET_PROMO    641c  QS_TEMP       28d3  QS_UPDATE     26f9  QS_UPDATE_ALPHA
1860  QUEEN_DIRS    182b  QUEEN_MOBILITY    0005  QUEEN_TYPE    0384  QUEEN_VALUE
2672  QUIESCENCE_SEARCH    1d23  REP_CHECK_LOOP    1d35  REP_DEC       1d3a  REP_NO_MATCH
1d34  REP_SKIP_LO    0054  RESTORE_PLY_STATE    1ce3  RETURN_DRAW    1f38  RFP_CHECK_SIGN
1f11  RFP_COMPARE    1f09  RFP_DEPTH1    0000  RFP_MARGIN_D1_HI    0096  RFP_MARGIN_D1_LO
0001  RFP_MARGIN_D2_HI    002c  RFP_MARGIN_D2_LO    1eeb  RFP_NO_NEG    1f3e  RFP_PRUNE 
1f4a  RFP_SKIP      3098  RMV_DONE      3071  RMV_NEXT      3079  RMV_NOT_FOUND
305d  RMV_SCAN_LOOP    0004  ROOK_TYPE     01f4  ROOK_VALUE    0060  RPS_PLY_OK
1ca1  RTC_DELTA_POS    1cad  RTC_NO_SAT    0dfa  RUNNER_BONUS    0018  SAVE_PLY_STATE
6446  SCORE_HI      6447  SCORE_LO      64c4  SEARCH_ABORTED    6416  SEARCH_DEPTH
64cb  SEARCH_ELAPSED    2b15  SEARCH_POSITION    64ca  SEARCH_PREV_SECS    2c54  SEND_UCI_INFO
0003  SERIAL_PRINT_STRING    0007  SERIAL_READ_CHAR    000b  SERIAL_WRITE_CHAR    0144  SET_SIDE_TO_MOVE
0dc9  SHIELD_PEN    6080  SIDE          0024  SPS_PLY_OK    2b59  SP_CANARY_LP
3117  SQUARE_TO_ALGEBRAIC    0000  SQ_A1         0010  SQ_A2         0060  SQ_A7     
0070  SQ_A8         0001  SQ_B1         0071  SQ_B8         0002  SQ_C1     
0072  SQ_C8         0003  SQ_D1         0073  SQ_D8         0004  SQ_E1     
0014  SQ_E2         0064  SQ_E7         0074  SQ_E8         0005  SQ_F1     
0075  SQ_F8         0006  SQ_G1         0076  SQ_G8         0007  SQ_H1     
0017  SQ_H2         0067  SQ_H7         0077  SQ_H8         0095  STACK_OK  
64ee  STACK_OVERFLOW_FLAG    7fff  STACK_TOP     5f63  START         5080  STATE_BASE
0007  STATE_B_KING_SQ    0001  STATE_CASTLING    0002  STATE_EP_SQUARE    0005  STATE_FULLMOVE_HI
0004  STATE_FULLMOVE_LO    0003  STATE_HALFMOVE    0000  STATE_SIDE_TO_MOVE    0006  STATE_W_KING_SQ
64a0  STATIC_EVAL_HI    64a1  STATIC_EVAL_LO    2922  STORE_KILLER_MOVE    312a  STRCMP    
313d  STRCMP_DIFF    313a  STRCMP_EQUAL    3140  STRNCMP       3156  STRNCMP_CHECK_END
3160  STRNCMP_DIFF    315d  STRNCMP_EQUAL    2d78  STR_BESTMOVE    2cdc  STR_GO    
2d0d  STR_ID_AUTHOR    2cf4  STR_ID_NAME    2d82  STR_INFO_DEPTH    2da1  STR_INFO_RMV
2ccb  STR_ISREADY    2d99  STR_NODES     2d32  STR_OPTION_DEPTH    2cd3  STR_POSITION
2cdf  STR_QUIT      2d6e  STR_READYOK    2d8e  STR_SCORE_CP    2cef  STR_STOP  
2cc7  STR_UCI       2ce4  STR_UCINEWGAME    2d66  STR_UCIOK     2c87  SUCI_POSITIVE
64c6  TARGET_DEPTH    641d  TRACE_WHERE    57c2  TT_CLEAR      57cc  TT_CLEAR_LOOP
64be  TT_DEPTH      0100  TT_ENTRIES    0008  TT_ENTRY_SIZE    64bf  TT_FLAG   
0002  TT_FLAG_ALPHA    0003  TT_FLAG_BETA    0001  TT_FLAG_EXACT    0000  TT_FLAG_NONE
64bb  TT_HIT        00ff  TT_INDEX_MASK    64c0  TT_MOVE_HI    64c1  TT_MOVE_LO
0004  TT_OFF_DEPTH    0005  TT_OFF_FLAG    0000  TT_OFF_HASH_HI    0001  TT_OFF_HASH_LO
0006  TT_OFF_MOVE_HI    0007  TT_OFF_MOVE_LO    0002  TT_OFF_SCORE_HI    0003  TT_OFF_SCORE_LO
57d8  TT_PROBE      5861  TT_PROBE_MISS    64bc  TT_SCORE_HI    64bd  TT_SCORE_LO
586b  TT_STORE      6800  TT_TABLE      0001  UART_DATA     0001  UART_RX_RDY
0002  UART_STATUS    0002  UART_TX_RDY    3111  UCI_BM_IS_PROMO    3116  UCI_BM_NO_PROMO
7000  UCI_BUFFER    07ff  UCI_BUFFER_LEN    2fc5  UCI_CMD_GO    2e8e  UCI_CMD_ISREADY
2e96  UCI_CMD_POSITION    30ad  UCI_CMD_QUIT    30db  UCI_CMD_STOP    2e71  UCI_CMD_UCI
30b0  UCI_CMD_UCINEWGAME    3027  UCI_GO_SEARCH    3031  UCI_GO_SEND_MOVE    3007  UCI_GO_SET_DEPTH
2f71  UCI_HIST_DONE    2dcd  UCI_INIT      2f9f  UCI_POS_DONE    2eee  UCI_POS_MOVE_LOOP
2efb  UCI_POS_PARSE_MOVE    2e0e  UCI_PROCESS_COMMAND    2f43  UCI_PROMO_BISHOP    2f4c  UCI_PROMO_DONE
2f48  UCI_PROMO_KNIGHT    2f39  UCI_PROMO_QUEEN    2f3e  UCI_PROMO_ROOK    2f4a  UCI_PROMO_STORE
0001  UCI_READY     2dff  UCI_READ_DONE    2dd7  UCI_READ_LINE    2ddf  UCI_READ_LOOP
30dc  UCI_SEND_BEST_MOVE    64b8  UCI_STATE     64cc  UINT_BUFFER    0c87  UM_BLACK_KING
0c55  UM_CAP_DONE    0cb0  UM_CASTLE_KS    0ce0  UM_CASTLE_QS    0d63  UM_HASH_GOT_PIECE
0d54  UM_HASH_NOT_PROMO    0d0d  UM_NOT_KING    0c67  UM_NOT_PROMOTION    0c8b  UM_STORE_KING
0c80  UM_WHITE_KING    6408  UNDO_CAPTURED    64ff  UNDO_CAP_SQ    640b  UNDO_CASTLING
640c  UNDO_EP       6409  UNDO_FROM     640d  UNDO_HALFMOVE    6404  UNDO_PROMOTION
640a  UNDO_TO       0c20  UNMAKE_MOVE    0001  USE_BIOS      0000  USE_BITBANG
0000  USE_EF1       0000  USE_EF2       0001  USE_EF3       0000  USE_EF4   
0000  USE_HISTORY    0000  USE_KILLER_MOVES    0000  USE_OPENING_BOOK    0000  USE_PST   
0000  USE_TRANSPOSITION_TABLE    0000  USE_UART      0000  WHITE         5f8a  WORKSPACE_CLEAR
5f96  WORKSPACE_CLEAR_LOOP    5faf  WORKSPACE_CLEAR_ML_LOOP    0003  W_BISHOP      0006  W_KING    
0002  W_KNIGHT      0001  W_PAWN        6710  W_PAWN_FILE_CT    0005  W_QUEEN   
64b5  W_QUEEN_CNT    6720  W_QUEEN_SQ    0004  W_ROOK        5f4b  ZOBRIST_CASTLE
5f53  ZOBRIST_EP    5949  ZOBRIST_PIECE_SQ    5f49  ZOBRIST_SIDE    
