                        ; ==============================================================================
                        ; RCA 1802/1806 Chess Engine - Complete Assembly
                        ; ==============================================================================
                        ; Auto-generated by build.sh
                        ; Target: RCA 1806 @ 12 MHz, 32KB RAM
                        ; ==============================================================================
                        
   0000                     ORG $0000
                            CPU 1805        ; Enable CDP1806 extended opcodes (RLDI, DBNZ, etc.)
                        
                        ; Entry point - jump to main program
   0000   c0 5e a9          LBR START
                        
                        ; ==============================================================================
                        ; Build Configuration (preprocessed)
                        ; ==============================================================================
                        ; ==============================================================================
                        ; RCA 1802/1806 Chess Engine - Build Configuration  
                        ; ==============================================================================
                        ; Edit the #define lines below to configure your build
                        ; This file is preprocessed with cpp before assembly
                        ; ==============================================================================
                        
                        ; ==============================================================================
                        ; SERIAL I/O CONFIGURATION
                        ; ==============================================================================
                        
                        ; Uncomment ONE: USE_BIOS, USE_UART, or USE_BITBANG
                        
                        
                        
   0001                 USE_BIOS        EQU 1
   0000                 USE_UART        EQU 0
   0000                 USE_BITBANG     EQU 0
                        
                        ; ------------------------------------------------------------------------------
                        ; EF Line Selection for Bit-Bang Serial
                        ; ------------------------------------------------------------------------------
                        ; Uncomment ONE: CFG_USE_EF1, CFG_USE_EF2, CFG_USE_EF3, or CFG_USE_EF4
                        
                        
                        
                        
   0000                 USE_EF1 EQU 0
                        
   0000                 USE_EF2 EQU 0
                        
   0001                 USE_EF3 EQU 1
                        
   0000                 USE_EF4 EQU 0
                        
                        ; ==============================================================================
                        ; SERIAL PARAMETERS
                        ; ==============================================================================
                        ; Membership Card: 1.75 MHz clock, 9600 baud
                        ; Uses Chuck's proven serial I/O routine (serial-io-9600.asm)
                        ; R14.0 delay counter = 2 on entry (decremented to 1 for 9600 baud)
   2580                 BAUD_RATE   EQU 9600
                        ; CPU_CLOCK = 1.75 MHz (Membership Card) - comment only, not used in code
                        
                        ; Note: The serial-io-9600.asm uses inline delays with NOPs and the
                        ; SMI 01H / BNZ loop structure. These values are for reference only.
                        ; The actual timing is built into the proven routine.
   0002                 BIT_DELAY   EQU 2       ; R14.0 value for 9600 baud (Chuck's routine)
   0001                 HALF_DELAY  EQU 1       ; Not used by Chuck's routine     
                        
                        ; UART ports
   0001                 UART_DATA   EQU $01     
   0002                 UART_STATUS EQU $02     
   0001                 UART_RX_RDY EQU $01     
   0002                 UART_TX_RDY EQU $02     
                        
                        ; ==============================================================================
                        ; SYSTEM CONFIGURATION
                        ; ==============================================================================
   0000                 CODE_START  EQU $0000   
   7fff                 STACK_TOP   EQU $7FFF   
   5000                 BOARD_BASE  EQU $5000   
   5080                 STATE_BASE  EQU $5080   
                        
                        ; ==============================================================================
                        ; SEARCH CONFIGURATION
                        ; ==============================================================================
   0006                 DEFAULT_DEPTH   EQU 6   
   000c                 MAX_DEPTH       EQU 12  
                        
                        ; ==============================================================================
                        ; DEBUGGING OPTIONS
                        ; ==============================================================================
                        
                        
                        
                        
   0000                 DEBUG_NODES EQU 0
                        
   0000                 DEBUG_MOVES EQU 0
                        
   0000                 DEBUG_EVAL EQU 0
                        
                        ; ==============================================================================
                        ; OPTIMIZATION OPTIONS
                        ; ==============================================================================
                        
                        
                        
                            
                        
                        
   0000                 USE_TRANSPOSITION_TABLE EQU 0
                        
   0000                 USE_OPENING_BOOK EQU 0
                        
   0000                 USE_PST EQU 0
                        
   0000                 USE_KILLER_MOVES EQU 0
                        
   0000                 USE_HISTORY EQU 0
                        
                        ; ==============================================================================
                        ; EMULATOR-SPECIFIC SETTINGS
                        ; ==============================================================================
                        
                        
                        
                        
                        
   0000                 EMU1802 EQU 0
                        
   0000                 EMMA02 EQU 0
                        
   0000                 COSMAC_ELF_SIM EQU 0
                        
   0000                 FAST_EMU_SERIAL EQU 0
                        
                        ; ==============================================================================
                        ; VALIDATION
                        ; ==============================================================================
                        
                        
                        ; ==============================================================================
                        ; End of Configuration
                        ; ==============================================================================
                        
                        ; ==============================================================================
                        ; Module: Support Routines (16-bit arithmetic)
                        ; ==============================================================================
                        ; ==============================================================================
                        ; SERIAL I/O MODULE - RCA 1802/1806
                        ; Supports two modes via compile-time 1 define:
                        ; - 1 mode: Uses 1 entry points (F_TYPE, F_READ, F_MSG)
                        ; - Standalone mode: Chuck Yakym's 9600 baud bit-bang routines
                        ;
                        ; For use with Mark Abene's SCRT implementation (R4=CALL, R5=RET, R2=stack)
                        ; ==============================================================================
                        ;
                        ; ROUTINES:
                        ; SERIAL_READ_CHAR - Read character, returns in D
                        ; SERIAL_WRITE_CHAR - Write character from D
                        ; SERIAL_PRINT_STRING - Print null-terminated string, R15 = pointer
                        ; SERIAL_PRINT_HEX - Print byte as 2 hex digits, D = byte
                        ; SERIAL_READ_LINE - Read line with echo, R8 = buffer, R9.0 = max length
                        ;
                        ; REGISTER USAGE:
                        ; R7 - Buffer pointer (READ_LINE internal - copies from R8 to preserve R8)
                        ; R8 - Buffer pointer input (READ_LINE), preserved for caller
                        ; R9 - R9.0 = max length, R9.1 = count (READ_LINE only)
                        ; NOTE: R9 is NOT used by PRINT_HEX - it's the move list pointer!
                        ; R10 - Temp storage (READ_LINE)
                        ; R11 - Serial shift register (standalone mode only)
                        ; R13 - Saved/restored by output routine
                        ; R14 - 1: R14.1 = baud constant (DO NOT TOUCH), R14.0 clobbered by F_TYPE
                        ; PRINT_HEX uses R14.0 for temp (already clobbered by F_TYPE anyway)
                        ; Standalone: R14.0 = baud rate delay counter
                        ; R15 - 1: Used by F_MSG for string pointer
                        ; Standalone: Bit counter (output routine)
                        ;
                        ; IMPORTANT: R9 is reserved for NEGAMAX move list pointer - never clobber!
                        ;
                        ; REQUIRES:
                        ; - SCRT initialized (R4 = CALL, R5 = RET)
                        ; - Stack pointer set (R2)
                        ; - Standalone mode: Q set to idle state (REQ) before first use
                        ;
                        ; ==============================================================================
                        ; ==============================================================================
                        ; 1 I/O Entry Points
                        ; ==============================================================================
   ff03                 F_TYPE EQU $FF03 ; Output character in D
   ff06                 F_READ EQU $FF06 ; Read character into D (with echo)
   ff09                 F_MSG EQU $FF09 ; Output string pointed to by R15
   ff60                 F_UINTOUT EQU $FF60 ; Convert R13 (16-bit unsigned) to ASCII at R15, R15 left at end
                        ; ==============================================================================
                        ; SERIAL_READ_LINE / SERIAL_PRINT_HEX / SERIAL_PRINT_NIBBLE - REMOVED 2026-06-30:
                        ; dead in the 1 build (zero call-sites). SERIAL_READ_LINE was superseded by
                        ; UCI_READ_LINE; PRINT_HEX/_NIBBLE were debug-only (not called in the regular
                        ; build). Reclaimed ~128 bytes for the queen-mobility eval term. Live serial
                        ; routines (SERIAL_READ_CHAR / SERIAL_WRITE_CHAR / SERIAL_PRINT_STRING) are the
                        ; 1 thin-wrappers below.
                        ; ==============================================================================
                        ; ==============================================================================
                        ; 1 MODE - Thin wrappers around 1 entry points
                        ; ==============================================================================
                        ; ==============================================================================
                        ; SERIAL_PRINT_STRING - Print null-terminated string
                        ; Input: R15 = pointer to null-terminated string (F_MSG uses R15 directly)
                        ; NOTE: Caller must load R15 directly - R8 is NOT used!
                        ; ==============================================================================
   0003                 SERIAL_PRINT_STRING:
   0003   d4                SEP 4
   0004   ff 09             DW F_MSG ; Call 1 string output (uses R15)
   0006   d5                SEP 5 ; Return
                        ; ==============================================================================
                        ; SERIAL_READ_CHAR - Read character from console
                        ; Returns: D = character (with echo, handled by 1)
                        ; ==============================================================================
   0007                 SERIAL_READ_CHAR:
   0007   d4                SEP 4
   0008   ff 06             DW F_READ ; Call 1 read (includes echo)
   000a   d5                SEP 5 ; Return
                        ; ==============================================================================
                        ; SERIAL_WRITE_CHAR - Write character to console
                        ; Input: D = character to send
                        ; Note: R14.0 is clobbered, R14.1 (baud constant) preserved by 1
                        ; ==============================================================================
   000b                 SERIAL_WRITE_CHAR:
   000b   d4                SEP 4
   000c   ff 03             DW F_TYPE ; Call 1 character output
   000e   d5                SEP 5 ; Return
                        ; ==============================================================================
                        ; END OF SERIAL I/O MODULE
                        ; ==============================================================================
                        ; ==============================================================================
                        ; RCA 1802/1806 Chess Engine - Support Routines
                        ; ==============================================================================
                        ; 16-bit arithmetic helpers.
                        ;
                        ; All routines except NEG16_R7 REMOVED 2026-06-04 — zero external call-sites
                        ; (the engine inlines its 16-bit add/sub/compare, and loads immediates with the
                        ; native 1806 RLDI). Reclaimed for SEE. Removed set: NEG16, ADD16, SUB16,
                        ; CMP16_S, CMP16_U, SWAP16, LOAD16_R6/R7/R8, MIN16_S/MIN16_R7, MAX16_S/MAX16_R6,
                        ; and the unused INFINITY/NEG_INF EQUs.
                        ; ==============================================================================
                        
                        ; ------------------------------------------------------------------------------
                        ; NEG16_R7 - Negate 16-bit value in R7 (two's complement)
                        ; ------------------------------------------------------------------------------
                        ; Input:  R7 = 16-bit value to negate
                        ; Output: R7 = negated value
                        ; Uses:   D (accumulator)
                        ; ------------------------------------------------------------------------------
   000f                 NEG16_R7:
   000f   87                GLO 7
   0010   fd 00             SDI 0
   0012   a7                PLO 7
   0013   97                GHI 7
   0014   7d 00             SDBI 0
   0016   b7                PHI 7
   0017   d5                RETN
                        
                        ; ==============================================================================
                        ; End of Support Routines
                        ; ==============================================================================
                        ; ==============================================================================
                        ; RCA 1802/1806 Chess Engine - Stack Management Utilities
                        ; ==============================================================================
                        ; Register save/restore for recursion
                        ; Stack grows downward from $7FFF
                        ; 2 is the stack pointer (X register)
                        ; ==============================================================================
                        
                        ; ------------------------------------------------------------------------------
                        ; Stack Frame for Negamax Recursion
                        ; ------------------------------------------------------------------------------
                        ; Each recursive call saves:
                        ;   6  (alpha)          - 2 bytes
                        ;   7  (beta)           - 2 bytes
                        ;   8  (best score)     - 2 bytes
                        ;   9  (move list ptr)  - 2 bytes
                        ;   B  (current move)   - 2 bytes
                        ;   C  (color)          - 2 bytes
                        ;   Return address       - 2 bytes
                        ; NOTE: R5 is SRET in BIOS mode - DO NOT save/restore!
                        ; NOTE: Depth is now in memory at SEARCH_DEPTH, not R5
                        ; ------------------------------------------------------------------------------
                        ; Total: 14 bytes per recursion level
                        ; At 6 ply depth: 84 bytes maximum
                        ; Stack working area: 1.25KB ($7B00-$7FFF). Shrunk 2026-04-28 from $7800-$7FFF
                        ; (2KB) to make room for MOVE_LIST relocation (5-ply expansion). Worst-case
                        ; observed usage <300 bytes including SCRT and QS, so 1.25KB has ~4× margin.
                        ; ------------------------------------------------------------------------------
                        
                        ; ------------------------------------------------------------------------------
                        ; INIT_STACK - Initialize stack pointer
                        ; ------------------------------------------------------------------------------
                        ; Call this once at program startup
                        ; Sets 2 to $7FFF (top of 32KB RAM)
                        ; ------------------------------------------------------------------------------
                        ; INIT_STACK - REMOVED 2026-06-04: zero call-sites (BIOS/main sets R2 stack
                        ;   top); reclaimed for SEE.
                        
                        ; ------------------------------------------------------------------------------
                        ; PUSH16_R{7,8,9,B,C} / POP16_R{7,8,9,B,C} - REMOVED 2026-06-26: zero call-sites
                        ;   (referenced only in their own comments). Leftover from before the engine moved
                        ;   to memory-based context saving (ply-state array + LOOP_MOVE_PTR/CNT). Reclaimed
                        ;   55 bytes ($0098-$00CE) for the endgame-eval Fix A1 knight-count work.
                        ;   (R5/R6 variants were never created: R5=SRET, R6=SCRT linkage.)
                        ; ------------------------------------------------------------------------------
                        ; SAVE_SEARCH_CONTEXT / RESTORE_SEARCH_CONTEXT - REMOVED (Dec 28, 2025)
                        ; ------------------------------------------------------------------------------
                        ; The stack-based save/restore caused endless problems with SCRT interference:
                        ;   - Bug #4: RESTORE popping SCRT linkage as context
                        ;   - Bug #5: SAVE corrupting R6 on return
                        ;   - Bug #6: Can't modify R3 while P=3 (required trampoline hack)
                        ;
                        ; Replaced with ply-indexed state arrays (SAVE_PLY_STATE / RESTORE_PLY_STATE).
                        ; This approach uses fixed memory at PLY_STATE_BASE + (ply × 10), completely
                        ; avoiding stack manipulation. System stack is now only used for SCRT linkage.
                        ; ------------------------------------------------------------------------------
                        
                        ; ==============================================================================
                        ; PLY-INDEXED STATE MANAGEMENT (Replaces stack-based SAVE/RESTORE)
                        ; ==============================================================================
                        ; These functions use a fixed memory array indexed by CURRENT_PLY.
                        ; No stack manipulation = no SCRT interference!
                        ; ==============================================================================
                        
                        ; ------------------------------------------------------------------------------
                        ; SAVE_PLY_STATE - Save registers to ply-indexed state array
                        ; ------------------------------------------------------------------------------
                        ; Saves R7, R8, R9, R11, R12 to PLY_STATE_BASE + (CURRENT_PLY × 10)
                        ; Uses: R10, R13 (clobbered)
                        ; ------------------------------------------------------------------------------
   0018                 SAVE_PLY_STATE:
                            ; Get current ply and calculate frame address
   0018   68 ca 64 48       RLDI 10, CURRENT_PLY
   001c   0a                LDN 10              ; D = current ply (0-7)
                            ; --- PLY ASSERTION (ported 2026-07-13): ply must be 0-7 here (NEGAMAX's
                            ; entry guard returns before any per-ply access at ply >= 8). Larger =
                            ; CURRENT_PLY corruption (neighbors SCORE_LO $6447) or drift -> frame math
                            ; strays outside $6450-$649F. Hard-trap into the ROM monitor, LIVE regs.
   001d   ff 08             SMI 8               ; D = ply - 8
   001f   cb 00 24          LBNF SPS_PLY_OK          ; ply <= 7 -> fine
   0022   79                MARK
   0023   d1                SEP 1               ; corrupt ply: breakpoint with full state
   0024                 SPS_PLY_OK:
   0024   0a                LDN 10              ; reload D = ply (assertion clobbered it)
                        
                            ; Multiply ply by 10: ×10 = ×8 + ×2
                            ; Use stack for temp storage (push then immediate pop - net zero change)
   0025   bd                PHI 13              ; R13.1 = ply (save original)
   0026   fe                SHL                 ; D = ply × 2
   0027   fe                SHL                 ; D = ply × 4
   0028   fe                SHL                 ; D = ply × 8
   0029   73                STXD                ; Push ply×8 to stack (R2 decremented)
   002a   9d                GHI 13              ; D = ply (original)
   002b   fe                SHL                 ; D = ply × 2
   002c   60                IRX                 ; Point R2 back at ply×8
   002d   f4                ADD                 ; D = ply×2 + ply×8 = ply × 10 (R2 unchanged)
                        
                            ; Add to base address: R10 = PLY_STATE_BASE + offset
   002e   fc 50             ADI LOW(PLY_STATE_BASE)
   0030   aa                PLO 10
   0031   f8 64             LDI HIGH(PLY_STATE_BASE)
   0033   7c 00             ADCI 0              ; Add carry if any
   0035   ba                PHI 10              ; R10 = frame address
                        
                            ; Store registers (high byte first for big-endian consistency)
   0036   97                GHI 7
   0037   5a                STR 10
   0038   1a                INC 10
   0039   87                GLO 7
   003a   5a                STR 10
   003b   1a                INC 10
                        
   003c   98                GHI 8
   003d   5a                STR 10
   003e   1a                INC 10
   003f   88                GLO 8
   0040   5a                STR 10
   0041   1a                INC 10
                        
   0042   99                GHI 9
   0043   5a                STR 10
   0044   1a                INC 10
   0045   89                GLO 9
   0046   5a                STR 10
   0047   1a                INC 10
                        
   0048   9b                GHI 11
   0049   5a                STR 10
   004a   1a                INC 10
   004b   8b                GLO 11
   004c   5a                STR 10
   004d   1a                INC 10
                        
   004e   9c                GHI 12
   004f   5a                STR 10
   0050   1a                INC 10
   0051   8c                GLO 12
   0052   5a                STR 10
                        
   0053   d5                RETN
                        
                        ; ------------------------------------------------------------------------------
                        ; RESTORE_PLY_STATE - Restore registers from ply-indexed state array
                        ; ------------------------------------------------------------------------------
                        ; Restores R7, R8, R9, R11, R12 from PLY_STATE_BASE + (CURRENT_PLY × 10)
                        ; Uses: R10, R13 (clobbered)
                        ; ------------------------------------------------------------------------------
   0054                 RESTORE_PLY_STATE:
                            ; Get current ply and calculate frame address
   0054   68 ca 64 48       RLDI 10, CURRENT_PLY
   0058   0a                LDN 10              ; D = current ply (0-7)
                            ; --- PLY ASSERTION (ported 2026-07-13): ply must be 0-7 here (NEGAMAX's
                            ; entry guard returns before any per-ply access at ply >= 8). Larger =
                            ; CURRENT_PLY corruption (neighbors SCORE_LO $6447) or drift -> frame math
                            ; strays outside $6450-$649F. Hard-trap into the ROM monitor, LIVE regs.
   0059   ff 08             SMI 8               ; D = ply - 8
   005b   cb 00 60          LBNF RPS_PLY_OK          ; ply <= 7 -> fine
   005e   79                MARK
   005f   d1                SEP 1               ; corrupt ply: breakpoint with full state
   0060                 RPS_PLY_OK:
   0060   0a                LDN 10              ; reload D = ply (assertion clobbered it)
                        
                            ; Multiply ply by 10: ×10 = ×8 + ×2
                            ; Use stack for temp storage (push then immediate pop - net zero change)
   0061   bd                PHI 13              ; R13.1 = ply (save original)
   0062   fe                SHL                 ; D = ply × 2
   0063   fe                SHL                 ; D = ply × 4
   0064   fe                SHL                 ; D = ply × 8
   0065   73                STXD                ; Push ply×8 to stack (R2 decremented)
   0066   9d                GHI 13              ; D = ply (original)
   0067   fe                SHL                 ; D = ply × 2
   0068   60                IRX                 ; Point R2 back at ply×8
   0069   f4                ADD                 ; D = ply×2 + ply×8 = ply × 10 (R2 unchanged)
                        
                            ; Add to base address: R10 = PLY_STATE_BASE + offset
   006a   fc 50             ADI LOW(PLY_STATE_BASE)
   006c   aa                PLO 10
   006d   f8 64             LDI HIGH(PLY_STATE_BASE)
   006f   7c 00             ADCI 0              ; Add carry if any
   0071   ba                PHI 10              ; R10 = frame address
                        
                            ; Load registers (high byte first for big-endian consistency)
   0072   4a                LDA 10
   0073   b7                PHI 7
   0074   4a                LDA 10
   0075   a7                PLO 7
                        
   0076   4a                LDA 10
   0077   b8                PHI 8
   0078   4a                LDA 10
   0079   a8                PLO 8
                        
   007a   4a                LDA 10
   007b   b9                PHI 9
   007c   4a                LDA 10
   007d   a9                PLO 9
                        
   007e   4a                LDA 10
   007f   bb                PHI 11
   0080   4a                LDA 10
   0081   ab                PLO 11
                        
   0082   4a                LDA 10
   0083   bc                PHI 12
   0084   0a                LDN 10
   0085   ac                PLO 12
                        
   0086   d5                RETN
                        
                        ; ------------------------------------------------------------------------------
                        ; SAVE_PARTIAL - REMOVED: R6 is SCRT linkage, alpha/beta now memory-based
                        ; ------------------------------------------------------------------------------
                        ; SAVE_ALPHA_BETA and RESTORE_ALPHA_BETA removed - they used R6 which is
                        ; corrupted by every CALL. Alpha/beta are now stored in memory (ALPHA_LO/HI,
                        ; BETA_LO/HI) and saved/restored inline in negamax.asm.
                        ; ------------------------------------------------------------------------------
                        
                        ; SAVE_ALPHA_BETA - REMOVED: R6 is SCRT linkage, alpha/beta now memory-based
                        ; RESTORE_ALPHA_BETA - REMOVED: R6 is SCRT linkage, alpha/beta now memory-based
                        ; SAVE_DEPTH_COLOR - REMOVED: R5 is SRET, depth is now in memory (SEARCH_DEPTH)
                        ; RESTORE_DEPTH_COLOR - REMOVED: R5 is SRET, depth is now in memory (SEARCH_DEPTH)
                        
                        ; ------------------------------------------------------------------------------
                        ; Stack Utilities
                        ; ------------------------------------------------------------------------------
                        
                        ; PUSH_BYTE / POP_BYTE / GET_STACK_DEPTH - REMOVED 2026-06-04: zero call-sites;
                        ;   reclaimed for SEE. (Byte push/pop is inlined via STXD/IRX-LDXA at use sites;
                        ;   stack depth was a dev-only diagnostic.)
                        
                        ; ------------------------------------------------------------------------------
                        ; DEBUG: Stack overflow check (optional, for development)
                        ; ------------------------------------------------------------------------------
                        ; Call periodically to ensure stack hasn't overflowed into other memory
                        ; Checks if 2 < $7B00 (bottom of 1.25KB stack area; below = MOVE_LIST at $7800)
                        ; If overflow detected, could halt or set error flag
                        ; ------------------------------------------------------------------------------
   0087                 CHECK_STACK_OVERFLOW:
   0087   92                GHI 2
   0088   ff 7d             SMI $7D             ; Compare with $7D
   008a   c3 00 95          LBDF STACK_OK       ; If DF=1, R2.HI >= $7D, OK (no overflow)
                            ; Stack pointer below $7D00 — would corrupt XMODEM ($7C00-$7CFF)
                            ; or, if deeper, MOVE_LIST ($7800-$7A7F). System state at this point
                            ; is unsafe; allowing execution to continue produces garbage I/O and
                            ; runaway corruption (observed 2026-05-15 match crash).
                            ;
                            ; Memory map with XMODEM resident:
                            ;   $7800-$7A7F  MOVE_LIST (640 B, 5 plies × 128)
                            ;   $7A80-$7AFF  gap (zeroed by WORKSPACE_CLEAR)
                            ;   $7B00-$7BFF  unused buffer between MOVE_LIST and XMODEM
                            ;   $7C00-$7CFF  XMODEM reserved — DO NOT TOUCH
                            ;   $7D00-$7FFF  stack working zone (768 B usable)
                            ;
                            ; Record R2.HI to flag byte so it's recoverable via memory dump after
                            ; the trap, then hard-halt via MARK + SEP 1. MARK saves X:P; SEP 1
                            ; transfers control to R1 (BIOS monitor). No info-string emit attempt
                            ; — emitting via the corrupted stack would garble the UART output and
                            ; mask the real failure (changed 2026-05-16).
   008d   68 ca 64 ee       RLDI 10, STACK_OVERFLOW_FLAG    ; RLDI clobbers D, must precede GHI 2
   0091   92                GHI 2
   0092   5a                STR 10              ; STACK_OVERFLOW_FLAG = R2.HI (for post-mortem)
   0093   79                MARK                ; Save X:P to memory (1802 monitor-trap convention)
   0094   d1                SEP 1               ; Hard halt → R1 (BIOS monitor entry)
   0095                 STACK_OK:
   0095   d5                RETN
                        
                        ; ==============================================================================
                        ; End of Stack Management
                        ; ==============================================================================
                        ; ==============================================================================
                        ; RCA 1802/1806 Chess Engine - Board Module (0x88 Representation)
                        ; ==============================================================================
                        ; 0x88 board uses 128 bytes where valid squares have (index & 0x88) == 0
                        ; This simplifies boundary checking - invalid moves wrap to invalid squares
                        ; ==============================================================================
                        
                        ; ------------------------------------------------------------------------------
                        ; Piece Encoding (3-bit type + 1-bit color in bit 3)
                        ; ------------------------------------------------------------------------------
                        ; Bits 0-2: Piece type (0-6)
                        ; Bit 3:    Color (0=white, 1=black)
                        ; Bits 4-7: Unused
                        ; ------------------------------------------------------------------------------
   0000                 EMPTY       EQU $00
                        
                        ; White pieces (bit 3 = 0)
   0001                 W_PAWN      EQU $01
   0002                 W_KNIGHT    EQU $02
   0003                 W_BISHOP    EQU $03
   0004                 W_ROOK      EQU $04
   0005                 W_QUEEN     EQU $05
   0006                 W_KING      EQU $06
                        
                        ; Black pieces (bit 3 = 1)
   0009                 B_PAWN      EQU $09     ; $01 + $08
   000a                 B_KNIGHT    EQU $0A     ; $02 + $08
   000b                 B_BISHOP    EQU $0B     ; $03 + $08
   000c                 B_ROOK      EQU $0C     ; $04 + $08
   000d                 B_QUEEN     EQU $0D     ; $05 + $08
   000e                 B_KING      EQU $0E     ; $06 + $08
                        
                        ; Masks
   0008                 COLOR_MASK  EQU $08     ; Bit 3 indicates color
   0007                 PIECE_MASK  EQU $07     ; Bits 0-2 are piece type
   0000                 WHITE       EQU $00     ; White side value
   0008                 BLACK       EQU $08     ; Black side value
                        
                        ; Piece types (without color)
   0001                 PAWN_TYPE   EQU 1
   0002                 KNIGHT_TYPE EQU 2
   0003                 BISHOP_TYPE EQU 3
   0004                 ROOK_TYPE   EQU 4
   0005                 QUEEN_TYPE  EQU 5
   0006                 KING_TYPE   EQU 6
                        
                        ; ------------------------------------------------------------------------------
                        ; Memory Layout - ALL engine data consolidated at $6000
                        ; ------------------------------------------------------------------------------
                        ; Total: ~4096 bytes ($6000-$6FFF)
                        ;
                        ; Board and game data: $6000-$63FF
   6000                 BOARD       EQU $6000   ; 128 bytes - 0x88 board array ($6000-$607F)
   6080                 GAME_STATE  EQU $6080   ; Game state structure (16 bytes) ($6080-$608F)
   6090                 MOVE_HIST   EQU $6090   ; Move history for undo (256 bytes) ($6090-$618F)
                        ; MOVE_LIST relocated 2026-04-28 from $6200 (512B / 4 plies) to $7800 (640B / 5
                        ; plies) to support adaptive IDS extension to depth 5. Stack working area
                        ; correspondingly shrunk from $7800-$7FFF (2KB) to $7B00-$7FFF (1.25KB) — still
                        ; ~4× peak observed usage. See CHECK_STACK_OVERFLOW guard update in stack.asm.
   7800                 MOVE_LIST   EQU $7800   ; Ply-indexed move lists (640 bytes) ($7800-$7A7F)
                                                ; Each ply gets 128 bytes (64 moves max): ply×128 + $6200
   6780                 QS_MOVE_LIST EQU $6780  ; Quiescence moves (128 bytes) ($6780-$67FF) - 64 captures max
                        
                        ; ------------------------------------------------------------------------------
                        ; Engine Variables: $6400-$64FF
                        ; ------------------------------------------------------------------------------
                        ; Move history pointer and temps
   6400                 HISTORY_PTR EQU $6400   ; 2 bytes - current history pointer ($6400-$6401)
   6402                 MOVE_FROM   EQU $6402   ; 1 byte - move from square (temp)
   6403                 MOVE_TO     EQU $6403   ; 1 byte - move to square (temp)
   6404                 UNDO_PROMOTION  EQU $6404   ; 1 byte - promotion piece type (Q=5,R=4,B=3,N=2) or 0
                        
                        ; Move encoding temps (avoiding R14 - BIOS uses it)
   6405                 DECODED_FLAGS   EQU $6405   ; 1 byte - flags from DECODE_MOVE_16BIT
   6406                 MOVE_FLAGS_TEMP EQU $6406   ; 1 byte - flags for ENCODE_MOVE_16BIT
   6407                 GM_SCAN_IDX     EQU $6407   ; 1 byte - board scan index for movegen
                        
                        ; Undo information for make/unmake move (MUST be in RAM, not ROM!)
   6408                 UNDO_CAPTURED   EQU $6408   ; 1 byte - captured piece (or EMPTY)
   6409                 UNDO_FROM       EQU $6409   ; 1 byte - from square
   640a                 UNDO_TO         EQU $640A   ; 1 byte - to square
   640b                 UNDO_CASTLING   EQU $640B   ; 1 byte - previous castling rights
   640c                 UNDO_EP         EQU $640C   ; 1 byte - previous en passant square
   640d                 UNDO_HALFMOVE   EQU $640D   ; 1 byte - previous halfmove clock
                        
                        ; Search state (aligned to $6410)
                        ; BEST_SCORE in memory - avoids register shuffling bugs!
   640e                 BEST_SCORE_HI   EQU $640E   ; 1 byte - best score high byte (big-endian)
   640f                 BEST_SCORE_LO   EQU $640F   ; 1 byte - best score low byte
   6410                 BEST_MOVE       EQU $6410   ; 2 bytes - best move found ($6410-$6411)
   6412                 NODES_SEARCHED  EQU $6412   ; 4 bytes - node counter ($6412-$6415)
   6416                 SEARCH_DEPTH    EQU $6416   ; 2 bytes - current search depth ($6416-$6417)
                        
                        ; Quiescence search state (big-endian: HI at lower address)
   6418                 QS_BEST_HI      EQU $6418   ; 1 byte - stand-pat/best score high
   6419                 QS_BEST_LO      EQU $6419   ; 1 byte - stand-pat/best score low
   641a                 QS_MOVE_PTR_HI  EQU $641A   ; 1 byte - move list pointer high
   641b                 QS_MOVE_PTR_LO  EQU $641B   ; 1 byte - move list pointer low
   641c                 QS_TEMP         EQU $641C   ; 1 byte - temp storage
                        ; Debug tracer (ported from king-safety-v3 2026-07-13): TRACE_WHERE = last
                        ; region entered. IDs (DIAG set expanded 2026-07-17, hang hunt):
                        ;   $A0 NEGAMAX prologue      $A1 NEGAMAX node (post-save)
                        ;   $A2 back from child       $A3 MAKE_MOVE     $A4 UNMAKE_MOVE
                        ;   $A5 GENERATE_MOVES        $A6 back from QSEARCH (leaf)
                        ;   $A7 back from LMR re-search
                        ;   $B1 TT_PROBE  $B2 TT_STORE
                        ;   $C1 QSEARCH entry  $C2 QS post-eval
                        ;   $E1 EVALUATE  $E2 KING_SAFETY(v2)  $E3 QUEEN_MOBILITY
                        ;   $E4 OOO_DISCOMFORT  $E5 eval tail (post-mobility)  $E6 EVALUATE returning
                        ; *** ALIAS (found + documented 2026-07-17): TRACE_WHERE shares $641D with
                        ; EVAL_SQ_INDEX, the eval board-scan counter. The scan only takes values
                        ; $00-$80 and ALL stamp IDs are >= $A0, so a dump byte decodes unambiguously:
                        ; $00-$80 = hung INSIDE the eval scan at that square index; >= $A0 = last
                        ; region stamp. INVARIANT: no stamp may ever fire between eval scan init
                        ; (EVALUATE ~line 261) and scan exit (EVAL_DONE) — it would corrupt the live
                        ; counter. All 18 current stamp sites verified outside the scan. Keep it so.
                        ; CANARY_ZONE $64F7-$64FC: DELIBERATELY UNUSED, must stay 0 (7/3 crash dump
                        ; showed stray writes here on the v3 build). CANARY_HIT = sticky OR of the
                        ; zone, checked once per SEARCH_POSITION.
   641d                 TRACE_WHERE     EQU $641D   ; 1 byte - tracer: last region entered
   641e                 CANARY_HIT      EQU $641E   ; 1 byte - sticky stray-write detector
   64f7                 CANARY_ZONE     EQU $64F7   ; 6 bytes - unclaimed zone under watch
                        
                        ; Evaluation state
   641d                 EVAL_SQ_INDEX   EQU $641D   ; 1 byte - square counter for evaluate
                                                    ; *** ALIASED with TRACE_WHERE — see tracer note
                        
                        ; Move generation state (DEAD equates, zero uses — 2026-07-17 audit; old
                        ; knight/king gen. Do NOT resurrect at these addresses: $641E is CANARY_HIT.)
   641e                 GEN_LOOP_CTR    EQU $641E   ; 1 byte - DEAD (was: loop counter knight/king gen)
   641f                 GEN_FROM_SQ     EQU $641F   ; 1 byte - DEAD (was: from square knight/king gen)
                        
                        ; Killer moves table (aligned to $6420)
   6420                 KILLER_MOVES    EQU $6420   ; 32 bytes - 2 per ply × 16 ply ($6420-$643F)
                        
                        ; Evaluation temps (after killer moves)
   6440                 EVAL_TEMP1      EQU $6440   ; 1 byte - PST loop counter / endgame temp
   6441                 EVAL_TEMP2      EQU $6441   ; 1 byte - piece type temp for evaluation
                        
                        ; Search alpha/beta/score (memory-based to avoid R6/R7 corruption by SCRT)
                        ; Big-endian layout: high byte at lower address, low byte at higher address
   6442                 ALPHA_HI        EQU $6442   ; 1 byte - alpha high byte
   6443                 ALPHA_LO        EQU $6443   ; 1 byte - alpha low byte
   6444                 BETA_HI         EQU $6444   ; 1 byte - beta high byte
   6445                 BETA_LO         EQU $6445   ; 1 byte - beta low byte
   6446                 SCORE_HI        EQU $6446   ; 1 byte - score return high byte
   6447                 SCORE_LO        EQU $6447   ; 1 byte - score return low byte
   6448                 CURRENT_PLY     EQU $6448   ; 1 byte - current search ply (0=root)
   6449                 COMPARE_TEMP    EQU $6449   ; 1 byte - scratch for comparisons (NEVER use STR 2!)
   644a                 MOVECOUNT_TEMP  EQU $644A   ; 1 byte - saved move count for loop decrement
   644b                 MOVE_TEMP_HI    EQU $644B   ; 1 byte - saved encoded move high byte (SCRT clobbers R8!)
   644c                 MOVE_TEMP_LO    EQU $644C   ; 1 byte - saved encoded move low byte
                        
                        ; Opening book support
   644d                 GAME_PLY        EQU $644D   ; 1 byte - game ply (moves since start position)
   000f                 BOOK_PLY_LIMIT  EQU 15      ; Stop MOVE_HIST recording past this ply (max book ply + 1)
   644e                 BOOK_MOVE_FROM  EQU $644E   ; 1 byte - book response from square
   644f                 BOOK_MOVE_TO    EQU $644F   ; 1 byte - book response to square
                        
                        ; ------------------------------------------------------------------------------
                        ; Ply-Indexed State Array: $6450-$649F (80 bytes = 8 plies × 10 bytes)
                        ; ------------------------------------------------------------------------------
                        ; Each ply frame stores registers that must be preserved across recursion:
                        ;   Offset 0: R7.hi    Offset 1: R7.lo   (alpha/beta temp)
                        ;   Offset 2: R8.hi    Offset 3: R8.lo   (best score)
                        ;   Offset 4: R9.hi    Offset 5: R9.lo   (move list pointer)
                        ;   Offset 6: R11.hi   Offset 7: R11.lo  (current move)
                        ;   Offset 8: R12.hi   Offset 9: R12.lo  (side to move)
                        ;
                        ; Address for ply N = PLY_STATE_BASE + (N × 10)
                        ; This replaces stack-based SAVE/RESTORE_SEARCH_CONTEXT - no SCRT interference!
                        ; ------------------------------------------------------------------------------
   6450                 PLY_STATE_BASE  EQU $6450   ; Base address of ply state array
   000a                 PLY_FRAME_SIZE  EQU 10      ; Bytes per ply frame
   0008                 MAX_PLY         EQU 8       ; Maximum search depth supported
                        
                        ; ------------------------------------------------------------------------------
                        ; Futility Pruning: $64A0-$64A3
                        ; ------------------------------------------------------------------------------
                        ; At depth 1, skip quiet moves where static_eval + margin < alpha
   64a0                 STATIC_EVAL_HI  EQU $64A0   ; 1 byte - cached static eval high byte
   64a1                 STATIC_EVAL_LO  EQU $64A1   ; 1 byte - cached static eval low byte
   64a2                 FUTILITY_OK     EQU $64A2   ; 1 byte - 1 if futility pruning enabled this node
                        
                        ; Futility margin: depth 1 = 150cp, depth 2 = 500cp (extended futility)
   0000                 FUTILITY_MARGIN_D1_HI  EQU $00
   0096                 FUTILITY_MARGIN_D1_LO  EQU $96     ; 150 centipawns (~1.5 pawns)
   0001                 FUTILITY_MARGIN_D2_HI  EQU $01
   00f4                 FUTILITY_MARGIN_D2_LO  EQU $F4     ; 500 centipawns (~1 queen trade away)
                        
                        ; Reverse Futility Pruning margins (depth-indexed)
                        ; At depth 1-2, if eval - margin >= beta, prune entire node
   0000                 RFP_MARGIN_D1_HI  EQU $00
   0096                 RFP_MARGIN_D1_LO  EQU $96     ; 150 centipawns (~1.5 pawns)
   0001                 RFP_MARGIN_D2_HI  EQU $01
   002c                 RFP_MARGIN_D2_LO  EQU $2C     ; 300 centipawns (~1 minor piece)
                        
                        ; ------------------------------------------------------------------------------
                        ; Late Move Reductions: $64A3-$64A6
                        ; ------------------------------------------------------------------------------
                        ; At depth >= 3, reduce search depth for later quiet moves
   64a3                 LMR_MOVE_INDEX    EQU $64A3   ; 1 byte - moves searched so far at this node
   64a4                 LMR_REDUCED       EQU $64A4   ; 1 byte - flag: 1=current move searched at reduced depth
   64a5                 LMR_IS_CAPTURE    EQU $64A5   ; 1 byte - flag: 1=current move is a capture
   64a6                 LMR_OUTER         EQU $64A6   ; 1 byte - saved LMR_REDUCED (survives recursive calls)
                        
                        ; ------------------------------------------------------------------------------
                        ; QS Evaluation Flag: $64AA
                        ; ------------------------------------------------------------------------------
   64aa                 EVAL_SKIP_PST     EQU $64AA   ; 1 byte - flag: 1=skip PST in EVALUATE (for QS speed)
                        
                        ; ------------------------------------------------------------------------------
                        ; Move Loop Pointer Save: $64DB-$64EA
                        ; ------------------------------------------------------------------------------
                        ; Ply-indexed save for R9 (move list pointer) during negamax move loop.
                        ; Avoids fragile stack save/restore across hundreds of instructions.
                        ; 2 bytes per ply (hi, lo), 8 plies max = 16 bytes.
                        ; NOTE: Previous location $64B0 only had 8 bytes — plies 4-7 overlapped
                        ;       UCI_STATE/HASH/TT variables, causing corruption at higher plies.
   64db                 LOOP_MOVE_PTR     EQU $64DB   ; 16 bytes - R9 save per ply ($64DB-$64EA)
                        
                        ; Ply-indexed save for the move COUNT during the negamax move loop.
                        ; Was on the stack at M(R2+1), peeked every iteration — a single-byte stack
                        ; imbalance on any sub-call path shifted R2 and the loop ran past the move list
                        ; forever (the 2026-06-18 hang). Same lifetime as LOOP_MOVE_PTR (survives the
                        ; recursive CALL NEGAMAX), so ply-indexed identically. 1 byte/ply, 8 plies.
                        ; Free slot: STACK_OVERFLOW_FLAG=$64EE below, ADV_PAWN_W=$64FD above.
   64ef                 LOOP_MOVE_CNT     EQU $64EF   ; 8 bytes - move count save per ply ($64EF-$64F6)
                        
                        ; ------------------------------------------------------------------------------
                        ; Null Move Pruning: $64A7-$64A8
                        ; ------------------------------------------------------------------------------
   64a7                 NULL_MOVE_OK      EQU $64A7   ; 1 byte - flag: 1=can try null move, 0=cannot (prevents double-null)
   64a8                 NULL_SAVED_EP     EQU $64A8   ; 1 byte - saved EP square before null move
                        
                        ; ------------------------------------------------------------------------------
                        ; Check Detection: $64A9
                        ; ------------------------------------------------------------------------------
   64a9                 ENEMY_COLOR_TEMP  EQU $64A9   ; 1 byte - enemy color for IS_SQUARE_ATTACKED
                        
                        ; ------------------------------------------------------------------------------
                        ; Pawn Structure / Bishop Pair / Rook Eval: $64AF-$64B5, $6710-$671F
                        ; ------------------------------------------------------------------------------
                        ; Transient: reset each EVALUATE call, used during board scan
                        ; Per-file pawn counts (8 bytes each, indexed by file 0-7)
   6710                 W_PAWN_FILE_CT    EQU $6710   ; 8 bytes - white pawns per file ($6710-$6717)
   6718                 B_PAWN_FILE_CT    EQU $6718   ; 8 bytes - black pawns per file ($6718-$671F)
                        ; Bishop counts
   64af                 EVAL_W_BISHOPS    EQU $64AF   ; 1 byte - white bishop count
   64b0                 EVAL_B_BISHOPS    EQU $64B0   ; 1 byte - black bishop count
                        ; Rook file tracking (up to 2 rooks per side, $FF = no rook)
   64b1                 EVAL_W_ROOK_F1    EQU $64B1   ; 1 byte - first white rook's file
   64b2                 EVAL_W_ROOK_F2    EQU $64B2   ; 1 byte - second white rook's file
   64b3                 EVAL_B_ROOK_F1    EQU $64B3   ; 1 byte - first black rook's file
   64b4                 EVAL_B_ROOK_F2    EQU $64B4   ; 1 byte - second black rook's file
                        ; Queen counts (for redundant-queen cap: extra queens past the first score 0 cp)
   64b5                 W_QUEEN_CNT       EQU $64B5   ; 1 byte - white queen count
   64b6                 B_QUEEN_CNT       EQU $64B6   ; 1 byte - black queen count
   64b7                 PIECE_BALANCE     EQU $64B7   ; 1 byte - SIGNED (W - B) non-pawn piece count (N/B/R/Q),
                                                      ;   accumulated in the eval scan (+1 white, -1 black). Used by
                                                      ;   the white RUNNER_BONUS gate: only race a passer if white is
                                                      ;   NOT behind in pieces (delta >= 0) — i.e. white has the force
                                                      ;   to escort it. Negative => skip runner. Reset each EVALUATE.
                        ; Queen squares (last queen seen, for queen-king proximity bonus). $FF = no queen.
   6720                 W_QUEEN_SQ        EQU $6720   ; 1 byte - 0x88 square of white queen ($FF if none)
   6721                 B_QUEEN_SQ        EQU $6721   ; 1 byte - 0x88 square of black queen ($FF if none)
                        
                        ; ------------------------------------------------------------------------------
                        ; UCI/Hash/TT variables: $64B8-$64C1
                        ; ------------------------------------------------------------------------------
                        ; Relocated from $6600+ to free up space for larger UCI_BUFFER
   64b8                 UCI_STATE       EQU $64B8   ; 1 byte - UCI state
   64b9                 HASH_HI         EQU $64B9   ; 1 byte - hash high byte
   64ba                 HASH_LO         EQU $64BA   ; 1 byte - hash low byte
   64bb                 TT_HIT          EQU $64BB   ; 1 byte - 0=miss, 1=hit
   64bc                 TT_SCORE_HI     EQU $64BC   ; 1 byte - stored score high
   64bd                 TT_SCORE_LO     EQU $64BD   ; 1 byte - stored score low
   64be                 TT_DEPTH        EQU $64BE   ; 1 byte - stored depth
   64bf                 TT_FLAG         EQU $64BF   ; 1 byte - stored flag (EXACT/ALPHA/BETA)
   64c0                 TT_MOVE_HI      EQU $64C0   ; 1 byte - stored best move high
   64c1                 TT_MOVE_LO      EQU $64C1   ; 1 byte - stored best move low
                        
                        ; ------------------------------------------------------------------------------
                        ; Iterative Deepening State: $64C2-$64C9
                        ; ------------------------------------------------------------------------------
   64c2                 ITER_BEST_FROM    EQU $64C2   ; 1 byte - best from square (last completed depth)
   64c3                 ITER_BEST_TO      EQU $64C3   ; 1 byte - best to square (last completed depth)
   64c4                 SEARCH_ABORTED    EQU $64C4   ; 1 byte - flag: 1 = current depth search was aborted
   64c5                 CURRENT_MAX_DEPTH EQU $64C5   ; 1 byte - current iteration's target depth
   64c6                 TARGET_DEPTH      EQU $64C6   ; 1 byte - overall target depth from UCI "go depth N"
   64c7                 NODE_BUDGET_HI    EQU $64C7   ; 1 byte - node budget threshold (byte 2 of node counter)
   64c8                 ITER_SCORE_HI     EQU $64C8   ; 1 byte - score high byte (last completed depth)
   64c9                 ITER_SCORE_LO     EQU $64C9   ; 1 byte - score low byte (last completed depth)
                        
                        ; RTC-based time management
   64ca                 SEARCH_PREV_SECS  EQU $64CA   ; 1 byte - last RTC seconds reading (for delta)
   64cb                 SEARCH_ELAPSED    EQU $64CB   ; 1 byte - accumulated elapsed seconds (0-255)
   64ed                 ITER_START_ELAPSED EQU $64ED  ; 1 byte - SEARCH_ELAPSED snapshot at iteration start (for iter-time gate)
   64ee                 STACK_OVERFLOW_FLAG EQU $64EE ; 1 byte - 0=no overflow; nonzero=R2.HI at last overflow detection
   64cc                 UINT_BUFFER       EQU $64CC   ; 6 bytes - ASCII scratch for F_UINTOUT ($64CC-$64D1)
   64d2                 NODE_TT_FLAGS     EQU $64D2   ; 8 bytes - TT bound type per ply ($64D2-$64D9)
   64da                 CHECK_EXT_FLAG    EQU $64DA   ; 1 byte - 1 if current move gives check (extension)
                        
                        ; ------------------------------------------------------------------------------
                        ; Repetition Detection: $6500-$66FD, $64EB
                        ; ------------------------------------------------------------------------------
   6500                 HASH_HIST       EQU $6500   ; 510 bytes - position hash history ($6500-$66FD, 255 entries)
   64eb                 HASH_HIST_COUNT EQU $64EB   ; 1 byte - number of entries in hash history
   64ec                 EG_PIECE_COUNT  EQU $64EC   ; 1 byte - non-king piece count for endgame detection
                        ; FUTILITY_TABLE relocated 2026-04-24 from $64ED (16 bytes, 4 plies) to $6722
                        ; (32 bytes, 8 plies) to accommodate QS/check-extension reaching plies 4-7. With
                        ; the 180s budget bump, search reaches deeper plies more often, and the old
                        ; 4-ply size was overflowing into ADV_PAWN_W ($64FD) at ply 4 and HASH_HIST
                        ; ($6500+) at ply 5+, causing intermittent hangs. Old $64ED-$64FC now free.
   6722                 FUTILITY_TABLE  EQU $6722   ; 32 bytes - per-ply futility data ($6722-$6741)
                                                    ; 4 bytes/ply: [flag][eval_hi][eval_lo][pad] × 8 plies
   6742                 NODE_IN_CHECK   EQU $6742   ; 8 bytes - per-ply "is this node in check" snapshot
                                                    ; ($6742-$6749). Snapshotted at NEGAMAX entry from
                                                    ; CHECK_EXT_FLAG (set by parent's checking move).
                                                    ; Used by LMP to avoid pruning legal escape moves
                                                    ; when in check (parent was a checking move).
   64fd                 ADV_PAWN_W      EQU $64FD   ; 1 byte - accumulated white advanced pawn bonus
   64fe                 ADV_PAWN_B      EQU $64FE   ; 1 byte - accumulated black advanced pawn bonus
   64ff                 UNDO_CAP_SQ     EQU $64FF   ; 1 byte - square where captured piece was (EP: computed, normal: to)
                        
                        ; ------------------------------------------------------------------------------
                        ; Per-Ply Node Best Move: $6700-$670F (16 bytes)
                        ; ------------------------------------------------------------------------------
   6700                 NODE_BEST_MOVE  EQU $6700   ; 16 bytes: per-ply best move ($6700-$670F)
                                                    ; Ply N: $6700 + N*2 = from, $6700 + N*2 + 1 = to
                        
                        ; ------------------------------------------------------------------------------
                        ; UCI input buffer: $7000-$77FF (2048 bytes)
                        ; ------------------------------------------------------------------------------
   7000                 UCI_BUFFER      EQU $7000   ; 2048 bytes - input buffer ($7000-$77FF)
                        
                        ; ------------------------------------------------------------------------------
                        ; Transposition Table: $6800-$6FFF (256 entries × 8 bytes = 2KB)
                        ; ------------------------------------------------------------------------------
                        
                        ; TT table base address and sizing
   6800                 TT_TABLE        EQU $6800   ; 256 entries × 8 bytes = 2KB ($6800-$6FFF)
   0100                 TT_ENTRIES      EQU 256     ; Number of entries (power of 2 for masking)
   0008                 TT_ENTRY_SIZE   EQU 8       ; Bytes per entry
   00ff                 TT_INDEX_MASK   EQU $FF     ; Mask for 256 entries (hash_lo & $FF)
                        
                        ; TT entry structure (8 bytes per entry):
                        ;   Offset 0: hash_verify_hi  - Upper hash bits for collision detection
                        ;   Offset 1: hash_verify_lo  - (we store full hash, index with low bits)
                        ;   Offset 2: score_hi        - Stored score high byte
                        ;   Offset 3: score_lo        - Stored score low byte
                        ;   Offset 4: depth           - Search depth when stored
                        ;   Offset 5: flag            - Bound type (EXACT/ALPHA/BETA)
                        ;   Offset 6: best_move_hi    - Best move high byte
                        ;   Offset 7: best_move_lo    - Best move low byte
   0000                 TT_OFF_HASH_HI  EQU 0
   0001                 TT_OFF_HASH_LO  EQU 1
   0002                 TT_OFF_SCORE_HI EQU 2
   0003                 TT_OFF_SCORE_LO EQU 3
   0004                 TT_OFF_DEPTH    EQU 4
   0005                 TT_OFF_FLAG     EQU 5
   0006                 TT_OFF_MOVE_HI  EQU 6
   0007                 TT_OFF_MOVE_LO  EQU 7
                        
                        ; TT flag values
   0000                 TT_FLAG_NONE    EQU 0       ; Empty/invalid entry
   0001                 TT_FLAG_EXACT   EQU 1       ; Exact score (PV node)
   0002                 TT_FLAG_ALPHA   EQU 2       ; Upper bound (fail-low)
   0003                 TT_FLAG_BETA    EQU 3       ; Lower bound (fail-high)
                        
                        ; History entry size
   0008                 HIST_ENTRY_SIZE EQU 8   ; 8 bytes per history entry
                        
                        ; Game state offsets
   0000                 STATE_SIDE_TO_MOVE  EQU 0   ; 1 byte: 0=white, 8=black
   6080                 SIDE    EQU GAME_STATE      ; Alias for side-to-move (offset 0)
   0001                 STATE_CASTLING      EQU 1   ; 1 byte: castling rights bits
   0002                 STATE_EP_SQUARE     EQU 2   ; 1 byte: en passant target (0x88), $FF=none
   0003                 STATE_HALFMOVE      EQU 3   ; 1 byte: halfmove clock (50-move rule)
   0004                 STATE_FULLMOVE_LO   EQU 4   ; 1 byte: fullmove number low byte
   0005                 STATE_FULLMOVE_HI   EQU 5   ; 1 byte: fullmove number high byte
   0006                 STATE_W_KING_SQ     EQU 6   ; 1 byte: white king square (0x88)
   0007                 STATE_B_KING_SQ     EQU 7   ; 1 byte: black king square (0x88)
                        
                        ; Castling rights bit flags
   0001                 CASTLE_WK   EQU $01     ; White kingside (e1-g1)
   0002                 CASTLE_WQ   EQU $02     ; White queenside (e1-c1)
   0004                 CASTLE_BK   EQU $04     ; Black kingside (e8-g8)
   0008                 CASTLE_BQ   EQU $08     ; Black queenside (e8-c8)
   000f                 ALL_CASTLING EQU $0F    ; All castling rights
                        
                        ; Move encoding flags
   0000                 MOVE_NORMAL     EQU $00
   0001                 MOVE_CASTLE     EQU $01
   0002                 MOVE_EP         EQU $02
   0003                 MOVE_PROMOTION  EQU $03
                        
                        ; ------------------------------------------------------------------------------
                        ; Direction Offsets (0x88 board)
                        ; ------------------------------------------------------------------------------
                        ; In 0x88, each rank is 16 bytes apart (8 valid + 8 invalid)
                        ; Direction = rank_delta * 16 + file_delta
                        ; ------------------------------------------------------------------------------
   00f0                 DIR_N   EQU $F0     ; -16 (up one rank)
   0010                 DIR_S   EQU $10     ; +16 (down one rank)
   0001                 DIR_E   EQU $01     ; +1 (right one file)
   00ff                 DIR_W   EQU $FF     ; -1 (left one file)
   00f1                 DIR_NE  EQU $F1     ; -15 (up-right)
   00ef                 DIR_NW  EQU $EF     ; -17 (up-left)
   0011                 DIR_SE  EQU $11     ; +17 (down-right)
   000f                 DIR_SW  EQU $0F     ; +15 (down-left)
                        
                        ; ------------------------------------------------------------------------------
                        ; Knight Move Offsets (8 L-shaped moves)
                        ; ------------------------------------------------------------------------------
   0096                 KNIGHT_OFFSETS:
   0096   df                DB $DF      ; -33: up 2, left 1
   0097   e1                DB $E1      ; -31: up 2, right 1
   0098   ee                DB $EE      ; -18: up 1, left 2
   0099   f2                DB $F2      ; -14: up 1, right 2
   009a   0e                DB $0E      ; +14: down 1, left 2
   009b   12                DB $12      ; +18: down 1, right 2
   009c   1f                DB $1F      ; +31: down 2, left 1
   009d   21                DB $21      ; +33: down 2, right 1
                        
                        ; ------------------------------------------------------------------------------
                        ; King Move Offsets (8 adjacent squares)
                        ; ------------------------------------------------------------------------------
   009e                 KING_OFFSETS:
   009e   f0                DB DIR_N    ; $F0: up
   009f   f1                DB DIR_NE   ; $F1: up-right
   00a0   01                DB DIR_E    ; $01: right
   00a1   11                DB DIR_SE   ; $11: down-right
   00a2   10                DB DIR_S    ; $10: down
   00a3   0f                DB DIR_SW   ; $0F: down-left
   00a4   ff                DB DIR_W    ; $FF: left
   00a5   ef                DB DIR_NW   ; $EF: up-left
                        
                        ; ------------------------------------------------------------------------------
                        ; Square Constants (0x88 format)
                        ; ------------------------------------------------------------------------------
                        ; Rank 1 (white's back rank)
   0000                 SQ_A1   EQU $00
   0001                 SQ_B1   EQU $01
   0002                 SQ_C1   EQU $02
   0003                 SQ_D1   EQU $03
   0004                 SQ_E1   EQU $04     ; White king starting square
   0005                 SQ_F1   EQU $05
   0006                 SQ_G1   EQU $06     ; White kingside castle target
   0007                 SQ_H1   EQU $07
                        
                        ; Rank 2 (white pawns)
   0010                 SQ_A2   EQU $10
   0014                 SQ_E2   EQU $14
   0017                 SQ_H2   EQU $17
                        
                        ; Rank 7 (black pawns)
   0060                 SQ_A7   EQU $60
   0064                 SQ_E7   EQU $64
   0067                 SQ_H7   EQU $67
                        
                        ; Rank 8 (black's back rank)
   0070                 SQ_A8   EQU $70
   0071                 SQ_B8   EQU $71
   0072                 SQ_C8   EQU $72
   0073                 SQ_D8   EQU $73
   0074                 SQ_E8   EQU $74     ; Black king starting square
   0075                 SQ_F8   EQU $75
   0076                 SQ_G8   EQU $76     ; Black kingside castle target
   0077                 SQ_H8   EQU $77
                        
                        ; Special values
   00ff                 INVALID_SQ  EQU $FF
   00ff                 NO_EP       EQU $FF
                        
                        ; Short aliases for common squares (used by makemove)
   0000                 A1  EQU SQ_A1
   0007                 H1  EQU SQ_H1
   0070                 A8  EQU SQ_A8
   0077                 H8  EQU SQ_H8
                        
                        ; ==============================================================================
                        ; INIT_BOARD - Initialize board to starting position
                        ; ==============================================================================
                        ; Sets up standard chess starting position with 0x88 layout
                        ; Initializes game state
                        ; Uses: A, D
                        ; ==============================================================================
   00a6                 INIT_BOARD:
                            ; Clear entire 128-byte board to empty
   00a6   68 ca 60 00       RLDI 10, BOARD
                        
   00aa   f8 80             LDI 128
   00ac   ad                PLO 13
                        
   00ad                 INIT_CLEAR:
   00ad   f8 00             LDI EMPTY           ; Must reload each iteration (GLO clobbers D)
   00af   5a                STR 10
   00b0   1a                INC 10
   00b1   2d                DEC 13
   00b2   8d                GLO 13
   00b3   3a ad             BNZ INIT_CLEAR
                        
                            ; Set up white back rank (rank 1 = offset $00)
   00b5   68 ca 60 00       RLDI 10, BOARD
                        
   00b9   f8 04             LDI W_ROOK
   00bb   5a                STR 10
   00bc   1a                INC 10
   00bd   f8 02             LDI W_KNIGHT
   00bf   5a                STR 10
   00c0   1a                INC 10
   00c1   f8 03             LDI W_BISHOP
   00c3   5a                STR 10
   00c4   1a                INC 10
   00c5   f8 05             LDI W_QUEEN
   00c7   5a                STR 10
   00c8   1a                INC 10
   00c9   f8 06             LDI W_KING
   00cb   5a                STR 10
   00cc   1a                INC 10
   00cd   f8 03             LDI W_BISHOP
   00cf   5a                STR 10
   00d0   1a                INC 10
   00d1   f8 02             LDI W_KNIGHT
   00d3   5a                STR 10
   00d4   1a                INC 10
   00d5   f8 04             LDI W_ROOK
   00d7   5a                STR 10
                        
                            ; Set up white pawns (rank 2 = offset $10)
   00d8   68 ca 60 10       RLDI 10, BOARD + $10
                        
   00dc   f8 08             LDI 8
   00de   ad                PLO 13
   00df                 INIT_WP:
   00df   f8 01             LDI W_PAWN          ; Must reload - GLO clobbers D
   00e1   5a                STR 10
   00e2   1a                INC 10
   00e3   2d                DEC 13
   00e4   8d                GLO 13
   00e5   ca 00 df          LBNZ INIT_WP        ; Long branch - target may cross page boundary
                        
                            ; Set up black pawns (rank 7 = offset $60)
   00e8   68 ca 60 60       RLDI 10, BOARD + $60
                        
   00ec   f8 08             LDI 8
   00ee   ad                PLO 13
   00ef                 INIT_BP:
   00ef   f8 09             LDI B_PAWN          ; Must reload - GLO clobbers D
   00f1   5a                STR 10
   00f2   1a                INC 10
   00f3   2d                DEC 13
   00f4   8d                GLO 13
   00f5   3a ef             BNZ INIT_BP
                        
                            ; Set up black back rank (rank 8 = offset $70)
   00f7   68 ca 60 70       RLDI 10, BOARD + $70
                        
   00fb   f8 0c             LDI B_ROOK
   00fd   5a                STR 10
   00fe   1a                INC 10
   00ff   f8 0a             LDI B_KNIGHT
   0101   5a                STR 10
   0102   1a                INC 10
   0103   f8 0b             LDI B_BISHOP
   0105   5a                STR 10
   0106   1a                INC 10
   0107   f8 0d             LDI B_QUEEN
   0109   5a                STR 10
   010a   1a                INC 10
   010b   f8 0e             LDI B_KING
   010d   5a                STR 10
   010e   1a                INC 10
   010f   f8 0b             LDI B_BISHOP
   0111   5a                STR 10
   0112   1a                INC 10
   0113   f8 0a             LDI B_KNIGHT
   0115   5a                STR 10
   0116   1a                INC 10
   0117   f8 0c             LDI B_ROOK
   0119   5a                STR 10
                        
                            ; Initialize game state
   011a   68 ca 60 80       RLDI 10, GAME_STATE
                        
   011e   f8 00             LDI WHITE
   0120   5a                STR 10               ; Side to move = white
   0121   1a                INC 10
                        
   0122   f8 0f             LDI ALL_CASTLING
   0124   5a                STR 10               ; All castling rights
   0125   1a                INC 10
                        
   0126   f8 ff             LDI NO_EP
   0128   5a                STR 10               ; No en passant
   0129   1a                INC 10
                        
   012a   f8 00             LDI 0
   012c   5a                STR 10               ; Halfmove clock = 0
   012d   1a                INC 10
                        
   012e   f8 01             LDI 1
   0130   5a                STR 10               ; Fullmove = 1 (low byte)
   0131   1a                INC 10
                        
   0132   f8 00             LDI 0
   0134   5a                STR 10               ; Fullmove high byte = 0
   0135   1a                INC 10
                        
   0136   f8 04             LDI SQ_E1
   0138   5a                STR 10               ; White king on e1
   0139   1a                INC 10
                        
   013a   f8 74             LDI SQ_E8
   013c   5a                STR 10               ; Black king on e8
                        
   013d   d5                RETN
                        
                        ; ==============================================================================
                        ; GET_SIDE_TO_MOVE - Get current side to move
                        ; ==============================================================================
                        ; Output: D = side (WHITE=0 or BLACK=8)
                        ; Uses: A
                        ; ==============================================================================
   013e                 GET_SIDE_TO_MOVE:
   013e   68 ca 60 80       RLDI 10, GAME_STATE + STATE_SIDE_TO_MOVE
   0142   0a                LDN 10
   0143   d5                RETN
                        
                        ; ==============================================================================
                        ; SET_SIDE_TO_MOVE - Set side to move
                        ; ==============================================================================
                        ; Input: D = side (WHITE=0 or BLACK=8)
                        ; Uses: A
                        ; ==============================================================================
   0144                 SET_SIDE_TO_MOVE:
   0144   73                STXD                ; Save D
   0145   68 ca 60 80       RLDI 10, GAME_STATE + STATE_SIDE_TO_MOVE
   0149   60                IRX
   014a   02                LDN 2
   014b   5a                STR 10
   014c   d5                RETN
                        
                        ; ==============================================================================
                        ; FLIP_SIDE - Toggle side to move
                        ; ==============================================================================
                        ; Uses: A, D
                        ; ==============================================================================
   014d                 FLIP_SIDE:
   014d   68 ca 60 80       RLDI 10, GAME_STATE + STATE_SIDE_TO_MOVE
   0151   0a                LDN 10
   0152   fb 08             XRI BLACK           ; Toggle between 0 and 8
   0154   5a                STR 10
   0155   d5                RETN
                        
                        ; ==============================================================================
                        ; GET_CASTLING_RIGHTS - Get castling rights byte
                        ; ==============================================================================
                        ; Output: D = castling rights
                        ; Uses: A
                        ; ==============================================================================
   0156                 GET_CASTLING_RIGHTS:
   0156   68 cd 60 81       RLDI 13, GAME_STATE + STATE_CASTLING
   015a   0d                LDN 13
   015b   d5                RETN
                        
                        ; ==============================================================================
                        ; CLEAR_CASTLING_RIGHT - Clear specific castling right(s)
                        ; ==============================================================================
                        ; Input: D = castling bit(s) to clear (CASTLE_WK, CASTLE_WQ, etc.)
                        ; Uses: A (R10), D, R13.0
                        ; ==============================================================================
   015c                 CLEAR_CASTLING_RIGHT:
   015c   fb ff             XRI $FF             ; Invert to create mask
   015e   ad                PLO 13              ; Save mask in R13.0
                        
   015f   68 ca 60 81       RLDI 10, GAME_STATE + STATE_CASTLING
                        
   0163   ea                SEX 10              ; Point X to castling rights
   0164   8d                GLO 13              ; Get mask
   0165   f2                AND                 ; D = mask AND current rights
   0166   5a                STR 10              ; Store back
   0167   e2                SEX 2               ; Restore X to stack
   0168   d5                RETN
                        
                        ; ==============================================================================
                        ; GET_PIECE_AT - Get piece at square
                        ; ==============================================================================
                        ; Input: D = square (0x88 format)
                        ; Output: D = piece code (0 if empty or invalid square)
                        ; Uses: A
                        ; ==============================================================================
   0169                 GET_PIECE_AT:
                            ; Save square in A.0
   0169   aa                PLO 10
                        
                            ; Check if valid square using original value
   016a   fa 88             ANI $88
   016c   3a 73             BNZ GET_PIECE_INVALID
                        
                            ; Valid square - build address and get piece
   016e   f8 60             LDI HIGH(BOARD)
   0170   ba                PHI 10
                            ; A.0 already has square offset
   0171   0a                LDN 10               ; Load piece at BOARD + square
   0172   d5                RETN
                        
   0173                 GET_PIECE_INVALID:
   0173   f8 00             LDI 0               ; Return empty for invalid squares
   0175   d5                RETN
                        
                        ; ==============================================================================
                        ; INIT_MOVE_HISTORY - Initialize history pointer to start of history buffer
                        ; ==============================================================================
                        ; Sets HISTORY_PTR to point to MOVE_HIST base address
                        ; Uses: R10, D
                        ; ==============================================================================
   0176                 INIT_MOVE_HISTORY:
                            ; Set HISTORY_PTR to point to start of MOVE_HIST buffer
   0176   68 ca 64 00       RLDI 10, HISTORY_PTR
   017a   f8 60             LDI HIGH(MOVE_HIST)
   017c   5a                STR 10              ; HISTORY_PTR high byte = $60
   017d   1a                INC 10
   017e   f8 90             LDI LOW(MOVE_HIST)
   0180   5a                STR 10              ; HISTORY_PTR low byte = $90
                        
                            ; Clear GAME_PLY for opening book tracking
   0181   68 ca 64 4d       RLDI 10, GAME_PLY
   0185   f8 00             LDI 0
   0187   5a                STR 10              ; GAME_PLY = 0
                        
                            ; Clear HASH_HIST_COUNT for repetition detection
   0188   68 ca 64 eb       RLDI 10, HASH_HIST_COUNT   ; D still 0 from LDI above (RLDI doesn't clobber D)
   018c   5a                STR 10              ; HASH_HIST_COUNT = 0
   018d   d5                RETN
                        
                        ; ==============================================================================
                        ; SERIAL_INIT - Initialize serial I/O (placeholder for build compatibility)
                        ; ==============================================================================
                        ; The actual serial init is in serial-io-9600.asm
                        ; This is just a placeholder if that file is not included
                        ; ==============================================================================
                        ; SERIAL_INIT already defined in serial-io-9600.asm
                        
                        ; ==============================================================================
                        ; End of Board Module (0x88)
                        ; ==============================================================================
                        ; ==============================================================================
                        ; RCA 1802/1806 Chess Engine - Check Detection (FIXED)
                        ; ==============================================================================
                        ; Detect if a square is attacked or if king is in check
                        ; Critical for legal move generation and mate detection
                        ;
                        ; FIXES:
                        ; - Enemy color now pushed to stack and accessed properly
                        ; - Removed erroneous LDN 2 after XOR that overwrote comparison results
                        ; ==============================================================================
                        
                        ; ------------------------------------------------------------------------------
                        ; IS_IN_CHECK - Determine if current side's king is in check
                        ; ------------------------------------------------------------------------------
                        ; Input:  C = side to check (WHITE or BLACK)
                        ;         A = board pointer (BOARD)
                        ; Output: D = 1 if in check, 0 if safe
                        ; Uses:   Multiple registers
                        ; ------------------------------------------------------------------------------
   018e                 IS_IN_CHECK:
                            ; Get king position from game state
   018e   8c                GLO 12
   018f   32 9a             BZ IS_CHECK_WHITE
                        
   0191                 IS_CHECK_BLACK:
                            ; Get black king position
   0191   68 cd 60 87       RLDI 13, GAME_STATE + STATE_B_KING_SQ
   0195   0d                LDN 13
   0196   ab                PLO 11              ; B.0 = black king square
   0197   c0 01 a0          LBR IS_CHECK_TEST
                        
   019a                 IS_CHECK_WHITE:
                            ; Get white king position
   019a   68 cd 60 86       RLDI 13, GAME_STATE + STATE_W_KING_SQ
   019e   0d                LDN 13
   019f   ab                PLO 11              ; B.0 = white king square
                        
   01a0                 IS_CHECK_TEST:
                            ; Check if king square is attacked by enemy
                            ; C already has side being checked
   01a0   d4 01 a4          CALL IS_SQUARE_ATTACKED
                            ; D = 1 if attacked, 0 if safe
   01a3   d5                RETN
                        
                        ; ------------------------------------------------------------------------------
                        ; IS_SQUARE_ATTACKED - Check if square is attacked by enemy
                        ; ------------------------------------------------------------------------------
                        ; Input:  B.0 = square to check (0x88 format)
                        ;         C = side being attacked (WHITE or BLACK)
                        ; Output: D = 1 if square is attacked by enemy, 0 if safe
                        ; Uses:   Most registers, stack
                        ;
                        ; Strategy:
                        ;   1. Check for pawn attacks (2 squares)
                        ;   2. Check for knight attacks (8 squares)
                        ;   3. Check for king attacks (8 squares - for king vs king)
                        ;   4. Check for sliding attacks (8 directions)
                        ;      - Bishop/Queen on diagonals
                        ;      - Rook/Queen on orthogonals
                        ;
                        ; Stack layout after prologue:
                        ;   M[R2+1] = C (our color)
                        ;   M[R2+2] = B.0 (target square)
                        ;   ENEMY_COLOR_TEMP = enemy color (in memory, not stack)
                        ; ------------------------------------------------------------------------------
   01a4                 IS_SQUARE_ATTACKED:
                            ; Ensure X=2 for all stack operations in this function
   01a4   e2                SEX 2
                        
                            ; Save context
   01a5   8b                GLO 11
   01a6   73                STXD
   01a7   8c                GLO 12
   01a8   73                STXD
                        
                            ; Calculate enemy color and store in memory (NOT stack!)
                            ; This avoids complex stack offset calculations in nested calls
   01a9   68 ca 64 a9       RLDI 10, ENEMY_COLOR_TEMP
   01ad   8c                GLO 12
   01ae   fb 08             XRI BLACK           ; Flip color (0 -> 8, 8 -> 0)
   01b0   5a                STR 10              ; Store enemy color at ENEMY_COLOR_TEMP
                        
                            ; -----------------------------------------------
                            ; 1. Check for enemy pawn attacks
                            ; -----------------------------------------------
                            ; Pawns attack diagonally
                            ; White pawns attack NE and NW from their position
                            ; Black pawns attack SE and SW from their position
                            ; So from target square, check opposite directions
                        
   01b1   8c                GLO 12
   01b2   c2 01 e0          LBZ ATTACK_CHECK_W_PAWNS
                        
   01b5                 ATTACK_CHECK_B_PAWNS:
                            ; We're checking if black king is attacked by white pawns
                            ; White pawns would attack from SE and SW of our square
                            ; So check NW and NE for white pawns
   01b5   8b                GLO 11              ; Target square
   01b6   fc ef             ADI DIR_NW
   01b8   ad                PLO 13
                        
   01b9   fa 88             ANI $88
   01bb   ca 01 c9          LBNZ ATTACK_PAWN_2
                        
                            ; Valid square, check for white pawn
   01be   f8 60             LDI HIGH(BOARD)
   01c0   ba                PHI 10
   01c1   8d                GLO 13
   01c2   aa                PLO 10
   01c3   0a                LDN 10
   01c4   fb 01             XRI W_PAWN
   01c6   c2 02 dd          LBZ ATTACK_FOUND    ; White pawn attacks this square!
                        
   01c9                 ATTACK_PAWN_2:
   01c9   8b                GLO 11
   01ca   fc f1             ADI DIR_NE
   01cc   ad                PLO 13
                        
   01cd   fa 88             ANI $88
   01cf   ca 02 08          LBNZ ATTACK_CHECK_KNIGHTS
                        
   01d2   f8 60             LDI HIGH(BOARD)
   01d4   ba                PHI 10
   01d5   8d                GLO 13
   01d6   aa                PLO 10
   01d7   0a                LDN 10
   01d8   fb 01             XRI W_PAWN
   01da   c2 02 dd          LBZ ATTACK_FOUND
                        
   01dd   c0 02 08          LBR ATTACK_CHECK_KNIGHTS
                        
   01e0                 ATTACK_CHECK_W_PAWNS:
                            ; Check if white king attacked by black pawns
                            ; Black pawns attack from NE and NW of their position
                            ; So check SE and SW for black pawns
   01e0   8b                GLO 11
   01e1   fc 11             ADI DIR_SE
   01e3   ad                PLO 13
                        
   01e4   fa 88             ANI $88
   01e6   ca 01 f4          LBNZ ATTACK_PAWN_W2
                        
   01e9   f8 60             LDI HIGH(BOARD)
   01eb   ba                PHI 10
   01ec   8d                GLO 13
   01ed   aa                PLO 10
   01ee   0a                LDN 10
   01ef   fb 09             XRI B_PAWN
   01f1   c2 02 dd          LBZ ATTACK_FOUND
                        
   01f4                 ATTACK_PAWN_W2:
   01f4   8b                GLO 11
   01f5   fc 0f             ADI DIR_SW
   01f7   ad                PLO 13
                        
   01f8   fa 88             ANI $88
   01fa   ca 02 08          LBNZ ATTACK_CHECK_KNIGHTS
                        
   01fd   f8 60             LDI HIGH(BOARD)
   01ff   ba                PHI 10
   0200   8d                GLO 13
   0201   aa                PLO 10
   0202   0a                LDN 10
   0203   fb 09             XRI B_PAWN
   0205   c2 02 dd          LBZ ATTACK_FOUND
                        
                            ; -----------------------------------------------
                            ; 2. Check for enemy knight attacks
                            ; -----------------------------------------------
   0208                 ATTACK_CHECK_KNIGHTS:
                            ; Use knight offset table
   0208   68 cd 00 96       RLDI 13, KNIGHT_OFFSETS
                        
   020c   f8 08             LDI 8
   020e   73                STXD                ; Push loop counter to stack (R14 is off-limits)
                        
   020f                 ATTACK_KNIGHT_LOOP:
                            ; Save table pointer
   020f   8d                GLO 13
   0210   73                STXD
   0211   9d                GHI 13
   0212   73                STXD
                        
                            ; Get offset from table
   0213   0d                LDN 13              ; Load offset (don't increment, we saved pointer)
   0214   52                STR 2              ; Save offset to stack top temporarily
                        
                            ; Calculate target square
   0215   8b                GLO 11              ; Target square
   0216   f4                ADD                 ; Add offset (from M[R2])
   0217   af                PLO 15              ; F.0 = test square
                        
                            ; Validate square
   0218   fa 88             ANI $88
   021a   ca 02 3c          LBNZ ATTACK_KNIGHT_NEXT
                        
                            ; Check for piece at square
   021d   f8 60             LDI HIGH(BOARD)
   021f   ba                PHI 10
   0220   8f                GLO 15
   0221   aa                PLO 10
   0222   0a                LDN 10              ; Load piece
   0223   c2 02 3c          LBZ ATTACK_KNIGHT_NEXT
                        
                            ; Check if it's a knight
   0226   af                PLO 15              ; Save piece in F.0
   0227   fa 07             ANI PIECE_MASK
   0229   fb 02             XRI KNIGHT_TYPE    ; Is it a knight?
   022b   ca 02 3c          LBNZ ATTACK_KNIGHT_NEXT
                        
                            ; It's a knight - check if enemy color
   022e   8f                GLO 15              ; Get piece back
   022f   fa 08             ANI COLOR_MASK     ; D = piece color
   0231   52                STR 2              ; Store piece color at M[R2]
                        
                            ; Get enemy color from memory (simple and reliable!)
   0232   68 ca 64 a9       RLDI 10, ENEMY_COLOR_TEMP
   0236   0a                LDN 10              ; D = enemy color
                        
                            ; Now D = enemy color, M[R2] = piece color
   0237   e2                SEX 2               ; Ensure X=2 for XOR
   0238   f3                XOR                 ; D = enemy_color XOR piece_color
   0239   c2 02 d5          LBZ ATTACK_FOUND_POP3 ; If equal (XOR=0), it's an enemy knight!
                        
   023c                 ATTACK_KNIGHT_NEXT:
                            ; Restore table pointer and advance
   023c   60                IRX
   023d   72                LDXA
   023e   bd                PHI 13
   023f   f0                LDX
   0240   ad                PLO 13
   0241   1d                INC 13              ; Advance to next offset
                        
                            ; Decrement counter (on stack)
   0242   60                IRX                 ; Point to counter
   0243   02                LDN 2               ; Load counter
   0244   ff 01             SMI 1
   0246   52                STR 2               ; Store decremented counter
   0247   22                DEC 2               ; Restore stack pointer
   0248   ca 02 0f          LBNZ ATTACK_KNIGHT_LOOP
                        
                            ; Pop counter from stack
   024b   60                IRX
                        
                            ; -----------------------------------------------
                            ; 3. Check for enemy king attacks (king vs king)
                            ; -----------------------------------------------
   024c                 ATTACK_CHECK_KING:
   024c   68 cd 00 9e       RLDI 13, KING_OFFSETS
                        
   0250   f8 08             LDI 8
   0252   73                STXD                ; Push loop counter to stack (R14 is off-limits)
                        
   0253                 ATTACK_KING_LOOP:
                            ; Save table pointer
   0253   8d                GLO 13
   0254   73                STXD
   0255   9d                GHI 13
   0256   73                STXD
                        
   0257   0d                LDN 13              ; Get offset
   0258   52                STR 2
                        
   0259   8b                GLO 11
   025a   f4                ADD
   025b   af                PLO 15
                        
   025c   fa 88             ANI $88
   025e   ca 02 80          LBNZ ATTACK_KING_NEXT
                        
   0261   f8 60             LDI HIGH(BOARD)
   0263   ba                PHI 10
   0264   8f                GLO 15
   0265   aa                PLO 10
   0266   0a                LDN 10
   0267   c2 02 80          LBZ ATTACK_KING_NEXT
                        
   026a   af                PLO 15
   026b   fa 07             ANI PIECE_MASK
   026d   fb 06             XRI KING_TYPE      ; Is it a king?
   026f   ca 02 80          LBNZ ATTACK_KING_NEXT
                        
                            ; It's a king - check color
   0272   8f                GLO 15
   0273   fa 08             ANI COLOR_MASK     ; D = piece color
   0275   52                STR 2              ; Store piece color at M[R2]
                        
                            ; Get enemy color from memory (simple and reliable!)
   0276   68 ca 64 a9       RLDI 10, ENEMY_COLOR_TEMP
   027a   0a                LDN 10              ; D = enemy color
                        
   027b   e2                SEX 2               ; Ensure X=2 for XOR
   027c   f3                XOR
   027d   c2 02 d5          LBZ ATTACK_FOUND_POP3
                        
   0280                 ATTACK_KING_NEXT:
   0280   60                IRX
   0281   72                LDXA
   0282   bd                PHI 13
   0283   f0                LDX
   0284   ad                PLO 13
   0285   1d                INC 13
                        
                            ; Decrement counter (on stack)
   0286   60                IRX                 ; Point to counter
   0287   02                LDN 2               ; Load counter
   0288   ff 01             SMI 1
   028a   52                STR 2               ; Store decremented counter
   028b   22                DEC 2               ; Restore stack pointer
   028c   ca 02 53          LBNZ ATTACK_KING_LOOP
                        
                            ; Pop counter from stack
   028f   60                IRX
                        
                            ; -----------------------------------------------
                            ; 4. Check for sliding piece attacks
                            ; -----------------------------------------------
                            ; Check diagonals for bishops and queens
   0290   f8 f1             LDI DIR_NE
   0292   d4 02 e7          CALL ATTACK_CHECK_SLIDING
   0295   ca 02 dd          LBNZ ATTACK_FOUND
                        
   0298   f8 ef             LDI DIR_NW
   029a   d4 02 e7          CALL ATTACK_CHECK_SLIDING
   029d   ca 02 dd          LBNZ ATTACK_FOUND
                        
   02a0   f8 11             LDI DIR_SE
   02a2   d4 02 e7          CALL ATTACK_CHECK_SLIDING
   02a5   ca 02 dd          LBNZ ATTACK_FOUND
                        
   02a8   f8 0f             LDI DIR_SW
   02aa   d4 02 e7          CALL ATTACK_CHECK_SLIDING
   02ad   ca 02 dd          LBNZ ATTACK_FOUND
                        
                            ; Check orthogonals for rooks and queens
   02b0   f8 f0             LDI DIR_N
   02b2   d4 02 e7          CALL ATTACK_CHECK_SLIDING
   02b5   ca 02 dd          LBNZ ATTACK_FOUND
                        
   02b8   f8 10             LDI DIR_S
   02ba   d4 02 e7          CALL ATTACK_CHECK_SLIDING
   02bd   ca 02 dd          LBNZ ATTACK_FOUND
                        
   02c0   f8 01             LDI DIR_E
   02c2   d4 02 e7          CALL ATTACK_CHECK_SLIDING
   02c5   ca 02 dd          LBNZ ATTACK_FOUND
                        
   02c8   f8 ff             LDI DIR_W
   02ca   d4 02 e7          CALL ATTACK_CHECK_SLIDING
   02cd   ca 02 dd          LBNZ ATTACK_FOUND
                        
                            ; No attackers found
   02d0   f8 00             LDI 0
   02d2   c0 02 df          LBR ATTACK_RESTORE
                        
   02d5                 ATTACK_FOUND_POP3:
                            ; Pop counter + 2 bytes for table pointer
   02d5   60                IRX
   02d6   60                IRX
   02d7   60                IRX
   02d8   c0 02 dd          LBR ATTACK_FOUND
                        
   02db                 ATTACK_FOUND_POP2:
                            ; Pop the saved D pointer before going to ATTACK_FOUND
   02db   60                IRX
   02dc   60                IRX
                        
   02dd                 ATTACK_FOUND:
                            ; Attack found!
   02dd   f8 01             LDI 1
                        
   02df                 ATTACK_RESTORE:
                            ; Save result
   02df   af                PLO 15
                        
                            ; Restore context (pop C, B - enemy_color now in memory, not stack)
   02e0   60                IRX
   02e1   72                LDXA               ; Pop C
   02e2   ac                PLO 12
   02e3   f0                LDX                ; Pop B (leave R2 pointing here)
   02e4   ab                PLO 11
                        
                            ; Return result
   02e5   8f                GLO 15
   02e6   d5                RETN
                        
                        ; ------------------------------------------------------------------------------
                        ; ATTACK_CHECK_SLIDING - Check for sliding piece attack in one direction
                        ; ------------------------------------------------------------------------------
                        ; Input:  D = direction offset
                        ;         B.0 = target square
                        ;         Stack has enemy color at known offset
                        ; Output: D = 1 if attack found, 0 if not
                        ; Uses:   A, R7, F (R14 is off-limits - BIOS uses it)
                        ; ------------------------------------------------------------------------------
   02e7                 ATTACK_CHECK_SLIDING:
                            ; Ensure X=2 for stack address calculations
   02e7   e2                SEX 2
                        
                            ; Save direction
   02e8   af                PLO 15              ; F.0 = direction
                        
                            ; Start from target square
   02e9   8b                GLO 11
   02ea   a7                PLO 7               ; R7.0 = current square (not R14!)
                        
   02eb                 ATTACK_SLIDE_LOOP:
   02eb   3f ef             BN4  BRK_ATTACK_SLIDE_LOOP      ; /EF4 break trap (DEBUG)
   02ed   79                MARK
   02ee   d1                SEP  1
   02ef                 BRK_ATTACK_SLIDE_LOOP:
                            ; Move in direction
   02ef   87                GLO 7
   02f0   52                STR 2
   02f1   8f                GLO 15              ; Direction
   02f2   f4                ADD                 ; New square
   02f3   a7                PLO 7
                        
                            ; Check if off board
   02f4   fa 88             ANI $88
   02f6   ca 03 5f          LBNZ ATTACK_SLIDE_NONE
                        
                            ; Check what's on square
   02f9   f8 60             LDI HIGH(BOARD)
   02fb   ba                PHI 10
   02fc   87                GLO 7
   02fd   aa                PLO 10
   02fe   0a                LDN 10              ; Load piece
   02ff   c2 02 eb          LBZ ATTACK_SLIDE_LOOP ; Empty, continue sliding
                        
                            ; Piece found - save it
   0302   bf                PHI 15              ; F.1 = piece (F.0 still has direction)
                        
                            ; Check if enemy color
   0303   fa 08             ANI COLOR_MASK     ; D = piece color
   0305   52                STR 2              ; Save piece color at M[R2]
                        
                            ; Get enemy color from memory (simple and reliable!)
   0306   68 ca 64 a9       RLDI 10, ENEMY_COLOR_TEMP
   030a   0a                LDN 10              ; D = enemy color
                        
                            ; Compare: D = enemy_color, M[R2] = piece_color
   030b   e2                SEX 2               ; Ensure X=2 for XOR instruction
   030c   f3                XOR                 ; D = enemy_color XOR piece_color
   030d   ca 03 5f          LBNZ ATTACK_SLIDE_NONE ; Wrong color, blocked by friendly
                        
                            ; Right color - check piece type
   0310   9f                GHI 15              ; Get piece back
   0311   fa 07             ANI PIECE_MASK     ; Get type
   0313   aa                PLO 10              ; Save type in A.0 temporarily
                        
                            ; Check based on direction (diagonal vs orthogonal)
   0314   8f                GLO 15              ; Get direction
   0315   fa 0f             ANI $0F            ; Low nibble
                            ; Diagonal directions: NE=$F1, NW=$EF, SE=$11, SW=$0F
                            ; Orthogonal: N=$F0, S=$10, E=$01, W=$FF
                            ; Diagonal low nibbles: 1, F (15), 1, F
                            ; Orthogonal low nibbles: 0, 0, 1, F
                            ; Hmm, this doesn't cleanly separate them...
                        
                            ; Simpler: check if piece is bishop, rook, or queen
   0317   8a                GLO 10              ; piece type
   0318   fb 05             XRI QUEEN_TYPE
   031a   c2 03 62          LBZ ATTACK_SLIDE_YES ; Queen attacks in all directions
                        
   031d   8a                GLO 10
   031e   fb 03             XRI BISHOP_TYPE
   0320   c2 03 2c          LBZ ATTACK_SLIDE_CHECK_DIAG
                        
   0323   8a                GLO 10
   0324   fb 04             XRI ROOK_TYPE
   0326   c2 03 47          LBZ ATTACK_SLIDE_CHECK_ORTH
                        
                            ; Not a sliding piece, blocked
   0329   c0 03 5f          LBR ATTACK_SLIDE_NONE
                        
   032c                 ATTACK_SLIDE_CHECK_DIAG:
                            ; Bishop - only attacks on diagonals
                            ; Check if direction is diagonal (NE, NW, SE, SW)
   032c   8f                GLO 15
   032d   fb f1             XRI DIR_NE
   032f   c2 03 62          LBZ ATTACK_SLIDE_YES
   0332   8f                GLO 15
   0333   fb ef             XRI DIR_NW
   0335   c2 03 62          LBZ ATTACK_SLIDE_YES
   0338   8f                GLO 15
   0339   fb 11             XRI DIR_SE
   033b   c2 03 62          LBZ ATTACK_SLIDE_YES
   033e   8f                GLO 15
   033f   fb 0f             XRI DIR_SW
   0341   c2 03 62          LBZ ATTACK_SLIDE_YES
   0344   c0 03 5f          LBR ATTACK_SLIDE_NONE
                        
   0347                 ATTACK_SLIDE_CHECK_ORTH:
                            ; Rook - only attacks on orthogonals
   0347   8f                GLO 15
   0348   fb f0             XRI DIR_N
   034a   c2 03 62          LBZ ATTACK_SLIDE_YES
   034d   8f                GLO 15
   034e   fb 10             XRI DIR_S
   0350   c2 03 62          LBZ ATTACK_SLIDE_YES
   0353   8f                GLO 15
   0354   fb 01             XRI DIR_E
   0356   c2 03 62          LBZ ATTACK_SLIDE_YES
   0359   8f                GLO 15
   035a   fb ff             XRI DIR_W
   035c   c2 03 62          LBZ ATTACK_SLIDE_YES
                            ; Fall through to none
                        
   035f                 ATTACK_SLIDE_NONE:
   035f   f8 00             LDI 0
   0361   d5                RETN
                        
   0362                 ATTACK_SLIDE_YES:
   0362   f8 01             LDI 1
   0364   d5                RETN
                        
                        ; ==============================================================================
                        ; End of Check Detection
                        ; ==============================================================================
                        ; ==============================================================================
                        ; RCA 1802/1806 Chess Engine - Move Generation Helpers
                        ; ==============================================================================
                        ; Helper functions for move generation
                        ; ==============================================================================
                        
                        ; ------------------------------------------------------------------------------
                        ; CHECK_TARGET_SQUARE - Check if move to target square is valid
                        ; ------------------------------------------------------------------------------
                        ; Input:  B.0 = target square (0x88 format)
                        ;         C = side to move color
                        ; Output: D = 0 (can't move), 1 (empty square), 2 (capture)
                        ;         DF = 1 if can move, 0 if blocked by friendly
                        ; Uses:   Temp register
                        ; ------------------------------------------------------------------------------
   0365                 CHECK_TARGET_SQUARE:
                            ; Ensure X=2 for XOR instruction
   0365   e2                SEX 2
                        
                            ; First check if square is valid
   0366   8b                GLO 11
   0367   fa 88             ANI $88
   0369   ca 03 8a          LBNZ CHECK_TARGET_INVALID
                        
                            ; Get piece at target square (use R7, not R13 - R13 is loop counter!)
   036c   f8 60             LDI HIGH(BOARD)
   036e   b7                PHI 7
   036f   8b                GLO 11
   0370   a7                PLO 7               ; R7 = BOARD + target square
                        
   0371   07                LDN 7               ; Load piece at target
   0372   c2 03 84          LBZ CHECK_TARGET_EMPTY
                        
                            ; Square occupied - check color
   0375   fa 08             ANI COLOR_MASK
   0377   52                STR 2
   0378   8c                GLO 12              ; Side to move
   0379   f3                XOR                 ; D = side XOR piece_color (0 if same color)
   037a   c2 03 81          LBZ CHECK_TARGET_FRIENDLY
                        
                            ; Enemy piece - capture
   037d   f8 01             LDI 1
   037f   fe                SHL                 ; Set DF (D becomes 2, which we want)
   0380   d5                RETN
                        
   0381                 CHECK_TARGET_FRIENDLY:
                            ; Friendly piece - can't move here
   0381   f8 00             LDI 0               ; D = 0, DF unchanged
   0383   d5                RETN
                        
   0384                 CHECK_TARGET_EMPTY:
                            ; Empty square - can move
   0384   f8 00             LDI 0
   0386   fe                SHL                 ; Set DF, D stays 0
   0387   f8 01             LDI 1               ; D = 1
   0389   d5                RETN
                        
   038a                 CHECK_TARGET_INVALID:
   038a   f8 00             LDI 0               ; D = 0, DF unchanged
   038c   d5                RETN
                        
                        ; MOVE_FLAGS_TEMP defined in board.asm ($6406)
                        ; All engine variables consolidated at $6400+ region
                        
                        ; ------------------------------------------------------------------------------
                        ; ENCODE_MOVE_16BIT - Properly encode move as 16-bit value
                        ; ------------------------------------------------------------------------------
                        ; Input:  R13.1 = from square (7 bits)
                        ;         R13.0 = to square (7 bits)
                        ;         MOVE_FLAGS_TEMP = special flags (2 bits) - set before CALL
                        ; Output: R8 = encoded 16-bit move
                        ; Uses:   D
                        ;
                        ; Encoding: [flags:2][to:7][from:7]
                        ; Bits 0-6: from, Bits 7-13: to, Bits 14-15: flags
                        ; NOTE: R14 is off-limits (BIOS uses it for serial baud rate)
                        ; ------------------------------------------------------------------------------
   038d                 ENCODE_MOVE_16BIT:
                            ; Low byte = from (bits 0-6) + bit 0 of to (bit 7)
                            ; NO STACK OPERATIONS - use conditional ORI instead
   038d   9d                GHI 13              ; From square
   038e   fa 7f             ANI $7F             ; Ensure 7 bits
   0390   a8                PLO 8               ; 8.0 = from
                        
   0391   8d                GLO 13              ; To square
   0392   fa 01             ANI $01             ; Get bit 0 of to
   0394   c2 03 9b          LBZ ENCODE_LOW_DONE ; If to.0 = 0, R8.0 already correct
                            ; to.0 = 1, need to set bit 7
   0397   88                GLO 8
   0398   f9 80             ORI $80
   039a   a8                PLO 8               ; 8.0 = from | $80
   039b                 ENCODE_LOW_DONE:
                        
                            ; High byte = bits 1-6 of to (bits 0-5) + flags (bits 6-7)
   039b   8d                GLO 13              ; To square
   039c   f6                SHR                 ; Shift right 1 (remove bit 0)
   039d   fa 3f             ANI $3F             ; Mask to 6 bits
   039f   b8                PHI 8               ; 8.1 = to.bits[1-6]
                        
                            ; Get flags from memory - use conditional ORI (no stack!)
   03a0   68 c7 64 06       RLDI 7, MOVE_FLAGS_TEMP
   03a4   07                LDN 7               ; D = flags
   03a5   fa 03             ANI $03             ; Ensure 2 bits
   03a7   c2 03 c6          LBZ ENCODE_HI_DONE  ; flags = 0 (MOVE_NORMAL), no change needed
   03aa   ff 01             SMI 1
   03ac   c2 03 c2          LBZ ENCODE_FLAG_1   ; flags = 1
   03af   ff 01             SMI 1
   03b1   c2 03 bb          LBZ ENCODE_FLAG_2   ; flags = 2
                            ; flags = 3
   03b4   98                GHI 8
   03b5   f9 c0             ORI $C0
   03b7   b8                PHI 8
   03b8   c0 03 c6          LBR ENCODE_HI_DONE
   03bb                 ENCODE_FLAG_2:
   03bb   98                GHI 8
   03bc   f9 80             ORI $80
   03be   b8                PHI 8
   03bf   c0 03 c6          LBR ENCODE_HI_DONE
   03c2                 ENCODE_FLAG_1:
   03c2   98                GHI 8
   03c3   f9 40             ORI $40
   03c5   b8                PHI 8
   03c6                 ENCODE_HI_DONE:
   03c6   d5                RETN
                        
                        ; DECODED_FLAGS defined in board.asm ($6405)
                        ; All engine variables consolidated at $6400+ region
                        
                        ; ------------------------------------------------------------------------------
                        ; DECODE_MOVE_16BIT - Decode 16-bit move
                        ; ------------------------------------------------------------------------------
                        ; Input:  8 = encoded move (R8, not R6!)
                        ; Output: R13.1 = from square
                        ;         R13.0 = to square
                        ;         DECODED_FLAGS = special flags (stored in memory, not R14!)
                        ; NOTE: R14 is off-limits (BIOS uses it for serial baud rate)
                        ; ------------------------------------------------------------------------------
   03c7                 DECODE_MOVE_16BIT:
                            ; NO STACK OPERATIONS - use conditional ORI instead
                        
                            ; Extract from (bits 0-6 of low byte)
   03c7   88                GLO 8
   03c8   fa 7f             ANI $7F
   03ca   bd                PHI 13              ; R13.1 = from
                        
                            ; Extract to square (bit 7 of low byte + bits 0-5 of high byte)
                            ; First get to.bits[1-6] from high byte, shifted left
   03cb   98                GHI 8               ; High byte
   03cc   fa 3f             ANI $3F             ; Bits 0-5 are to.bits[1-6]
   03ce   fe                SHL                 ; Shift left 1
   03cf   ad                PLO 13              ; R13.0 = to.bits[1-6] << 1
                        
                            ; Now check if bit 7 of low byte (to.bit0) is set
   03d0   88                GLO 8               ; Low byte
   03d1   fa 80             ANI $80             ; Check bit 7
   03d3   c2 03 da          LBZ DECODE_TO_DONE  ; If 0, R13.0 is complete
                            ; to.bit0 = 1, add it
   03d6   8d                GLO 13
   03d7   f9 01             ORI $01
   03d9   ad                PLO 13              ; R13.0 = to (full 7 bits)
   03da                 DECODE_TO_DONE:
                        
                            ; Extract flags (bits 6-7 of high byte) - store to memory
                            ; Set up pointer first (before extracting, since LDI clobbers D)
   03da   68 c7 64 05       RLDI 7, DECODED_FLAGS
                            ; Now extract and store flags
   03de   98                GHI 8
   03df   f6                SHR
   03e0   f6                SHR
   03e1   f6                SHR
   03e2   f6                SHR
   03e3   f6                SHR
   03e4   f6                SHR                 ; Shift right 6
   03e5   fa 03             ANI $03             ; Mask to 2 bits
   03e7   57                STR 7               ; Store to DECODED_FLAGS memory
                        
   03e8   d5                RETN
                        
                        ; ------------------------------------------------------------------------------
                        ; ADD_MOVE_ENCODED - Add properly encoded move to list
                        ; ------------------------------------------------------------------------------
                        ; Input:  R13.1 = from square
                        ;         R13.0 = to square
                        ;         D = special flags (MOVE_NORMAL, MOVE_EP, etc.)
                        ;         R9 = move list pointer (updated)
                        ; Output: Move added to list, R9 incremented by 2
                        ; NOTE: R14 is off-limits (BIOS uses it for serial baud rate)
                        ; ------------------------------------------------------------------------------
   03e9                 ADD_MOVE_ENCODED:
                            ; Ensure X=2 for stack operations
   03e9   e2                SEX 2
                        
                            ; Save flags in R8.1 IMMEDIATELY (D = flags on entry)
                            ; R8 is output register — ENCODE_MOVE_16BIT will overwrite it
   03ea   b8                PHI 8               ; R8.1 = flags (safe from D clobber)
                        
                            ; Bounds guard: cap at 64 moves per ply (128 bytes)
                            ; R15 = ply start, R9 = current write pointer
                            ; When (R9.0 XOR R15.0) has bit 7 set, we've crossed the 128-byte boundary
   03eb   89                GLO 9
   03ec   52                STR 2
   03ed   8f                GLO 15
   03ee   f3                XOR                 ; D = R9.0 XOR R15.0
   03ef   fa 80             ANI $80             ; Check bit 7
   03f1   ca 04 0d          LBNZ AME_FULL       ; Move list full, skip this move
                        
                            ; Save R7 (used by slider loops for current position!)
   03f4   87                GLO 7
   03f5   73                STXD
   03f6   97                GHI 7
   03f7   73                STXD
                        
                            ; Store saved flags from R8.1 to MOVE_FLAGS_TEMP
   03f8   68 c7 64 06       RLDI 7, MOVE_FLAGS_TEMP
   03fc   98                GHI 8               ; D = saved flags
   03fd   57                STR 7               ; MOVE_FLAGS_TEMP = flags
                        
   03fe   d4 03 8d          CALL ENCODE_MOVE_16BIT
                            ; R8 now has encoded move
                        
                            ; Store to move list (big-endian: high byte first)
   0401   98                GHI 8
   0402   59                STR 9
   0403   19                INC 9
                        
   0404   88                GLO 8
   0405   59                STR 9
   0406   19                INC 9
                        
                            ; Restore R7
   0407   60                IRX
   0408   72                LDXA
   0409   b7                PHI 7
   040a   f0                LDX
   040b   a7                PLO 7
                        
   040c   d5                RETN
                        
   040d                 AME_FULL:
                            ; Move list full (64 moves) - silently discard
   040d   d5                RETN
                        
                        ; ------------------------------------------------------------------------------
                        ; GEN_PAWN_PROMOTION - Generate queen promotion move
                        ; ------------------------------------------------------------------------------
                        ; Input:  R11.1 = from square (pawn on 7th rank)
                        ;         R11.0 = to square (8th rank)
                        ;         R9 = move list pointer
                        ; Output: 1 queen promotion move added
                        ; ------------------------------------------------------------------------------
   040e                 GEN_PAWN_PROMOTION:
                            ; Generate queen promotion only (engine always promotes to queen)
                            ; NOTE: ADD_MOVE_ENCODED now takes flags in D (not R14 - BIOS uses it)
   040e   9b                GHI 11              ; From (from R11.1)
   040f   bd                PHI 13
   0410   8b                GLO 11              ; To
   0411   ad                PLO 13
   0412   f8 03             LDI MOVE_PROMOTION
   0414   d4 03 e9          CALL ADD_MOVE_ENCODED
                        
   0417   d5                RETN
                        
                        ; ------------------------------------------------------------------------------
                        ; CHECK_EN_PASSANT - Check if en passant capture is legal
                        ; ------------------------------------------------------------------------------
                        ; Input:  B.0 = target square
                        ;         C = side to move
                        ; Output: D = 1 if legal en passant, 0 otherwise
                        ; ------------------------------------------------------------------------------
   0418                 CHECK_EN_PASSANT:
                            ; Ensure X=2 for XOR instruction
   0418   e2                SEX 2
                        
                            ; Get en passant square from game state
   0419   68 cd 60 82       RLDI 13, GAME_STATE + STATE_EP_SQUARE
                        
   041d   0d                LDN 13              ; Load EP square
   041e   52                STR 2
   041f   8b                GLO 11              ; Target square
   0420   f3                XOR                 ; Compare (D = target XOR ep, 0 if match)
   0421   3a 26             BNZ CHECK_EP_NO     ; Not EP square (different)
                        
                            ; Target matches EP square
   0423   f8 01             LDI 1
   0425   d5                RETN
                        
   0426                 CHECK_EP_NO:
   0426   f8 00             LDI 0
   0428   d5                RETN
                        
                        ; ------------------------------------------------------------------------------
                        ; GEN_CASTLING_MOVES - Generate castling moves if legal
                        ; ------------------------------------------------------------------------------
                        ; Input:  D = king square (passed in)
                        ;         R12 = side to move
                        ;         R9 = move list pointer
                        ; Output: Castling moves added if legal
                        ; ------------------------------------------------------------------------------
   0429                 GEN_CASTLING_MOVES:
                            ; Ensure X=2 for stack operations
   0429   e2                SEX 2
                        
                            ; Save king square on stack
   042a   73                STXD
                        
                            ; Check castling rights
   042b   d4 01 56          CALL GET_CASTLING_RIGHTS
                            ; D = castling rights
                        
                            ; Save castling rights on stack
   042e   73                STXD
                        
                            ; Determine which castling rights to check based on color
   042f   8c                GLO 12
   0430   c2 04 85          LBZ GEN_CASTLE_WHITE
                        
   0433                 GEN_CASTLE_BLACK:
                            ; Check black kingside - get rights from stack
   0433   60                IRX
   0434   02                LDN 2               ; D = rights
   0435   22                DEC 2
   0436   fa 04             ANI CASTLE_BK
   0438   c2 04 57          LBZ GEN_CASTLE_BQ
                        
                            ; King on e8, rook on h8 - in 0x88: e8=$74, g8=$76
                            ; Must verify f8 ($75) and g8 ($76) are empty
   043b   f8 60             LDI HIGH(BOARD)
   043d   b7                PHI 7
   043e   f8 75             LDI $75             ; f8
   0440   a7                PLO 7
   0441   07                LDN 7
   0442   ca 04 57          LBNZ GEN_CASTLE_BQ  ; f8 occupied, can't castle
                        
   0445   f8 76             LDI $76             ; g8
   0447   a7                PLO 7
   0448   07                LDN 7
   0449   ca 04 57          LBNZ GEN_CASTLE_BQ  ; g8 occupied, can't castle
                        
                            ; Squares empty - generate castling move
   044c   f8 74             LDI $74
   044e   bd                PHI 13              ; From (e8)
   044f   f8 76             LDI $76
   0451   ad                PLO 13              ; To (g8)
   0452   f8 01             LDI MOVE_CASTLE
   0454   d4 03 e9          CALL ADD_MOVE_ENCODED
                        
   0457                 GEN_CASTLE_BQ:
                            ; Check black queenside - get rights from stack
   0457   60                IRX
   0458   02                LDN 2               ; D = rights
   0459   22                DEC 2
   045a   fa 08             ANI CASTLE_BQ
   045c   c2 04 d4          LBZ GEN_CASTLE_DONE
                        
                            ; King on e8 ($74), rook on a8 ($70)
                            ; Must verify b8 ($71), c8 ($72), d8 ($73) are empty
   045f   f8 60             LDI HIGH(BOARD)
   0461   b7                PHI 7
   0462   f8 71             LDI $71             ; b8
   0464   a7                PLO 7
   0465   07                LDN 7
   0466   ca 04 d4          LBNZ GEN_CASTLE_DONE ; b8 occupied
                        
   0469   f8 72             LDI $72             ; c8
   046b   a7                PLO 7
   046c   07                LDN 7
   046d   ca 04 d4          LBNZ GEN_CASTLE_DONE ; c8 occupied
                        
   0470   f8 73             LDI $73             ; d8
   0472   a7                PLO 7
   0473   07                LDN 7
   0474   ca 04 d4          LBNZ GEN_CASTLE_DONE ; d8 occupied
                        
                            ; Squares empty - generate castling move
   0477   f8 74             LDI $74
   0479   bd                PHI 13              ; From (e8)
   047a   f8 72             LDI $72
   047c   ad                PLO 13              ; To (c8)
   047d   f8 01             LDI MOVE_CASTLE
   047f   d4 03 e9          CALL ADD_MOVE_ENCODED
   0482   c0 04 d4          LBR GEN_CASTLE_DONE
                        
   0485                 GEN_CASTLE_WHITE:
                            ; Check white kingside - get rights from stack
   0485   60                IRX
   0486   02                LDN 2               ; D = rights
   0487   22                DEC 2
   0488   fa 01             ANI CASTLE_WK
   048a   c2 04 a9          LBZ GEN_CASTLE_WQ
                        
                            ; King on e1 ($04), rook on h1 ($07) - in 0x88: e1=$04, g1=$06
                            ; Must verify f1 ($05) and g1 ($06) are empty
   048d   f8 60             LDI HIGH(BOARD)
   048f   b7                PHI 7
   0490   f8 05             LDI $05             ; f1
   0492   a7                PLO 7
   0493   07                LDN 7
   0494   ca 04 a9          LBNZ GEN_CASTLE_WQ  ; f1 occupied, can't castle
                        
   0497   f8 06             LDI $06             ; g1
   0499   a7                PLO 7
   049a   07                LDN 7
   049b   ca 04 a9          LBNZ GEN_CASTLE_WQ  ; g1 occupied, can't castle
                        
                            ; Squares empty - generate castling move
   049e   f8 04             LDI $04
   04a0   bd                PHI 13              ; From (e1)
   04a1   f8 06             LDI $06
   04a3   ad                PLO 13              ; To (g1)
   04a4   f8 01             LDI MOVE_CASTLE
   04a6   d4 03 e9          CALL ADD_MOVE_ENCODED
                        
   04a9                 GEN_CASTLE_WQ:
                            ; Check white queenside - get rights from stack
   04a9   60                IRX
   04aa   02                LDN 2
   04ab   22                DEC 2
   04ac   fa 02             ANI CASTLE_WQ
   04ae   c2 04 d4          LBZ GEN_CASTLE_DONE
                        
                            ; King on e1 ($04), rook on a1 ($00)
                            ; Must verify b1 ($01), c1 ($02), d1 ($03) are empty
   04b1   f8 60             LDI HIGH(BOARD)
   04b3   b7                PHI 7
   04b4   f8 01             LDI $01             ; b1
   04b6   a7                PLO 7
   04b7   07                LDN 7
   04b8   ca 04 d4          LBNZ GEN_CASTLE_DONE ; b1 occupied
                        
   04bb   f8 02             LDI $02             ; c1
   04bd   a7                PLO 7
   04be   07                LDN 7
   04bf   ca 04 d4          LBNZ GEN_CASTLE_DONE ; c1 occupied
                        
   04c2   f8 03             LDI $03             ; d1
   04c4   a7                PLO 7
   04c5   07                LDN 7
   04c6   ca 04 d4          LBNZ GEN_CASTLE_DONE ; d1 occupied
                        
                            ; Squares empty - generate castling move
   04c9   f8 04             LDI $04
   04cb   bd                PHI 13              ; From (e1)
   04cc   f8 02             LDI $02
   04ce   ad                PLO 13              ; To (c1)
   04cf   f8 01             LDI MOVE_CASTLE
   04d1   d4 03 e9          CALL ADD_MOVE_ENCODED
                        
   04d4                 GEN_CASTLE_DONE:
                            ; Pop castling rights and king square from stack
   04d4   60                IRX                 ; Pop rights
   04d5   60                IRX                 ; Pop king square
   04d6   d5                RETN
                        
                        ; ------------------------------------------------------------------------------
                        ; IS_SQUARE_ATTACKED - Implemented in check.asm
                        ; ------------------------------------------------------------------------------
                        ; This function is fully implemented in check.asm
                        ; No stub needed here
                        
                        ; ==============================================================================
                        ; End of Move Generation Helpers
                        ; ==============================================================================
                        ; ==============================================================================
                        ; RCA 1802/1806 Chess Engine - Move Generation (INTEGRATED VERSION)
                        ; ==============================================================================
                        ; Generate pseudo-legal moves for all piece types
                        ; COMPLETE VERSION with all helpers integrated
                        ; ==============================================================================
                        ;
                        ; BIOS COMPATIBILITY: R14 is clobbered by BIOS calls (R14.0 used for baud).
                        ; This version uses memory for scan index and R11.1 for from square.
                        ;
                        ; ==============================================================================
                        
                        ; NOTE: Direction offsets, KNIGHT_OFFSETS, KING_OFFSETS, and MOVE_* constants
                        ; are now defined in board.asm to avoid duplication and make them available
                        ; to all modules
                        
                        ; GM_SCAN_IDX defined in board.asm ($6407)
                        ; All engine variables consolidated at $6400+ region
                        
                        ; ==============================================================================
                        ; GENERATE_MOVES - Main entry
                        ; ==============================================================================
                        ; Input:  R9 = move list pointer, R12.0 = side to move
                        ; Output: D = move count, R9 = updated past last move
                        ; Uses:   Memory at GM_SCAN_IDX, R11.1 for from square
                        ; ==============================================================================
   04d7                 GENERATE_MOVES:
                            ; Ensure X=2 for all stack/memory operations (XOR, ADD, etc.)
   04d7   e2                SEX 2
                        
                            ; DIAG stamp (2026-07-17 hang hunt): movegen loop nest is untrapped;
                            ; this stamp brackets it. R9 (move-list arg) untouched.
   04d8   68 ca 64 1d       RLDI 10, TRACE_WHERE
   04dc   f8 a5             LDI $A5
   04de   5a                STR 10              ; tracer: in GENERATE_MOVES (R10 reloaded below)
                        
   04df   89                GLO 9
   04e0   af                PLO 15
   04e1   99                GHI 9
   04e2   bf                PHI 15              ; F = move list start
                        
   04e3   68 ca 60 00       RLDI 10, BOARD
                        
                            ; Store scan index in memory (BIOS clobbers R14.0)
   04e7   68 c8 64 07       RLDI 8, GM_SCAN_IDX
   04eb   f8 00             LDI 0
   04ed   58                STR 8               ; scan index = 0
                        
   04ee                 GEN_SCAN_BOARD:
                            ; Load scan index from memory
   04ee   68 c8 64 07       RLDI 8, GM_SCAN_IDX
   04f2   08                LDN 8               ; D = scan index
   04f3   fa 88             ANI $88
   04f5   ca 05 2b          LBNZ GEN_SKIP_SQUARE
                        
   04f8   0a                LDN 10
   04f9   c2 05 2b          LBZ GEN_SKIP_SQUARE
                        
                            ; Check if piece belongs to side to move
   04fc   fa 08             ANI COLOR_MASK
   04fe   52                STR 2
   04ff   8c                GLO 12
   0500   f3                XOR               ; D = side_to_move XOR piece_color (0 if same)
   0501   ca 05 2b          LBNZ GEN_SKIP_SQUARE  ; Skip if colors don't match
                        
                            ; Store from square in R11.1 before dispatching
   0504   68 c8 64 07       RLDI 8, GM_SCAN_IDX
   0508   08                LDN 8
   0509   bb                PHI 11              ; R11.1 = from square (survives CALLs)
                        
   050a   0a                LDN 10
   050b   fa 07             ANI PIECE_MASK
                        
   050d   ff 01             SMI 1
   050f   c2 05 41          LBZ GEN_PAWN
   0512   ff 01             SMI 1
   0514   c2 06 c0          LBZ GEN_KNIGHT
   0517   ff 01             SMI 1
   0519   c2 07 83          LBZ GEN_BISHOP
   051c   ff 01             SMI 1
   051e   c2 07 92          LBZ GEN_ROOK
   0521   ff 01             SMI 1
   0523   c2 07 a1          LBZ GEN_QUEEN
   0526   ff 01             SMI 1
   0528   c2 08 f4          LBZ GEN_KING
                        
   052b                 GEN_SKIP_SQUARE:
   052b   1a                INC 10
                            ; Increment scan index in memory
   052c   68 c8 64 07       RLDI 8, GM_SCAN_IDX
   0530   08                LDN 8
   0531   fc 01             ADI 1
   0533   58                STR 8
   0534   fa 80             ANI $80             ; Check if bit 7 set (>= 128)
   0536   c2 04 ee          LBZ GEN_SCAN_BOARD  ; Continue scanning while < 128
                        
                            ; Calculate move count
   0539   8f                GLO 15              ; Start pointer low byte
   053a   52                STR 2               ; Store on stack
   053b   89                GLO 9               ; Current pointer low byte
   053c   f7                SM                  ; D = current - start = bytes used
   053d   f6                SHR                 ; Divide by 2 for move count
   053e   a8                PLO 8               ; Save move count in R8.0 (temp)
                        
                            ; Return move count
   053f   88                GLO 8
   0540   d5                RETN
                        
                        ; ==============================================================================
                        ; GEN_PAWN - COMPLETE VERSION with validation
                        ; ==============================================================================
                        ; Uses R11.1 for from square (set before dispatch, survives CALLs)
                        ; ==============================================================================
   0541                 GEN_PAWN:
   0541   8c                GLO 12
   0542   c2 05 f9          LBZ GEN_PAWN_WHITE
                        
   0545                 GEN_PAWN_BLACK:
                            ; Single push (black pawns move towards lower ranks = DIR_N)
   0545   9b                GHI 11              ; From square from R11.1
   0546   fc f0             ADI DIR_N
   0548   ab                PLO 11              ; R11.0 = target square
                        
   0549   fa 88             ANI $88
   054b   ca 05 86          LBNZ GEN_PAWN_CAPTURES_B
                        
                            ; Check if square is empty
   054e   f8 60             LDI HIGH(BOARD)
   0550   bd                PHI 13
   0551   8b                GLO 11
   0552   ad                PLO 13
   0553   0d                LDN 13
   0554   ca 05 86          LBNZ GEN_PAWN_CAPTURES_B  ; Not empty, skip
                        
                            ; Check for promotion (rank 0)
   0557   8b                GLO 11
   0558   fa 70             ANI $70
   055a   c2 06 b3          LBZ GEN_PAWN_PROMO_B
                        
                            ; Add normal push
   055d   9b                GHI 11              ; from (from R11.1)
   055e   bd                PHI 13
   055f   8b                GLO 11              ; to
   0560   ad                PLO 13
   0561   f8 00             LDI MOVE_NORMAL
   0563   d4 03 e9          CALL ADD_MOVE_ENCODED
                        
                            ; Check for double push from rank 6
   0566   9b                GHI 11              ; from square from R11.1
   0567   fa 70             ANI $70
   0569   fb 60             XRI $60
   056b   ca 05 86          LBNZ GEN_PAWN_CAPTURES_B
                        
                            ; Try double push - recalculate target
   056e   9b                GHI 11
   056f   fc f0             ADI DIR_N
   0571   fc f0             ADI DIR_N           ; from + 2*DIR_N
   0573   ab                PLO 11
                        
                            ; Check if empty
   0574   f8 60             LDI HIGH(BOARD)
   0576   bd                PHI 13
   0577   8b                GLO 11
   0578   ad                PLO 13
   0579   0d                LDN 13
   057a   ca 05 86          LBNZ GEN_PAWN_CAPTURES_B
                        
                            ; Add double push
   057d   9b                GHI 11              ; from (from R11.1)
   057e   bd                PHI 13
   057f   8b                GLO 11              ; to
   0580   ad                PLO 13
   0581   f8 00             LDI MOVE_NORMAL
   0583   d4 03 e9          CALL ADD_MOVE_ENCODED
                        
   0586                 GEN_PAWN_CAPTURES_B:
                            ; Left capture (northwest - black moves towards rank 1)
   0586   9b                GHI 11              ; from square from R11.1
   0587   fc ef             ADI DIR_NW
   0589   ab                PLO 11              ; R11.0 = target
                        
   058a   fa 88             ANI $88
   058c   ca 05 be          LBNZ GEN_PAWN_RIGHT_B
                        
                            ; Check if enemy piece
   058f   d4 03 65          CALL CHECK_TARGET_SQUARE
                            ; D = 0 (blocked), 1 (empty), 2 (capture)
   0592   fb 02             XRI 2
   0594   ca 05 ab          LBNZ GEN_PAWN_EP_LEFT_B   ; Not a capture
                        
                            ; Add capture (or capture-promotion if dest rank == 0 for black)
   0597   9b                GHI 11              ; from (from R11.1)
   0598   bd                PHI 13
   0599   8b                GLO 11              ; to
   059a   ad                PLO 13
   059b   8b                GLO 11
   059c   fa 70             ANI $70             ; D = 0 iff dest is on rank 0 (black last rank)
   059e   c2 05 a6          LBZ GMP_B_CL_PROMO
   05a1   f8 00             LDI MOVE_NORMAL
   05a3   c0 05 a8          LBR GMP_B_CL_EMIT
   05a6                 GMP_B_CL_PROMO:
   05a6   f8 03             LDI MOVE_PROMOTION
   05a8                 GMP_B_CL_EMIT:
   05a8   d4 03 e9          CALL ADD_MOVE_ENCODED
                        
   05ab                 GEN_PAWN_EP_LEFT_B:
                            ; Check for en passant - recalculate target
   05ab   9b                GHI 11
   05ac   fc ef             ADI DIR_NW
   05ae   ab                PLO 11
   05af   d4 04 18          CALL CHECK_EN_PASSANT
   05b2   c2 05 be          LBZ GEN_PAWN_RIGHT_B
                        
                            ; Add EP capture
   05b5   9b                GHI 11              ; from (from R11.1)
   05b6   bd                PHI 13
   05b7   8b                GLO 11              ; to
   05b8   ad                PLO 13
   05b9   f8 02             LDI MOVE_EP
   05bb   d4 03 e9          CALL ADD_MOVE_ENCODED
                        
   05be                 GEN_PAWN_RIGHT_B:
                            ; Right capture (northeast - black moves towards rank 1)
   05be   9b                GHI 11              ; from square from R11.1
   05bf   fc f1             ADI DIR_NE
   05c1   ab                PLO 11              ; R11.0 = target
                        
   05c2   fa 88             ANI $88
   05c4   ca 06 bd          LBNZ GEN_PAWN_DONE
                        
   05c7   d4 03 65          CALL CHECK_TARGET_SQUARE
   05ca   fb 02             XRI 2
   05cc   ca 05 e3          LBNZ GEN_PAWN_EP_RIGHT_B
                        
   05cf   9b                GHI 11              ; from (from R11.1)
   05d0   bd                PHI 13
   05d1   8b                GLO 11              ; to
   05d2   ad                PLO 13
                            ; Capture-promotion check (mirror of left capture).
   05d3   8b                GLO 11
   05d4   fa 70             ANI $70             ; D = 0 iff dest is on rank 0
   05d6   c2 05 de          LBZ GMP_B_CR_PROMO
   05d9   f8 00             LDI MOVE_NORMAL
   05db   c0 05 e0          LBR GMP_B_CR_EMIT
   05de                 GMP_B_CR_PROMO:
   05de   f8 03             LDI MOVE_PROMOTION
   05e0                 GMP_B_CR_EMIT:
   05e0   d4 03 e9          CALL ADD_MOVE_ENCODED
                        
   05e3                 GEN_PAWN_EP_RIGHT_B:
                            ; Recalculate target for EP check
   05e3   9b                GHI 11
   05e4   fc f1             ADI DIR_NE
   05e6   ab                PLO 11
   05e7   d4 04 18          CALL CHECK_EN_PASSANT
   05ea   c2 06 bd          LBZ GEN_PAWN_DONE
                        
   05ed   9b                GHI 11              ; from (from R11.1)
   05ee   bd                PHI 13
   05ef   8b                GLO 11              ; to
   05f0   ad                PLO 13
   05f1   f8 02             LDI MOVE_EP
   05f3   d4 03 e9          CALL ADD_MOVE_ENCODED
                        
   05f6   c0 06 bd          LBR GEN_PAWN_DONE
                        
   05f9                 GEN_PAWN_WHITE:
                            ; Single push (white pawns move towards higher ranks = DIR_S)
   05f9   9b                GHI 11              ; from square from R11.1
   05fa   fc 10             ADI DIR_S
   05fc   ab                PLO 11              ; R11.0 = target
                        
   05fd   fa 88             ANI $88
   05ff   ca 06 3c          LBNZ GEN_PAWN_CAPTURES_W
                        
                            ; Check if empty
   0602   f8 60             LDI HIGH(BOARD)
   0604   bd                PHI 13
   0605   8b                GLO 11
   0606   ad                PLO 13
   0607   0d                LDN 13
   0608   ca 06 3c          LBNZ GEN_PAWN_CAPTURES_W
                        
                            ; Check for promotion (rank 7)
   060b   8b                GLO 11
   060c   fa 70             ANI $70
   060e   fb 70             XRI $70
   0610   c2 06 b3          LBZ GEN_PAWN_PROMO_W
                        
                            ; Add push
   0613   9b                GHI 11              ; from (from R11.1)
   0614   bd                PHI 13
   0615   8b                GLO 11              ; to
   0616   ad                PLO 13
   0617   f8 00             LDI MOVE_NORMAL
   0619   d4 03 e9          CALL ADD_MOVE_ENCODED
                        
                            ; Double push from rank 1
   061c   9b                GHI 11              ; from square from R11.1
   061d   fa 70             ANI $70
   061f   fb 10             XRI $10
   0621   ca 06 3c          LBNZ GEN_PAWN_CAPTURES_W
                        
                            ; Recalculate double push target
   0624   9b                GHI 11
   0625   fc 10             ADI DIR_S
   0627   fc 10             ADI DIR_S           ; from + 2*DIR_S
   0629   ab                PLO 11
                        
   062a   f8 60             LDI HIGH(BOARD)
   062c   bd                PHI 13
   062d   8b                GLO 11
   062e   ad                PLO 13
   062f   0d                LDN 13
   0630   ca 06 3c          LBNZ GEN_PAWN_CAPTURES_W
                        
   0633   9b                GHI 11              ; from (from R11.1)
   0634   bd                PHI 13
   0635   8b                GLO 11              ; to
   0636   ad                PLO 13
   0637   f8 00             LDI MOVE_NORMAL
   0639   d4 03 e9          CALL ADD_MOVE_ENCODED
                        
   063c                 GEN_PAWN_CAPTURES_W:
                            ; Left capture (southwest - rank up, file down)
   063c   9b                GHI 11              ; from square from R11.1
   063d   fc 0f             ADI DIR_SW
   063f   ab                PLO 11              ; R11.0 = target
                        
   0640   fa 88             ANI $88
   0642   ca 06 76          LBNZ GEN_PAWN_RIGHT_W
                        
   0645   d4 03 65          CALL CHECK_TARGET_SQUARE
   0648   fb 02             XRI 2
   064a   ca 06 63          LBNZ GEN_PAWN_EP_LEFT_W
                        
   064d   9b                GHI 11              ; from (from R11.1)
   064e   bd                PHI 13
   064f   8b                GLO 11              ; to
   0650   ad                PLO 13
                            ; Capture-promotion check: if dest rank == 7 (white last rank),
                            ; emit with MOVE_PROMOTION instead of MOVE_NORMAL.
   0651   8b                GLO 11
   0652   fa 70             ANI $70
   0654   fb 70             XRI $70             ; D = 0 iff dest is on rank 7
   0656   c2 06 5e          LBZ GMP_W_CL_PROMO
   0659   f8 00             LDI MOVE_NORMAL
   065b   c0 06 60          LBR GMP_W_CL_EMIT
   065e                 GMP_W_CL_PROMO:
   065e   f8 03             LDI MOVE_PROMOTION
   0660                 GMP_W_CL_EMIT:
   0660   d4 03 e9          CALL ADD_MOVE_ENCODED
                        
   0663                 GEN_PAWN_EP_LEFT_W:
                            ; Recalculate target for EP check
   0663   9b                GHI 11
   0664   fc 0f             ADI DIR_SW
   0666   ab                PLO 11
   0667   d4 04 18          CALL CHECK_EN_PASSANT
   066a   c2 06 76          LBZ GEN_PAWN_RIGHT_W
                        
   066d   9b                GHI 11              ; from (from R11.1)
   066e   bd                PHI 13
   066f   8b                GLO 11              ; to
   0670   ad                PLO 13
   0671   f8 02             LDI MOVE_EP
   0673   d4 03 e9          CALL ADD_MOVE_ENCODED
                        
   0676                 GEN_PAWN_RIGHT_W:
                            ; Right capture (southeast - rank up, file up)
   0676   9b                GHI 11              ; from square from R11.1
   0677   fc 11             ADI DIR_SE
   0679   ab                PLO 11              ; R11.0 = target
                        
   067a   fa 88             ANI $88
   067c   ca 06 bd          LBNZ GEN_PAWN_DONE
                        
   067f   d4 03 65          CALL CHECK_TARGET_SQUARE
   0682   fb 02             XRI 2
   0684   ca 06 9d          LBNZ GEN_PAWN_EP_RIGHT_W
                        
   0687   9b                GHI 11              ; from (from R11.1)
   0688   bd                PHI 13
   0689   8b                GLO 11              ; to
   068a   ad                PLO 13
                            ; Capture-promotion check (mirror of left capture).
   068b   8b                GLO 11
   068c   fa 70             ANI $70
   068e   fb 70             XRI $70             ; D = 0 iff dest is on rank 7
   0690   c2 06 98          LBZ GMP_W_CR_PROMO
   0693   f8 00             LDI MOVE_NORMAL
   0695   c0 06 9a          LBR GMP_W_CR_EMIT
   0698                 GMP_W_CR_PROMO:
   0698   f8 03             LDI MOVE_PROMOTION
   069a                 GMP_W_CR_EMIT:
   069a   d4 03 e9          CALL ADD_MOVE_ENCODED
                        
   069d                 GEN_PAWN_EP_RIGHT_W:
                            ; Recalculate target for EP check
   069d   9b                GHI 11
   069e   fc 11             ADI DIR_SE
   06a0   ab                PLO 11
   06a1   d4 04 18          CALL CHECK_EN_PASSANT
   06a4   c2 06 bd          LBZ GEN_PAWN_DONE
                        
   06a7   9b                GHI 11              ; from (from R11.1)
   06a8   bd                PHI 13
   06a9   8b                GLO 11              ; to
   06aa   ad                PLO 13
   06ab   f8 02             LDI MOVE_EP
   06ad   d4 03 e9          CALL ADD_MOVE_ENCODED
                        
   06b0   c0 06 bd          LBR GEN_PAWN_DONE
                        
   06b3                 GEN_PAWN_PROMO_B:
   06b3                 GEN_PAWN_PROMO_W:
                            ; Generate 4 promotion moves
                            ; R11.1 = from, R11.0 = to (set before we got here)
   06b3   d4 04 0e          CALL GEN_PAWN_PROMOTION
                        
                            ; Continue with captures based on color
   06b6   8c                GLO 12
   06b7   c2 06 3c          LBZ GEN_PAWN_CAPTURES_W
   06ba   c0 05 86          LBR GEN_PAWN_CAPTURES_B
                        
   06bd                 GEN_PAWN_DONE:
   06bd   c0 05 2b          LBR GEN_SKIP_SQUARE
                        
                        ; ==============================================================================
                        ; GEN_KNIGHT - UNROLLED VERSION (no stack math, no loops)
                        ; ==============================================================================
                        ; R11.1 has from square on entry (set before dispatch, survives CALLs)
                        ; Uses ADI with immediate offsets - no ADD/stack operations
                        ; Knight offsets: NNE=$21, NNW=$1F, NEE=$12, NWW=$0E
                        ;                 SSE=$E1, SSW=$DF, SEE=$F2, SWW=$EE
                        ; ==============================================================================
   06c0                 GEN_KNIGHT:
                            ; --- Direction 1: NNE (+$21) ---
   06c0   9b                GHI 11              ; From square
   06c1   fc 21             ADI $21             ; target = from + $21
   06c3   ab                PLO 11              ; R11.0 = target
   06c4   fa 88             ANI $88
   06c6   ca 06 d8          LBNZ GEN_KN_DIR2
   06c9   d4 03 65          CALL CHECK_TARGET_SQUARE
   06cc   c2 06 d8          LBZ GEN_KN_DIR2
   06cf   9b                GHI 11
   06d0   bd                PHI 13
   06d1   8b                GLO 11
   06d2   ad                PLO 13
   06d3   f8 00             LDI MOVE_NORMAL
   06d5   d4 03 e9          CALL ADD_MOVE_ENCODED
                        
   06d8                 GEN_KN_DIR2:
                            ; --- Direction 2: NNW (+$1F) ---
   06d8   9b                GHI 11
   06d9   fc 1f             ADI $1F
   06db   ab                PLO 11
   06dc   fa 88             ANI $88
   06de   ca 06 f0          LBNZ GEN_KN_DIR3
   06e1   d4 03 65          CALL CHECK_TARGET_SQUARE
   06e4   c2 06 f0          LBZ GEN_KN_DIR3
   06e7   9b                GHI 11
   06e8   bd                PHI 13
   06e9   8b                GLO 11
   06ea   ad                PLO 13
   06eb   f8 00             LDI MOVE_NORMAL
   06ed   d4 03 e9          CALL ADD_MOVE_ENCODED
                        
   06f0                 GEN_KN_DIR3:
                            ; --- Direction 3: NEE (+$12) ---
   06f0   9b                GHI 11
   06f1   fc 12             ADI $12
   06f3   ab                PLO 11
   06f4   fa 88             ANI $88
   06f6   ca 07 08          LBNZ GEN_KN_DIR4
   06f9   d4 03 65          CALL CHECK_TARGET_SQUARE
   06fc   c2 07 08          LBZ GEN_KN_DIR4
   06ff   9b                GHI 11
   0700   bd                PHI 13
   0701   8b                GLO 11
   0702   ad                PLO 13
   0703   f8 00             LDI MOVE_NORMAL
   0705   d4 03 e9          CALL ADD_MOVE_ENCODED
                        
   0708                 GEN_KN_DIR4:
                            ; --- Direction 4: NWW (+$0E) ---
   0708   9b                GHI 11
   0709   fc 0e             ADI $0E
   070b   ab                PLO 11
   070c   fa 88             ANI $88
   070e   ca 07 20          LBNZ GEN_KN_DIR5
   0711   d4 03 65          CALL CHECK_TARGET_SQUARE
   0714   c2 07 20          LBZ GEN_KN_DIR5
   0717   9b                GHI 11
   0718   bd                PHI 13
   0719   8b                GLO 11
   071a   ad                PLO 13
   071b   f8 00             LDI MOVE_NORMAL
   071d   d4 03 e9          CALL ADD_MOVE_ENCODED
                        
   0720                 GEN_KN_DIR5:
                            ; --- Direction 5: SSE (+$E1 = -$1F) ---
   0720   9b                GHI 11
   0721   fc e1             ADI $E1
   0723   ab                PLO 11
   0724   fa 88             ANI $88
   0726   ca 07 38          LBNZ GEN_KN_DIR6
   0729   d4 03 65          CALL CHECK_TARGET_SQUARE
   072c   c2 07 38          LBZ GEN_KN_DIR6
   072f   9b                GHI 11
   0730   bd                PHI 13
   0731   8b                GLO 11
   0732   ad                PLO 13
   0733   f8 00             LDI MOVE_NORMAL
   0735   d4 03 e9          CALL ADD_MOVE_ENCODED
                        
   0738                 GEN_KN_DIR6:
                            ; --- Direction 6: SSW (+$DF = -$21) ---
   0738   9b                GHI 11
   0739   fc df             ADI $DF
   073b   ab                PLO 11
   073c   fa 88             ANI $88
   073e   ca 07 50          LBNZ GEN_KN_DIR7
   0741   d4 03 65          CALL CHECK_TARGET_SQUARE
   0744   c2 07 50          LBZ GEN_KN_DIR7
   0747   9b                GHI 11
   0748   bd                PHI 13
   0749   8b                GLO 11
   074a   ad                PLO 13
   074b   f8 00             LDI MOVE_NORMAL
   074d   d4 03 e9          CALL ADD_MOVE_ENCODED
                        
   0750                 GEN_KN_DIR7:
                            ; --- Direction 7: SEE (+$F2 = -$0E) ---
   0750   9b                GHI 11
   0751   fc f2             ADI $F2
   0753   ab                PLO 11
   0754   fa 88             ANI $88
   0756   ca 07 68          LBNZ GEN_KN_DIR8
   0759   d4 03 65          CALL CHECK_TARGET_SQUARE
   075c   c2 07 68          LBZ GEN_KN_DIR8
   075f   9b                GHI 11
   0760   bd                PHI 13
   0761   8b                GLO 11
   0762   ad                PLO 13
   0763   f8 00             LDI MOVE_NORMAL
   0765   d4 03 e9          CALL ADD_MOVE_ENCODED
                        
   0768                 GEN_KN_DIR8:
                            ; --- Direction 8: SWW (+$EE = -$12) ---
   0768   9b                GHI 11
   0769   fc ee             ADI $EE
   076b   ab                PLO 11
   076c   fa 88             ANI $88
   076e   ca 07 80          LBNZ GEN_KN_DONE
   0771   d4 03 65          CALL CHECK_TARGET_SQUARE
   0774   c2 07 80          LBZ GEN_KN_DONE
   0777   9b                GHI 11
   0778   bd                PHI 13
   0779   8b                GLO 11
   077a   ad                PLO 13
   077b   f8 00             LDI MOVE_NORMAL
   077d   d4 03 e9          CALL ADD_MOVE_ENCODED
                        
   0780                 GEN_KN_DONE:
   0780   c0 05 2b          LBR GEN_SKIP_SQUARE
                        
                        ; ==============================================================================
                        ; GEN_BISHOP, GEN_ROOK, GEN_QUEEN - Use direction-specific sliding functions
                        ; ==============================================================================
   0783                 GEN_BISHOP:
   0783   d4 07 e3          CALL GEN_SLIDE_NE
   0786   d4 08 cd          CALL GEN_SLIDE_NW
   0789   d4 08 31          CALL GEN_SLIDE_SE
   078c   d4 08 7f          CALL GEN_SLIDE_SW
   078f   c0 05 2b          LBR GEN_SKIP_SQUARE
                        
   0792                 GEN_ROOK:
   0792   d4 07 bc          CALL GEN_SLIDE_N
   0795   d4 08 58          CALL GEN_SLIDE_S
   0798   d4 08 0a          CALL GEN_SLIDE_E
   079b   d4 08 a6          CALL GEN_SLIDE_W
   079e   c0 05 2b          LBR GEN_SKIP_SQUARE
                        
   07a1                 GEN_QUEEN:
   07a1   d4 07 bc          CALL GEN_SLIDE_N
   07a4   d4 07 e3          CALL GEN_SLIDE_NE
   07a7   d4 08 0a          CALL GEN_SLIDE_E
   07aa   d4 08 31          CALL GEN_SLIDE_SE
   07ad   d4 08 58          CALL GEN_SLIDE_S
   07b0   d4 08 7f          CALL GEN_SLIDE_SW
   07b3   d4 08 a6          CALL GEN_SLIDE_W
   07b6   d4 08 cd          CALL GEN_SLIDE_NW
   07b9   c0 05 2b          LBR GEN_SKIP_SQUARE
                        
                        ; ==============================================================================
                        ; GEN_SLIDE_* - Direction-specific sliding (no stack math)
                        ; ==============================================================================
                        ; Each function handles one direction with hardcoded ADI
                        ; R11.1 = from square (survives CALLs), R7.0 = current position
                        ; Direction offsets: N=$10, NE=$11, E=$01, SE=$F1, S=$F0, SW=$EF, W=$FF, NW=$0F
                        ; ==============================================================================
                        
                        ; --- GEN_SLIDE_N: North (+$10) ---
   07bc                 GEN_SLIDE_N:
   07bc   9b                GHI 11
   07bd   a7                PLO 7               ; R7.0 = current position = from
   07be                 GEN_SLIDE_N_LOOP:
   07be   87                GLO 7
   07bf   fc 10             ADI $10             ; next = current + $10
   07c1   a7                PLO 7               ; R7.0 = target
   07c2   fa 88             ANI $88
   07c4   ca 07 e2          LBNZ GEN_SLIDE_N_RET
   07c7   87                GLO 7               ; Get target back (ANI destroyed D)
   07c8   ab                PLO 11              ; R11.0 = target (for CHECK_TARGET_SQUARE)
   07c9   d4 03 65          CALL CHECK_TARGET_SQUARE
   07cc   ab                PLO 11              ; Save result to R11.0 (R8 clobbered by ADD_MOVE_ENCODED)
   07cd   c2 07 e2          LBZ GEN_SLIDE_N_RET
   07d0   9b                GHI 11
   07d1   bd                PHI 13
   07d2   87                GLO 7
   07d3   ad                PLO 13
   07d4   f8 00             LDI MOVE_NORMAL
   07d6   d4 03 e9          CALL ADD_MOVE_ENCODED
   07d9   8b                GLO 11              ; Get result from R11.0
   07da   fb 02             XRI 2
   07dc   c2 07 e2          LBZ GEN_SLIDE_N_RET  ; Capture, stop
   07df   c0 07 be          LBR GEN_SLIDE_N_LOOP
   07e2                 GEN_SLIDE_N_RET:
   07e2   d5                RETN
                        
                        ; --- GEN_SLIDE_NE: Northeast (+$11) ---
   07e3                 GEN_SLIDE_NE:
   07e3   9b                GHI 11
   07e4   a7                PLO 7
   07e5                 GEN_SLIDE_NE_LOOP:
   07e5   87                GLO 7
   07e6   fc 11             ADI $11
   07e8   a7                PLO 7
   07e9   fa 88             ANI $88
   07eb   ca 08 09          LBNZ GEN_SLIDE_NE_RET
   07ee   87                GLO 7
   07ef   ab                PLO 11
   07f0   d4 03 65          CALL CHECK_TARGET_SQUARE
   07f3   ab                PLO 11              ; Save result to R11.0
   07f4   c2 08 09          LBZ GEN_SLIDE_NE_RET
   07f7   9b                GHI 11
   07f8   bd                PHI 13
   07f9   87                GLO 7
   07fa   ad                PLO 13
   07fb   f8 00             LDI MOVE_NORMAL
   07fd   d4 03 e9          CALL ADD_MOVE_ENCODED
   0800   8b                GLO 11              ; Get result from R11.0
   0801   fb 02             XRI 2
   0803   c2 08 09          LBZ GEN_SLIDE_NE_RET
   0806   c0 07 e5          LBR GEN_SLIDE_NE_LOOP
   0809                 GEN_SLIDE_NE_RET:
   0809   d5                RETN
                        
                        ; --- GEN_SLIDE_E: East (+$01) ---
   080a                 GEN_SLIDE_E:
   080a   9b                GHI 11
   080b   a7                PLO 7
   080c                 GEN_SLIDE_E_LOOP:
   080c   87                GLO 7
   080d   fc 01             ADI $01
   080f   a7                PLO 7
   0810   fa 88             ANI $88
   0812   ca 08 30          LBNZ GEN_SLIDE_E_RET
   0815   87                GLO 7
   0816   ab                PLO 11
   0817   d4 03 65          CALL CHECK_TARGET_SQUARE
   081a   ab                PLO 11              ; Save result to R11.0
   081b   c2 08 30          LBZ GEN_SLIDE_E_RET
   081e   9b                GHI 11
   081f   bd                PHI 13
   0820   87                GLO 7
   0821   ad                PLO 13
   0822   f8 00             LDI MOVE_NORMAL
   0824   d4 03 e9          CALL ADD_MOVE_ENCODED
   0827   8b                GLO 11              ; Get result from R11.0
   0828   fb 02             XRI 2
   082a   c2 08 30          LBZ GEN_SLIDE_E_RET
   082d   c0 08 0c          LBR GEN_SLIDE_E_LOOP
   0830                 GEN_SLIDE_E_RET:
   0830   d5                RETN
                        
                        ; --- GEN_SLIDE_SE: Southeast (+$F1 = -$0F) ---
   0831                 GEN_SLIDE_SE:
   0831   9b                GHI 11
   0832   a7                PLO 7
   0833                 GEN_SLIDE_SE_LOOP:
   0833   87                GLO 7
   0834   fc f1             ADI $F1
   0836   a7                PLO 7
   0837   fa 88             ANI $88
   0839   ca 08 57          LBNZ GEN_SLIDE_SE_RET
   083c   87                GLO 7
   083d   ab                PLO 11
   083e   d4 03 65          CALL CHECK_TARGET_SQUARE
   0841   ab                PLO 11              ; Save result to R11.0
   0842   c2 08 57          LBZ GEN_SLIDE_SE_RET
   0845   9b                GHI 11
   0846   bd                PHI 13
   0847   87                GLO 7
   0848   ad                PLO 13
   0849   f8 00             LDI MOVE_NORMAL
   084b   d4 03 e9          CALL ADD_MOVE_ENCODED
   084e   8b                GLO 11              ; Get result from R11.0
   084f   fb 02             XRI 2
   0851   c2 08 57          LBZ GEN_SLIDE_SE_RET
   0854   c0 08 33          LBR GEN_SLIDE_SE_LOOP
   0857                 GEN_SLIDE_SE_RET:
   0857   d5                RETN
                        
                        ; --- GEN_SLIDE_S: South (+$F0 = -$10) ---
   0858                 GEN_SLIDE_S:
   0858   9b                GHI 11
   0859   a7                PLO 7
   085a                 GEN_SLIDE_S_LOOP:
   085a   87                GLO 7
   085b   fc f0             ADI $F0
   085d   a7                PLO 7
   085e   fa 88             ANI $88
   0860   ca 08 7e          LBNZ GEN_SLIDE_S_RET
   0863   87                GLO 7
   0864   ab                PLO 11
   0865   d4 03 65          CALL CHECK_TARGET_SQUARE
   0868   ab                PLO 11              ; Save result to R11.0
   0869   c2 08 7e          LBZ GEN_SLIDE_S_RET
   086c   9b                GHI 11
   086d   bd                PHI 13
   086e   87                GLO 7
   086f   ad                PLO 13
   0870   f8 00             LDI MOVE_NORMAL
   0872   d4 03 e9          CALL ADD_MOVE_ENCODED
   0875   8b                GLO 11              ; Get result from R11.0
   0876   fb 02             XRI 2
   0878   c2 08 7e          LBZ GEN_SLIDE_S_RET
   087b   c0 08 5a          LBR GEN_SLIDE_S_LOOP
   087e                 GEN_SLIDE_S_RET:
   087e   d5                RETN
                        
                        ; --- GEN_SLIDE_SW: Southwest (+$EF = -$11) ---
   087f                 GEN_SLIDE_SW:
   087f   9b                GHI 11
   0880   a7                PLO 7
   0881                 GEN_SLIDE_SW_LOOP:
   0881   87                GLO 7
   0882   fc ef             ADI $EF
   0884   a7                PLO 7
   0885   fa 88             ANI $88
   0887   ca 08 a5          LBNZ GEN_SLIDE_SW_RET
   088a   87                GLO 7
   088b   ab                PLO 11
   088c   d4 03 65          CALL CHECK_TARGET_SQUARE
   088f   ab                PLO 11              ; Save result to R11.0
   0890   c2 08 a5          LBZ GEN_SLIDE_SW_RET
   0893   9b                GHI 11
   0894   bd                PHI 13
   0895   87                GLO 7
   0896   ad                PLO 13
   0897   f8 00             LDI MOVE_NORMAL
   0899   d4 03 e9          CALL ADD_MOVE_ENCODED
   089c   8b                GLO 11              ; Get result from R11.0
   089d   fb 02             XRI 2
   089f   c2 08 a5          LBZ GEN_SLIDE_SW_RET
   08a2   c0 08 81          LBR GEN_SLIDE_SW_LOOP
   08a5                 GEN_SLIDE_SW_RET:
   08a5   d5                RETN
                        
                        ; --- GEN_SLIDE_W: West (+$FF = -$01) ---
   08a6                 GEN_SLIDE_W:
   08a6   9b                GHI 11
   08a7   a7                PLO 7
   08a8                 GEN_SLIDE_W_LOOP:
   08a8   87                GLO 7
   08a9   fc ff             ADI $FF
   08ab   a7                PLO 7
   08ac   fa 88             ANI $88
   08ae   ca 08 cc          LBNZ GEN_SLIDE_W_RET
   08b1   87                GLO 7
   08b2   ab                PLO 11
   08b3   d4 03 65          CALL CHECK_TARGET_SQUARE
   08b6   ab                PLO 11              ; Save result to R11.0
   08b7   c2 08 cc          LBZ GEN_SLIDE_W_RET
   08ba   9b                GHI 11
   08bb   bd                PHI 13
   08bc   87                GLO 7
   08bd   ad                PLO 13
   08be   f8 00             LDI MOVE_NORMAL
   08c0   d4 03 e9          CALL ADD_MOVE_ENCODED
   08c3   8b                GLO 11              ; Get result from R11.0
   08c4   fb 02             XRI 2
   08c6   c2 08 cc          LBZ GEN_SLIDE_W_RET
   08c9   c0 08 a8          LBR GEN_SLIDE_W_LOOP
   08cc                 GEN_SLIDE_W_RET:
   08cc   d5                RETN
                        
                        ; --- GEN_SLIDE_NW: Northwest (+$0F) ---
   08cd                 GEN_SLIDE_NW:
   08cd   9b                GHI 11
   08ce   a7                PLO 7
   08cf                 GEN_SLIDE_NW_LOOP:
   08cf   87                GLO 7
   08d0   fc 0f             ADI $0F
   08d2   a7                PLO 7
   08d3   fa 88             ANI $88
   08d5   ca 08 f3          LBNZ GEN_SLIDE_NW_RET
   08d8   87                GLO 7
   08d9   ab                PLO 11
   08da   d4 03 65          CALL CHECK_TARGET_SQUARE
   08dd   ab                PLO 11              ; Save result to R11.0
   08de   c2 08 f3          LBZ GEN_SLIDE_NW_RET
   08e1   9b                GHI 11
   08e2   bd                PHI 13
   08e3   87                GLO 7
   08e4   ad                PLO 13
   08e5   f8 00             LDI MOVE_NORMAL
   08e7   d4 03 e9          CALL ADD_MOVE_ENCODED
   08ea   8b                GLO 11              ; Get result from R11.0
   08eb   fb 02             XRI 2
   08ed   c2 08 f3          LBZ GEN_SLIDE_NW_RET
   08f0   c0 08 cf          LBR GEN_SLIDE_NW_LOOP
   08f3                 GEN_SLIDE_NW_RET:
   08f3   d5                RETN
                        
                        ; ==============================================================================
                        ; GEN_KING - UNROLLED VERSION with castling (no stack math, no loops)
                        ; ==============================================================================
                        ; R11.1 has from square on entry (set before dispatch, survives CALLs)
                        ; Uses ADI with immediate offsets - no ADD/stack operations
                        ; King offsets: N=$10, NE=$11, E=$01, SE=$F1, S=$F0, SW=$EF, W=$FF, NW=$0F
                        ; ==============================================================================
   08f4                 GEN_KING:
                            ; --- Direction 1: N (+$10) ---
   08f4   9b                GHI 11
   08f5   fc 10             ADI $10
   08f7   ab                PLO 11
   08f8   fa 88             ANI $88
   08fa   ca 09 0c          LBNZ GEN_KG_DIR2
   08fd   d4 03 65          CALL CHECK_TARGET_SQUARE
   0900   c2 09 0c          LBZ GEN_KG_DIR2
   0903   9b                GHI 11
   0904   bd                PHI 13
   0905   8b                GLO 11
   0906   ad                PLO 13
   0907   f8 00             LDI MOVE_NORMAL
   0909   d4 03 e9          CALL ADD_MOVE_ENCODED
                        
   090c                 GEN_KG_DIR2:
                            ; --- Direction 2: NE (+$11) ---
   090c   9b                GHI 11
   090d   fc 11             ADI $11
   090f   ab                PLO 11
   0910   fa 88             ANI $88
   0912   ca 09 24          LBNZ GEN_KG_DIR3
   0915   d4 03 65          CALL CHECK_TARGET_SQUARE
   0918   c2 09 24          LBZ GEN_KG_DIR3
   091b   9b                GHI 11
   091c   bd                PHI 13
   091d   8b                GLO 11
   091e   ad                PLO 13
   091f   f8 00             LDI MOVE_NORMAL
   0921   d4 03 e9          CALL ADD_MOVE_ENCODED
                        
   0924                 GEN_KG_DIR3:
                            ; --- Direction 3: E (+$01) ---
   0924   9b                GHI 11
   0925   fc 01             ADI $01
   0927   ab                PLO 11
   0928   fa 88             ANI $88
   092a   ca 09 3c          LBNZ GEN_KG_DIR4
   092d   d4 03 65          CALL CHECK_TARGET_SQUARE
   0930   c2 09 3c          LBZ GEN_KG_DIR4
   0933   9b                GHI 11
   0934   bd                PHI 13
   0935   8b                GLO 11
   0936   ad                PLO 13
   0937   f8 00             LDI MOVE_NORMAL
   0939   d4 03 e9          CALL ADD_MOVE_ENCODED
                        
   093c                 GEN_KG_DIR4:
                            ; --- Direction 4: SE (+$F1 = -$0F) ---
   093c   9b                GHI 11
   093d   fc f1             ADI $F1
   093f   ab                PLO 11
   0940   fa 88             ANI $88
   0942   ca 09 54          LBNZ GEN_KG_DIR5
   0945   d4 03 65          CALL CHECK_TARGET_SQUARE
   0948   c2 09 54          LBZ GEN_KG_DIR5
   094b   9b                GHI 11
   094c   bd                PHI 13
   094d   8b                GLO 11
   094e   ad                PLO 13
   094f   f8 00             LDI MOVE_NORMAL
   0951   d4 03 e9          CALL ADD_MOVE_ENCODED
                        
   0954                 GEN_KG_DIR5:
                            ; --- Direction 5: S (+$F0 = -$10) ---
   0954   9b                GHI 11
   0955   fc f0             ADI $F0
   0957   ab                PLO 11
   0958   fa 88             ANI $88
   095a   ca 09 6c          LBNZ GEN_KG_DIR6
   095d   d4 03 65          CALL CHECK_TARGET_SQUARE
   0960   c2 09 6c          LBZ GEN_KG_DIR6
   0963   9b                GHI 11
   0964   bd                PHI 13
   0965   8b                GLO 11
   0966   ad                PLO 13
   0967   f8 00             LDI MOVE_NORMAL
   0969   d4 03 e9          CALL ADD_MOVE_ENCODED
                        
   096c                 GEN_KG_DIR6:
                            ; --- Direction 6: SW (+$EF = -$11) ---
   096c   9b                GHI 11
   096d   fc ef             ADI $EF
   096f   ab                PLO 11
   0970   fa 88             ANI $88
   0972   ca 09 84          LBNZ GEN_KG_DIR7
   0975   d4 03 65          CALL CHECK_TARGET_SQUARE
   0978   c2 09 84          LBZ GEN_KG_DIR7
   097b   9b                GHI 11
   097c   bd                PHI 13
   097d   8b                GLO 11
   097e   ad                PLO 13
   097f   f8 00             LDI MOVE_NORMAL
   0981   d4 03 e9          CALL ADD_MOVE_ENCODED
                        
   0984                 GEN_KG_DIR7:
                            ; --- Direction 7: W (+$FF = -$01) ---
   0984   9b                GHI 11
   0985   fc ff             ADI $FF
   0987   ab                PLO 11
   0988   fa 88             ANI $88
   098a   ca 09 9c          LBNZ GEN_KG_DIR8
   098d   d4 03 65          CALL CHECK_TARGET_SQUARE
   0990   c2 09 9c          LBZ GEN_KG_DIR8
   0993   9b                GHI 11
   0994   bd                PHI 13
   0995   8b                GLO 11
   0996   ad                PLO 13
   0997   f8 00             LDI MOVE_NORMAL
   0999   d4 03 e9          CALL ADD_MOVE_ENCODED
                        
   099c                 GEN_KG_DIR8:
                            ; --- Direction 8: NW (+$0F) ---
   099c   9b                GHI 11
   099d   fc 0f             ADI $0F
   099f   ab                PLO 11
   09a0   fa 88             ANI $88
   09a2   ca 09 b4          LBNZ GEN_KG_CASTLING
   09a5   d4 03 65          CALL CHECK_TARGET_SQUARE
   09a8   c2 09 b4          LBZ GEN_KG_CASTLING
   09ab   9b                GHI 11
   09ac   bd                PHI 13
   09ad   8b                GLO 11
   09ae   ad                PLO 13
   09af   f8 00             LDI MOVE_NORMAL
   09b1   d4 03 e9          CALL ADD_MOVE_ENCODED
                        
   09b4                 GEN_KG_CASTLING:
                            ; Add castling moves (R11.1 still has king square)
   09b4   9b                GHI 11              ; D = king square for castling check
   09b5   d4 04 29          CALL GEN_CASTLING_MOVES
                        
   09b8   c0 05 2b          LBR GEN_SKIP_SQUARE
                        
                        
                        ; ==============================================================================
                        ; End of Move Generation (Fixed)
                        ; ==============================================================================
                        ; ==============================================================================
                        ; MAKE/UNMAKE MOVE MODULE
                        ; ==============================================================================
                        
                        ; ------------------------------------------------------------------------------
                        ; Undo information - defined in board.asm as EQUs in RAM ($6408-$640D)
                        ; UNDO_CAPTURED, UNDO_FROM, UNDO_TO, UNDO_CASTLING, UNDO_EP, UNDO_HALFMOVE
                        ; These MUST be in RAM (not ROM) for read/write access!
                        ; ------------------------------------------------------------------------------
                        
                        ; ==============================================================================
                        ; MAKE_MOVE - Apply move to the board
                        ; Input: MOVE_FROM, MOVE_TO contain the move
                        ; Output: Board updated, undo info saved, hash updated
                        ;         D = 0 if success
                        ; ==============================================================================
   09bb                 MAKE_MOVE:
                            ; DIAG stamp (2026-07-17 hang hunt).
   09bb   68 c8 64 1d       RLDI 8, TRACE_WHERE
   09bf   f8 a3             LDI $A3
   09c1   58                STR 8               ; tracer: in MAKE_MOVE (R8 reloaded below)
                        
                            ; Save undo information
   09c2   68 c8 64 09       RLDI 8, UNDO_FROM
                        
                            ; Save from square
   09c6   68 c9 64 02       RLDI 9, MOVE_FROM
   09ca   09                LDN 9
   09cb   58                STR 8
   09cc   18                INC 8
                            
                            ; Save to square
   09cd   19                INC 9
   09ce   09                LDN 9               ; MOVE_TO
   09cf   58                STR 8
   09d0   18                INC 8
                            
                            ; Save castling rights from GAME_STATE + STATE_CASTLING
   09d1   68 c9 60 81       RLDI 9, GAME_STATE + STATE_CASTLING
   09d5   09                LDN 9
   09d6   58                STR 8
   09d7   18                INC 8
                        
                            ; Save en passant square from GAME_STATE + STATE_EP_SQUARE
   09d8   19                INC 9
   09d9   09                LDN 9
   09da   58                STR 8
   09db   18                INC 8
                        
                            ; Save halfmove clock from GAME_STATE + STATE_HALFMOVE
   09dc   19                INC 9
   09dd   09                LDN 9
   09de   58                STR 8
                        
                            ; Get the piece being moved
   09df   68 c9 64 02       RLDI 9, MOVE_FROM
   09e3   09                LDN 9               ; D = from square index
   09e4   a8                PLO 8
   09e5   f8 60             LDI HIGH(BOARD)
   09e7   b8                PHI 8               ; R8 = &BOARD[from]
   09e8   08                LDN 8               ; D = piece at from square
   09e9   aa                PLO 10              ; Save moving piece in R10.0
                        
                            ; Get captured piece at destination
   09ea   68 c9 64 03       RLDI 9, MOVE_TO
   09ee   09                LDN 9               ; D = to square index
   09ef   a8                PLO 8
   09f0   f8 60             LDI HIGH(BOARD)
   09f2   b8                PHI 8               ; R8 = &BOARD[to]
   09f3   08                LDN 8               ; D = piece at to square (captured)
                            
                            ; Save captured piece
   09f4   ba                PHI 10              ; Save in R10.1
   09f5   68 c9 64 08       RLDI 9, UNDO_CAPTURED
   09f9   9a                GHI 10
   09fa   59                STR 9
                        
                            ; Save capture square (default = to, changed by EP)
   09fb   68 c9 64 ff       RLDI 9, UNDO_CAP_SQ
   09ff   68 cd 64 0a       RLDI 13, UNDO_TO
   0a03   0d                LDN 13
   0a04   59                STR 9               ; UNDO_CAP_SQ = MOVE_TO (default)
                        
                            ; Place moving piece at destination
   0a05   8a                GLO 10              ; Get moving piece
   0a06   58                STR 8               ; Store at to square (R8 still points there)
                        
                            ; =========================================
                            ; EN PASSANT CAPTURE
                            ; =========================================
                            ; Detect: pawn moves to saved EP square, BOARD[to] was empty
                            ; R10.1 = captured piece at BOARD[to], R10.0 = moving piece
   0a07   9a                GHI 10              ; captured piece
   0a08   ca 0a 56          LBNZ MM_NOT_EP_CAP  ; Normal capture (piece at to) -> skip
                        
   0a0b   8a                GLO 10              ; moving piece
   0a0c   fa 07             ANI PIECE_MASK
   0a0e   fb 01             XRI PAWN_TYPE
   0a10   ca 0a 56          LBNZ MM_NOT_EP_CAP  ; Not a pawn -> skip
                        
                            ; Pawn moved to empty square. Check if to == saved EP square.
   0a13   68 c9 64 0c       RLDI 9, UNDO_EP     ; EP square from BEFORE this move
   0a17   09                LDN 9               ; D = saved EP square
   0a18   fb ff             XRI NO_EP
   0a1a   c2 0a 56          LBZ MM_NOT_EP_CAP   ; No EP was active ($FF) -> skip
   0a1d   68 c9 64 0c       RLDI 9, UNDO_EP
   0a21   09                LDN 9               ; D = EP square
   0a22   52                STR 2
   0a23   68 c9 64 0a       RLDI 9, UNDO_TO
   0a27   09                LDN 9               ; D = to square
   0a28   f3                XOR
   0a29   ca 0a 56          LBNZ MM_NOT_EP_CAP  ; to != EP -> not en passant
                        
                            ; EP CAPTURE! Captured pawn at (from_rank | to_file)
   0a2c   68 c9 64 09       RLDI 9, UNDO_FROM
   0a30   09                LDN 9
   0a31   fa 70             ANI $70             ; from rank
   0a33   ad                PLO 13
   0a34   68 c9 64 0a       RLDI 9, UNDO_TO
   0a38   09                LDN 9
   0a39   fa 07             ANI $07             ; to file
   0a3b   52                STR 2
   0a3c   8d                GLO 13
   0a3d   f1                OR                  ; D = captured square
   0a3e   a8                PLO 8
   0a3f   f8 60             LDI HIGH(BOARD)
   0a41   b8                PHI 8               ; R8 = &BOARD[cap_sq]
                        
                            ; Read and save the captured pawn
   0a42   08                LDN 8               ; D = enemy pawn
   0a43   ba                PHI 10              ; R10.1 = captured pawn (update from EMPTY)
   0a44   68 c9 64 08       RLDI 9, UNDO_CAPTURED
   0a48   9a                GHI 10
   0a49   59                STR 9               ; UNDO_CAPTURED = enemy pawn
                        
                            ; Save EP capture square
   0a4a   88                GLO 8               ; D = cap_sq (low byte of R8)
   0a4b   73                STXD                ; push to stack
   0a4c   68 c9 64 ff       RLDI 9, UNDO_CAP_SQ
   0a50   60                IRX
   0a51   f0                LDX                 ; D = cap_sq
   0a52   59                STR 9               ; UNDO_CAP_SQ = captured square
                        
                            ; Remove captured pawn from board
   0a53   f8 00             LDI EMPTY
   0a55   58                STR 8               ; BOARD[cap_sq] = EMPTY
                        
   0a56                 MM_NOT_EP_CAP:
                        
                            ; =========================================
                            ; PAWN PROMOTION
                            ; =========================================
                            ; Check UNDO_PROMOTION - if non-zero, replace pawn with promoted piece
                            ; R8 still points to BOARD[to], R10.0 = moving piece
   0a56   68 c9 64 04       RLDI 9, UNDO_PROMOTION
   0a5a   09                LDN 9               ; D = promotion piece type (0 if none)
   0a5b   c2 0a 65          LBZ MM_NOT_PROMOTION
                        
                            ; Promotion! Replace pawn with promoted piece
                            ; Get color from moving piece (R10.0), combine with promotion type
   0a5e   8a                GLO 10              ; Moving piece (pawn)
   0a5f   fa 08             ANI COLOR_MASK      ; Get color (0=white, 8=black)
   0a61   52                STR 2               ; Save color on stack
   0a62   09                LDN 9               ; Get promotion piece type again
   0a63   f4                ADD                 ; D = color + piece_type = promoted piece
   0a64   58                STR 8               ; Store promoted piece at BOARD[to]
                        
   0a65                 MM_NOT_PROMOTION:
                        
                            ; =========================================
                            ; KING POSITION UPDATE
                            ; =========================================
                            ; If moving piece is a king, update GAME_STATE king position
                            ; R10.0 = moving piece
   0a65   8a                GLO 10              ; Get moving piece
   0a66   fa 07             ANI PIECE_MASK      ; Get piece type (0-6)
   0a68   fb 06             XRI KING_TYPE       ; Is it a king?
   0a6a   ca 0b 2f          LBNZ MM_NOT_KING    ; Not a king, skip
                        
                            ; It's a king - update king position in GAME_STATE
                            ; Check color of king (R10.0 has full piece)
   0a6d   8a                GLO 10
   0a6e   fa 08             ANI COLOR_MASK      ; Get color (0=white, 8=black)
   0a70   ca 0a 79          LBNZ MM_BLACK_KING  ; long branch: reclaim shift pushed target across a page
                        
   0a73                 MM_WHITE_KING:
                            ; Update STATE_W_KING_SQ with MOVE_TO
   0a73   68 c9 60 86       RLDI 9, GAME_STATE + STATE_W_KING_SQ
   0a77   30 7d             BR MM_STORE_KING
                        
   0a79                 MM_BLACK_KING:
                            ; Update STATE_B_KING_SQ with MOVE_TO
   0a79   68 c9 60 87       RLDI 9, GAME_STATE + STATE_B_KING_SQ
                        
   0a7d                 MM_STORE_KING:
                            ; Get MOVE_TO and store as new king square
   0a7d   68 c8 64 03       RLDI 8, MOVE_TO
   0a81   08                LDN 8               ; D = to square
   0a82   59                STR 9               ; Store as new king position
                        
                            ; =========================================
                            ; CASTLING RIGHTS UPDATE (king moved)
                            ; =========================================
                            ; King has moved - clear both castling rights for this color
                            ; R10.0 still has moving piece
   0a83   8a                GLO 10              ; Get moving piece
   0a84   fa 08             ANI COLOR_MASK      ; Get color (0=white, 8=black)
   0a86   3a 8c             BNZ MM_CLEAR_BLACK_CASTLE
                        
   0a88                 MM_CLEAR_WHITE_CASTLE:
   0a88   f8 03             LDI $03             ; CASTLE_WK ($01) + CASTLE_WQ ($02)
   0a8a   30 8e             BR MM_DO_CLEAR_CASTLE
                        
   0a8c                 MM_CLEAR_BLACK_CASTLE:
   0a8c   f8 0c             LDI $0C             ; CASTLE_BK ($04) + CASTLE_BQ ($08)
                        
   0a8e                 MM_DO_CLEAR_CASTLE:
                            ; D = castling mask ($03 or $0C) — preserved through CALL via R7
   0a8e   d4 01 5c          CALL CLEAR_CASTLING_RIGHT
                        
                            ; Reload R10 (clobbered by CLEAR_CASTLING_RIGHT)
                            ; R10.0 = moving piece from BOARD[MOVE_TO]
   0a91   68 c9 64 03       RLDI 9, MOVE_TO
   0a95   09                LDN 9               ; D = to square
   0a96   a8                PLO 8
   0a97   f8 60             LDI HIGH(BOARD)
   0a99   b8                PHI 8               ; R8 = &BOARD[to]
   0a9a   08                LDN 8               ; D = moving piece (king)
   0a9b   aa                PLO 10              ; R10.0 = moving piece
                            ; R10.1 = captured piece from UNDO_CAPTURED
   0a9c   68 c9 64 08       RLDI 9, UNDO_CAPTURED
   0aa0   09                LDN 9               ; D = captured piece
   0aa1   ba                PHI 10              ; R10.1 = captured piece
                        
                            ; =========================================
                            ; CASTLING ROOK MOVEMENT
                            ; =========================================
                            ; Detect: to - from = $02 (kingside) or $FE (queenside)
   0aa2   68 c9 64 49       RLDI 9, COMPARE_TEMP
   0aa6   68 c8 64 09       RLDI 8, UNDO_FROM
   0aaa   08                LDN 8               ; D = from square
   0aab   e9                SEX 9
   0aac   59                STR 9               ; M(COMPARE_TEMP) = from
   0aad   68 c8 64 0a       RLDI 8, UNDO_TO
   0ab1   08                LDN 8               ; D = to square
   0ab2   f7                SM                   ; D = to - from
   0ab3   e2                SEX 2
                        
   0ab4   fb 02             XRI $02
   0ab6   c2 0a c1          LBZ MM_CASTLE_KS     ; to - from = 2: kingside
   0ab9   fb fc             XRI $FC              ; XOR chain: checks if original was $FE
   0abb   c2 0a f1          LBZ MM_CASTLE_QS     ; to - from = $FE: queenside
   0abe   c0 0b 2f          LBR MM_NOT_KING      ; Normal king move
                        
   0ac1                 MM_CASTLE_KS:
                            ; Kingside: rook from to+1 (h-file) to to-1 (f-file)
   0ac1   68 c9 64 0a       RLDI 9, UNDO_TO
   0ac5   09                LDN 9               ; D = to square
                        
                            ; Read rook from BOARD[to+1]
   0ac6   fc 01             ADI 1                ; D = to + 1
   0ac8   a8                PLO 8
   0ac9   f8 60             LDI HIGH(BOARD)
   0acb   b8                PHI 8               ; R8 = &BOARD[to+1]
   0acc   08                LDN 8               ; D = rook piece
   0acd   bd                PHI 13              ; R13.1 = rook piece (temp)
   0ace   f8 00             LDI EMPTY
   0ad0   58                STR 8               ; Clear rook's old square (h1/h8)
                        
                            ; Place rook at BOARD[to-1]
   0ad1   09                LDN 9               ; D = to square (reload from UNDO_TO)
   0ad2   ff 01             SMI 1                ; D = to - 1
   0ad4   a8                PLO 8
   0ad5   f8 60             LDI HIGH(BOARD)
   0ad7   b8                PHI 8               ; R8 = &BOARD[to-1]
   0ad8   9d                GHI 13              ; D = rook piece
   0ad9   58                STR 8               ; Place rook at f1/f8
                        
                            ; Hash: XOR out [rook, to+1]
   0ada   9d                GHI 13              ; D = rook piece
   0adb   a8                PLO 8               ; R8.0 = rook piece
   0adc   09                LDN 9               ; D = to square
   0add   fc 01             ADI 1                ; D = to + 1 (rook's old square)
   0adf   b8                PHI 8               ; R8.1 = old rook square
   0ae0   d4 58 0c          CALL HASH_XOR_PIECE_SQ
                        
                            ; Hash: XOR in [rook, to-1] (R8.0 preserved by HASH_XOR)
   0ae3   68 c9 64 0a       RLDI 9, UNDO_TO
   0ae7   09                LDN 9               ; D = to square
   0ae8   ff 01             SMI 1                ; D = to - 1 (rook's new square)
   0aea   b8                PHI 8               ; R8.1 = new rook square
   0aeb   d4 58 0c          CALL HASH_XOR_PIECE_SQ
                        
   0aee   c0 0b 1e          LBR MM_CASTLE_DONE
                        
   0af1                 MM_CASTLE_QS:
                            ; Queenside: rook from to-2 (a-file) to to+1 (d-file)
   0af1   68 c9 64 0a       RLDI 9, UNDO_TO
   0af5   09                LDN 9               ; D = to square
                        
                            ; Read rook from BOARD[to-2]
   0af6   ff 02             SMI 2                ; D = to - 2
   0af8   a8                PLO 8
   0af9   f8 60             LDI HIGH(BOARD)
   0afb   b8                PHI 8               ; R8 = &BOARD[to-2]
   0afc   08                LDN 8               ; D = rook piece
   0afd   bd                PHI 13              ; R13.1 = rook piece (temp)
   0afe   f8 00             LDI EMPTY
   0b00   58                STR 8               ; Clear rook's old square (a1/a8)
                        
                            ; Place rook at BOARD[to+1]
   0b01   09                LDN 9               ; D = to square (reload from UNDO_TO)
   0b02   fc 01             ADI 1                ; D = to + 1
   0b04   a8                PLO 8
   0b05   f8 60             LDI HIGH(BOARD)
   0b07   b8                PHI 8               ; R8 = &BOARD[to+1]
   0b08   9d                GHI 13              ; D = rook piece
   0b09   58                STR 8               ; Place rook at d1/d8
                        
                            ; Hash: XOR out [rook, to-2]
   0b0a   9d                GHI 13              ; D = rook piece
   0b0b   a8                PLO 8               ; R8.0 = rook piece
   0b0c   09                LDN 9               ; D = to square
   0b0d   ff 02             SMI 2                ; D = to - 2 (rook's old square)
   0b0f   b8                PHI 8               ; R8.1 = old rook square
   0b10   d4 58 0c          CALL HASH_XOR_PIECE_SQ
                        
                            ; Hash: XOR in [rook, to+1] (R8.0 preserved by HASH_XOR)
   0b13   68 c9 64 0a       RLDI 9, UNDO_TO
   0b17   09                LDN 9               ; D = to square
   0b18   fc 01             ADI 1                ; D = to + 1 (rook's new square)
   0b1a   b8                PHI 8               ; R8.1 = new rook square
   0b1b   d4 58 0c          CALL HASH_XOR_PIECE_SQ
                        
   0b1e                 MM_CASTLE_DONE:
                            ; Reload R10 (clobbered by HASH_XOR_PIECE_SQ)
   0b1e   68 c9 64 0a       RLDI 9, UNDO_TO
   0b22   09                LDN 9               ; D = to square
   0b23   a8                PLO 8
   0b24   f8 60             LDI HIGH(BOARD)
   0b26   b8                PHI 8               ; R8 = &BOARD[to]
   0b27   08                LDN 8               ; D = king piece
   0b28   aa                PLO 10              ; R10.0 = moving piece
   0b29   68 c9 64 08       RLDI 9, UNDO_CAPTURED
   0b2d   09                LDN 9               ; D = captured piece
   0b2e   ba                PHI 10              ; R10.1 = captured piece
                            ; Fall through to MM_NOT_KING
                        
   0b2f                 MM_NOT_KING:
                            ; Clear the from square
   0b2f   68 c9 64 02       RLDI 9, MOVE_FROM
   0b33   09                LDN 9               ; D = from square
   0b34   a8                PLO 8
   0b35   f8 60             LDI HIGH(BOARD)
   0b37   b8                PHI 8               ; R8 = &BOARD[from]
   0b38   f8 00             LDI EMPTY
   0b3a   58                STR 8               ; Clear from square
                        
                            ; Toggle side to move
   0b3b   68 c8 60 80       RLDI 8, SIDE
   0b3f   08                LDN 8
   0b40   fb 08             XRI BLACK           ; Toggle between 0 and 8
   0b42   58                STR 8
                        
                            ; =========================================
                            ; EN PASSANT SQUARE UPDATE
                            ; =========================================
                            ; Set EP target if pawn double-push, else clear
                            ; R8 is at SIDE ($6080), increment to reach EP_SQUARE ($6082)
   0b43   18                INC 8               ; $6081 = STATE_CASTLING
   0b44   18                INC 8               ; $6082 = STATE_EP_SQUARE
                        
                            ; Check if moving piece is a pawn
   0b45   8a                GLO 10              ; D = moving piece
   0b46   fa 07             ANI PIECE_MASK      ; piece type
   0b48   fb 01             XRI PAWN_TYPE
   0b4a   ca 0b 82          LBNZ MM_EP_CLEAR    ; Not a pawn -> clear EP
                        
                            ; Pawn moved. Check rank difference = $20 (double push)
   0b4d   68 c9 64 09       RLDI 9, UNDO_FROM
   0b51   09                LDN 9               ; D = from
   0b52   fa 70             ANI $70             ; from rank
   0b54   ad                PLO 13              ; R13.0 = from rank
   0b55   68 c9 64 0a       RLDI 9, UNDO_TO
   0b59   09                LDN 9               ; D = to
   0b5a   fa 70             ANI $70             ; to rank
   0b5c   52                STR 2
   0b5d   8d                GLO 13              ; D = from rank
   0b5e   f7                SM                  ; D = from_rank - to_rank
                        
                            ; White double push: from_rank - to_rank = $E0 (-$20)
                            ; Black double push: from_rank - to_rank = $20
   0b5f   fb e0             XRI $E0
   0b61   c2 0b 6c          LBZ MM_EP_WHITE     ; White pawn double push
   0b64   fb c0             XRI $C0             ; XOR chain: $20 XOR $E0 = $C0, XOR $C0 = 0
   0b66   c2 0b 77          LBZ MM_EP_BLACK     ; Black pawn double push
   0b69   c0 0b 82          LBR MM_EP_CLEAR     ; Not a double push
                        
   0b6c                 MM_EP_WHITE:
                            ; EP square = to + DIR_N ($F0) = one rank above destination
   0b6c   68 c9 64 0a       RLDI 9, UNDO_TO
   0b70   09                LDN 9
   0b71   fc f0             ADI DIR_N           ; to - $10 (square pawn passed through)
   0b73   58                STR 8               ; STATE_EP_SQUARE = EP target
   0b74   c0 0b 85          LBR MM_EP_DONE
                        
   0b77                 MM_EP_BLACK:
                            ; EP square = to + DIR_S ($10) = one rank below destination
   0b77   68 c9 64 0a       RLDI 9, UNDO_TO
   0b7b   09                LDN 9
   0b7c   fc 10             ADI DIR_S           ; to + $10 (square pawn passed through)
   0b7e   58                STR 8               ; STATE_EP_SQUARE = EP target
   0b7f   c0 0b 85          LBR MM_EP_DONE
                        
   0b82                 MM_EP_CLEAR:
   0b82   f8 ff             LDI NO_EP
   0b84   58                STR 8
                        
   0b85                 MM_EP_DONE:
                        
                            ; ===========================================
                            ; FIFTY-MOVE RULE: Update halfmove clock
                            ; ===========================================
                            ; Reset to 0 if: capture or pawn move
                            ; Otherwise: increment
                            ; R10.0 = moving piece, R10.1 = captured piece
                        
   0b85   18                INC 8               ; Point to HALFMOVE
                        
                            ; Check if capture occurred (R10.1 != EMPTY)
   0b86   9a                GHI 10              ; Get captured piece
   0b87   ca 0b 99          LBNZ MM_RESET_HALFMOVE
                        
                            ; Check if pawn moved (piece type == PAWN_TYPE)
   0b8a   8a                GLO 10              ; Get moving piece
   0b8b   fa 07             ANI PIECE_MASK      ; Get piece type
   0b8d   fb 01             XRI PAWN_TYPE       ; Is it a pawn?
   0b8f   c2 0b 99          LBZ MM_RESET_HALFMOVE
                        
                            ; No capture, not pawn move - increment halfmove clock
   0b92   08                LDN 8               ; Get current halfmove
   0b93   fc 01             ADI 1               ; Increment
   0b95   58                STR 8               ; Store back
   0b96   c0 0b 9c          LBR MM_ROOK_CHECK
                        
   0b99                 MM_RESET_HALFMOVE:
                            ; Reset halfmove clock to 0
   0b99   f8 00             LDI 0
   0b9b   58                STR 8
                        
                            ; =========================================
                            ; CASTLING RIGHTS: ROOK HOME SQUARE CHECK
                            ; =========================================
                            ; If FROM or TO is a rook home square, clear that castling right.
                            ; FROM: rook moves away from home (own castling revoked)
                            ; TO: rook captured on home square (opponent castling revoked)
                            ; R10 is no longer needed (halfmove done), safe to clobber.
   0b9c                 MM_ROOK_CHECK:
   0b9c   68 c9 64 09       RLDI 9, UNDO_FROM
   0ba0   49                LDA 9               ; D = from square, R9 advances to UNDO_TO
   0ba1   d4 0c 06          CALL MM_ROOK_HOME_CHECK
   0ba4   09                LDN 9               ; D = to square (R9 already at UNDO_TO)
   0ba5   d4 0c 06          CALL MM_ROOK_HOME_CHECK
                        
   0ba8                 MM_ROOK_DONE:
                        
   0ba8                 MM_DONE:
                            ; =========================================
                            ; HASH UPDATE: XOR piece-square changes
                            ; =========================================
                            ; HASH_XOR_PIECE_SQ: R8.0 = piece, R8.1 = square
                            ; Clobbers: R7, R9, R10, R13. Preserves: R8
                            ; After each call, reload from memory (safe, no register deps)
                            ;
                            ; For promotion: BOARD[to] has promoted piece, but we need to
                            ; XOR out [pawn, from]. Check UNDO_PROMOTION to get original piece.
                        
                            ; --- Step 1: XOR out [moving piece, from] ---
                            ; Check if this was a promotion
   0ba8   68 ca 64 04       RLDI 10, UNDO_PROMOTION
   0bac   0a                LDN 10              ; D = promotion type (0 if none)
   0bad   c2 0b c6          LBZ MM_HASH_NOT_PROMO
                        
                            ; Promotion: original piece was a pawn. Get color from BOARD[to].
   0bb0   68 ca 64 0a       RLDI 10, UNDO_TO
   0bb4   0a                LDN 10              ; D = to_square
   0bb5   fc 00             ADI LOW(BOARD)
   0bb7   aa                PLO 10
   0bb8   f8 60             LDI HIGH(BOARD)
   0bba   7c 00             ADCI 0
   0bbc   ba                PHI 10              ; R10 = &BOARD[to_square]
   0bbd   0a                LDN 10              ; D = promoted piece
   0bbe   fa 08             ANI COLOR_MASK      ; Get color (0=white, 8=black)
   0bc0   f9 01             ORI PAWN_TYPE       ; D = pawn of same color
   0bc2   a8                PLO 8               ; R8.0 = pawn
   0bc3   c0 0b d5          LBR MM_HASH_GOT_PIECE
                        
   0bc6                 MM_HASH_NOT_PROMO:
                            ; Normal move: get moving piece from BOARD[UNDO_TO]
   0bc6   68 ca 64 0a       RLDI 10, UNDO_TO
   0bca   0a                LDN 10              ; D = to_square
   0bcb   fc 00             ADI LOW(BOARD)
   0bcd   aa                PLO 10
   0bce   f8 60             LDI HIGH(BOARD)
   0bd0   7c 00             ADCI 0
   0bd2   ba                PHI 10              ; R10 = &BOARD[to_square]
   0bd3   0a                LDN 10              ; D = moving piece
   0bd4   a8                PLO 8               ; R8.0 = moving piece
                        
   0bd5                 MM_HASH_GOT_PIECE:
                            ; Get from square
   0bd5   68 ca 64 09       RLDI 10, UNDO_FROM
   0bd9   0a                LDN 10              ; D = from_square
   0bda   b8                PHI 8               ; R8.1 = from_square
   0bdb   d4 58 0c          CALL HASH_XOR_PIECE_SQ
                        
                            ; --- Step 2: XOR out [captured, captured_square] ---
                            ; For normal captures: captured_square = to
                            ; For EP captures: captured_square = (from_rank | to_file)
   0bde   68 ca 64 08       RLDI 10, UNDO_CAPTURED
   0be2   0a                LDN 10              ; D = captured piece
   0be3   a8                PLO 8               ; R8.0 = captured piece
   0be4   68 ca 64 ff       RLDI 10, UNDO_CAP_SQ
   0be8   0a                LDN 10              ; D = capture square
   0be9   b8                PHI 8               ; R8.1 = capture square
   0bea   d4 58 0c          CALL HASH_XOR_PIECE_SQ  ; skips if captured == EMPTY
                        
                            ; --- Step 3: XOR in [moving piece, to] ---
                            ; Get to square first (need for R8.1 and BOARD index)
   0bed   68 ca 64 0a       RLDI 10, UNDO_TO
   0bf1   0a                LDN 10              ; D = to_square
   0bf2   b8                PHI 8               ; R8.1 = to_square
                            ; Compute BOARD[to_square]
   0bf3   fc 00             ADI LOW(BOARD)
   0bf5   aa                PLO 10
   0bf6   f8 60             LDI HIGH(BOARD)
   0bf8   7c 00             ADCI 0
   0bfa   ba                PHI 10              ; R10 = &BOARD[to_square]
   0bfb   0a                LDN 10              ; D = moving piece
   0bfc   a8                PLO 8               ; R8.0 = moving piece
   0bfd   d4 58 0c          CALL HASH_XOR_PIECE_SQ
                        
                            ; --- Step 4: XOR side ---
   0c00   d4 58 6f          CALL HASH_XOR_SIDE
                        
   0c03   f8 00             LDI 0               ; Return success
   0c05   d5                SEP 5
                        
                        ; ------------------------------------------------------------------------------
                        ; MM_ROOK_HOME_CHECK - Check if square is a rook home square
                        ; ------------------------------------------------------------------------------
                        ; If so, clear the corresponding castling right.
                        ; Input: D = square to check
                        ; Clobbers: R10, R13 (via CLEAR_CASTLING_RIGHT)
                        ; Note: Called from MAKE_MOVE for both FROM and TO squares.
                        ;       FROM handles rook moving away; TO handles rook being captured.
                        ; ------------------------------------------------------------------------------
   0c06                 MM_ROOK_HOME_CHECK:
   0c06   c2 0c 19          LBZ MMRHC_A1         ; $00 = a1 → white queenside
   0c09   fb 07             XRI $07
   0c0b   c2 0c 1e          LBZ MMRHC_H1         ; $07 = h1 → white kingside
   0c0e   fb 77             XRI $77
   0c10   c2 0c 23          LBZ MMRHC_A8         ; $70 = a8 → black queenside
   0c13   fb 07             XRI $07
   0c15   c2 0c 28          LBZ MMRHC_H8         ; $77 = h8 → black kingside
   0c18   d5                RETN                 ; No match, return
                        
   0c19                 MMRHC_A1:
   0c19   f8 02             LDI CASTLE_WQ        ; $02
   0c1b   c0 0c 2a          LBR MMRHC_CLEAR
                        
   0c1e                 MMRHC_H1:
   0c1e   f8 01             LDI CASTLE_WK        ; $01
   0c20   c0 0c 2a          LBR MMRHC_CLEAR
                        
   0c23                 MMRHC_A8:
   0c23   f8 08             LDI CASTLE_BQ        ; $08
   0c25   c0 0c 2a          LBR MMRHC_CLEAR
                        
   0c28                 MMRHC_H8:
   0c28   f8 04             LDI CASTLE_BK        ; $04
                        
   0c2a                 MMRHC_CLEAR:
   0c2a   d4 01 5c          CALL CLEAR_CASTLING_RIGHT
   0c2d   d5                RETN
                        
                        ; ==============================================================================
                        ; UNMAKE_MOVE - Reverse the last move
                        ; Input: Undo info from previous MAKE_MOVE
                        ; Output: Board restored to previous state
                        ; ==============================================================================
   0c2e                 UNMAKE_MOVE:
                            ; DIAG stamp (2026-07-17 hang hunt).
   0c2e   68 c9 64 1d       RLDI 9, TRACE_WHERE
   0c32   f8 a4             LDI $A4
   0c34   59                STR 9               ; tracer: in UNMAKE_MOVE (R9 reloaded below)
                        
                            ; Get moving piece from to square
   0c35   68 c9 64 0a       RLDI 9, UNDO_TO
   0c39   09                LDN 9               ; D = to square
   0c3a   a8                PLO 8
   0c3b   f8 60             LDI HIGH(BOARD)
   0c3d   b8                PHI 8               ; R8 = &BOARD[to]
   0c3e   08                LDN 8               ; D = piece at to square
   0c3f   aa                PLO 10              ; Save in R10.0
                        
                            ; Restore captured piece at actual capture square
                            ; (handles EP: cap_sq != to for en passant captures)
   0c40   68 c9 64 ff       RLDI 9, UNDO_CAP_SQ
   0c44   09                LDN 9               ; D = cap_sq
   0c45   a8                PLO 8
   0c46   f8 60             LDI HIGH(BOARD)
   0c48   b8                PHI 8               ; R8 = &BOARD[cap_sq]
   0c49   68 c9 64 08       RLDI 9, UNDO_CAPTURED
   0c4d   09                LDN 9
   0c4e   58                STR 8               ; BOARD[cap_sq] = captured piece
                        
                            ; For EP: clear BOARD[to] (cap_sq != to)
   0c4f   68 c9 64 ff       RLDI 9, UNDO_CAP_SQ
   0c53   09                LDN 9               ; D = cap_sq
   0c54   52                STR 2
   0c55   68 c9 64 0a       RLDI 9, UNDO_TO
   0c59   09                LDN 9               ; D = to
   0c5a   f3                XOR
   0c5b   c2 0c 6a          LBZ UM_CAP_DONE     ; cap_sq == to -> nothing more to do
                        
                            ; EP case: clear BOARD[to]
   0c5e   68 c9 64 0a       RLDI 9, UNDO_TO
   0c62   09                LDN 9
   0c63   a8                PLO 8
   0c64   f8 60             LDI HIGH(BOARD)
   0c66   b8                PHI 8
   0c67   f8 00             LDI EMPTY
   0c69   58                STR 8               ; BOARD[to] = EMPTY
                        
   0c6a                 UM_CAP_DONE:
                        
                            ; =========================================
                            ; PAWN PROMOTION UNDO
                            ; =========================================
                            ; If UNDO_PROMOTION != 0, restore pawn instead of promoted piece
                            ; R10.0 = piece from BOARD[to] (promoted piece if promotion)
                            ; Guard: if piece is EMPTY, skip promotion undo (prevents phantom pawn
                            ; from corrupted UNDO_PROMOTION)
   0c6a   8a                GLO 10              ; D = piece from BOARD[to]
   0c6b   c2 0c 7c          LBZ UM_NOT_PROMOTION ; EMPTY piece = nothing to un-promote
   0c6e   68 c9 64 04       RLDI 9, UNDO_PROMOTION
   0c72   09                LDN 9               ; D = promotion type (0 if none)
   0c73   c2 0c 7c          LBZ UM_NOT_PROMOTION
                        
                            ; Promotion: restore pawn (get color from R10.0, the promoted piece)
   0c76   8a                GLO 10              ; D = promoted piece
   0c77   fa 08             ANI COLOR_MASK      ; Get color (0=white, 8=black)
   0c79   f9 01             ORI PAWN_TYPE       ; D = pawn of same color
   0c7b   aa                PLO 10              ; R10.0 = pawn (overwrites promoted piece)
                        
   0c7c                 UM_NOT_PROMOTION:
                            ; Put moving piece back at from square
   0c7c   68 c9 64 09       RLDI 9, UNDO_FROM
   0c80   09                LDN 9               ; D = from square
   0c81   a8                PLO 8
   0c82   f8 60             LDI HIGH(BOARD)
   0c84   b8                PHI 8               ; R8 = &BOARD[from]
   0c85   8a                GLO 10              ; D = moving piece (pawn if promotion)
   0c86   58                STR 8               ; Put back at from square
                        
                            ; =========================================
                            ; KING POSITION RESTORE
                            ; =========================================
                            ; If moving piece is a king, restore GAME_STATE king position to from square
                            ; R10.0 = moving piece
   0c87   8a                GLO 10              ; Get moving piece
   0c88   fa 07             ANI PIECE_MASK      ; Get piece type (0-6)
   0c8a   fb 06             XRI KING_TYPE       ; Is it a king?
   0c8c   ca 0d 22          LBNZ UM_NOT_KING    ; Not a king, skip
                        
                            ; It's a king - restore king position in GAME_STATE
                            ; Check color of king (R10.0 has full piece)
   0c8f   8a                GLO 10
   0c90   fa 08             ANI COLOR_MASK      ; Get color (0=white, 8=black)
   0c92   ca 0c 9c          LBNZ UM_BLACK_KING
                        
   0c95                 UM_WHITE_KING:
                            ; Update STATE_W_KING_SQ with UNDO_FROM
   0c95   68 c9 60 86       RLDI 9, GAME_STATE + STATE_W_KING_SQ
   0c99   c0 0c a0          LBR UM_STORE_KING
                        
   0c9c                 UM_BLACK_KING:
                            ; Update STATE_B_KING_SQ with UNDO_FROM
   0c9c   68 c9 60 87       RLDI 9, GAME_STATE + STATE_B_KING_SQ
                        
   0ca0                 UM_STORE_KING:
                            ; Get UNDO_FROM and store as restored king square
   0ca0   68 c8 64 09       RLDI 8, UNDO_FROM
   0ca4   08                LDN 8               ; D = from square
   0ca5   59                STR 9               ; Restore king position
                        
                            ; =========================================
                            ; CASTLING ROOK UNDO
                            ; =========================================
                            ; Detect: to - from = $02 (kingside) or $FE (queenside)
   0ca6   68 c9 64 49       RLDI 9, COMPARE_TEMP
   0caa   68 c8 64 09       RLDI 8, UNDO_FROM
   0cae   08                LDN 8               ; D = from square
   0caf   e9                SEX 9
   0cb0   59                STR 9               ; M(COMPARE_TEMP) = from
   0cb1   68 c8 64 0a       RLDI 8, UNDO_TO
   0cb5   08                LDN 8               ; D = to square
   0cb6   f7                SM                   ; D = to - from
   0cb7   e2                SEX 2
                        
   0cb8   fb 02             XRI $02
   0cba   c2 0c c5          LBZ UM_CASTLE_KS     ; Kingside
   0cbd   fb fc             XRI $FC
   0cbf   c2 0c f5          LBZ UM_CASTLE_QS     ; Queenside
   0cc2   c0 0d 22          LBR UM_NOT_KING      ; Normal king move
                        
   0cc5                 UM_CASTLE_KS:
                            ; Kingside undo: rook from to-1 (f-file) back to to+1 (h-file)
   0cc5   68 c9 64 0a       RLDI 9, UNDO_TO
   0cc9   09                LDN 9               ; D = to square
                        
                            ; Read rook from BOARD[to-1]
   0cca   ff 01             SMI 1                ; D = to - 1
   0ccc   a8                PLO 8
   0ccd   f8 60             LDI HIGH(BOARD)
   0ccf   b8                PHI 8               ; R8 = &BOARD[to-1]
   0cd0   08                LDN 8               ; D = rook piece
   0cd1   bd                PHI 13              ; R13.1 = rook piece (temp)
   0cd2   f8 00             LDI EMPTY
   0cd4   58                STR 8               ; Clear f1/f8
                        
                            ; Place rook back at BOARD[to+1]
   0cd5   09                LDN 9               ; D = to square
   0cd6   fc 01             ADI 1                ; D = to + 1
   0cd8   a8                PLO 8
   0cd9   f8 60             LDI HIGH(BOARD)
   0cdb   b8                PHI 8               ; R8 = &BOARD[to+1]
   0cdc   9d                GHI 13              ; D = rook piece
   0cdd   58                STR 8               ; Restore rook to h1/h8
                        
                            ; Hash: XOR [rook, to-1] (same pairs as make - XOR cancels)
   0cde   9d                GHI 13              ; D = rook piece
   0cdf   a8                PLO 8               ; R8.0 = rook piece
   0ce0   09                LDN 9               ; D = to square
   0ce1   ff 01             SMI 1                ; D = to - 1
   0ce3   b8                PHI 8               ; R8.1 = f1/f8
   0ce4   d4 58 0c          CALL HASH_XOR_PIECE_SQ
                        
                            ; Hash: XOR [rook, to+1] (R8.0 preserved)
   0ce7   68 c9 64 0a       RLDI 9, UNDO_TO
   0ceb   09                LDN 9               ; D = to square
   0cec   fc 01             ADI 1                ; D = to + 1
   0cee   b8                PHI 8               ; R8.1 = h1/h8
   0cef   d4 58 0c          CALL HASH_XOR_PIECE_SQ
                        
   0cf2   c0 0d 22          LBR UM_NOT_KING
                        
   0cf5                 UM_CASTLE_QS:
                            ; Queenside undo: rook from to+1 (d-file) back to to-2 (a-file)
   0cf5   68 c9 64 0a       RLDI 9, UNDO_TO
   0cf9   09                LDN 9               ; D = to square
                        
                            ; Read rook from BOARD[to+1]
   0cfa   fc 01             ADI 1                ; D = to + 1
   0cfc   a8                PLO 8
   0cfd   f8 60             LDI HIGH(BOARD)
   0cff   b8                PHI 8               ; R8 = &BOARD[to+1]
   0d00   08                LDN 8               ; D = rook piece
   0d01   bd                PHI 13              ; R13.1 = rook piece (temp)
   0d02   f8 00             LDI EMPTY
   0d04   58                STR 8               ; Clear d1/d8
                        
                            ; Place rook back at BOARD[to-2]
   0d05   09                LDN 9               ; D = to square
   0d06   ff 02             SMI 2                ; D = to - 2
   0d08   a8                PLO 8
   0d09   f8 60             LDI HIGH(BOARD)
   0d0b   b8                PHI 8               ; R8 = &BOARD[to-2]
   0d0c   9d                GHI 13              ; D = rook piece
   0d0d   58                STR 8               ; Restore rook to a1/a8
                        
                            ; Hash: XOR [rook, to+1]
   0d0e   9d                GHI 13              ; D = rook piece
   0d0f   a8                PLO 8               ; R8.0 = rook piece
   0d10   09                LDN 9               ; D = to square
   0d11   fc 01             ADI 1                ; D = to + 1
   0d13   b8                PHI 8               ; R8.1 = d1/d8
   0d14   d4 58 0c          CALL HASH_XOR_PIECE_SQ
                        
                            ; Hash: XOR [rook, to-2] (R8.0 preserved)
   0d17   68 c9 64 0a       RLDI 9, UNDO_TO
   0d1b   09                LDN 9               ; D = to square
   0d1c   ff 02             SMI 2                ; D = to - 2
   0d1e   b8                PHI 8               ; R8.1 = a1/a8
   0d1f   d4 58 0c          CALL HASH_XOR_PIECE_SQ
                        
   0d22                 UM_NOT_KING:
                            ; Restore castling rights to GAME_STATE + STATE_CASTLING
   0d22   68 c9 64 0b       RLDI 9, UNDO_CASTLING
   0d26   09                LDN 9
   0d27   ba                PHI 10              ; Save in R10.1
                        
   0d28   68 c8 60 81       RLDI 8, GAME_STATE + STATE_CASTLING
   0d2c   9a                GHI 10
   0d2d   58                STR 8
                        
                            ; Restore en passant square to GAME_STATE + STATE_EP_SQUARE
   0d2e   68 c9 64 0c       RLDI 9, UNDO_EP
   0d32   09                LDN 9
   0d33   18                INC 8               ; Point to EP_SQUARE ($6082)
   0d34   58                STR 8
                        
                            ; Restore halfmove clock to GAME_STATE + STATE_HALFMOVE
   0d35   68 c9 64 0d       RLDI 9, UNDO_HALFMOVE
   0d39   09                LDN 9
   0d3a   18                INC 8               ; Point to HALFMOVE ($6083)
   0d3b   58                STR 8
                        
                            ; Toggle side to move back
   0d3c   68 c8 60 80       RLDI 8, SIDE
   0d40   08                LDN 8
   0d41   fb 08             XRI BLACK           ; Toggle between 0 and 8
   0d43   58                STR 8
                        
                            ; =========================================
                            ; HASH UPDATE: XOR piece-square changes (reverse of MAKE_MOVE)
                            ; =========================================
                            ; HASH_XOR_PIECE_SQ: R8.0 = piece, R8.1 = square
                            ; Clobbers: R7, R9, R10, R13. Preserves: R8
                            ; Board is now restored: piece at UNDO_FROM, captured at UNDO_TO
                            ;
                            ; For promotion: need to XOR out [promoted_piece, to], not [pawn, to]
                        
                            ; --- Step 1: XOR out [piece that WAS at to], to ---
                            ; Check if this was a promotion
   0d44   68 ca 64 04       RLDI 10, UNDO_PROMOTION
   0d48   0a                LDN 10              ; D = promotion type (0 if none)
   0d49   c2 0d 69          LBZ UM_HASH_NOT_PROMO
                        
                            ; Promotion: XOR out [promoted_piece, to]
                            ; Get color from BOARD[from] (the pawn), combine with promotion type
   0d4c   68 ca 64 09       RLDI 10, UNDO_FROM
   0d50   0a                LDN 10              ; D = from_square
   0d51   fc 00             ADI LOW(BOARD)
   0d53   aa                PLO 10
   0d54   f8 60             LDI HIGH(BOARD)
   0d56   7c 00             ADCI 0
   0d58   ba                PHI 10              ; R10 = &BOARD[from_square]
   0d59   0a                LDN 10              ; D = pawn
   0d5a   fa 08             ANI COLOR_MASK      ; Get color
   0d5c   a8                PLO 8               ; R8.0 = color (temp)
   0d5d   68 ca 64 04       RLDI 10, UNDO_PROMOTION
   0d61   0a                LDN 10              ; D = promotion piece type
   0d62   52                STR 2               ; Save on stack
   0d63   88                GLO 8               ; D = color
   0d64   f4                ADD                 ; D = color + promotion_type = promoted piece
   0d65   a8                PLO 8               ; R8.0 = promoted piece
   0d66   c0 0d 78          LBR UM_HASH_GOT_PIECE
                        
   0d69                 UM_HASH_NOT_PROMO:
                            ; Normal move: XOR out [moving piece, to]
                            ; Moving piece is now at BOARD[UNDO_FROM]
   0d69   68 ca 64 09       RLDI 10, UNDO_FROM
   0d6d   0a                LDN 10              ; D = from_square
   0d6e   fc 00             ADI LOW(BOARD)
   0d70   aa                PLO 10
   0d71   f8 60             LDI HIGH(BOARD)
   0d73   7c 00             ADCI 0
   0d75   ba                PHI 10              ; R10 = &BOARD[from_square]
   0d76   0a                LDN 10              ; D = moving piece
   0d77   a8                PLO 8               ; R8.0 = moving piece
                        
   0d78                 UM_HASH_GOT_PIECE:
                            ; Get to square
   0d78   68 ca 64 0a       RLDI 10, UNDO_TO
   0d7c   0a                LDN 10              ; D = to_square
   0d7d   b8                PHI 8               ; R8.1 = to_square
   0d7e   d4 58 0c          CALL HASH_XOR_PIECE_SQ
                        
                            ; --- Step 2: XOR in [captured, captured_square] ---
                            ; For normal captures: captured_square = to
                            ; For EP captures: captured_square = (from_rank | to_file)
   0d81   68 ca 64 08       RLDI 10, UNDO_CAPTURED
   0d85   0a                LDN 10              ; D = captured piece
   0d86   a8                PLO 8               ; R8.0 = captured piece
   0d87   68 ca 64 ff       RLDI 10, UNDO_CAP_SQ
   0d8b   0a                LDN 10              ; D = capture square
   0d8c   b8                PHI 8               ; R8.1 = capture square
   0d8d   d4 58 0c          CALL HASH_XOR_PIECE_SQ  ; skips if captured == EMPTY
                        
                            ; --- Step 3: XOR in [moving piece, from] ---
                            ; Moving piece is at BOARD[UNDO_FROM]
   0d90   68 ca 64 09       RLDI 10, UNDO_FROM
   0d94   0a                LDN 10              ; D = from_square
   0d95   b8                PHI 8               ; R8.1 = from_square
                            ; Compute BOARD[from_square]
   0d96   fc 00             ADI LOW(BOARD)
   0d98   aa                PLO 10
   0d99   f8 60             LDI HIGH(BOARD)
   0d9b   7c 00             ADCI 0
   0d9d   ba                PHI 10              ; R10 = &BOARD[from_square]
   0d9e   0a                LDN 10              ; D = moving piece
   0d9f   a8                PLO 8               ; R8.0 = moving piece
   0da0   d4 58 0c          CALL HASH_XOR_PIECE_SQ
                        
                            ; --- Step 4: XOR side ---
   0da3   d4 58 6f          CALL HASH_XOR_SIDE
                        
   0da6   d5                SEP 5
                        
                        ; ==============================================================================
                        ; NULL_MAKE_MOVE - Make a null move (pass - just toggle side)
                        ; ==============================================================================
                        ; Used by null move pruning. No actual piece moves.
                        ; Input: None
                        ; Output: Side toggled, hash updated, EP cleared
                        ; Saves: EP square to NULL_SAVED_EP for unmake
                        ; ==============================================================================
   0da7                 NULL_MAKE_MOVE:
                            ; Save EP square to NULL_SAVED_EP
   0da7   68 ca 60 82       RLDI 10, GAME_STATE + STATE_EP_SQUARE
   0dab   0a                LDN 10              ; D = current EP square
   0dac   a7                PLO 7               ; Save in R7.0
   0dad   68 ca 64 a8       RLDI 10, NULL_SAVED_EP
   0db1   87                GLO 7
   0db2   5a                STR 10              ; NULL_SAVED_EP = old EP
                        
                            ; Clear EP square (no EP after null move)
   0db3   68 ca 60 82       RLDI 10, GAME_STATE + STATE_EP_SQUARE
   0db7   f8 ff             LDI $FF             ; Invalid EP
   0db9   5a                STR 10
                        
                            ; Toggle side to move
   0dba   68 ca 60 80       RLDI 10, GAME_STATE + STATE_SIDE_TO_MOVE
   0dbe   0a                LDN 10
   0dbf   fb 08             XRI $08             ; Toggle 0 <-> 8
   0dc1   5a                STR 10
                        
                            ; Update hash for side change
   0dc2   d4 58 6f          CALL HASH_XOR_SIDE
                        
   0dc5   d5                RETN
                        
                        ; ==============================================================================
                        ; NULL_UNMAKE_MOVE - Undo a null move
                        ; ==============================================================================
                        ; Restores state from before null move
                        ; Input: None
                        ; Output: Side toggled back, hash restored, EP restored
                        ; ==============================================================================
   0dc6                 NULL_UNMAKE_MOVE:
                            ; Toggle side back
   0dc6   68 ca 60 80       RLDI 10, GAME_STATE + STATE_SIDE_TO_MOVE
   0dca   0a                LDN 10
   0dcb   fb 08             XRI $08             ; Toggle 8 <-> 0
   0dcd   5a                STR 10
                        
                            ; Restore EP square from NULL_SAVED_EP
   0dce   68 ca 64 a8       RLDI 10, NULL_SAVED_EP
   0dd2   0a                LDN 10              ; D = saved EP
   0dd3   a7                PLO 7               ; Save in R7.0
   0dd4   68 ca 60 82       RLDI 10, GAME_STATE + STATE_EP_SQUARE
   0dd8   87                GLO 7
   0dd9   5a                STR 10              ; Restore EP
                        
                            ; Update hash for side change (XOR again = restore)
   0dda   d4 58 6f          CALL HASH_XOR_SIDE
                        
   0ddd   d5                RETN
                        
                        ; ==============================================================================
                        ; END OF MAKE/UNMAKE MODULE
                        ; ==============================================================================
                        ; ==============================================================================
                        ; RCA 1802/1806 Chess Engine - Position Evaluation
                        ; ==============================================================================
                        ; Evaluate board position and return score
                        ; Positive score favors white, negative favors black
                        ; ==============================================================================
                        
                        ; ------------------------------------------------------------------------------
                        ; Piece Values (in centipawns)
                        ; ------------------------------------------------------------------------------
   0064                 PAWN_VALUE      EQU 100
   0140                 KNIGHT_VALUE    EQU 320
   014a                 BISHOP_VALUE    EQU 330
   01f4                 ROOK_VALUE      EQU 500
   0384                 QUEEN_VALUE     EQU 900
   4e20                 KING_VALUE      EQU 20000   ; Effectively infinite (not used in material count)
                        
                        ; Check bonus: credit the attacker when side-to-move is in check.
                        ; Applied at EVAL exit — rewards moves that deliver check, encourages
                        ; attacking play (especially with queen) in endgame mate-chasing.
   0028                 CHECK_BONUS     EQU 40
                        
                        ; Queen-king proximity bonus (Chebyshev distance lookup).
                        ; Indexed by distance 0-7. Distance 0 unreachable (queen can't be on king's
                        ; square). Encourages queen to attack enemy king in endgame, addressing the
                        ; "queen sits idle" pattern that emerged after the queen-cap removed
                        ; multi-promotion incentive.
   0dde                 QUEEN_PROX_BONUS:
   0dde   00                DB 0    ; distance 0 (not reachable)
   0ddf   3c                DB 60   ; distance 1 (adjacent — strongest attack)
   0de0   32                DB 50   ; distance 2
   0de1   28                DB 40   ; distance 3
   0de2   1e                DB 30   ; distance 4
   0de3   14                DB 20   ; distance 5
   0de4   0a                DB 10   ; distance 6
   0de5   00                DB 0    ; distance 7 (far — no bonus)
                        
                        ; King-safety tables (2026-06-11). SHIELD_PEN indexed by shield_missing (0-3);
                        ; STORM_PEN indexed by (3 - chebyshev_dist) so dist1->idx2, dist2->idx1. Penalties
                        ; are positive magnitudes; max SHIELD(100)+STORM(150)=250 fits one byte.
   0de6                 SHIELD_PEN:
   0de6   00 19 3c 64       DB 0, 25, 60, 100       ; missing 0,1,2,3 shield pawns
   0dea                 STORM_PEN:
   0dea   00 50 96          DB 0, 80, 150           ; idx 0 (dist3, unused), 1 (dist2), 2 (dist1)
                        ; (DEFENSE_CREDIT table removed 2026-07-13 — see KING_SAFETY note.)
                        ; Racing-passer bonus (2026-06-13): EXTRA value for an advanced white passer with a
                        ; clear front, ramping toward queen value so white pushes it (the d5 search can't
                        ; see the promotion). Indexed by rank-5/6/7. 16-bit (big-endian DW) — > one byte.
   0ded                 RUNNER_BONUS:
   0ded   00 96 01 5e       DW 150, 350, 600       ; rank 5, rank 6, rank 7
   0df1   02 58         
                        
                        ; Piece value table (indexed by piece type 0-6)
   0df3                 PIECE_VALUES:
   0df3   00 00             DW 0            ; Empty (type 0)
   0df5   00 64             DW 100          ; Pawn (type 1)
   0df7   01 40             DW 320          ; Knight (type 2)
   0df9   01 4a             DW 330          ; Bishop (type 3)
   0dfb   01 f4             DW 500          ; Rook (type 4)
   0dfd   03 84             DW 900          ; Queen (type 5)
   0dff   00 00             DW 0            ; King (type 6) - don't count in material
                        
                        ; ------------------------------------------------------------------------------
                        ; EVALUATE - Main evaluation function
                        ; ------------------------------------------------------------------------------
                        ; Input:  A = board pointer (BOARD)
                        ; Output: R9 = evaluation score (16-bit signed)
                        ;         Positive = white advantage
                        ;         Negative = black advantage
                        ; NOTE:   Returns in R9, NOT R6! R6 is SCRT linkage register - off limits!
                        ; Uses:   All registers except R6
                        ;
                        ; Components (in order of implementation):
                        ;   1. Material count (DONE)
                        ;   2. Piece-square tables (TODO)
                        ;   3. Pawn structure (TODO)
                        ;   4. King safety (TODO)
                        ;   5. Mobility (TODO)
                        ; ------------------------------------------------------------------------------
                        
                        ; ------------------------------------------------------------------------------
                        ; CHECK_INSUFFICIENT_MATERIAL - Detect the canonical dead-draw material configs
                        ; ------------------------------------------------------------------------------
                        ; Returns D = 1 if the position is one of:
                        ;   K vs K, K+N vs K, K+B vs K, K+B vs K+B (bishops on same square colour)
                        ; else D = 0.  These are the four cases where neither side can force mate
                        ; (item C — added 2026-05-18).  Returning 0 from EVALUATE for these stops the
                        ; engine meandering in drawn endgames until the 50-move rule.
                        ;
                        ; Scans BOARD once, early-aborting to "not draw" the moment a pawn, rook, or
                        ; queen is seen, or when the minor count exceeds 2.  In any position with
                        ; pawns/rooks/queens (every opening/middlegame) the very first occupied square
                        ; aborts the scan, so cost is ~1 iteration in normal play; only true bare-king
                        ; endgames pay the full 128-square walk.
                        ;
                        ; Provably safe for non-drawn positions: the short-circuit only fires when
                        ; material is EXACTLY one of the four configs above. Any pawn/rook/queen or a
                        ; 3rd minor falls through untouched — cannot alter winning/losing eval.
                        ;
                        ; Uses: R7 (sq index), R8 (piece + type/sqcolor scratch), R10 (board ptr),
                        ;       R11 (.0=minor total, .1=white bishop count),
                        ;       R13 (.0=black bishop count, .1=bishop sq-colour bits)
                        ; Does NOT touch R6 (SCRT) or R9 (caller score, not yet set at call site).
                        ; ------------------------------------------------------------------------------
   0e01                 CHECK_INSUFFICIENT_MATERIAL:
   0e01   f8 00             LDI 0
   0e03   ab                PLO 11              ; R11.0 = minor total (bishops + knights)
   0e04   bb                PHI 11              ; R11.1 = white bishop count
   0e05   ad                PLO 13              ; R13.0 = black bishop count
   0e06   bd                PHI 13              ; R13.1 = bishop sq-colour bits (b0=W, b1=B)
                        
   0e07   f8 00             LDI 0
   0e09   a7                PLO 7               ; R7.0 = square index 0
                        
   0e0a                 CIM_LOOP:
   0e0a   87                GLO 7
   0e0b   fa 88             ANI $88
   0e0d   ca 0e 75          LBNZ CIM_NEXT       ; off-board 0x88 square, skip
                        
                            ; R10 = BOARD + sq
   0e10   87                GLO 7
   0e11   fc 00             ADI LOW(BOARD)
   0e13   aa                PLO 10
   0e14   f8 60             LDI HIGH(BOARD)
   0e16   7c 00             ADCI 0
   0e18   ba                PHI 10
   0e19   0a                LDN 10              ; D = piece
   0e1a   c2 0e 75          LBZ CIM_NEXT        ; empty square
                        
   0e1d   a8                PLO 8               ; R8.0 = full piece byte (kept all loop)
   0e1e   fa 07             ANI PIECE_MASK      ; D = piece type 1-6
   0e20   b8                PHI 8               ; R8.1 = piece type
                        
   0e21   fb 06             XRI KING_TYPE       ; king? (always present, never counted)
   0e23   c2 0e 75          LBZ CIM_NEXT
                        
   0e26   98                GHI 8               ; type
   0e27   fb 01             XRI PAWN_TYPE
   0e29   c2 0e a4          LBZ CIM_NOT_DRAW    ; any pawn → not insufficient
   0e2c   98                GHI 8
   0e2d   fb 04             XRI ROOK_TYPE
   0e2f   c2 0e a4          LBZ CIM_NOT_DRAW    ; any rook → not insufficient
   0e32   98                GHI 8
   0e33   fb 05             XRI QUEEN_TYPE
   0e35   c2 0e a4          LBZ CIM_NOT_DRAW    ; any queen → not insufficient
                        
                            ; piece is a minor (knight=2 or bishop=3)
   0e38   8b                GLO 11
   0e39   fc 01             ADI 1
   0e3b   ab                PLO 11              ; minor total++
   0e3c   ff 03             SMI 3
   0e3e   c3 0e a4          LBDF CIM_NOT_DRAW   ; >=3 minors → not one of the four cases
                        
   0e41   98                GHI 8               ; type
   0e42   fb 03             XRI BISHOP_TYPE
   0e44   ca 0e 75          LBNZ CIM_NEXT       ; knight — counted in total, nothing more
                        
                            ; --- bishop: compute its square colour = ((sq>>4)+(sq&7)) & 1 ---
   0e47   87                GLO 7
   0e48   fa 07             ANI $07             ; file
   0e4a   52                STR 2               ; M(R2) = file
   0e4b   87                GLO 7
   0e4c   f6                SHR
   0e4d   f6                SHR
   0e4e   f6                SHR
   0e4f   f6                SHR                 ; D = sq>>4 = rank (valid sq → high nibble 0-7)
   0e50   f4                ADD                 ; D = rank + file
   0e51   fa 01             ANI $01             ; D = square colour 0/1
   0e53   b8                PHI 8               ; R8.1 = square colour
                        
   0e54   88                GLO 8               ; full piece byte
   0e55   fa 08             ANI COLOR_MASK      ; 0 = white bishop, 8 = black bishop
   0e57   ca 0e 69          LBNZ CIM_BLACK_B
                        
                            ; white bishop
   0e5a   9b                GHI 11
   0e5b   fc 01             ADI 1
   0e5d   bb                PHI 11              ; white bishop count++
   0e5e   98                GHI 8               ; square colour
   0e5f   c2 0e 75          LBZ CIM_NEXT        ; colour 0 → leave bit0 clear
   0e62   9d                GHI 13
   0e63   f9 01             ORI $01
   0e65   bd                PHI 13              ; bit0 = white bishop on colour-1 square
   0e66   c0 0e 75          LBR CIM_NEXT
                        
   0e69                 CIM_BLACK_B:
   0e69   8d                GLO 13
   0e6a   fc 01             ADI 1
   0e6c   ad                PLO 13              ; black bishop count++
   0e6d   98                GHI 8               ; square colour
   0e6e   c2 0e 75          LBZ CIM_NEXT
   0e71   9d                GHI 13
   0e72   f9 02             ORI $02
   0e74   bd                PHI 13              ; bit1 = black bishop on colour-1 square
                        
   0e75                 CIM_NEXT:
   0e75   87                GLO 7
   0e76   fc 01             ADI 1
   0e78   a7                PLO 7
   0e79   fb 80             XRI $80             ; scanned squares 0..127?
   0e7b   ca 0e 0a          LBNZ CIM_LOOP
                        
                            ; --- decision ---
   0e7e   8b                GLO 11              ; minor total
   0e7f   c2 0e a1          LBZ CIM_DRAW        ; 0 minors → K vs K
   0e82   ff 01             SMI 1
   0e84   c2 0e a1          LBZ CIM_DRAW        ; 1 minor  → K+N vs K or K+B vs K (either side)
                        
                            ; minor total == 2 (>=3 already rejected mid-scan).
                            ; Draw only if exactly one bishop per side AND same square colour.
   0e87   9b                GHI 11              ; white bishop count
   0e88   ff 01             SMI 1
   0e8a   ca 0e a4          LBNZ CIM_NOT_DRAW   ; != 1
   0e8d   8d                GLO 13              ; black bishop count
   0e8e   ff 01             SMI 1
   0e90   ca 0e a4          LBNZ CIM_NOT_DRAW   ; != 1
   0e93   9d                GHI 13
   0e94   fa 03             ANI $03             ; b0=white sqcolour, b1=black sqcolour
   0e96   c2 0e a1          LBZ CIM_DRAW        ; 00 → both colour-0 → same → draw
   0e99   fb 03             XRI $03
   0e9b   c2 0e a1          LBZ CIM_DRAW        ; 11 → both colour-1 → same → draw
   0e9e   c0 0e a4          LBR CIM_NOT_DRAW    ; 01/10 → opposite colours (not in item-C list)
                        
   0ea1                 CIM_DRAW:
   0ea1   f8 01             LDI 1
   0ea3   d5                RETN
                        
   0ea4                 CIM_NOT_DRAW:
   0ea4   f8 00             LDI 0
   0ea6   d5                RETN
                        
                        ; ------------------------------------------------------------------------------
   0ea7                 EVALUATE:
                            ; Ensure X=2 for all stack/memory operations
   0ea7   e2                SEX 2
                        
   0ea8   68 ca 64 1d       RLDI 10, TRACE_WHERE
   0eac   f8 e1             LDI $E1
   0eae   5a                STR 10              ; tracer: in EVALUATE
                        
                            ; Insufficient-material dead-draw short-circuit (item C, 2026-05-18).
                            ; Safe by construction: only fires for K-K / K+N-K / K+B-K / K+B-K+B
                            ; same-colour; any other material falls through to the full eval.
   0eaf   d4 0e 01          CALL CHECK_INSUFFICIENT_MATERIAL
   0eb2   c2 0e ba          LBZ EVAL_NOT_DEAD_DRAW
   0eb5   f8 00             LDI 0
   0eb7   b9                PHI 9
   0eb8   a9                PLO 9              ; R9 = 0 (draw)
   0eb9   d5                RETN
   0eba                 EVAL_NOT_DEAD_DRAW:
                        
                            ; Initialize score to 0
                            ; NOTE: Use R9 for score, NOT R6! R6 is SCRT linkage register!
   0eba   f8 00             LDI 0
   0ebc   b9                PHI 9
   0ebd   a9                PLO 9              ; R9 = 0 (score accumulator)
                        
                            ; Scan board and count material
   0ebe   68 ca 60 00       RLDI 10, BOARD
                        
                            ; Initialize square counter in memory (avoid R14!)
   0ec2   68 cd 64 1d       RLDI 13, EVAL_SQ_INDEX
   0ec6   f8 00             LDI 0
   0ec8   5d                STR 13              ; EVAL_SQ_INDEX = 0
                        
                            ; Initialize piece counter in memory (D is still 0)
   0ec9   68 cb 64 ec       RLDI 11, EG_PIECE_COUNT
   0ecd   5b                STR 11              ; EG_PIECE_COUNT = 0
                        
                            ; Initialize advanced pawn counters (D is still 0)
   0ece   68 cb 64 fd       RLDI 11, ADV_PAWN_W
   0ed2   5b                STR 11              ; ADV_PAWN_W = 0
   0ed3   1b                INC 11
   0ed4   5b                STR 11              ; ADV_PAWN_B = 0
                        
                            ; Initialize pawn file counts: 16 bytes at $6710-$671F (D is still 0)
   0ed5   68 cb 67 10       RLDI 11, W_PAWN_FILE_CT
   0ed9   f8 10             LDI 16              ; 16 bytes to clear
   0edb   a8                PLO 8               ; R8.0 = loop counter
   0edc                 EVAL_CLR_PAWN_CT:
   0edc   f8 00             LDI 0
   0ede   5b                STR 11
   0edf   1b                INC 11
   0ee0   28                DEC 8
   0ee1   88                GLO 8
   0ee2   ca 0e dc          LBNZ EVAL_CLR_PAWN_CT
                        
                            ; Initialize bishop counts + rook file trackers + queen counts
   0ee5   f8 00             LDI 0
   0ee7   68 cb 64 af       RLDI 11, EVAL_W_BISHOPS
   0eeb   5b                STR 11              ; EVAL_W_BISHOPS = 0
   0eec   1b                INC 11
   0eed   5b                STR 11              ; EVAL_B_BISHOPS = 0
   0eee   68 cb 64 b5       RLDI 11, W_QUEEN_CNT
   0ef2   5b                STR 11              ; W_QUEEN_CNT = 0
   0ef3   1b                INC 11
   0ef4   5b                STR 11              ; B_QUEEN_CNT = 0
   0ef5   1b                INC 11
   0ef6   5b                STR 11              ; PIECE_BALANCE = 0 ($64B7, signed W-B non-pawn count; D still 0)
                            ; Rook files = $FF (no rook); queen squares also default to $FF (no queen)
   0ef7   f8 ff             LDI $FF
   0ef9   68 cb 64 b1       RLDI 11, EVAL_W_ROOK_F1
   0efd   5b                STR 11              ; EVAL_W_ROOK_F1 = $FF
   0efe   1b                INC 11
   0eff   5b                STR 11              ; EVAL_W_ROOK_F2 = $FF
   0f00   1b                INC 11
   0f01   5b                STR 11              ; EVAL_B_ROOK_F1 = $FF
   0f02   1b                INC 11
   0f03   5b                STR 11              ; EVAL_B_ROOK_F2 = $FF
   0f04   68 cb 67 20       RLDI 11, W_QUEEN_SQ
   0f08   5b                STR 11              ; W_QUEEN_SQ = $FF
   0f09   1b                INC 11
   0f0a   5b                STR 11              ; B_QUEEN_SQ = $FF
                        
   0f0b                 EVAL_SCAN:
                            ; Check if square is valid (R13 points to EVAL_SQ_INDEX)
   0f0b   0d                LDN 13
   0f0c   fa 88             ANI $88
   0f0e   ca 10 8c          LBNZ EVAL_NEXT_SQUARE
                        
                            ; Load piece at square
   0f11   0a                LDN 10
   0f12   c2 10 8c          LBZ EVAL_NEXT_SQUARE ; Empty square
                        
                            ; Get piece type and color
                            ; NOTE: R13 must stay pointing to EVAL_SQ_INDEX - use R8 for piece temp!
   0f15   a8                PLO 8               ; R8.0 = piece (temp storage)
                        
                            ; Check color
   0f16   fa 08             ANI COLOR_MASK
   0f18   af                PLO 15              ; F.0 = color (0=white, 8=black)
                        
                            ; Get piece type
   0f19   88                GLO 8               ; Get piece back from R8.0
   0f1a   fa 07             ANI PIECE_MASK
   0f1c   a8                PLO 8               ; R8.0 = piece type (1-6)
                        
                            ; Skip king (type 6)
   0f1d   fb 06             XRI 6
   0f1f   c2 10 8c          LBZ EVAL_NEXT_SQUARE
                        
                            ; Count non-king piece (memory variable — R12 is side-to-move, off limits)
   0f22   68 cb 64 ec       RLDI 11, EG_PIECE_COUNT
   0f26   0b                LDN 11
   0f27   fc 01             ADI 1
   0f29   5b                STR 11
                        
                            ; Accumulate SIGNED non-pawn piece balance (W-B) for the white RUNNER_BONUS gate
                            ; (2026-06-30). type in R8.0 (1-5; king already skipped), color in R15. White N/B/R/Q
                            ; -> +1, black -> -1. R11/D clobbered (both reloaded below).
   0f2a   88                GLO 8
   0f2b   ff 02             SMI 2               ; type - 2  (DF=0 if type < 2, i.e. pawn)
   0f2d   cb 0f 43          LBNF EVAL_PB_DONE   ; pawn -> not a piece, skip
   0f30   68 cb 64 b7       RLDI 11, PIECE_BALANCE
   0f34   8f                GLO 15              ; color (0=white, 8=black)
   0f35   ca 0f 3f          LBNZ EVAL_PB_BLACK  ; black -> decrement
   0f38   0b                LDN 11              ; white: balance + 1
   0f39   fc 01             ADI 1
   0f3b   5b                STR 11
   0f3c   c0 0f 43          LBR EVAL_PB_DONE
   0f3f                 EVAL_PB_BLACK:
   0f3f   0b                LDN 11              ; black: balance - 1
   0f40   ff 01             SMI 1
   0f42   5b                STR 11
   0f43                 EVAL_PB_DONE:
                        
                            ; Check if pawn for advanced pawn bonus (graduated)
   0f43   88                GLO 8               ; piece type (1-5)
   0f44   fb 01             XRI 1
   0f46   ca 0f c0          LBNZ EVAL_NOT_ADV_PAWN  ; not a pawn (+3 instr for non-pawns)
                            ; Pawn — extract rank from 0x88 square
   0f49   0d                LDN 13              ; D = 0x88 square (from EVAL_SQ_INDEX)
   0f4a   fa 70             ANI $70             ; D = rank << 4 ($00-$70)
   0f4c   52                STR 2               ; save rank<<4 on stack
   0f4d   8f                GLO 15              ; D = color (0=white, 8=black)
   0f4e   ca 0f 8a          LBNZ EVAL_BP_ADV
                            ; === White pawn: rank 7=$60 (+150), rank 6=$50 (+100), rank 5=$40 (+50), rank 4=$30 (+25) ===
   0f51   02                LDN 2
   0f52   fb 60             XRI $60
   0f54   c2 0f 73          LBZ EVAL_WP_R7
   0f57   02                LDN 2
   0f58   fb 50             XRI $50
   0f5a   c2 0f 78          LBZ EVAL_WP_R6
   0f5d   02                LDN 2
   0f5e   fb 40             XRI $40
   0f60   c2 0f 6e          LBZ EVAL_WP_R5
   0f63   02                LDN 2
   0f64   fb 30             XRI $30
   0f66   ca 0f c0          LBNZ EVAL_NOT_ADV_PAWN
   0f69   f8 19             LDI 25              ; rank 4
   0f6b   c0 0f 7a          LBR EVAL_WP_ADD
   0f6e                 EVAL_WP_R5:
   0f6e   f8 32             LDI 50              ; rank 5
   0f70   c0 0f 7a          LBR EVAL_WP_ADD
   0f73                 EVAL_WP_R7:
   0f73   f8 96             LDI 150             ; rank 7
   0f75   c0 0f 7a          LBR EVAL_WP_ADD
   0f78                 EVAL_WP_R6:
   0f78   f8 64             LDI 100             ; rank 6
   0f7a                 EVAL_WP_ADD:
   0f7a   52                STR 2
   0f7b   68 cb 64 fd       RLDI 11, ADV_PAWN_W
   0f7f   0b                LDN 11
   0f80   f4                ADD
   0f81   cb 0f 86          LBNF EVAL_WP_NOSAT  ; DF=0: no carry, no overflow
   0f84   f8 ff             LDI 255             ; Overflow: saturate at 255
   0f86                 EVAL_WP_NOSAT:
   0f86   5b                STR 11              ; ADV_PAWN_W = min(sum, 255)
   0f87   c0 0f c0          LBR EVAL_NOT_ADV_PAWN
   0f8a                 EVAL_BP_ADV:
                            ; === Black pawn: rank 2=$10 (+150), rank 3=$20 (+100), rank 4=$30 (+50), rank 5=$40 (+25) ===
   0f8a   02                LDN 2
   0f8b   fb 10             XRI $10
   0f8d   c2 0f ac          LBZ EVAL_BP_R2
   0f90   02                LDN 2
   0f91   fb 20             XRI $20
   0f93   c2 0f b1          LBZ EVAL_BP_R3
   0f96   02                LDN 2
   0f97   fb 30             XRI $30
   0f99   c2 0f a7          LBZ EVAL_BP_R4
   0f9c   02                LDN 2
   0f9d   fb 40             XRI $40
   0f9f   ca 0f c0          LBNZ EVAL_NOT_ADV_PAWN
   0fa2   f8 19             LDI 25              ; rank 5
   0fa4   c0 0f b3          LBR EVAL_BP_ADD
   0fa7                 EVAL_BP_R4:
   0fa7   f8 32             LDI 50              ; rank 4
   0fa9   c0 0f b3          LBR EVAL_BP_ADD
   0fac                 EVAL_BP_R2:
   0fac   f8 96             LDI 150             ; rank 2
   0fae   c0 0f b3          LBR EVAL_BP_ADD
   0fb1                 EVAL_BP_R3:
   0fb1   f8 64             LDI 100             ; rank 3
   0fb3                 EVAL_BP_ADD:
   0fb3   52                STR 2
   0fb4   68 cb 64 fe       RLDI 11, ADV_PAWN_B
   0fb8   0b                LDN 11
   0fb9   f4                ADD
   0fba   cb 0f bf          LBNF EVAL_BP_NOSAT  ; DF=0: no carry, no overflow
   0fbd   f8 ff             LDI 255             ; Overflow: saturate at 255
   0fbf                 EVAL_BP_NOSAT:
   0fbf   5b                STR 11              ; ADV_PAWN_B = min(sum, 255)
   0fc0                 EVAL_NOT_ADV_PAWN:
                        
                            ; ==================================================================
                            ; Track pawn files, bishop count, rook files for structure eval
                            ; R8.0 = piece type (1-6), R15.0 = color, R13 -> EVAL_SQ_INDEX
                            ; ==================================================================
                        
                            ; --- PAWN: increment per-file count ---
   0fc0   88                GLO 8               ; piece type
   0fc1   fb 01             XRI 1               ; pawn?
   0fc3   ca 0f eb          LBNZ EVAL_NOT_PAWN_TRACK
   0fc6   0d                LDN 13              ; D = 0x88 square
   0fc7   fa 07             ANI $07             ; D = file (0-7)
   0fc9   52                STR 2               ; save file on stack
   0fca   8f                GLO 15              ; color
   0fcb   ca 0f de          LBNZ EVAL_BP_COUNT
                            ; White pawn: W_PAWN_FILE_CT[file]++
   0fce   02                LDN 2               ; D = file
   0fcf   fc 10             ADI LOW(W_PAWN_FILE_CT)
   0fd1   ab                PLO 11
   0fd2   f8 67             LDI HIGH(W_PAWN_FILE_CT)
   0fd4   7c 00             ADCI 0
   0fd6   bb                PHI 11              ; R11 = &W_PAWN_FILE_CT[file]
   0fd7   0b                LDN 11
   0fd8   fc 01             ADI 1
   0fda   5b                STR 11
   0fdb   c0 0f eb          LBR EVAL_NOT_PAWN_TRACK
   0fde                 EVAL_BP_COUNT:
                            ; Black pawn: B_PAWN_FILE_CT[file]++
   0fde   02                LDN 2               ; D = file
   0fdf   fc 18             ADI LOW(B_PAWN_FILE_CT)
   0fe1   ab                PLO 11
   0fe2   f8 67             LDI HIGH(B_PAWN_FILE_CT)
   0fe4   7c 00             ADCI 0
   0fe6   bb                PHI 11              ; R11 = &B_PAWN_FILE_CT[file]
   0fe7   0b                LDN 11
   0fe8   fc 01             ADI 1
   0fea   5b                STR 11
   0feb                 EVAL_NOT_PAWN_TRACK:
                        
                            ; --- BISHOP: count per color ---
   0feb   88                GLO 8               ; piece type
   0fec   fb 03             XRI 3               ; bishop?
   0fee   ca 10 08          LBNZ EVAL_NOT_BISHOP_TRACK
   0ff1   8f                GLO 15              ; color
   0ff2   ca 10 00          LBNZ EVAL_BB_TRACK
   0ff5   68 cb 64 af       RLDI 11, EVAL_W_BISHOPS
   0ff9   0b                LDN 11
   0ffa   fc 01             ADI 1
   0ffc   5b                STR 11
   0ffd   c0 10 08          LBR EVAL_NOT_BISHOP_TRACK
   1000                 EVAL_BB_TRACK:
   1000   68 cb 64 b0       RLDI 11, EVAL_B_BISHOPS
   1004   0b                LDN 11
   1005   fc 01             ADI 1
   1007   5b                STR 11
   1008                 EVAL_NOT_BISHOP_TRACK:
                        
                            ; --- ROOK: save file number (up to 2 per side) ---
   1008   88                GLO 8               ; piece type
   1009   fb 04             XRI 4               ; rook?
   100b   ca 10 43          LBNZ EVAL_NOT_ROOK_TRACK
   100e   0d                LDN 13              ; 0x88 square
   100f   fa 07             ANI $07             ; D = file (0-7)
   1011   b8                PHI 8               ; save file in R8.1
   1012   8f                GLO 15              ; color
   1013   ca 10 2e          LBNZ EVAL_BROOK_TRACK
                            ; White rook: store in F1 or F2
   1016   68 cb 64 b1       RLDI 11, EVAL_W_ROOK_F1
   101a   0b                LDN 11
   101b   fb ff             XRI $FF             ; is F1 empty?
   101d   ca 10 25          LBNZ EVAL_WR_F2
   1020   98                GHI 8               ; D = file
   1021   5b                STR 11              ; F1 = file
   1022   c0 10 43          LBR EVAL_NOT_ROOK_TRACK
   1025                 EVAL_WR_F2:
   1025   68 cb 64 b2       RLDI 11, EVAL_W_ROOK_F2
   1029   98                GHI 8
   102a   5b                STR 11              ; F2 = file
   102b   c0 10 43          LBR EVAL_NOT_ROOK_TRACK
   102e                 EVAL_BROOK_TRACK:
                            ; Black rook: store in F1 or F2
   102e   68 cb 64 b3       RLDI 11, EVAL_B_ROOK_F1
   1032   0b                LDN 11
   1033   fb ff             XRI $FF
   1035   ca 10 3d          LBNZ EVAL_BR_F2
   1038   98                GHI 8
   1039   5b                STR 11
   103a   c0 10 43          LBR EVAL_NOT_ROOK_TRACK
   103d                 EVAL_BR_F2:
   103d   68 cb 64 b4       RLDI 11, EVAL_B_ROOK_F2
   1041   98                GHI 8
   1042   5b                STR 11
   1043                 EVAL_NOT_ROOK_TRACK:
                        
                            ; --- QUEEN: count + remember square (for redundant-queen cap and proximity bonus) ---
   1043   88                GLO 8               ; piece type
   1044   fb 05             XRI 5               ; queen?
   1046   ca 10 6c          LBNZ EVAL_NOT_QUEEN_TRACK
   1049   8f                GLO 15              ; color
   104a   ca 10 5e          LBNZ EVAL_BQ_TRACK
                            ; White queen
   104d   68 cb 64 b5       RLDI 11, W_QUEEN_CNT
   1051   0b                LDN 11
   1052   fc 01             ADI 1
   1054   5b                STR 11
   1055   0d                LDN 13              ; current 0x88 square from EVAL_SQ_INDEX
   1056   68 cb 67 20       RLDI 11, W_QUEEN_SQ
   105a   5b                STR 11
   105b   c0 10 6c          LBR EVAL_NOT_QUEEN_TRACK
   105e                 EVAL_BQ_TRACK:
                            ; Black queen
   105e   68 cb 64 b6       RLDI 11, B_QUEEN_CNT
   1062   0b                LDN 11
   1063   fc 01             ADI 1
   1065   5b                STR 11
   1066   0d                LDN 13              ; current 0x88 square from EVAL_SQ_INDEX
   1067   68 cb 67 21       RLDI 11, B_QUEEN_SQ
   106b   5b                STR 11
   106c                 EVAL_NOT_QUEEN_TRACK:
                        
                            ; Get piece value from table
                            ; R8.0 = piece type (1-6), need to look up in PIECE_VALUES table
   106c   88                GLO 8               ; Piece type from R8.0
   106d   fe                SHL                 ; Multiply by 2 (16-bit table entries)
   106e   52                STR 2               ; Save offset to stack
   106f   f8 f3             LDI LOW(PIECE_VALUES)
   1071   f4                ADD                 ; D = LOW(PIECE_VALUES) + offset
   1072   ab                PLO 11              ; R11.0 = low byte of address
   1073   f8 0d             LDI HIGH(PIECE_VALUES)
   1075   7c 00             ADCI 0              ; Add carry if low byte overflowed
   1077   bb                PHI 11              ; R11 = PIECE_VALUES + (type * 2)
                        
                            ; Load 16-bit value
   1078   4b                LDA 11
   1079   b7                PHI 7              ; 7.1 = value high
   107a   0b                LDN 11
   107b   a7                PLO 7              ; 7.0 = value low
                                                ; 7 = piece value
                        
                            ; Add or subtract based on color
   107c   8f                GLO 15              ; Color
   107d   32 82             BZ EVAL_ADD_WHITE
                        
   107f                 EVAL_ADD_BLACK:
                            ; Black piece - subtract from score (negate 7)
   107f   d4 00 0f          CALL NEG16_R7
                            ; Fall through to add
                        
   1082                 EVAL_ADD_WHITE:
                            ; White piece or negated black - add to score
                            ; R9 = R9 + R7 (using R9 for score, not R6 which is SCRT linkage!)
   1082   89                GLO 9
   1083   52                STR 2
   1084   87                GLO 7
   1085   f4                ADD
   1086   a9                PLO 9
   1087   99                GHI 9
   1088   52                STR 2
   1089   97                GHI 7
   108a   74                ADC
   108b   b9                PHI 9
                            ; 6 updated with new score
                        
   108c                 EVAL_NEXT_SQUARE:
   108c   1a                INC 10              ; Next square
                            ; Increment square counter in memory (R13 still points to EVAL_SQ_INDEX)
   108d   0d                LDN 13
   108e   fc 01             ADI 1
   1090   5d                STR 13
   1091   ff 80             SMI 128
   1093   cb 0f 0b          LBNF EVAL_SCAN      ; Continue if < 128 (DF=0 means borrow, i.e., D was < 128)
                        
   1096                 EVAL_DONE:
                            ; R9 contains material score
                        
                            ; ==================================================================
                            ; Redundant-queen cap (RETUNED 2026-07-15): extra queens beyond the
                            ; first score 500 cp, not 0. The 0-cap (anti-3-queen-shuffle) was
                            ; side-symmetric and DELETED the OPPONENT's 2nd queen from the ledger:
                            ; move 47 vs b1=Q read Rxc2 as "+500, opponent gains nothing" and the
                            ; engine walked into a Q-vs-2Q mate reading +773. At 500/extra the
                            ; anti-shuffle intent survives (2nd queen << 900, promotion never
                            ; outbids mating) but an enemy 2nd queen stays a live threat.
                            ; Implementation: subtract (W_QUEEN_CNT - 1) * 400 from white side,
                            ; add (B_QUEEN_CNT - 1) * 400 for black side (900 - 400 = 500 net).
                            ; ==================================================================
                        
                            ; --- White side ---
   1096   68 c8 64 b5       RLDI 8, W_QUEEN_CNT
   109a   08                LDN 8
   109b   c2 10 b8          LBZ QC_W_DONE       ; 0 queens: nothing to cap
   109e   ff 01             SMI 1
   10a0   c2 10 b8          LBZ QC_W_DONE       ; 1 queen: no extras
                        
   10a3   a7                PLO 7               ; R7.0 = number of extras (>= 1)
   10a4   f8 00             LDI 0
   10a6   b7                PHI 7               ; clean R7.1 for predictable DEC
                        
   10a7                 QC_W_LOOP:
   10a7   f8 90             LDI $90             ; low byte of 400 ($0190)
   10a9   52                STR 2
   10aa   89                GLO 9
   10ab   f7                SM
   10ac   a9                PLO 9
   10ad   f8 01             LDI $01             ; high byte of 400
   10af   52                STR 2
   10b0   99                GHI 9
   10b1   77                SMB
   10b2   b9                PHI 9
   10b3   27                DEC 7
   10b4   87                GLO 7
   10b5   ca 10 a7          LBNZ QC_W_LOOP
   10b8                 QC_W_DONE:
                        
                            ; --- Black side (extras flip sign: ADD 900 each) ---
   10b8   68 c8 64 b6       RLDI 8, B_QUEEN_CNT
   10bc   08                LDN 8
   10bd   c2 10 da          LBZ QC_B_DONE
   10c0   ff 01             SMI 1
   10c2   c2 10 da          LBZ QC_B_DONE
                        
   10c5   a7                PLO 7
   10c6   f8 00             LDI 0
   10c8   b7                PHI 7
                        
   10c9                 QC_B_LOOP:
   10c9   f8 90             LDI $90             ; low byte of 400
   10cb   52                STR 2
   10cc   89                GLO 9
   10cd   f4                ADD
   10ce   a9                PLO 9
   10cf   f8 01             LDI $01             ; high byte of 400
   10d1   52                STR 2
   10d2   99                GHI 9
   10d3   74                ADC
   10d4   b9                PHI 9
   10d5   27                DEC 7
   10d6   87                GLO 7
   10d7   ca 10 c9          LBNZ QC_B_LOOP
   10da                 QC_B_DONE:
                        
                            ; ==================================================================
                            ; Queen-king proximity bonus
                            ; For each side that has a queen, bonus = lookup[chebyshev_distance]
                            ; from queen to enemy king. Encourages attacking play in endgame
                            ; (paired with queen-cap which removed the redundant-promotion bias).
                            ; ==================================================================
                        
                            ; --- White queen → black king proximity ---
   10da   68 c8 67 20       RLDI 8, W_QUEEN_SQ
   10de   08                LDN 8
   10df   fb ff             XRI $FF
   10e1   c2 11 35          LBZ QP_W_DONE       ; W_QUEEN_SQ == $FF (no queen), skip
                        
                            ; D was XOR'd; reload queen square
   10e4   68 c8 67 20       RLDI 8, W_QUEEN_SQ
   10e8   08                LDN 8
   10e9   b7                PHI 7               ; R7.1 = W queen 0x88 square
                        
   10ea   68 c8 60 87       RLDI 8, GAME_STATE + STATE_B_KING_SQ
   10ee   08                LDN 8
   10ef   b8                PHI 8               ; R8.1 = B king 0x88 square (use R8.1 to free R8.0)
                        
                            ; |q_rank - k_rank|
   10f0   97                GHI 7
   10f1   fa 70             ANI $70
   10f3   f6                SHR
   10f4   f6                SHR
   10f5   f6                SHR
   10f6   f6                SHR                 ; D = q_rank
   10f7   ad                PLO 13              ; R13.0 = q_rank
   10f8   98                GHI 8
   10f9   fa 70             ANI $70
   10fb   f6                SHR
   10fc   f6                SHR
   10fd   f6                SHR
   10fe   f6                SHR                 ; D = k_rank
   10ff   52                STR 2
   1100   8d                GLO 13
   1101   f5                SD                  ; D = k_rank - q_rank
   1102   c3 11 07          LBDF QP_W_RANK_OK
   1105   fd 00             SDI 0               ; negate to get magnitude
   1107                 QP_W_RANK_OK:
   1107   bd                PHI 13              ; R13.1 = |rank diff|
                        
                            ; |q_file - k_file|
   1108   97                GHI 7
   1109   fa 07             ANI $07             ; D = q_file
   110b   ad                PLO 13              ; R13.0 = q_file
   110c   98                GHI 8
   110d   fa 07             ANI $07             ; D = k_file
   110f   52                STR 2
   1110   8d                GLO 13
   1111   f5                SD                  ; D = k_file - q_file
   1112   c3 11 17          LBDF QP_W_FILE_OK
   1115   fd 00             SDI 0
   1117                 QP_W_FILE_OK:
   1117   ad                PLO 13              ; R13.0 = |file diff|
                        
                            ; max(R13.1, R13.0)
   1118   9d                GHI 13
   1119   52                STR 2
   111a   8d                GLO 13
   111b   f5                SD                  ; D = R13.1 - R13.0 (rank - file)
   111c   c3 11 23          LBDF QP_W_USE_RANK
   111f   8d                GLO 13              ; file > rank → max = file
   1120   c0 11 24          LBR QP_W_HAVE_DIST
   1123                 QP_W_USE_RANK:
   1123   9d                GHI 13              ; rank >= file → max = rank
   1124                 QP_W_HAVE_DIST:
                            ; D = chebyshev distance (1-7 typically, 0 impossible)
   1124   fc de             ADI LOW(QUEEN_PROX_BONUS)
   1126   ab                PLO 11
   1127   f8 00             LDI 0
   1129   7c 0d             ADCI HIGH(QUEEN_PROX_BONUS)
   112b   bb                PHI 11
   112c   0b                LDN 11              ; D = bonus
   112d   52                STR 2
   112e   89                GLO 9
   112f   f4                ADD
   1130   a9                PLO 9
   1131   99                GHI 9
   1132   7c 00             ADCI 0
   1134   b9                PHI 9
   1135                 QP_W_DONE:
                        
                            ; --- Black queen → white king proximity (subtract bonus from R9) ---
   1135   68 c8 67 21       RLDI 8, B_QUEEN_SQ
   1139   08                LDN 8
   113a   fb ff             XRI $FF
   113c   c2 11 90          LBZ QP_B_DONE
                        
   113f   68 c8 67 21       RLDI 8, B_QUEEN_SQ
   1143   08                LDN 8
   1144   b7                PHI 7
                        
   1145   68 c8 60 86       RLDI 8, GAME_STATE + STATE_W_KING_SQ
   1149   08                LDN 8
   114a   b8                PHI 8
                        
                            ; |q_rank - k_rank|
   114b   97                GHI 7
   114c   fa 70             ANI $70
   114e   f6                SHR
   114f   f6                SHR
   1150   f6                SHR
   1151   f6                SHR
   1152   ad                PLO 13
   1153   98                GHI 8
   1154   fa 70             ANI $70
   1156   f6                SHR
   1157   f6                SHR
   1158   f6                SHR
   1159   f6                SHR
   115a   52                STR 2
   115b   8d                GLO 13
   115c   f5                SD
   115d   c3 11 62          LBDF QP_B_RANK_OK
   1160   fd 00             SDI 0
   1162                 QP_B_RANK_OK:
   1162   bd                PHI 13
                        
                            ; |q_file - k_file|
   1163   97                GHI 7
   1164   fa 07             ANI $07
   1166   ad                PLO 13
   1167   98                GHI 8
   1168   fa 07             ANI $07
   116a   52                STR 2
   116b   8d                GLO 13
   116c   f5                SD
   116d   c3 11 72          LBDF QP_B_FILE_OK
   1170   fd 00             SDI 0
   1172                 QP_B_FILE_OK:
   1172   ad                PLO 13
                        
                            ; max
   1173   9d                GHI 13
   1174   52                STR 2
   1175   8d                GLO 13
   1176   f5                SD
   1177   c3 11 7e          LBDF QP_B_USE_RANK
   117a   8d                GLO 13
   117b   c0 11 7f          LBR QP_B_HAVE_DIST
   117e                 QP_B_USE_RANK:
   117e   9d                GHI 13
   117f                 QP_B_HAVE_DIST:
   117f   fc de             ADI LOW(QUEEN_PROX_BONUS)
   1181   ab                PLO 11
   1182   f8 00             LDI 0
   1184   7c 0d             ADCI HIGH(QUEEN_PROX_BONUS)
   1186   bb                PHI 11
   1187   0b                LDN 11              ; D = bonus
   1188   52                STR 2
   1189   89                GLO 9
   118a   f7                SM                  ; subtract bonus from white-relative score
   118b   a9                PLO 9
   118c   99                GHI 9
   118d   7f 00             SMBI 0
   118f   b9                PHI 9
   1190                 QP_B_DONE:
                        
                            ; ==================================================================
                            ; King safety (2026-06-11): pawn-shield + enemy-queen "storm".
                            ; The base had NO king safety (only the +20 castling-RIGHTS bonus), which
                            ; let ELPH get mated while up a queen (queen on a6, king g1 stripped bare).
                            ; KING_SAFETY(R7.0=king sq, R7.1=enemy queen sq, R8.0=friendly pawn code,
                            ; R8.1=shield "ahead" offset) -> D = penalty (0-250). Shield-aware: a fully
                            ; shielded king scores 0 (queen near a fortress is fine); penalty grows with
                            ; missing shield pawns and an enemy queen within Chebyshev 2. Always-on
                            ; (naturally ~0 in endgames: no enemy queen / king active).
                            ; ==================================================================
   1190   68 c8 60 86       RLDI 8, GAME_STATE + STATE_W_KING_SQ
   1194   08                LDN 8
   1195   a7                PLO 7               ; R7.0 = white king sq
   1196   68 c8 67 21       RLDI 8, B_QUEEN_SQ
   119a   08                LDN 8
   119b   b7                PHI 7               ; R7.1 = enemy (black) queen sq ($FF if none)
   119c   f8 01             LDI W_PAWN
   119e   a8                PLO 8               ; R8.0 = friendly pawn code ($01)
   119f   f8 10             LDI $10
   11a1   b8                PHI 8               ; R8.1 = ahead offset (white: +1 rank)
   11a2   d4 17 a6          CALL KING_SAFETY
   11a5   52                STR 2
   11a6   89                GLO 9
   11a7   f7                SM                  ; R9 -= white king danger
   11a8   a9                PLO 9
   11a9   99                GHI 9
   11aa   7f 00             SMBI 0
   11ac   b9                PHI 9
                        
   11ad   68 c8 60 87       RLDI 8, GAME_STATE + STATE_B_KING_SQ
   11b1   08                LDN 8
   11b2   a7                PLO 7               ; R7.0 = black king sq
   11b3   68 c8 67 20       RLDI 8, W_QUEEN_SQ
   11b7   08                LDN 8
   11b8   b7                PHI 7               ; R7.1 = enemy (white) queen sq
   11b9   f8 09             LDI B_PAWN
   11bb   a8                PLO 8               ; R8.0 = friendly pawn code ($09)
   11bc   f8 f0             LDI $F0
   11be   b8                PHI 8               ; R8.1 = ahead offset (black: -1 rank)
   11bf   d4 17 a6          CALL KING_SAFETY
   11c2   52                STR 2
   11c3   89                GLO 9
   11c4   f4                ADD                 ; R9 += black king danger
   11c5   a9                PLO 9
   11c6   99                GHI 9
   11c7   7c 00             ADCI 0
   11c9   b9                PHI 9
                        
                            ; --- O-O-O discomfort (ported 2026-07-13, task #53): queenside king
                            ; posture vs a developed enemy queen (files a-d). Returns D = signed net
                            ; (-50/0/+50); sign-extend and add to R9. Routine in the $7B00 page.
                            ; Master IS exposed: losses 2+3 (7/2, 7/3) were master-line storm mates.
   11ca   d4 7b 00          CALL OOO_DISCOMFORT
   11cd   52                STR 2               ; M(2) = signed adjustment
   11ce   fa 80             ANI $80
   11d0   c2 11 d8          LBZ OOO_SEXT_POS
   11d3   f8 ff             LDI $FF
   11d5   c0 11 da          LBR OOO_SEXT_GO
   11d8                 OOO_SEXT_POS:
   11d8   f8 00             LDI $00
   11da                 OOO_SEXT_GO:
   11da   b8                PHI 8               ; R8.1 = sign-extension byte
   11db   89                GLO 9
   11dc   f4                ADD                 ; R9.lo += adjustment (M(2))
   11dd   a9                PLO 9
   11de   98                GHI 8
   11df   52                STR 2
   11e0   99                GHI 9
   11e1   74                ADC                 ; R9.hi += sign byte + carry
   11e2   b9                PHI 9
                        
                            ; Add piece-square table bonuses
   11e3   d4 1a 17          CALL EVAL_PST
                        
                            ; ==================================================================
                            ; Castling Rights Bonus
                            ; +20cp per side that still has castling rights remaining
                            ; Incentivizes preserving the option to castle
                            ; ==================================================================
   11e6   68 cb 60 81       RLDI 11, GAME_STATE + STATE_CASTLING
   11ea   0b                LDN 11              ; D = castling rights byte
   11eb   52                STR 2               ; save for reuse
   11ec   fa 03             ANI $03             ; white bits (WK|WQ)
   11ee   c2 11 f9          LBZ EVAL_NO_W_CASTLE
   11f1   89                GLO 9
   11f2   fc 14             ADI 20
   11f4   a9                PLO 9
   11f5   99                GHI 9
   11f6   7c 00             ADCI 0
   11f8   b9                PHI 9               ; R9 += 20 (white has castling rights)
   11f9                 EVAL_NO_W_CASTLE:
   11f9   02                LDN 2               ; reload castling byte
   11fa   fa 0c             ANI $0C             ; black bits (BK|BQ)
   11fc   c2 12 07          LBZ EVAL_NO_B_CASTLE
   11ff   89                GLO 9
   1200   ff 14             SMI 20
   1202   a9                PLO 9
   1203   99                GHI 9
   1204   7f 00             SMBI 0
   1206   b9                PHI 9               ; R9 -= 20 (black has castling rights)
   1207                 EVAL_NO_B_CASTLE:
                        
                            ; ==================================================================
                            ; Queen mobility (2026-06-17, always-on): low magnitude (mobility x2 = ~2cp/
                            ; square) to break ties toward an active queen without overriding material or
                            ; distorting trades. Tunable: SHL=x2 (start), SHL SHL=x4. Watch in matches for
                            ; premature queen sorties (the one real risk). See QUEEN_MOBILITY.
                            ; ==================================================================
   1207   68 c8 67 20       RLDI 8, W_QUEEN_SQ
   120b   08                LDN 8
   120c   a7                PLO 7                   ; R7.0 = white queen sq
   120d   fb ff             XRI $FF
   120f   c2 12 1e          LBZ QMOB_BLACK          ; no white queen, skip
   1212   d4 18 4c          CALL QUEEN_MOBILITY     ; D = mobility (0..27)
   1215   fe                SHL                     ; x2 (low magnitude)
   1216   52                STR 2
   1217   89                GLO 9
   1218   f4                ADD
   1219   a9                PLO 9
   121a   99                GHI 9
   121b   7c 00             ADCI 0
   121d   b9                PHI 9                   ; R9 += white queen mobility x2
   121e                 QMOB_BLACK:
   121e   68 c8 67 21       RLDI 8, B_QUEEN_SQ
   1222   08                LDN 8
   1223   a7                PLO 7                   ; R7.0 = black queen sq
   1224   fb ff             XRI $FF
   1226   c2 12 35          LBZ QMOB_DONE           ; no black queen, skip
   1229   d4 18 4c          CALL QUEEN_MOBILITY
   122c   fe                SHL                     ; x2
   122d   52                STR 2
   122e   89                GLO 9
   122f   f7                SM                      ; D = R9.0 - mobility x2
   1230   a9                PLO 9
   1231   99                GHI 9
   1232   7f 00             SMBI 0
   1234   b9                PHI 9                   ; R9 -= black queen mobility x2
   1235                 QMOB_DONE:
                        
                            ; DIAG stamp (2026-07-17 hang hunt): eval tail after mobility
                            ; (doubled pawns / rook files / passed pawns / endgame gate).
   1235   68 cb 64 1d       RLDI 11, TRACE_WHERE
   1239   f8 e5             LDI $E5
   123b   5b                STR 11              ; tracer: eval tail (R11 reloaded below)
                        
                            ; ==================================================================
                            ; Doubled Pawn Penalty: -15cp per extra pawn on same file
                            ; Iterate 8 files; if count >= 2, penalty += (count - 1) * 15
                            ; ==================================================================
                        
                            ; --- White doubled pawns ---
   123c   68 cb 67 10       RLDI 11, W_PAWN_FILE_CT     ; $6710
   1240   f8 08             LDI 8
   1242   ad                PLO 13                      ; R13.0 = file counter (temp, will restore later)
   1243   f8 00             LDI 0
   1245   b7                PHI 7                       ; R7.1 = white doubled penalty accumulator
   1246                 EVAL_WDP_LOOP:
   1246   4b                LDA 11                      ; D = pawn count for this file, R11++
   1247   ff 02             SMI 2                       ; D = count - 2 (DF=1 if count >= 2)
   1249   cb 12 5a          LBNF EVAL_WDP_NEXT          ; count < 2, no doubled
                            ; count >= 2: penalty = (count - 1) * 15
                            ; D = count - 2, so D + 1 = count - 1
   124c   fc 01             ADI 1                       ; D = count - 1
                            ; Multiply by 15: x*16 - x = (x<<4) - x
                            ; But with 8-bit arithmetic, max extra pawns = 7, 7*15 = 105 fits in byte
   124e   a7                PLO 7                       ; save (count-1) in R7.0
   124f   fe                SHL
   1250   fe                SHL
   1251   fe                SHL
   1252   fe                SHL                         ; D = (count-1) * 16
   1253   52                STR 2                       ; M(R2) = (count-1) * 16
   1254   87                GLO 7                       ; D = (count-1)
   1255   f5                SD                          ; D = M(R2) - D = (count-1)*16 - (count-1) = (count-1)*15
   1256   52                STR 2                       ; save penalty on stack
   1257   97                GHI 7                       ; accumulated penalty
   1258   f4                ADD                         ; D = accumulated + this file's penalty
   1259   b7                PHI 7                       ; update accumulator
   125a                 EVAL_WDP_NEXT:
   125a   2d                DEC 13
   125b   8d                GLO 13
   125c   ca 12 46          LBNZ EVAL_WDP_LOOP
                            ; R7.1 = total white doubled penalty (always positive)
                            ; Subtract from score (penalty for white)
   125f   97                GHI 7
   1260   c2 12 6b          LBZ EVAL_WDP_DONE           ; skip if 0
   1263   52                STR 2
   1264   89                GLO 9
   1265   f7                SM                          ; R9.0 - penalty
   1266   a9                PLO 9
   1267   99                GHI 9
   1268   7f 00             SMBI 0
   126a   b9                PHI 9                       ; R9 -= white doubled penalty
   126b                 EVAL_WDP_DONE:
                        
                            ; --- Black doubled pawns ---
   126b   68 cb 67 18       RLDI 11, B_PAWN_FILE_CT     ; $6718
   126f   f8 08             LDI 8
   1271   ad                PLO 13
   1272   f8 00             LDI 0
   1274   b7                PHI 7
   1275                 EVAL_BDP_LOOP:
   1275   4b                LDA 11
   1276   ff 02             SMI 2
   1278   cb 12 89          LBNF EVAL_BDP_NEXT
   127b   fc 01             ADI 1                       ; D = count - 1
   127d   a7                PLO 7
   127e   fe                SHL
   127f   fe                SHL
   1280   fe                SHL
   1281   fe                SHL                         ; (count-1) * 16
   1282   52                STR 2
   1283   87                GLO 7
   1284   f5                SD                          ; (count-1) * 15
   1285   52                STR 2
   1286   97                GHI 7
   1287   f4                ADD
   1288   b7                PHI 7
   1289                 EVAL_BDP_NEXT:
   1289   2d                DEC 13
   128a   8d                GLO 13
   128b   ca 12 75          LBNZ EVAL_BDP_LOOP
                            ; Add black penalty to score (good for white)
   128e   97                GHI 7
   128f   c2 12 9a          LBZ EVAL_BDP_DONE
   1292   52                STR 2
   1293   89                GLO 9
   1294   f4                ADD
   1295   a9                PLO 9
   1296   99                GHI 9
   1297   7c 00             ADCI 0
   1299   b9                PHI 9                       ; R9 += black doubled penalty
   129a                 EVAL_BDP_DONE:
                        
                            ; ==================================================================
                            ; Bishop Pair Bonus: +30cp for having both bishops
                            ; ==================================================================
   129a   68 cb 64 af       RLDI 11, EVAL_W_BISHOPS
   129e   0b                LDN 11
   129f   ff 02             SMI 2
   12a1   cb 12 ac          LBNF EVAL_NO_WBP            ; < 2 bishops
   12a4   89                GLO 9
   12a5   fc 1e             ADI 30
   12a7   a9                PLO 9
   12a8   99                GHI 9
   12a9   7c 00             ADCI 0
   12ab   b9                PHI 9                       ; R9 += 30 (white bishop pair)
   12ac                 EVAL_NO_WBP:
   12ac   68 cb 64 b0       RLDI 11, EVAL_B_BISHOPS
   12b0   0b                LDN 11
   12b1   ff 02             SMI 2
   12b3   cb 12 be          LBNF EVAL_NO_BBP
   12b6   89                GLO 9
   12b7   ff 1e             SMI 30
   12b9   a9                PLO 9
   12ba   99                GHI 9
   12bb   7f 00             SMBI 0
   12bd   b9                PHI 9                       ; R9 -= 30 (black bishop pair)
   12be                 EVAL_NO_BBP:
                        
                            ; ==================================================================
                            ; Rook on Open/Semi-Open File
                            ; +20cp open (no friendly pawns, no enemy pawns on file)
                            ; +10cp semi-open (no friendly pawns, enemy pawns present)
                            ; ==================================================================
                        
                            ; --- White rook 1 ---
   12be   68 cb 64 b1       RLDI 11, EVAL_W_ROOK_F1
   12c2   0b                LDN 11
   12c3   fb ff             XRI $FF
   12c5   c2 13 34          LBZ EVAL_WR_DONE            ; no white rook 1
                            ; Check white pawn count on this file
   12c8   0b                LDN 11                      ; D = file (reload, XRI changed D)
   12c9   fc 10             ADI LOW(W_PAWN_FILE_CT)
   12cb   ab                PLO 11
   12cc   f8 67             LDI HIGH(W_PAWN_FILE_CT)
   12ce   7c 00             ADCI 0
   12d0   bb                PHI 11                      ; R11 = &W_PAWN_FILE_CT[file]
   12d1   0b                LDN 11
   12d2   ca 12 f9          LBNZ EVAL_WR1_CLOSED        ; friendly pawns on file, no bonus
                            ; No friendly pawns. Check enemy pawns for open vs semi-open.
   12d5   68 cb 64 b1       RLDI 11, EVAL_W_ROOK_F1
   12d9   0b                LDN 11                      ; D = file
   12da   fc 18             ADI LOW(B_PAWN_FILE_CT)
   12dc   ab                PLO 11
   12dd   f8 67             LDI HIGH(B_PAWN_FILE_CT)
   12df   7c 00             ADCI 0
   12e1   bb                PHI 11
   12e2   0b                LDN 11                      ; D = black pawn count on this file
   12e3   ca 12 f1          LBNZ EVAL_WR1_SEMI
                            ; Fully open file: +20
   12e6   89                GLO 9
   12e7   fc 14             ADI 20
   12e9   a9                PLO 9
   12ea   99                GHI 9
   12eb   7c 00             ADCI 0
   12ed   b9                PHI 9
   12ee   c0 12 f9          LBR EVAL_WR1_CLOSED
   12f1                 EVAL_WR1_SEMI:
                            ; Semi-open: +10
   12f1   89                GLO 9
   12f2   fc 0a             ADI 10
   12f4   a9                PLO 9
   12f5   99                GHI 9
   12f6   7c 00             ADCI 0
   12f8   b9                PHI 9
   12f9                 EVAL_WR1_CLOSED:
                        
                            ; --- White rook 2 ---
   12f9   68 cb 64 b2       RLDI 11, EVAL_W_ROOK_F2
   12fd   0b                LDN 11
   12fe   fb ff             XRI $FF
   1300   c2 13 34          LBZ EVAL_WR_DONE
   1303   0b                LDN 11
   1304   fc 10             ADI LOW(W_PAWN_FILE_CT)
   1306   ab                PLO 11
   1307   f8 67             LDI HIGH(W_PAWN_FILE_CT)
   1309   7c 00             ADCI 0
   130b   bb                PHI 11
   130c   0b                LDN 11
   130d   ca 13 34          LBNZ EVAL_WR_DONE           ; friendly pawns, no bonus
   1310   68 cb 64 b2       RLDI 11, EVAL_W_ROOK_F2
   1314   0b                LDN 11
   1315   fc 18             ADI LOW(B_PAWN_FILE_CT)
   1317   ab                PLO 11
   1318   f8 67             LDI HIGH(B_PAWN_FILE_CT)
   131a   7c 00             ADCI 0
   131c   bb                PHI 11
   131d   0b                LDN 11
   131e   ca 13 2c          LBNZ EVAL_WR2_SEMI
   1321   89                GLO 9
   1322   fc 14             ADI 20
   1324   a9                PLO 9
   1325   99                GHI 9
   1326   7c 00             ADCI 0
   1328   b9                PHI 9
   1329   c0 13 34          LBR EVAL_WR_DONE
   132c                 EVAL_WR2_SEMI:
   132c   89                GLO 9
   132d   fc 0a             ADI 10
   132f   a9                PLO 9
   1330   99                GHI 9
   1331   7c 00             ADCI 0
   1333   b9                PHI 9
   1334                 EVAL_WR_DONE:
                        
                            ; --- Black rook 1 ---
   1334   68 cb 64 b3       RLDI 11, EVAL_B_ROOK_F1
   1338   0b                LDN 11
   1339   fb ff             XRI $FF
   133b   c2 13 aa          LBZ EVAL_BR_DONE
   133e   0b                LDN 11
   133f   fc 18             ADI LOW(B_PAWN_FILE_CT)
   1341   ab                PLO 11
   1342   f8 67             LDI HIGH(B_PAWN_FILE_CT)
   1344   7c 00             ADCI 0
   1346   bb                PHI 11
   1347   0b                LDN 11
   1348   ca 13 6f          LBNZ EVAL_BR1_CLOSED        ; friendly pawns, no bonus
   134b   68 cb 64 b3       RLDI 11, EVAL_B_ROOK_F1
   134f   0b                LDN 11
   1350   fc 10             ADI LOW(W_PAWN_FILE_CT)
   1352   ab                PLO 11
   1353   f8 67             LDI HIGH(W_PAWN_FILE_CT)
   1355   7c 00             ADCI 0
   1357   bb                PHI 11
   1358   0b                LDN 11
   1359   ca 13 67          LBNZ EVAL_BR1_SEMI
                            ; Fully open: -20 (good for black)
   135c   89                GLO 9
   135d   ff 14             SMI 20
   135f   a9                PLO 9
   1360   99                GHI 9
   1361   7f 00             SMBI 0
   1363   b9                PHI 9
   1364   c0 13 6f          LBR EVAL_BR1_CLOSED
   1367                 EVAL_BR1_SEMI:
   1367   89                GLO 9
   1368   ff 0a             SMI 10
   136a   a9                PLO 9
   136b   99                GHI 9
   136c   7f 00             SMBI 0
   136e   b9                PHI 9
   136f                 EVAL_BR1_CLOSED:
                        
                            ; --- Black rook 2 ---
   136f   68 cb 64 b4       RLDI 11, EVAL_B_ROOK_F2
   1373   0b                LDN 11
   1374   fb ff             XRI $FF
   1376   c2 13 aa          LBZ EVAL_BR_DONE
   1379   0b                LDN 11
   137a   fc 18             ADI LOW(B_PAWN_FILE_CT)
   137c   ab                PLO 11
   137d   f8 67             LDI HIGH(B_PAWN_FILE_CT)
   137f   7c 00             ADCI 0
   1381   bb                PHI 11
   1382   0b                LDN 11
   1383   ca 13 aa          LBNZ EVAL_BR_DONE
   1386   68 cb 64 b4       RLDI 11, EVAL_B_ROOK_F2
   138a   0b                LDN 11
   138b   fc 10             ADI LOW(W_PAWN_FILE_CT)
   138d   ab                PLO 11
   138e   f8 67             LDI HIGH(W_PAWN_FILE_CT)
   1390   7c 00             ADCI 0
   1392   bb                PHI 11
   1393   0b                LDN 11
   1394   ca 13 a2          LBNZ EVAL_BR2_SEMI
   1397   89                GLO 9
   1398   ff 14             SMI 20
   139a   a9                PLO 9
   139b   99                GHI 9
   139c   7f 00             SMBI 0
   139e   b9                PHI 9
   139f   c0 13 aa          LBR EVAL_BR_DONE
   13a2                 EVAL_BR2_SEMI:
   13a2   89                GLO 9
   13a3   ff 0a             SMI 10
   13a5   a9                PLO 9
   13a6   99                GHI 9
   13a7   7f 00             SMBI 0
   13a9   b9                PHI 9
   13aa                 EVAL_BR_DONE:
                        
                            ; ==================================================================
                            ; Endgame phase eval (king centralization, advanced pawn, passed pawn,
                            ; king-edge drive) — gated by EG_PIECE_COUNT threshold.
                            ; Tightened 2026-04-30 from <21 to <12: previously fired after only 9
                            ; captures (mid-middlegame), causing premature king-walking with d=5
                            ; search exposing inappropriate king-centralization variations. <12
                            ; requires 18 captures, true late-endgame territory where king activity
                            ; and pawn promotion drives are actually correct strategy.
                            ; ==================================================================
                        
   13aa   68 cb 64 ec       RLDI 11, EG_PIECE_COUNT
   13ae   0b                LDN 11              ; D = piece count
   13af   ff 0c             SMI 12              ; compare: count - 12
   13b1   c3 17 9b          LBDF BKS_DONE       ; DF=1 means count >= 12, not endgame, skip
                        
                            ; ==================================================================
                            ; Hopeless-material amplifier (re-added 2026-06-10, LOSING-side only).
                            ; Goal: end clearly-lost endgames via cutechess's -1500/10-move resign
                            ; adjudication instead of 100-move shuffles (which were averaging 2h/match
                            ; and choking the hang hunt). At this point R9 = material+PST+minor
                            ; positional, BEFORE the advanced/passed-pawn bonuses (applied below at
                            ; ADV_PAWN_W/B ~1271/1297) -- so R9 here is a stable preeg-like signal that
                            ; ignores the pawn-promotion inflation that lets ELPH misread lost K+P-vs-
                            ; K+B+P as ~0. Trigger: pc<=6 AND R9 <= -300 (down ~a minor in a sparse
                            ; endgame = lost) -> R9 -= 2000. Losing-side ONLY (winning-side amp caused
                            ; search volatility, see 5966070); never fires when winning or in the
                            ; opening (pc>=12 already skipped to BKS_DONE). Inert vs the hang (endgame
                            ; only). Only amps genuinely-lost leaves, so a saving line (R9 > -300) is
                            ; never over-resigned.
                            ; ==================================================================
   13b4   68 cb 64 ec       RLDI 11, EG_PIECE_COUNT
   13b8   0b                LDN 11
   13b9   ff 07             SMI 7               ; pc - 7; DF=1 if pc >= 7
   13bb   c3 13 d7          LBDF HM_AMP_DONE    ; pc > 6, skip amp
   13be   99                GHI 9
   13bf   fa 80             ANI $80
   13c1   c2 13 d7          LBZ HM_AMP_DONE     ; R9 >= 0 (not losing), skip
   13c4   89                GLO 9
   13c5   fc fa             ADI LOW(250)        ; R9 + 250 (DF = carry); -250 margin so down-a-clean-minor fires
   13c7   99                GHI 9
   13c8   7c 00             ADCI HIGH(250)      ; D = (R9 + 250) high byte
   13ca   fa 80             ANI $80
   13cc   c2 13 d7          LBZ HM_AMP_DONE     ; (R9 + 250) >= 0 -> R9 >= -250, not hopeless, skip
   13cf   89                GLO 9               ; hopeless: R9 -= 2000
   13d0   ff d0             SMI LOW(2000)
   13d2   a9                PLO 9
   13d3   99                GHI 9
   13d4   7f 07             SMBI HIGH(2000)
   13d6   b9                PHI 9
   13d7                 HM_AMP_DONE:
                        
                            ; === White king centralization ===
   13d7   68 ca 60 86       RLDI 10, GAME_STATE + STATE_W_KING_SQ
   13db   0a                LDN 10              ; D = white king 0x88 square
                            ; Convert 0x88 to 0-63 index
   13dc   ad                PLO 13              ; save square
   13dd   f6                SHR
   13de   f6                SHR
   13df   f6                SHR
   13e0   f6                SHR                 ; D = rank (0-7)
   13e1   fe                SHL
   13e2   fe                SHL
   13e3   fe                SHL                 ; D = rank * 8
   13e4   73                STXD                ; push rank*8
   13e5   8d                GLO 13
   13e6   fa 07             ANI $07             ; D = file (0-7)
   13e8   60                IRX
   13e9   f4                ADD                 ; D = rank*8 + file = index
   13ea   af                PLO 15              ; save white king index in R15.0
                            ; Look up centralization value
   13eb   52                STR 2               ; save index on stack
   13ec   68 cb 1a d0       RLDI 11, KING_CENTER_TABLE
   13f0   8b                GLO 11
   13f1   f4                ADD                 ; D = LOW(table) + index
   13f2   ab                PLO 11
   13f3   9b                GHI 11
   13f4   7c 00             ADCI 0
   13f6   bb                PHI 11              ; R11 = &KING_CENTER_TABLE[index]
   13f7   0b                LDN 11              ; D = table value (-30 to +30)
   13f8   fe                SHL                 ; D = value * 2
   13f9   fe                SHL                 ; D = value * 4 (-120 to +120)
                            ; Sign-extend to 16 bits and add to R9
   13fa   a7                PLO 7               ; R7.0 = bonus low byte
   13fb   fa 80             ANI $80             ; check sign
   13fd   c2 14 05          LBZ EG_W_POS
   1400   f8 ff             LDI $FF
   1402   c0 14 07          LBR EG_W_HI
   1405                 EG_W_POS:
   1405   f8 00             LDI 0
   1407                 EG_W_HI:
   1407   b7                PHI 7               ; R7 = sign-extended 16-bit bonus
                            ; R9 = R9 + R7 (add white king centralization)
   1408   89                GLO 9
   1409   52                STR 2
   140a   87                GLO 7
   140b   f4                ADD
   140c   a9                PLO 9
   140d   99                GHI 9
   140e   52                STR 2
   140f   97                GHI 7
   1410   74                ADC
   1411   b9                PHI 9
                        
                            ; === Black king centralization ===
   1412   68 ca 60 87       RLDI 10, GAME_STATE + STATE_B_KING_SQ
   1416   0a                LDN 10              ; D = black king 0x88 square
                            ; Convert 0x88 to 0-63 index
   1417   ad                PLO 13              ; save square
   1418   f6                SHR
   1419   f6                SHR
   141a   f6                SHR
   141b   f6                SHR                 ; D = rank
   141c   fe                SHL
   141d   fe                SHL
   141e   fe                SHL                 ; D = rank * 8
   141f   73                STXD                ; push rank*8
   1420   8d                GLO 13
   1421   fa 07             ANI $07             ; D = file
   1423   60                IRX
   1424   f4                ADD                 ; D = index
   1425   bf                PHI 15              ; save black king index in R15.1
                            ; Look up centralization value
   1426   52                STR 2
   1427   68 cb 1a d0       RLDI 11, KING_CENTER_TABLE
   142b   8b                GLO 11
   142c   f4                ADD
   142d   ab                PLO 11
   142e   9b                GHI 11
   142f   7c 00             ADCI 0
   1431   bb                PHI 11              ; R11 = &KING_CENTER_TABLE[index]
   1432   0b                LDN 11              ; D = table value (-30 to +30)
   1433   fe                SHL                 ; D * 2
   1434   fe                SHL                 ; D * 4 (-120 to +120)
                            ; Sign-extend to 16 bits into R7
   1435   a7                PLO 7
   1436   fa 80             ANI $80
   1438   c2 14 40          LBZ EG_B_POS
   143b   f8 ff             LDI $FF
   143d   c0 14 42          LBR EG_B_HI
   1440                 EG_B_POS:
   1440   f8 00             LDI 0
   1442                 EG_B_HI:
   1442   b7                PHI 7               ; R7 = sign-extended 16-bit bonus
                            ; R9 = R9 - R7 (subtract black king centralization)
   1443   87                GLO 7
   1444   52                STR 2
   1445   89                GLO 9
   1446   f7                SM                  ; D = R9.0 - R7.0
   1447   a9                PLO 9
   1448   97                GHI 7
   1449   52                STR 2
   144a   99                GHI 9
   144b   77                SMB                 ; D = R9.1 - R7.1 - borrow
   144c   b9                PHI 9
                        
                            ; ==================================================================
                            ; Advanced Pawn Bonus (endgame only)
                            ; Graduated: +50/+100/+150 cp based on distance from promotion (saturated at 255)
                            ; ==================================================================
                        
                            ; White advanced pawn bonus (accumulated)
                            ; Asymmetric scaling: 1/4 in conversion phase only (we have queen,
                            ; opp doesn't). Preserves full pawn aggression in opening (both have
                            ; queens) and post-queen-exchange middlegame (neither has queen).
   144d   68 cb 64 fd       RLDI 11, ADV_PAWN_W
   1451   0b                LDN 11              ; D = accumulated white bonus (0-255)
   1452   c2 14 71          LBZ EG_NO_W_ADV     ; none, skip
   1455   52                STR 2               ; save bonus on stack
   1456   68 cb 64 b5       RLDI 11, W_QUEEN_CNT
   145a   0b                LDN 11
   145b   c2 14 6a          LBZ EG_W_ADV_GO     ; we don't have queen — full bonus, push toward promotion
   145e   68 cb 64 b6       RLDI 11, B_QUEEN_CNT
   1462   0b                LDN 11
   1463   ca 14 6a          LBNZ EG_W_ADV_GO    ; opp has queen too — full bonus, normal play
   1466   02                LDN 2               ; conversion phase: scale to 1/4
   1467   f6                SHR
   1468   f6                SHR
   1469   52                STR 2
   146a                 EG_W_ADV_GO:
   146a   89                GLO 9
   146b   f4                ADD                 ; R9.0 + bonus
   146c   a9                PLO 9
   146d   99                GHI 9
   146e   7c 00             ADCI 0
   1470   b9                PHI 9               ; R9 += white pawn bonus
   1471                 EG_NO_W_ADV:
                        
                            ; Black advanced pawn bonus (accumulated)
                            ; No conversion-phase scaling on opponent pawns: we want full sensitivity
                            ; to enemy promotion threats even when we've lost our queen.
   1471   68 cb 64 fe       RLDI 11, ADV_PAWN_B
   1475   0b                LDN 11
   1476   c2 14 81          LBZ EG_NO_B_ADV     ; none, skip
   1479   52                STR 2               ; save bonus on stack
   147a   89                GLO 9
   147b   f7                SM                  ; D = R9.0 - bonus
   147c   a9                PLO 9
   147d   99                GHI 9
   147e   7f 00             SMBI 0
   1480   b9                PHI 9               ; R9 -= black pawn bonus
   1481                 EG_NO_B_ADV:
                        
                            ; ==================================================================
                            ; Passed Pawn Bonus (endgame only, ranks 5-7)
                            ; A pawn is "passed" if no enemy pawns on same or adjacent files.
                            ; Uses W_PAWN_FILE_CT / B_PAWN_FILE_CT arrays (already populated).
                            ; Only checks ranks 5-7 (white) / 4-2 (black) for bonus.
                            ; Bonus: rank 2 = +25, rank 3 = +50, rank 4 = +90, rank 5 = +140, rank 6 = +200, rank 7 = +250
                            ; ==================================================================
                        
                            ; --- White-outgunned flag (2026-06-16) ---
                            ; Outgunned iff black has MORE heavy pieces (rooks+queens) than white. Replaces
                            ; the old binary "white has A rook" test, which read 1-rook-vs-2-rooks as
                            ; not-outgunned and over-valued the f6 passer (+910 in a dead-lost two-rook-down
                            ; game). Signed delta = B_heavy - W_heavy in R7.0; >0 => outgunned. Stored in
                            ; EVAL_TEMP1 (free here: CALC_MAT done, king-edge runs later); read by the
                            ; discount + runner gates below. R7/R8/R10 + M(R2) scratch; long branches only.
   1481   f8 00             LDI 0
   1483   a7                PLO 7                   ; delta = 0
   1484   68 ca 64 b3       RLDI 10, EVAL_B_ROOK_F1
   1488   0a                LDN 10
   1489   fb ff             XRI $FF
   148b   c2 14 92          LBZ OG_B2               ; no black rook in slot 1
   148e   87                GLO 7
   148f   fc 01             ADI 1
   1491   a7                PLO 7
   1492                 OG_B2:
   1492   68 ca 64 b4       RLDI 10, EVAL_B_ROOK_F2
   1496   0a                LDN 10
   1497   fb ff             XRI $FF
   1499   c2 14 a0          LBZ OG_BQ               ; no black rook in slot 2
   149c   87                GLO 7
   149d   fc 01             ADI 1
   149f   a7                PLO 7
   14a0                 OG_BQ:
   14a0   68 ca 64 b6       RLDI 10, B_QUEEN_CNT
   14a4   0a                LDN 10
   14a5   52                STR 2
   14a6   87                GLO 7
   14a7   f4                ADD                     ; delta += B_QUEEN_CNT
   14a8   a7                PLO 7
   14a9   68 ca 64 b1       RLDI 10, EVAL_W_ROOK_F1
   14ad   0a                LDN 10
   14ae   fb ff             XRI $FF
   14b0   c2 14 b7          LBZ OG_W2               ; no white rook in slot 1
   14b3   87                GLO 7
   14b4   ff 01             SMI 1
   14b6   a7                PLO 7
   14b7                 OG_W2:
   14b7   68 ca 64 b2       RLDI 10, EVAL_W_ROOK_F2
   14bb   0a                LDN 10
   14bc   fb ff             XRI $FF
   14be   c2 14 c5          LBZ OG_WQ               ; no white rook in slot 2
   14c1   87                GLO 7
   14c2   ff 01             SMI 1
   14c4   a7                PLO 7
   14c5                 OG_WQ:
   14c5   68 ca 64 b5       RLDI 10, W_QUEEN_CNT
   14c9   0a                LDN 10
   14ca   52                STR 2
   14cb   87                GLO 7
   14cc   f7                SM                      ; delta -= W_QUEEN_CNT  (D=delta, M=wq, SM=D-M)
   14cd   a7                PLO 7
   14ce   c2 14 db          LBZ OG_NOT              ; delta == 0 -> not outgunned
   14d1   fa 80             ANI $80
   14d3   ca 14 db          LBNZ OG_NOT             ; delta < 0 (white ahead) -> not outgunned
   14d6   f8 01             LDI 1
   14d8   c0 14 dd          LBR OG_STORE
   14db                 OG_NOT:
   14db   f8 00             LDI 0
   14dd                 OG_STORE:
   14dd   68 ca 64 40       RLDI 10, EVAL_TEMP1
   14e1   5a                STR 10                  ; EVAL_TEMP1 = outgunned flag (1=outgunned, 0=not)
                        
                            ; --- White passed pawns ---
   14e2   f8 00             LDI 0
   14e4   ad                PLO 13              ; R13.0 = file counter (0-7)
   14e5   68 cb 67 10       RLDI 11, W_PAWN_FILE_CT
                        
   14e9                 PP_W_LOOP:
   14e9   0b                LDN 11              ; D = W_PAWN_FILE_CT[file]
   14ea   c2 15 bc          LBZ PP_W_NEXT       ; no white pawn on this file
                        
                            ; White pawn exists — check if passed (no black pawns on file-1, file, file+1)
                            ; Check B_PAWN_FILE_CT[file]
   14ed   8d                GLO 13              ; D = file
   14ee   fc 18             ADI LOW(B_PAWN_FILE_CT)
   14f0   aa                PLO 10
   14f1   f8 67             LDI HIGH(B_PAWN_FILE_CT)
   14f3   7c 00             ADCI 0
   14f5   ba                PHI 10              ; R10 = &B_PAWN_FILE_CT[file]
   14f6   0a                LDN 10
   14f7   ca 15 bc          LBNZ PP_W_NEXT      ; black pawn on same file, not passed
                        
                            ; Check B_PAWN_FILE_CT[file-1] (skip if file == 0)
   14fa   8d                GLO 13
   14fb   c2 15 04          LBZ PP_W_LEFT_OK
   14fe   2a                DEC 10              ; R10 = &B_PAWN_FILE_CT[file-1]
   14ff   0a                LDN 10
   1500   1a                INC 10              ; restore R10
   1501   ca 15 bc          LBNZ PP_W_NEXT      ; black pawn on left file
   1504                 PP_W_LEFT_OK:
                        
                            ; Check B_PAWN_FILE_CT[file+1] (skip if file == 7)
   1504   8d                GLO 13
   1505   fb 07             XRI 7
   1507   c2 15 10          LBZ PP_W_RIGHT_OK
   150a   1a                INC 10              ; R10 = &B_PAWN_FILE_CT[file+1]
   150b   0a                LDN 10
   150c   2a                DEC 10              ; restore R10
   150d   ca 15 bc          LBNZ PP_W_NEXT      ; black pawn on right file
   1510                 PP_W_RIGHT_OK:
                        
                            ; Passed! Scan ranks 7-2 for the most advanced white pawn
   1510   f8 60             LDI HIGH(BOARD)
   1512   ba                PHI 10
                        
                            ; Rank 7: square = $60 + file
   1513   8d                GLO 13
   1514   f9 60             ORI $60
   1516   aa                PLO 10
   1517   0a                LDN 10
   1518   fb 01             XRI W_PAWN
   151a   c2 15 68          LBZ PP_W_R7
                        
                            ; Rank 6: square = $50 + file
   151d   8d                GLO 13
   151e   f9 50             ORI $50
   1520   aa                PLO 10
   1521   0a                LDN 10
   1522   fb 01             XRI W_PAWN
   1524   c2 15 63          LBZ PP_W_R6
                        
                            ; Rank 5: square = $40 + file
   1527   8d                GLO 13
   1528   f9 40             ORI $40
   152a   aa                PLO 10
   152b   0a                LDN 10
   152c   fb 01             XRI W_PAWN
   152e   c2 15 5e          LBZ PP_W_R5
                        
                            ; Rank 4: square = $30 + file
   1531   8d                GLO 13
   1532   f9 30             ORI $30
   1534   aa                PLO 10
   1535   0a                LDN 10
   1536   fb 01             XRI W_PAWN
   1538   c2 15 59          LBZ PP_W_R4
                        
                            ; Rank 3: square = $20 + file
   153b   8d                GLO 13
   153c   f9 20             ORI $20
   153e   aa                PLO 10
   153f   0a                LDN 10
   1540   fb 01             XRI W_PAWN
   1542   c2 15 54          LBZ PP_W_R3
                        
                            ; Rank 2: square = $10 + file
   1545   8d                GLO 13
   1546   f9 10             ORI $10
   1548   aa                PLO 10
   1549   0a                LDN 10
   154a   fb 01             XRI W_PAWN
   154c   ca 15 bc          LBNZ PP_W_NEXT      ; no white pawn found
                        
   154f   f8 19             LDI 25              ; Rank 2 bonus
   1551   c0 15 6a          LBR PP_W_ADD
   1554                 PP_W_R3:
   1554   f8 32             LDI 50
   1556   c0 15 6a          LBR PP_W_ADD
   1559                 PP_W_R4:
   1559   f8 5a             LDI 90
   155b   c0 15 6a          LBR PP_W_ADD
   155e                 PP_W_R5:
   155e   f8 8c             LDI 140
   1560   c0 15 6a          LBR PP_W_ADD
   1563                 PP_W_R6:
   1563   f8 c8             LDI 200
   1565   c0 15 6a          LBR PP_W_ADD
   1568                 PP_W_R7:
   1568   f8 fa             LDI 250
   156a                 PP_W_ADD:
   156a   52                STR 2
                            ; Scale this passed-pawn bonus to 1/4 in EITHER case:
                            ;  (A) conversion phase: W has queen, B doesn't (just convert, don't
                            ;      over-credit pawns), OR
                            ;  (B) OUTGUNNED (2026-06-12): B has rook/queen AND W has none. White's
                            ;      passers are unsupported and the enemy heavy piece stops them, so
                            ;      they don't compensate for being down material (the +515 endgame
                            ;      mis-score: 6 pawns scored ~= R+B).
   156b   68 c8 64 b5       RLDI 8, W_QUEEN_CNT
   156f   08                LDN 8
   1570   c2 15 7e          LBZ PP_W_OUTGUN     ; W has no queen -> not conversion; check outgunned
   1573   68 c8 64 b6       RLDI 8, B_QUEEN_CNT
   1577   08                LDN 8
   1578   c2 15 86          LBZ PP_W_SCALE      ; W queen, B no queen -> conversion -> scale 1/4
   157b   c0 15 8a          LBR PP_W_ADD_GO     ; both have queens -> full bonus
   157e                 PP_W_OUTGUN:
                            ; Outgunned (precomputed EVAL_TEMP1 flag): black has more heavy pieces than
                            ; white -> passer is stoppable/uncompensating -> scale to 1/4. (Replaces the
                            ; old binary "white has a rook" test that was blind to 1-vs-2 rooks.)
   157e   68 c8 64 40       RLDI 8, EVAL_TEMP1
   1582   08                LDN 8
   1583   c2 15 8a          LBZ PP_W_ADD_GO     ; flag 0 = not outgunned -> full bonus
   1586                 PP_W_SCALE:
   1586   02                LDN 2               ; scale passed bonus to 1/4
   1587   f6                SHR
   1588   f6                SHR
   1589   52                STR 2
   158a                 PP_W_ADD_GO:
   158a   89                GLO 9
   158b   f4                ADD
   158c   a9                PLO 9
   158d   99                GHI 9
   158e   7c 00             ADCI 0
   1590   b9                PHI 9               ; R9 += passed pawn bonus
                        
                            ; --- Racing-passer bonus (2026-06-13): an ADVANCED white passer (rank 5+) with a
                            ; clear front, when white has a rook/queen to shepherd it, is a promotion threat
                            ; the d5 search can't see -> add an escalating (toward-queen) bonus so white
                            ; PUSHES it instead of ignoring it. Gated not-outgunned (W has R/Q) so it doesn't
                            ; re-open the +515 over-valuation of trivially-stopped pawns. R10.0 = pawn square.
   1591   8a                GLO 10
   1592   fa 70             ANI $70
   1594   ff 40             SMI $40
   1596   cb 15 bc          LBNF PP_W_NEXT          ; rank index < 4 (rank < 5) -> not advanced
   1599   b7                PHI 7                   ; R7.1 = (rank<<4)-$40  ($00=r5,$10=r6,$20=r7)
                            ; (front-blockade gate removed 2026-06-13: it killed the bonus when the pawn
                            ; advanced into a square fronted by our OWN clearable piece — e.g. the rook on
                            ; c7 ahead of the c-pawn — so white wouldn't push. The escalating rank bonus
                            ; drives advancing; the search handles genuine enemy blockades.)
                            ; ESCORT GATE (2026-06-30): only race the passer if WHITE is NOT BEHIND in pieces
                            ; (PIECE_BALANCE >= 0) — i.e. white has the force to escort it past the enemy.
                            ; Earlier "outgunned" (heavy-only) let an enemy N/B blockade still draw the full
                            ; +600 (the 6/26 phantom, 5 pawns vs N+B). The first cut (B_HAS_PIECE: enemy has
                            ; ANY piece) over-corrected -> it stripped the runner from a rook-shielded g7 passer
                            ; when white DOMINATED 2R+N vs Q (the 6/29 draw). Signed W-B non-pawn balance fixes
                            ; both: 6/26 = -2 (off), 6/29 = +2 (on). General PP bonus still values it regardless.
   159a   68 c8 64 b7       RLDI 8, PIECE_BALANCE
   159e   08                LDN 8
   159f   fa 80             ANI $80                 ; sign bit: set => balance < 0 => white behind in pieces
   15a1   ca 15 bc          LBNZ PP_W_NEXT          ; white behind -> can't escort -> skip runner bonus
   15a4                 PP_W_RUN_OK:
   15a4   97                GHI 7
   15a5   f6                SHR
   15a6   f6                SHR
   15a7   f6                SHR                     ; D = DW offset (0,2,4)
   15a8   fc ed             ADI LOW(RUNNER_BONUS)
   15aa   a8                PLO 8
   15ab   f8 0d             LDI HIGH(RUNNER_BONUS)
   15ad   7c 00             ADCI 0
   15af   b8                PHI 8
   15b0   48                LDA 8                   ; bonus hi (big-endian DW)
   15b1   b7                PHI 7
   15b2   08                LDN 8                   ; bonus lo
   15b3   52                STR 2
   15b4   89                GLO 9
   15b5   f4                ADD                     ; R9.lo += bonus lo
   15b6   a9                PLO 9
   15b7   97                GHI 7                   ; bonus hi
   15b8   52                STR 2
   15b9   99                GHI 9
   15ba   74                ADC                     ; R9.hi += bonus hi + carry
   15bb   b9                PHI 9
                        
   15bc                 PP_W_NEXT:
   15bc   1b                INC 11              ; next W_PAWN_FILE_CT entry
   15bd   1d                INC 13              ; file++
   15be   8d                GLO 13
   15bf   fb 08             XRI 8
   15c1   ca 14 e9          LBNZ PP_W_LOOP
                        
                            ; --- Black passed pawns ---
   15c4   f8 00             LDI 0
   15c6   ad                PLO 13              ; R13.0 = file counter (0-7)
   15c7   68 cb 67 18       RLDI 11, B_PAWN_FILE_CT
                        
   15cb                 PP_B_LOOP:
   15cb   0b                LDN 11              ; D = B_PAWN_FILE_CT[file]
   15cc   c2 16 a0          LBZ PP_B_NEXT       ; no black pawn on this file
                        
                            ; Black pawn exists — check if passed (no white pawns on file-1, file, file+1)
                            ; Check W_PAWN_FILE_CT[file]
   15cf   8d                GLO 13
   15d0   fc 10             ADI LOW(W_PAWN_FILE_CT)
   15d2   aa                PLO 10
   15d3   f8 67             LDI HIGH(W_PAWN_FILE_CT)
   15d5   7c 00             ADCI 0
   15d7   ba                PHI 10              ; R10 = &W_PAWN_FILE_CT[file]
   15d8   0a                LDN 10
   15d9   ca 16 a0          LBNZ PP_B_NEXT      ; white pawn on same file, not passed
                        
                            ; (Adjacent-file passed test is now RANK-AWARE — done at PP_B_SUB once the
                            ; pawn's rank is known. The old file-count test wrongly cancelled "passed" for
                            ; any adjacent white pawn regardless of rank.) Scan ranks for the black pawn:
   15dc   f8 60             LDI HIGH(BOARD)
   15de   ba                PHI 10
                        
                            ; Rank 2: square = $10 + file
   15df   8d                GLO 13
   15e0   f9 10             ORI $10
   15e2   aa                PLO 10
   15e3   0a                LDN 10
   15e4   fb 09             XRI B_PAWN
   15e6   c2 16 34          LBZ PP_B_R2
                        
                            ; Rank 3: square = $20 + file
   15e9   8d                GLO 13
   15ea   f9 20             ORI $20
   15ec   aa                PLO 10
   15ed   0a                LDN 10
   15ee   fb 09             XRI B_PAWN
   15f0   c2 16 2f          LBZ PP_B_R3
                        
                            ; Rank 4: square = $30 + file
   15f3   8d                GLO 13
   15f4   f9 30             ORI $30
   15f6   aa                PLO 10
   15f7   0a                LDN 10
   15f8   fb 09             XRI B_PAWN
   15fa   c2 16 2a          LBZ PP_B_R4
                        
                            ; Rank 5: square = $40 + file
   15fd   8d                GLO 13
   15fe   f9 40             ORI $40
   1600   aa                PLO 10
   1601   0a                LDN 10
   1602   fb 09             XRI B_PAWN
   1604   c2 16 25          LBZ PP_B_R5
                        
                            ; Rank 6: square = $50 + file
   1607   8d                GLO 13
   1608   f9 50             ORI $50
   160a   aa                PLO 10
   160b   0a                LDN 10
   160c   fb 09             XRI B_PAWN
   160e   c2 16 20          LBZ PP_B_R6
                        
                            ; Rank 7: square = $60 + file
   1611   8d                GLO 13
   1612   f9 60             ORI $60
   1614   aa                PLO 10
   1615   0a                LDN 10
   1616   fb 09             XRI B_PAWN
   1618   ca 16 a0          LBNZ PP_B_NEXT      ; no black pawn found
                        
   161b   f8 19             LDI 25              ; Rank 7 bonus (just started)
   161d   c0 16 36          LBR PP_B_SUB
   1620                 PP_B_R6:
   1620   f8 32             LDI 50
   1622   c0 16 36          LBR PP_B_SUB
   1625                 PP_B_R5:
   1625   f8 5a             LDI 90
   1627   c0 16 36          LBR PP_B_SUB
   162a                 PP_B_R4:
   162a   f8 8c             LDI 140
   162c   c0 16 36          LBR PP_B_SUB
   162f                 PP_B_R3:
   162f   f8 c8             LDI 200
   1631   c0 16 36          LBR PP_B_SUB
   1634                 PP_B_R2:
   1634   f8 fa             LDI 250
   1636                 PP_B_SUB:
   1636   52                STR 2               ; M(R2) = passed bonus
                            ; --- rank-aware passed (2026-06-13): truly passed only if NO white pawn is
                            ; AHEAD on an adjacent file. The old file-count test cancelled "passed" for any
                            ; adjacent white pawn regardless of rank -> black f3 mis-scored as not-passed
                            ; (white g3 is level, can't stop it), so the f-pawn earned ZERO penalty and
                            ; white queened into a loss. Walk toward rank 1; check both adjacent files each
                            ; rank. R10.0 = black pawn square (from the rank scan above).
   1637   8a                GLO 10
   1638   fa 70             ANI $70
   163a   b7                PHI 7               ; R7.1 = rank nibble stash for the runner ramp at PP_B_APPLY
                                                ; (R10.0 is clobbered by the adjacent-file walk below)
   163b   8a                GLO 10
   163c   a7                PLO 7               ; R7.0 = scan square
   163d                 PP_B_RA_LOOP:
   163d   87                GLO 7
   163e   ff 10             SMI $10             ; one rank toward black's promotion (rank 1)
   1640   a7                PLO 7
   1641   fa 80             ANI $80
   1643   ca 16 6d          LBNZ PP_B_APPLY     ; walked past rank 1 with no blocker -> PASSED
   1646   87                GLO 7
   1647   ff 01             SMI 1
   1649   aa                PLO 10              ; left adjacent-file square
   164a   fa 88             ANI $88
   164c   ca 16 58          LBNZ PP_B_RA_RIGHT  ; off board -> skip left
   164f   f8 60             LDI HIGH(BOARD)
   1651   ba                PHI 10
   1652   0a                LDN 10
   1653   fb 01             XRI W_PAWN
   1655   c2 16 a0          LBZ PP_B_NEXT       ; white pawn ahead on left adjacent file -> NOT passed
   1658                 PP_B_RA_RIGHT:
   1658   87                GLO 7
   1659   fc 01             ADI 1
   165b   aa                PLO 10              ; right adjacent-file square
   165c   fa 88             ANI $88
   165e   ca 16 3d          LBNZ PP_B_RA_LOOP   ; off board -> skip right, next rank
   1661   f8 60             LDI HIGH(BOARD)
   1663   ba                PHI 10
   1664   0a                LDN 10
   1665   fb 01             XRI W_PAWN
   1667   c2 16 a0          LBZ PP_B_NEXT       ; white pawn ahead on right adjacent file -> NOT passed
   166a   c0 16 3d          LBR PP_B_RA_LOOP    ; neither -> check next rank ahead
   166d                 PP_B_APPLY:
   166d   89                GLO 9
   166e   f7                SM                  ; D = R9.0 - bonus
   166f   a9                PLO 9
   1670   99                GHI 9
   1671   7f 00             SMBI 0
   1673   b9                PHI 9               ; R9 -= passed pawn bonus (black advantage)
                        
                            ; --- Racing-passer bonus, BLACK mirror (2026-07-02, task #51): the white-only
                            ; RUNNER_BONUS left ELPH BLIND to ENEMY runners (corpus: 12/122 games read >=0
                            ; while an enemy pawn stood one step from queening; the 7/2 adjudicated loss
                            ; read +455 during black's a4-a3-a2 run, then cliffed -2734 on a1=R). Same
                            ; rationale as the white ramp: the d5 horizon can't see the promotion, so the
                            ; eval must. Advanced = black pawn on rank 4/3/2 (black's 5th/6th/7th), same
                            ; 150/350/600 table. ESCORT GATE mirrored: fire unless BLACK is behind in
                            ; pieces (PIECE_BALANCE > 0); white gate skips on sign set, black skips on
                            ; positive nonzero. R7.1 = rank nibble (stashed at PP_B_SUB).
   1674   97                GHI 7               ; rank nibble $10..$60
   1675   fd 30             SDI $30             ; D = $30 - nib; borrow (DF=0) if nib > $30 (rank > 4)
   1677   cb 16 a0          LBNF PP_B_NEXT      ; not advanced -> no runner
   167a   b7                PHI 7               ; R7.1 = $00/$10/$20 for rank 4/3/2
   167b   68 c8 64 b7       RLDI 8, PIECE_BALANCE
   167f   08                LDN 8
   1680   c2 16 88          LBZ PP_B_RUN_OK     ; balance 0 -> equal force -> escort ok
   1683   fa 80             ANI $80
   1685   c2 16 a0          LBZ PP_B_NEXT       ; balance > 0 -> BLACK behind in pieces -> skip runner
   1688                 PP_B_RUN_OK:
   1688   97                GHI 7
   1689   f6                SHR
   168a   f6                SHR
   168b   f6                SHR                 ; D = DW offset (0,2,4)
   168c   fc ed             ADI LOW(RUNNER_BONUS)
   168e   a8                PLO 8
   168f   f8 0d             LDI HIGH(RUNNER_BONUS)
   1691   7c 00             ADCI 0
   1693   b8                PHI 8
   1694   48                LDA 8               ; bonus hi (big-endian DW)
   1695   b7                PHI 7
   1696   08                LDN 8               ; bonus lo
   1697   52                STR 2
   1698   89                GLO 9
   1699   f7                SM                  ; R9.lo -= bonus lo
   169a   a9                PLO 9
   169b   97                GHI 7               ; bonus hi
   169c   52                STR 2
   169d   99                GHI 9
   169e   77                SMB                 ; R9.hi -= bonus hi - borrow
   169f   b9                PHI 9
                        
   16a0                 PP_B_NEXT:
   16a0   1b                INC 11              ; next B_PAWN_FILE_CT entry
   16a1   1d                INC 13              ; file++
   16a2   8d                GLO 13
   16a3   fb 08             XRI 8
   16a5   ca 15 cb          LBNZ PP_B_LOOP
                        
                            ; ==================================================================
                            ; Enemy King Edge Bonus (endgame only, when winning)
                            ; Uses KING_EDGE_TABLE (already in binary, 64 bytes)
                            ; Values: 60 at edges/corners, 0 at center — rewards driving to edge
                            ; Scaled 2x via SHL for effective range 0-120cp
                            ; ==================================================================
                        
                            ; --- King-king proximity (the missing mating ingredient): Chebyshev
                            ; distance between the two kings (R15.0=white index, R15.1=black index,
                            ; both 0-63), look up KING_PROX_BONUS[dist], stash in EVAL_TEMP1. Added for
                            ; the winning side below so its king is pulled toward the enemy king. Mirrors
                            ; the queen-prox distance pattern. Preserves R9/R15. ---
   16a8   8f                GLO 15              ; white king 0-63 index
   16a9   f6                SHR
   16aa   f6                SHR
   16ab   f6                SHR                 ; D = white rank (0-7)
   16ac   ad                PLO 13              ; R13.0 = w_rank
   16ad   9f                GHI 15              ; black king index
   16ae   f6                SHR
   16af   f6                SHR
   16b0   f6                SHR                 ; D = black rank
   16b1   52                STR 2
   16b2   8d                GLO 13
   16b3   f5                SD                  ; D = b_rank - w_rank
   16b4   c3 16 b9          LBDF KP_RANK_OK
   16b7   fd 00             SDI 0               ; |rank diff|
   16b9                 KP_RANK_OK:
   16b9   bd                PHI 13              ; R13.1 = |rank diff|
   16ba   8f                GLO 15
   16bb   fa 07             ANI $07             ; D = w_file
   16bd   ad                PLO 13              ; R13.0 = w_file
   16be   9f                GHI 15
   16bf   fa 07             ANI $07             ; D = b_file
   16c1   52                STR 2
   16c2   8d                GLO 13
   16c3   f5                SD                  ; D = b_file - w_file
   16c4   c3 16 c9          LBDF KP_FILE_OK
   16c7   fd 00             SDI 0               ; |file diff|
   16c9                 KP_FILE_OK:
   16c9   ad                PLO 13              ; R13.0 = |file diff|
   16ca   9d                GHI 13              ; |rank diff|
   16cb   52                STR 2
   16cc   8d                GLO 13              ; |file diff|
   16cd   f5                SD                  ; D = |rank| - |file|
   16ce   c3 16 d5          LBDF KP_USE_RANK    ; rank >= file -> max = rank
   16d1   8d                GLO 13              ; max = file
   16d2   c0 16 d6          LBR KP_HAVE_DIST
   16d5                 KP_USE_RANK:
   16d5   9d                GHI 13              ; max = rank
   16d6                 KP_HAVE_DIST:
   16d6   fc 50             ADI LOW(KING_PROX_BONUS)
   16d8   ab                PLO 11
   16d9   f8 00             LDI 0
   16db   7c 1b             ADCI HIGH(KING_PROX_BONUS)
   16dd   bb                PHI 11
   16de   0b                LDN 11              ; D = KING_PROX_BONUS[chebyshev dist]
   16df   68 ca 64 40       RLDI 10, EVAL_TEMP1
   16e3   5a                STR 10              ; EVAL_TEMP1 = king-king proximity bonus
                        
                            ; Check if white is winning significantly (score > 200)
   16e4   99                GHI 9
   16e5   fa 80             ANI $80             ; sign bit
   16e7   ca 17 2d          LBNZ EG_CHECK_BLACK ; negative, check if black winning
   16ea   99                GHI 9
   16eb   ca 16 f4          LBNZ EG_DRIVE_BLACK ; high byte > 0 → score > 255
   16ee   89                GLO 9
   16ef   ff c8             SMI 200
   16f1   cb 17 6f          LBNF EG_EDGE_DONE   ; score < 200, skip
                        
   16f4                 EG_DRIVE_BLACK:
                            ; MATE-MATERIAL GATE (2026-06-26): only drive if white holds a heavy piece
                            ; (rook or queen). A pawns/minors-only side has no mating material; driving
                            ; its king toward the enemy walks it into danger (the 6/26 phantom-passer king
                            ; march, eval +1080 then -2115 once the king was cornered). Score>200 alone is
                            ; self-referential — the phantom inflates the very score that trips the drive.
   16f4   68 cb 64 b1       RLDI 11, EVAL_W_ROOK_F1
   16f8   0b                LDN 11
   16f9   fb ff             XRI $FF
   16fb   ca 17 06          LBNZ EG_DB_GO       ; white has a rook -> drive ok
   16fe   68 cb 64 b5       RLDI 11, W_QUEEN_CNT
   1702   0b                LDN 11
   1703   c2 17 6f          LBZ EG_EDGE_DONE    ; no rook AND no queen -> no mate material, skip drive
   1706                 EG_DB_GO:
                            ; White winning — penalize black king for being in center
                            ; R15.1 = black king index (saved during centralization)
   1706   9f                GHI 15              ; D = black king 0-63 index
   1707   52                STR 2               ; save on stack
   1708   68 cb 1b 10       RLDI 11, KING_EDGE_TABLE
   170c   8b                GLO 11
   170d   f4                ADD
   170e   ab                PLO 11
   170f   9b                GHI 11
   1710   7c 00             ADCI 0
   1712   bb                PHI 11              ; R11 = &KING_EDGE_TABLE[black_king]
   1713   0b                LDN 11              ; D = edge value (0-60)
   1714   fe                SHL                 ; D = value * 2 (0-120)
   1715   52                STR 2               ; save bonus
   1716   89                GLO 9
   1717   f4                ADD
   1718   a9                PLO 9
   1719   99                GHI 9
   171a   7c 00             ADCI 0
   171c   b9                PHI 9               ; R9 += edge bonus (always positive, no sign extend)
                            ; + king-king proximity: white king closer to black king = better for white
   171d   68 ca 64 40       RLDI 10, EVAL_TEMP1
   1721   0a                LDN 10
   1722   52                STR 2
   1723   89                GLO 9
   1724   f4                ADD
   1725   a9                PLO 9
   1726   99                GHI 9
   1727   7c 00             ADCI 0
   1729   b9                PHI 9
   172a   c0 17 6f          LBR EG_EDGE_DONE
                        
   172d                 EG_CHECK_BLACK:
                            ; Check if black is winning (score < -200)
                            ; Score is negative. Check if <= -201 (i.e., high byte < $FF or low byte <= $37)
   172d   99                GHI 9
   172e   fb ff             XRI $FF
   1730   ca 17 39          LBNZ EG_DRIVE_WHITE ; high byte < $FF → score < -255
   1733   89                GLO 9
   1734   fc c8             ADI 200             ; if score_lo + 200 overflows, score_lo > 55 → score > -201
   1736   c3 17 6f          LBDF EG_EDGE_DONE   ; score > -201, not winning enough
                        
   1739                 EG_DRIVE_WHITE:
                            ; MATE-MATERIAL GATE (2026-06-26): symmetric to EG_DRIVE_BLACK — only drive if
                            ; black holds a heavy piece (rook or queen). No mate material -> don't march.
   1739   68 cb 64 b3       RLDI 11, EVAL_B_ROOK_F1
   173d   0b                LDN 11
   173e   fb ff             XRI $FF
   1740   ca 17 4b          LBNZ EG_DW_GO       ; black has a rook -> drive ok
   1743   68 cb 64 b6       RLDI 11, B_QUEEN_CNT
   1747   0b                LDN 11
   1748   c2 17 6f          LBZ EG_EDGE_DONE    ; no rook AND no queen -> no mate material, skip drive
   174b                 EG_DW_GO:
                            ; Black winning — penalize white king for being in center
                            ; R15.0 = white king index (saved during centralization)
   174b   8f                GLO 15              ; D = white king 0-63 index
   174c   52                STR 2
   174d   68 cb 1b 10       RLDI 11, KING_EDGE_TABLE
   1751   8b                GLO 11
   1752   f4                ADD
   1753   ab                PLO 11
   1754   9b                GHI 11
   1755   7c 00             ADCI 0
   1757   bb                PHI 11              ; R11 = &KING_EDGE_TABLE[white_king]
   1758   0b                LDN 11              ; D = edge value (0-60)
   1759   fe                SHL                 ; D = value * 2 (0-120)
   175a   52                STR 2               ; save penalty
   175b   89                GLO 9
   175c   f7                SM                  ; R9.0 - penalty (SM = D - M(R(X)))
   175d   a9                PLO 9
   175e   99                GHI 9
   175f   7f 00             SMBI 0
   1761   b9                PHI 9               ; R9 -= edge penalty
                            ; - king-king proximity: black king closer to white king = better for black
   1762   68 ca 64 40       RLDI 10, EVAL_TEMP1
   1766   0a                LDN 10
   1767   52                STR 2
   1768   89                GLO 9
   1769   f7                SM
   176a   a9                PLO 9
   176b   99                GHI 9
   176c   7f 00             SMBI 0
   176e   b9                PHI 9
                        
   176f                 EG_EDGE_DONE:
                        
                            ; ==================================================================
                            ; Check bonus: if side-to-move is in check, credit the attacker.
                            ; Score is white-relative, so white-in-check → R9 -= CHECK_BONUS;
                            ; black-in-check → R9 += CHECK_BONUS.
                            ; IS_IN_CHECK preserves R11/R12; we save R9 ourselves.
                            ; ==================================================================
   176f   89                GLO 9
   1770   73                STXD
   1771   99                GHI 9
   1772   73                STXD
                        
   1773   d4 01 8e          CALL IS_IN_CHECK        ; uses R12 (side to move); D = 1 if in check
   1776   a8                PLO 8                   ; R8.0 = result
                        
   1777   60                IRX
   1778   72                LDXA
   1779   b9                PHI 9
   177a   f0                LDX
   177b   a9                PLO 9                   ; R9 restored
                        
   177c   88                GLO 8
   177d   c2 17 9b          LBZ CHECK_BONUS_DONE    ; not in check, skip
                        
   1780   8c                GLO 12                  ; side to move: WHITE=0, BLACK=8
   1781   c2 17 91          LBZ CHECK_BONUS_SUB     ; white to move and white in check → penalty
                        
                            ; Black to move and black in check → bonus to white
   1784   f8 28             LDI CHECK_BONUS
   1786   52                STR 2
   1787   89                GLO 9
   1788   f4                ADD
   1789   a9                PLO 9
   178a   99                GHI 9
   178b   7c 00             ADCI 0
   178d   b9                PHI 9
   178e   c0 17 9b          LBR CHECK_BONUS_DONE
                        
   1791                 CHECK_BONUS_SUB:
                            ; White to move and white in check → penalty to white
   1791   f8 28             LDI CHECK_BONUS
   1793   52                STR 2
   1794   89                GLO 9
   1795   f7                SM                      ; SM = D - M(R(X)) → R9.0 - CHECK_BONUS
   1796   a9                PLO 9
   1797   99                GHI 9
   1798   7f 00             SMBI 0
   179a   b9                PHI 9
                        
   179b                 CHECK_BONUS_DONE:
                        
   179b                 BKS_DONE:
                            ; DIAG stamp (2026-07-17 hang hunt): EVALUATE about to return.
   179b   68 ca 64 1d       RLDI 10, TRACE_WHERE
   179f   f8 e6             LDI $E6
   17a1   5a                STR 10              ; tracer: EVALUATE returning
   17a2   d5                RETN
                        
                        ; ------------------------------------------------------------------------------
                        ; EVALUATE_MATERIAL - Material-only evaluation (fast version)
                        ; ------------------------------------------------------------------------------
                        ; Simplified evaluation for leaf nodes where speed is critical
                        ; Input:  A = board pointer
                        ; Output: R9 = material score (NOT R6 - R6 is SCRT linkage, off limits!)
                        ; ------------------------------------------------------------------------------
   17a3                 EVALUATE_MATERIAL:
                            ; Alias to main evaluate for now
                            ; Later can optimize this path
   17a3   c0 0e a7          LBR EVALUATE
                        
                        ; ------------------------------------------------------------------------------
                        ; KING_SAFETY - shield + enemy-queen-storm danger for one king (2026-06-11)
                        ; In:  R7.0 = king sq (0x88); R7.1 = enemy queen sq ($FF if none)
                        ;      R8.0 = friendly pawn code; R8.1 = shield ahead-offset (+$10 / $F0)
                        ; Out: D = penalty magnitude (0-250). Preserves R9. Uses R10,R11,R13. X=2.
                        ; ------------------------------------------------------------------------------
   17a6                 KING_SAFETY:
   17a6   e2                SEX 2
                        
   17a7   68 ca 64 1d       RLDI 10, TRACE_WHERE
   17ab   f8 e2             LDI $E2
   17ad   5a                STR 10              ; tracer: in KING_SAFETY (v2)
                            ; No enemy queen -> no king-safety penalty at all. Prevents penalizing an
                            ; actively centralized (shieldless) king in queenless endgames.
   17ae   97                GHI 7
   17af   fb ff             XRI $FF
   17b1   c2 18 49          LBZ KS_ZERO
                            ; center shield square = king + ahead-offset
   17b4   87                GLO 7
   17b5   52                STR 2
   17b6   98                GHI 8
   17b7   f4                ADD
   17b8   ad                PLO 13              ; R13.0 = center
   17b9   ff 01             SMI 1               ; D = center - 1 (first shield square)
   17bb   aa                PLO 10              ; R10.0 = shield square
   17bc   f8 00             LDI 0
   17be   bd                PHI 13              ; R13.1 = shield pawn count = 0
   17bf   f8 03             LDI 3
   17c1   ab                PLO 11              ; loop counter
   17c2                 KS_SH_LOOP:
   17c2   8a                GLO 10
   17c3   fa 88             ANI $88
   17c5   ca 17 d6          LBNZ KS_SH_NEXT     ; off board
   17c8   f8 60             LDI HIGH(BOARD)
   17ca   ba                PHI 10              ; R10 -> board[sq]
   17cb   0a                LDN 10
   17cc   52                STR 2
   17cd   88                GLO 8               ; friendly pawn code
   17ce   f3                XOR
   17cf   ca 17 d6          LBNZ KS_SH_NEXT     ; not our pawn
   17d2   9d                GHI 13
   17d3   fc 01             ADI 1
   17d5   bd                PHI 13              ; count++
   17d6                 KS_SH_NEXT:
   17d6   1a                INC 10              ; next shield square (center-1 -> center -> center+1)
   17d7   2b                DEC 11
   17d8   8b                GLO 11
   17d9   ca 17 c2          LBNZ KS_SH_LOOP
                            ; missing = 3 - count
   17dc   9d                GHI 13
   17dd   52                STR 2
   17de   f8 03             LDI 3
   17e0   f7                SM                  ; D = 3 - count
   17e1   ad                PLO 13              ; R13.0 = missing (0-3)
   17e2   fc e6             ADI LOW(SHIELD_PEN)
   17e4   aa                PLO 10
   17e5   f8 0d             LDI HIGH(SHIELD_PEN)
   17e7   7c 00             ADCI 0
   17e9   ba                PHI 10
   17ea   0a                LDN 10              ; D = SHIELD_PEN[missing]
   17eb   bb                PHI 11              ; R11.1 = penalty
                            ; storm only if shield cracked AND enemy queen within Chebyshev 2
   17ec   8d                GLO 13              ; missing
   17ed   c2 18 47          LBZ KS_RET          ; fully shielded -> no penalty
   17f0   97                GHI 7               ; enemy queen sq
   17f1   fb ff             XRI $FF
   17f3   c2 18 47          LBZ KS_RET          ; no enemy queen
                            ; chebyshev(enemy queen R7.1, our king R7.0)
   17f6   97                GHI 7
   17f7   fa 70             ANI $70
   17f9   f6                SHR
   17fa   f6                SHR
   17fb   f6                SHR
   17fc   f6                SHR                 ; q_rank
   17fd   ad                PLO 13
   17fe   87                GLO 7
   17ff   fa 70             ANI $70
   1801   f6                SHR
   1802   f6                SHR
   1803   f6                SHR
   1804   f6                SHR                 ; k_rank
   1805   52                STR 2
   1806   8d                GLO 13
   1807   f5                SD                  ; k_rank - q_rank
   1808   c3 18 0d          LBDF KS_RANK_OK
   180b   fd 00             SDI 0
   180d                 KS_RANK_OK:
   180d   bd                PHI 13              ; |rank diff|
   180e   97                GHI 7
   180f   fa 07             ANI $07             ; q_file
   1811   ad                PLO 13
   1812   87                GLO 7
   1813   fa 07             ANI $07             ; k_file
   1815   52                STR 2
   1816   8d                GLO 13
   1817   f5                SD                  ; k_file - q_file
   1818   c3 18 1d          LBDF KS_FILE_OK
   181b   fd 00             SDI 0
   181d                 KS_FILE_OK:
   181d   ad                PLO 13              ; |file diff|
   181e   9d                GHI 13              ; |rank diff|
   181f   52                STR 2
   1820   8d                GLO 13              ; |file diff|
   1821   f5                SD                  ; |rank| - |file|
   1822   c3 18 29          LBDF KS_USE_RANK
   1825   8d                GLO 13              ; max = file
   1826   c0 18 2a          LBR KS_HAVE_DIST
   1829                 KS_USE_RANK:
   1829   9d                GHI 13              ; max = rank
   182a                 KS_HAVE_DIST:
   182a   52                STR 2               ; M2 = dist
   182b   f8 03             LDI 3
   182d   f7                SM                  ; D = 3 - dist
   182e   c2 18 47          LBZ KS_RET          ; dist == 3 -> no storm
   1831   ad                PLO 13              ; R13.0 = 3 - dist
   1832   fa 80             ANI $80
   1834   ca 18 47          LBNZ KS_RET         ; dist > 3 -> no storm
   1837   8d                GLO 13
   1838   fc ea             ADI LOW(STORM_PEN)
   183a   aa                PLO 10
   183b   f8 0d             LDI HIGH(STORM_PEN)
   183d   7c 00             ADCI 0
   183f   ba                PHI 10
   1840   0a                LDN 10              ; D = STORM_PEN[3-dist]
   1841   ab                PLO 11              ; R11.0 = storm penalty (R11.1 still = shield)
                            ; (v2 defense-credit path REMOVED 2026-07-13 for the staging reclaim:
                            ; DEFENSE_CREDIT was zeroed 2026-06-17, so this block computed and
                            ; subtracted a constant 0 every eval — ~70 B dead by configuration.
                            ; git-revert this commit to restore the queen-home credit machinery.)
   1842                 KS_STORM_FULL:
   1842   8b                GLO 11              ; net (or full) storm
   1843   52                STR 2
   1844   9b                GHI 11              ; shield penalty
   1845   f4                ADD                 ; total = shield + net storm
   1846   bb                PHI 11
   1847                 KS_RET:
   1847   9b                GHI 11              ; D = total penalty
   1848   d5                RETN
   1849                 KS_ZERO:
   1849   f8 00             LDI 0
   184b   d5                RETN
                        
                        ; ------------------------------------------------------------------------------
                        ; QUEEN_MOBILITY - count empty squares the queen commands (8-direction ray walk).
                        ; The RIGHT instrument for queen activity (2026-06-17): rewards an active/safe queen
                        ; (high mobility), penalizes an idle OR self-caged queen (low mobility), and never
                        ; pays for a sac (a queen moving where it's captured has the SEARCH reject it, not
                        ; this term). Pure mobility -- no per-square attack check (too costly mid-game); the
                        ; search handles tactics. Symmetric (white adds, black subtracts) so a queen trade is
                        ; ~mobility-neutral UNLESS our queen is the less active one, in which case the term
                        ; correctly nudges us to trade it off.
                        ; In:  R7.0 = queen square (0x88; caller guarantees != $FF). Out: D = mobility 0..27.
                        ; Uses R8,R10,R11,R13. Preserves R9,R12. X=2 (mirrors KING_SAFETY).
                        ; ------------------------------------------------------------------------------
   184c                 QUEEN_MOBILITY:
   184c   e2                SEX 2
                        
   184d   68 ca 64 1d       RLDI 10, TRACE_WHERE
   1851   f8 e3             LDI $E3
   1853   5a                STR 10              ; tracer: in QUEEN_MOBILITY
   1854   f8 00             LDI 0
   1856   a8                PLO 8                   ; R8.0 = mobility = 0
   1857   68 ca 18 81       RLDI 10, QUEEN_DIRS     ; R10 -> 8-direction delta table
   185b   f8 08             LDI 8
   185d   ad                PLO 13                  ; R13.0 = directions remaining
   185e                 QM_DIR:
   185e   4a                LDA 10                  ; D = delta, R10++
   185f   b8                PHI 8                   ; R8.1 = delta
   1860   f8 60             LDI HIGH(BOARD)
   1862   bb                PHI 11
   1863   87                GLO 7
   1864   ab                PLO 11                  ; R11 = &BOARD[queen sq]
   1865                 QM_STEP:
   1865   8b                GLO 11
   1866   52                STR 2                   ; M(2) = current ray square (low byte)
   1867   98                GHI 8                   ; D = delta
   1868   f4                ADD                     ; D = square + delta
   1869   ab                PLO 11                  ; R11.0 = next ray square
   186a   fa 88             ANI $88
   186c   ca 18 7a          LBNZ QM_NEXT            ; off board -> end this ray
   186f   0b                LDN 11                  ; D = BOARD[next square]
   1870   ca 18 7a          LBNZ QM_NEXT            ; occupied -> blocked, end this ray
   1873   88                GLO 8
   1874   fc 01             ADI 1
   1876   a8                PLO 8                   ; empty -> mobility++
   1877   c0 18 65          LBR QM_STEP
   187a                 QM_NEXT:
   187a   2d                DEC 13
   187b   8d                GLO 13
   187c   ca 18 5e          LBNZ QM_DIR
   187f   88                GLO 8                   ; D = mobility count
   1880   d5                RETN
   1881                 QUEEN_DIRS:
   1881   f0 10 01 ff       DB DIR_N, DIR_S, DIR_E, DIR_W, DIR_NE, DIR_NW, DIR_SE, DIR_SW
   1885   f1 ef 11 0f   
                        
                        ; ==============================================================================
                        ; End of Evaluation
                        ; (EVAL_WITH_PST/EVAL_PST_SCAN/EVAL_PST_NEXT stub family removed 2026-06-04 —
                        ;  zero call-sites; reclaimed for SEE. EVALUATE_MATERIAL kept, 1 live caller.)
                        ; ==============================================================================
                        ; ==============================================================================
                        ; RCA 1802/1806 Chess Engine - Piece-Square Tables
                        ; ==============================================================================
                        ; Positional bonuses based on piece placement
                        ; Values in centipawns (signed 8-bit: -128 to +127)
                        ;
                        ; Tables are from White's perspective (flip for Black)
                        ; Total size: 6 tables x 64 squares = 384 bytes
                        ; ==============================================================================
                        
                        ; ------------------------------------------------------------------------------
                        ; PAWN PST - Encourage central pawns and advancement
                        ; ------------------------------------------------------------------------------
                        ; Index 0-7 = Rank 1 (a1-h1), Index 56-63 = Rank 8 (a8-h8)
                        ; For White: index = rank*8 + file (rank 0 = Rank 1)
                        ; For Black: index XOR $38 flips rank (Black's Rank 8 maps to Rank 1 values)
                        ; ------------------------------------------------------------------------------
   1889                 PST_PAWN:
                            ; Rank 1 (index 0-7) - pawns never here
   1889   00 00 00 00       DB  0,  0,  0,  0,  0,  0,  0,  0
   188d   00 00 00 00   
                            ; Rank 2 (index 8-15) - starting position
   1891   05 0a 0a ec       DB  5, 10, 10,-20,-20, 10, 10,  5
   1895   ec 0a 0a 05   
                            ; Rank 3 (index 16-23)
   1899   05 fb f6 00       DB  5, -5,-10,  0,  0,-10, -5,  5
   189d   00 f6 fb 05   
                            ; Rank 4 (index 24-31) - center control
   18a1   00 00 00 14       DB  0,  0,  0, 20, 20,  0,  0,  0
   18a5   14 00 00 00   
                            ; Rank 5 (index 32-39)
   18a9   05 05 0a 19       DB  5,  5, 10, 25, 25, 10,  5,  5
   18ad   19 0a 05 05   
                            ; Rank 6 (index 40-47)
   18b1   0a 0a 14 1e       DB 10, 10, 20, 30, 30, 20, 10, 10
   18b5   1e 14 0a 0a   
                            ; Rank 7 (index 48-55) - about to promote!
   18b9   32 32 32 32       DB 50, 50, 50, 50, 50, 50, 50, 50
   18bd   32 32 32 32   
                            ; Rank 8 (index 56-63) - promotion rank
   18c1   00 00 00 00       DB  0,  0,  0,  0,  0,  0,  0,  0
   18c5   00 00 00 00   
                        
                        ; ------------------------------------------------------------------------------
                        ; KNIGHT PST - Knights love the center, hate the rim
                        ; ------------------------------------------------------------------------------
   18c9                 PST_KNIGHT:
                            ; Rank 1
   18c9   ce d8 e2 e2       DB -50,-40,-30,-30,-30,-30,-40,-50
   18cd   e2 e2 d8 ce   
                            ; Rank 2
   18d1   d8 ec 00 05       DB -40,-20,  0,  5,  5,  0,-20,-40
   18d5   05 00 ec d8   
                            ; Rank 3
   18d9   e2 05 0a 0f       DB -30,  5, 10, 15, 15, 10,  5,-30
   18dd   0f 0a 05 e2   
                            ; Rank 4
   18e1   e2 00 0f 14       DB -30,  0, 15, 20, 20, 15,  0,-30
   18e5   14 0f 00 e2   
                            ; Rank 5
   18e9   e2 05 0f 14       DB -30,  5, 15, 20, 20, 15,  5,-30
   18ed   14 0f 05 e2   
                            ; Rank 6
   18f1   e2 00 0a 0f       DB -30,  0, 10, 15, 15, 10,  0,-30
   18f5   0f 0a 00 e2   
                            ; Rank 7
   18f9   d8 ec 00 00       DB -40,-20,  0,  0,  0,  0,-20,-40
   18fd   00 00 ec d8   
                            ; Rank 8
   1901   ce d8 e2 e2       DB -50,-40,-30,-30,-30,-30,-40,-50
   1905   e2 e2 d8 ce   
                        
                        ; ------------------------------------------------------------------------------
                        ; BISHOP PST - Avoid corners, prefer long diagonals
                        ; ------------------------------------------------------------------------------
   1909                 PST_BISHOP:
                            ; Rank 1 - penalize undeveloped bishops on c1/f1
   1909   ec f6 f1 f6       DB -20,-10,-15,-10,-10,-15,-10,-20
   190d   f6 f1 f6 ec   
                            ; Rank 2
   1911   f6 05 00 00       DB -10,  5,  0,  0,  0,  0,  5,-10
   1915   00 00 05 f6   
                            ; Rank 3
   1919   f6 0a 0a 0a       DB -10, 10, 10, 10, 10, 10, 10,-10
   191d   0a 0a 0a f6   
                            ; Rank 4
   1921   f6 00 0a 0a       DB -10,  0, 10, 10, 10, 10,  0,-10
   1925   0a 0a 00 f6   
                            ; Rank 5
   1929   f6 05 05 0a       DB -10,  5,  5, 10, 10,  5,  5,-10
   192d   0a 05 05 f6   
                            ; Rank 6
   1931   f6 00 05 0a       DB -10,  0,  5, 10, 10,  5,  0,-10
   1935   0a 05 00 f6   
                            ; Rank 7
   1939   f6 00 00 00       DB -10,  0,  0,  0,  0,  0,  0,-10
   193d   00 00 00 f6   
                            ; Rank 8
   1941   ec f6 f6 f6       DB -20,-10,-10,-10,-10,-10,-10,-20
   1945   f6 f6 f6 ec   
                        
                        ; ------------------------------------------------------------------------------
                        ; ROOK PST - 7th rank is golden, open files later
                        ; ------------------------------------------------------------------------------
   1949                 PST_ROOK:
                            ; Rank 1 - penalize undeveloped corner rooks, prefer central
   1949   f1 00 00 05       DB -15,  0,  0,  5,  5,  0,  0,-15
   194d   05 00 00 f1   
                            ; Rank 2
   1951   fb 00 00 00       DB -5,  0,  0,  0,  0,  0,  0, -5
   1955   00 00 00 fb   
                            ; Rank 3
   1959   fb 00 00 00       DB -5,  0,  0,  0,  0,  0,  0, -5
   195d   00 00 00 fb   
                            ; Rank 4
   1961   fb 00 00 00       DB -5,  0,  0,  0,  0,  0,  0, -5
   1965   00 00 00 fb   
                            ; Rank 5
   1969   fb 00 00 00       DB -5,  0,  0,  0,  0,  0,  0, -5
   196d   00 00 00 fb   
                            ; Rank 6
   1971   fb 00 00 00       DB -5,  0,  0,  0,  0,  0,  0, -5
   1975   00 00 00 fb   
                            ; Rank 7 - "pig" on 7th rank
   1979   05 0a 0a 0a       DB  5, 10, 10, 10, 10, 10, 10,  5
   197d   0a 0a 0a 05   
                            ; Rank 8
   1981   00 00 00 00       DB  0,  0,  0,  0,  0,  0,  0,  0
   1985   00 00 00 00   
                        
                        ; ------------------------------------------------------------------------------
                        ; QUEEN PST - Slight preference for center, avoid early development
                        ; ------------------------------------------------------------------------------
   1989                 PST_QUEEN:
                            ; Rank 1 - starting position OK
   1989   ec f6 f6 fb       DB -20,-10,-10, -5, -5,-10,-10,-20
   198d   fb f6 f6 ec   
                            ; Rank 2
   1991   f6 00 05 00       DB -10,  0,  5,  0,  0,  0,  0,-10
   1995   00 00 00 f6   
                            ; Rank 3
   1999   f6 05 05 05       DB -10,  5,  5,  5,  5,  5,  0,-10
   199d   05 05 00 f6   
                            ; Rank 4
   19a1   00 00 05 05       DB   0,  0,  5,  5,  5,  5,  0, -5
   19a5   05 05 00 fb   
                            ; Rank 5
   19a9   fb 00 05 05       DB  -5,  0,  5,  5,  5,  5,  0, -5
   19ad   05 05 00 fb   
                            ; Rank 6
   19b1   f6 00 05 05       DB -10,  0,  5,  5,  5,  5,  0,-10
   19b5   05 05 00 f6   
                            ; Rank 7 - penalize edge squares in enemy territory
   19b9   ec f6 00 00       DB -20,-10,  0,  0,  0,  0,-10,-20
   19bd   00 00 f6 ec   
                            ; Rank 8 - heavy penalty for deep queen raids
   19c1   e2 ec ec f6       DB -30,-20,-20,-10,-10,-20,-20,-30
   19c5   f6 ec ec e2   
                        
                        ; ------------------------------------------------------------------------------
                        ; KING PST (Middlegame) - Castle! Stay safe on the side
                        ; ------------------------------------------------------------------------------
   19c9                 PST_KING:
                            ; Rank 1 - castled king is safest (b1/g1 kingside, c1 queenside)
   19c9   14 3c 28 ec       DB  20, 60, 40,-20,-20, 10, 60, 20
   19cd   ec 0a 3c 14   
                            ; Rank 2 - behind pawn shelter OK
   19d1   14 14 f6 e2       DB  20, 20,-10,-30,-30,-10, 20, 20
   19d5   e2 f6 14 14   
                            ; Rank 3
   19d9   f6 ec ec ec       DB -10,-20,-20,-20,-20,-20,-20,-10
   19dd   ec ec ec f6   
                            ; Rank 4
   19e1   ec e2 e2 d8       DB -20,-30,-30,-40,-40,-30,-30,-20
   19e5   d8 e2 e2 ec   
                            ; Rank 5
   19e9   e2 d8 d8 ce       DB -30,-40,-40,-50,-50,-40,-40,-30
   19ed   ce d8 d8 e2   
                            ; Rank 6
   19f1   e2 d8 d8 ce       DB -30,-40,-40,-50,-50,-40,-40,-30
   19f5   ce d8 d8 e2   
                            ; Rank 7
   19f9   e2 d8 d8 ce       DB -30,-40,-40,-50,-50,-40,-40,-30
   19fd   ce d8 d8 e2   
                            ; Rank 8
   1a01   e2 d8 d8 ce       DB -30,-40,-40,-50,-50,-40,-40,-30
   1a05   ce d8 d8 e2   
                        
                        ; ==============================================================================
                        ; PST Table Address Lookup
                        ; ==============================================================================
                        ; Index by piece type (1-6) to get table address
   1a09                 PST_TABLE_LO:
   1a09   00                DB 0                    ; 0 = empty (unused)
   1a0a   89                DB LOW(PST_PAWN)        ; 1 = pawn
   1a0b   c9                DB LOW(PST_KNIGHT)      ; 2 = knight
   1a0c   09                DB LOW(PST_BISHOP)      ; 3 = bishop
   1a0d   49                DB LOW(PST_ROOK)        ; 4 = rook
   1a0e   89                DB LOW(PST_QUEEN)       ; 5 = queen
   1a0f   c9                DB LOW(PST_KING)        ; 6 = king
                        
   1a10                 PST_TABLE_HI:
   1a10   00                DB 0
   1a11   18                DB HIGH(PST_PAWN)
   1a12   18                DB HIGH(PST_KNIGHT)
   1a13   19                DB HIGH(PST_BISHOP)
   1a14   19                DB HIGH(PST_ROOK)
   1a15   19                DB HIGH(PST_QUEEN)
   1a16   19                DB HIGH(PST_KING)
                        
                        ; ==============================================================================
                        ; EVAL_PST - Add piece-square table bonuses to score
                        ; ==============================================================================
                        ; Input:  6 = current score (material)
                        ; Output: 6 = score + PST bonuses
                        ; Uses:   A, D, E, F
                        ;
                        ; Algorithm:
                        ;   For each piece on board:
                        ;     1. Get piece type and color
                        ;     2. Convert 0x88 square to 0-63 index
                        ;     3. For black pieces, flip the rank (mirror vertically)
                        ;     4. Look up PST value
                        ;     5. Add (white) or subtract (black) from score
                        ; ==============================================================================
   1a17                 EVAL_PST:
                            ; Ensure X=2 for all stack operations
   1a17   e2                SEX 2
                        
                            ; Save score (R9 is score accumulator, NOT R6 which is SCRT linkage!)
   1a18   89                GLO 9
   1a19   73                STXD
   1a1a   99                GHI 9
   1a1b   73                STXD
                        
                            ; Save R15 (used by caller for move count in quiescence search)
   1a1c   8f                GLO 15
   1a1d   73                STXD
   1a1e   9f                GHI 15
   1a1f   73                STXD
                        
                            ; Initialize PST accumulator
   1a20   f8 00             LDI 0
   1a22   b7                PHI 7
   1a23   a7                PLO 7               ; 7 = 0
                        
                            ; Point to board
   1a24   68 ca 60 00       RLDI 10, BOARD
                        
                            ; Loop counter in memory (R14 is off-limits - BIOS uses it!)
   1a28   68 c8 64 40       RLDI 8, EVAL_TEMP1
   1a2c   f8 00             LDI 0
   1a2e   58                STR 8               ; EVAL_TEMP1 = 0 (square index)
                        
   1a2f                 EVAL_PST_LOOP:
                            ; Check if valid square (load from memory)
   1a2f   68 c8 64 40       RLDI 8, EVAL_TEMP1
   1a33   08                LDN 8               ; D = square index
   1a34   fa 88             ANI $88
   1a36   ca 1a ad          LBNZ EVAL_PST_NEXT_SQ
                        
                            ; Load piece
   1a39   0a                LDN 10
   1a3a   c2 1a ad          LBZ EVAL_PST_NEXT_SQ ; Empty square
                        
                            ; Save piece
   1a3d   af                PLO 15               ; F.0 = piece
                        
                            ; Get piece type
   1a3e   fa 07             ANI PIECE_MASK
   1a40   ad                PLO 13               ; D.0 = piece type (1-6)
                        
                            ; Get PST table address for this piece type
   1a41   68 cb 1a 09       RLDI 11, PST_TABLE_LO
   1a45   8d                GLO 13               ; Piece type
   1a46   52                STR 2
   1a47   8b                GLO 11
   1a48   f4                ADD
   1a49   ab                PLO 11
   1a4a   9b                GHI 11
   1a4b   7c 00             ADCI 0
   1a4d   bb                PHI 11               ; Propagate carry across page boundary
   1a4e   0b                LDN 11               ; D = low byte of PST address
   1a4f   bd                PHI 13               ; Save in D.1 temporarily
                        
   1a50   68 cb 1a 10       RLDI 11, PST_TABLE_HI
   1a54   8d                GLO 13               ; Piece type (still in D.0? No, need to reload)
   1a55   8f                GLO 15               ; Get piece back
   1a56   fa 07             ANI PIECE_MASK
   1a58   52                STR 2
   1a59   8b                GLO 11
   1a5a   f4                ADD
   1a5b   ab                PLO 11
   1a5c   0b                LDN 11               ; High byte of PST address
   1a5d   bb                PHI 11
   1a5e   9d                GHI 13               ; Low byte (saved earlier)
   1a5f   ab                PLO 11               ; B = PST table base for this piece
                        
                            ; Convert 0x88 square to 0-63 index
                            ; Index = (rank * 8) + file
                            ; For 0x88: rank = sq >> 4, file = sq & 7
                            ; Load square from memory (R14 is off-limits!)
   1a60   68 c8 64 40       RLDI 8, EVAL_TEMP1
   1a64   08                LDN 8               ; D = square (0x88 format)
   1a65   73                STXD                ; Save square on stack for reuse
   1a66   fa 07             ANI $07             ; File (0-7)
   1a68   ad                PLO 13               ; D.0 = file
                        
   1a69   60                IRX
   1a6a   f0                LDX                 ; D = square again
   1a6b   fa 70             ANI $70             ; Rank * 16
   1a6d   f6                SHR                 ; Rank * 8
   1a6e   52                STR 2
   1a6f   8d                GLO 13
   1a70   f4                ADD                 ; Index = rank*8 + file
   1a71   ad                PLO 13               ; D.0 = 0-63 index
                        
                            ; For black pieces, flip the index (mirror board)
                            ; New index = 63 - index = (7-rank)*8 + (7-file)
                            ; Simpler: XOR with $38 flips rank (keeps file same within rank)
   1a72   8f                GLO 15               ; Get piece
   1a73   fa 08             ANI COLOR_MASK
   1a75   c2 1a 7c          LBZ EVAL_PST_WHITE   ; long branch: insertion shifted page boundary
                        
                            ; Black piece - flip rank
   1a78   8d                GLO 13
   1a79   fb 38             XRI $38             ; Flip rank bits
   1a7b   ad                PLO 13
                        
   1a7c                 EVAL_PST_WHITE:
                            ; Look up PST value
   1a7c   8d                GLO 13               ; Index
   1a7d   52                STR 2
   1a7e   8b                GLO 11
   1a7f   f4                ADD
   1a80   ab                PLO 11
   1a81   9b                GHI 11
   1a82   7c 00             ADCI 0
   1a84   bb                PHI 11
   1a85   0b                LDN 11               ; D = PST value (signed 8-bit)
                        
                            ; Extend sign to 16-bit
   1a86   ad                PLO 13               ; D.0 = PST value
   1a87   fa 80             ANI $80             ; Check sign bit
   1a89   c2 1a 92          LBZ EVAL_PST_POSITIVE
   1a8c   f8 ff             LDI $FF
   1a8e   bd                PHI 13               ; D = sign-extended negative
   1a8f   c0 1a 95          LBR EVAL_PST_ADD
                        
   1a92                 EVAL_PST_POSITIVE:
   1a92   f8 00             LDI 0
   1a94   bd                PHI 13               ; D = sign-extended positive
                        
   1a95                 EVAL_PST_ADD:
                            ; Add or subtract based on color
   1a95   8f                GLO 15               ; Get piece
   1a96   fa 08             ANI COLOR_MASK
   1a98   c2 1a a3          LBZ EVAL_PST_ADD_WHITE
                        
                            ; Black - subtract from accumulator (7 = 7 - D)
                            ; Actually: negate D, then add
   1a9b   8d                GLO 13
   1a9c   fd 00             SDI 0               ; D.0 = -D.0
   1a9e   ad                PLO 13
   1a9f   9d                GHI 13
   1aa0   7d 00             SDBI 0              ; D.1 = -D.1 - borrow
   1aa2   bd                PHI 13
                        
   1aa3                 EVAL_PST_ADD_WHITE:
                            ; Add D to accumulator (7)
   1aa3   8d                GLO 13
   1aa4   52                STR 2
   1aa5   87                GLO 7
   1aa6   f4                ADD
   1aa7   a7                PLO 7
                        
   1aa8   9d                GHI 13
   1aa9   52                STR 2
   1aaa   97                GHI 7
   1aab   74                ADC
   1aac   b7                PHI 7
                        
   1aad                 EVAL_PST_NEXT_SQ:
   1aad   1a                INC 10               ; Next board position
                            ; Increment square index in memory (R14 is off-limits!)
   1aae   68 c8 64 40       RLDI 8, EVAL_TEMP1
   1ab2   08                LDN 8               ; D = square index
   1ab3   fc 01             ADI 1               ; Increment
   1ab5   58                STR 8               ; Store back
   1ab6   fb 80             XRI $80             ; Done when index = 128
   1ab8   ca 1a 2f          LBNZ EVAL_PST_LOOP
                        
                            ; Add PST accumulator to score
                            ; Restore R15 first (LIFO - it was pushed last)
   1abb   60                IRX
   1abc   72                LDXA
   1abd   bf                PHI 15
   1abe   f0                LDX
   1abf   af                PLO 15
                        
                            ; Now restore material score (R9)
   1ac0   60                IRX
   1ac1   72                LDXA
   1ac2   b9                PHI 9
   1ac3   f0                LDX
   1ac4   a9                PLO 9
                        
                            ; R9 = R9 + R7
   1ac5   87                GLO 7
   1ac6   52                STR 2
   1ac7   89                GLO 9
   1ac8   f4                ADD
   1ac9   a9                PLO 9
                        
   1aca   97                GHI 7
   1acb   52                STR 2
   1acc   99                GHI 9
   1acd   74                ADC
   1ace   b9                PHI 9
                        
   1acf   d5                RETN
                        
                        ; ==============================================================================
                        ; End of Piece-Square Tables
                        ; ==============================================================================
                        ; ==============================================================================
                        ; RCA 1802/1806 Chess Engine - Endgame Heuristics
                        ; ==============================================================================
                        ; Special evaluation bonuses for endgame positions:
                        ; 1. King centralization when material is low
                        ; 2. Drive enemy king to edge/corner in winning positions
                        ; 3. Passed pawn bonus
                        ; ==============================================================================
                        
                        ; Endgame threshold (in centipawns of total material)
                        ; Below this, we're in the endgame
                        ; Roughly: 2 rooks + 2 minor = 2*500 + 2*325 = 1650
   0068                 ENDGAME_THRESHOLD_LO    EQU $68     ; 1640 = $0668
   0006                 ENDGAME_THRESHOLD_HI    EQU $06
                        
                        ; King centralization table (bonus for king being in center during endgame)
                        ; Higher values in center, lower on edges
   1ad0                 KING_CENTER_TABLE:
                            ; Rank 8
   1ad0   e2 ec f6 00       DB -30,-20,-10,  0,  0,-10,-20,-30
   1ad4   00 f6 ec e2   
                            ; Rank 7
   1ad8   ec f6 00 0a       DB -20,-10,  0, 10, 10,  0,-10,-20
   1adc   0a 00 f6 ec   
                            ; Rank 6
   1ae0   f6 00 0a 14       DB -10,  0, 10, 20, 20, 10,  0,-10
   1ae4   14 0a 00 f6   
                            ; Rank 5
   1ae8   00 0a 14 1e       DB   0, 10, 20, 30, 30, 20, 10,  0
   1aec   1e 14 0a 00   
                            ; Rank 4
   1af0   00 0a 14 1e       DB   0, 10, 20, 30, 30, 20, 10,  0
   1af4   1e 14 0a 00   
                            ; Rank 3
   1af8   f6 00 0a 14       DB -10,  0, 10, 20, 20, 10,  0,-10
   1afc   14 0a 00 f6   
                            ; Rank 2
   1b00   ec f6 00 0a       DB -20,-10,  0, 10, 10,  0,-10,-20
   1b04   0a 00 f6 ec   
                            ; Rank 1
   1b08   e2 ec f6 00       DB -30,-20,-10,  0,  0,-10,-20,-30
   1b0c   00 f6 ec e2   
                        
                        ; King to edge table (bonus for enemy king on edge/corner — drive-to-mate)
                        ; Use this when we're winning to drive enemy king to corner.
                        ; Higher values at edges/corners, lower in center.
                        ; Retuned 2026-06-15: steepened ~1.5x toward corners (proven mate-shuffle:
                        ; R+Q+5P vs lone K dawdled ~22 moves, eval flat — the edge gradient was too
                        ; shallow to actively squeeze the enemy king to a corner). Max 90, SHL'd to
                        ; 180cp at the corner (still <256, no byte overflow). Zero new bytes.
   1b10                 KING_EDGE_TABLE:
                            ; Rank 8
   1b10   5a 4b 3c 2d       DB  90, 75, 60, 45, 45, 60, 75, 90
   1b14   2d 3c 4b 5a   
                            ; Rank 7
   1b18   4b 3c 2d 1e       DB  75, 60, 45, 30, 30, 45, 60, 75
   1b1c   1e 2d 3c 4b   
                            ; Rank 6
   1b20   3c 2d 1e 0f       DB  60, 45, 30, 15, 15, 30, 45, 60
   1b24   0f 1e 2d 3c   
                            ; Rank 5
   1b28   2d 1e 0f 00       DB  45, 30, 15,  0,  0, 15, 30, 45
   1b2c   00 0f 1e 2d   
                            ; Rank 4
   1b30   2d 1e 0f 00       DB  45, 30, 15,  0,  0, 15, 30, 45
   1b34   00 0f 1e 2d   
                            ; Rank 3
   1b38   3c 2d 1e 0f       DB  60, 45, 30, 15, 15, 30, 45, 60
   1b3c   0f 1e 2d 3c   
                            ; Rank 2
   1b40   4b 3c 2d 1e       DB  75, 60, 45, 30, 30, 45, 60, 75
   1b44   1e 2d 3c 4b   
                            ; Rank 1
   1b48   5a 4b 3c 2d       DB  90, 75, 60, 45, 45, 60, 75, 90
   1b4c   2d 3c 4b 5a   
                        
                        ; ------------------------------------------------------------------------------
                        ; KING_PROX_BONUS - friendly-king-to-enemy-king proximity, indexed by Chebyshev
                        ; distance (0-7). The missing mating ingredient: edging the enemy king alone
                        ; never mates — the winning side's king must march up to support. Small-distance
                        ; = high bonus gives the shallow search a downhill gradient to walk the king in.
                        ; Kings can never be adjacent (dist<2 illegal), so 2 = closest = max pull.
                        ; ------------------------------------------------------------------------------
                        ; Retuned 2026-06-15: ~4x stronger (was 0,0,40,32,24,16,8,0 = 8cp/step).
                        ; PROVEN bottleneck: in the R+Q+5P vs K mate the winning king refused to march
                        ; (g1<->h1<->f1 shuffle for ~11 moves) because closing toward the enemy king
                        ; netted only +8cp — tied with shuffling, so the engine wouldn't commit. The
                        ; mate appeared the instant the king finally reached the enemy. Now ~30-35cp/
                        ; step so each marching step clearly beats a wait move. Max 150 < passer/runner
                        ; bonuses (250-600) so this never pulls the king off a passer in a K+P race.
   1b50                 KING_PROX_BONUS:
   1b50   00 00 96 73       DB   0,  0,150,115, 80, 50, 25,  0   ; dist 0..7 (~30-35cp/step march)
   1b54   50 32 19 00   
                        
                        ; ==============================================================================
                        ; EVAL_ENDGAME - Add endgame-specific bonuses
                        ; ==============================================================================
                        ; Input:  6 = current score (material + PST)
                        ;         7 = total material on board (calculated externally, or we calculate)
                        ; Output: 6 = score with endgame bonuses
                        ; Uses:   A, B, D, E, F
                        ;
                        ; Logic:
                        ;   1. Check if we're in endgame (material below threshold)
                        ;   2. If endgame:
                        ;      - Add king centralization bonus for friendly king
                        ;      - If winning significantly, add enemy king edge bonus
                        ; ==============================================================================
                        ; (EVAL_ENDGAME + CALC_TOTAL_MATERIAL REMOVED 2026-07-15 — symmetry audit)
                        ; Both had ZERO call sites (the 'removed king-drive'); the live endgame king
                        ; logic is in evaluate.asm's pc<12 block. The dead code ALSO contained
                        ; side-to-move-relative sign bugs (mover's centralization credited to white;
                        ; winning gate read raw R9) — deleted rather than fixed. git-revert restores.
                        ; KING_CENTER_TABLE / KING_EDGE_TABLE below remain LIVE (evaluate.asm uses them).
                        ; ==============================================================================
                        
                        
                        ; ==============================================================================
                        ; End of Endgame Heuristics
                        ; ==============================================================================
                        ; ==============================================================================
                        ; RCA 1802/1806 Chess Engine - Negamax Search with Alpha-Beta Pruning
                        ; ==============================================================================
                        ; Core search algorithm
                        ; ==============================================================================
                        
                        ; ------------------------------------------------------------------------------
                        ; Register Usage During Search
                        ; ------------------------------------------------------------------------------
                        ; 0:  Reserved for interrupts/DMA
                        ; 1:  Reserved for interrupt PC
                        ; 2:  Stack pointer (X register) - CRITICAL
                        ; 3:  Program counter (P register) - CRITICAL
                        ; 4:  SCALL routine pointer (BIOS SCRT)
                        ; 5:  SRET routine pointer (BIOS SCRT) - DO NOT USE FOR DATA!
                        ; 6:  SCRT linkage register - DO NOT USE FOR DATA! (corrupted by every CALL)
                        ; 7:  Temp for alpha/beta operations (beta loaded from memory when needed)
                        ; 8:  Best score accumulator
                        ; 9:  Move list pointer / score return value
                        ; A:  Board state pointer (set before search)
                        ; B:  Current move being evaluated
                        ; C:  Color/side to move (0 for white, 8 for black - matches COLOR_MASK)
                        ; D:  Temp/scratch register 1
                        ; E:  Temp/scratch register 2 (move counter)
                        ; F:  Temp/scratch register 3
                        ; NOTE: Alpha/beta stored in memory at ALPHA_HI/LO, BETA_HI/LO (big-endian)
                        ; NOTE: Search depth stored in memory at SEARCH_DEPTH (not in a register)
                        ; ------------------------------------------------------------------------------
                        
                        ; Memory locations for search state - defined in board.asm:
                        ;   BEST_MOVE, NODES_SEARCHED, SEARCH_DEPTH, QS_*, EVAL_SQ_INDEX, KILLER_MOVES
                        ;   ALPHA_HI/LO, BETA_HI/LO, SCORE_HI/LO (big-endian: high byte at lower address)
                        ; All engine variables consolidated at $6400+ region
                        
                        ; ------------------------------------------------------------------------------
                        ; NEGAMAX - Main recursive search function
                        ; ------------------------------------------------------------------------------
                        ; Input:  SEARCH_DEPTH = depth remaining in memory (0 = leaf node, evaluate)
                        ;         ALPHA_HI/LO = alpha (lower bound) in memory (big-endian)
                        ;         BETA_HI/LO = beta (upper bound) in memory (big-endian)
                        ;         C = color (0 for white, 8 for black - matches COLOR_MASK)
                        ;         A = board state pointer
                        ; Output: R9 = score from current position
                        ;         BEST_MOVE = best move found (if at root)
                        ; Uses:   All registers 7-F, stack
                        ; NOTE:   R6 is SCRT linkage register - never used for data!
                        ; ------------------------------------------------------------------------------
   1b58                 NEGAMAX:
                            ; Ensure X=2 for stack operations
   1b58   e2                SEX 2
                        
                            ; DIAG stamp (2026-07-17 hang hunt): covers prologue window
                            ; (stack-check/ply-assert/SAVE_PLY_STATE) before the $A1 node stamp.
   1b59   68 ca 64 1d       RLDI 10, TRACE_WHERE
   1b5d   f8 a0             LDI $A0
   1b5f   5a                STR 10              ; tracer: NEGAMAX prologue (R10 reloaded below)
                        
                            ; Stack overflow detection (added 2026-05-12). MOVE_LIST at $7800-$7A7F
                            ; sits directly below stack guard $7B00. If recursion pushes R2 below
                            ; $7B00, MOVE_LIST gets silently corrupted — the suspected cause of the
                            ; 2026-05-11 g8h7 illegal-move output. Flag is checked + emitted as
                            ; UCI info string at each IDS iteration boundary.
   1b60   d4 00 87          CALL CHECK_STACK_OVERFLOW
                        
                            ; -----------------------------------------------
                            ; PLY LIMIT CHECK: Prevent array overflow
                            ; -----------------------------------------------
                            ; If CURRENT_PLY >= MAX_PLY (8), return static eval
   1b63   68 ca 64 48       RLDI 10, CURRENT_PLY
   1b67   0a                LDN 10              ; D = current ply
   1b68   ff 08             SMI 8               ; D = ply - MAX_PLY
   1b6a   cb 1b 7f          LBNF NEGAMAX_PLY_OK ; ply < 8, continue
                        
                            ; Ply limit reached - return static evaluation
   1b6d   d4 0e a7          CALL EVALUATE
                            ; Negate R9 if black to move (white-perspective → side-to-move)
   1b70   8c                GLO 12
   1b71   fa 08             ANI $08
   1b73   c2 1b 7e          LBZ NEGAMAX_PLY_RET
   1b76   89                GLO 9               ; low byte
   1b77   fd 00             SDI 0               ; negate low
   1b79   a9                PLO 9
   1b7a   99                GHI 9               ; high byte
   1b7b   7d 00             SDBI 0              ; negate high with borrow
   1b7d   b9                PHI 9
   1b7e                 NEGAMAX_PLY_RET:
   1b7e   d5                RETN
                        
   1b7f                 NEGAMAX_PLY_OK:
                            ; Save context to ply-indexed state array (no stack manipulation!)
   1b7f   d4 00 18          CALL SAVE_PLY_STATE
                        
   1b82   68 ca 64 1d       RLDI 10, TRACE_WHERE
   1b86   f8 a1             LDI $A1
   1b88   5a                STR 10              ; tracer: in NEGAMAX node
                        
                            ; -- TT node flag: default ALPHA (upper bound) --
   1b89   68 ca 64 48       RLDI 10, CURRENT_PLY
   1b8d   0a                LDN 10
   1b8e   fc d2             ADI LOW(NODE_TT_FLAGS)
   1b90   aa                PLO 10
   1b91   f8 64             LDI HIGH(NODE_TT_FLAGS)
   1b93   ba                PHI 10
   1b94   f8 02             LDI TT_FLAG_ALPHA
   1b96   5a                STR 10
                        
                            ; Increment node counter (for statistics)
   1b97   d4 2a 24          CALL INC_NODE_COUNT
                        
                            ; -----------------------------------------------
                            ; RTC TIME TRACKING: Always update elapsed time
                            ; -----------------------------------------------
                            ; Read RTC on every node so elapsed time is accurate.
                            ; Only check abort flag and enforce budget during d3+.
                        
                            ; --- RTC elapsed time check ---
                            ; Read current seconds from DS12887 (binary mode)
   1b9a   f8 80             LDI $80                     ; Seconds register
   1b9c   52                STR 2
   1b9d   62                OUT 2                       ; Select register, R2++
   1b9e   22                DEC 2                       ; Restore R2
   1b9f   6b                INP 3                       ; D = current_secs, M(R2) = current_secs
   1ba0   a7                PLO 7                       ; R7.0 = current_secs (R7 saved by SAVE_PLY_STATE)
                        
                            ; Load prev_secs, save for delta computation
   1ba1   68 cd 64 ca       RLDI 13, SEARCH_PREV_SECS
   1ba5   0d                LDN 13                      ; D = prev_secs
   1ba6   b7                PHI 7                       ; R7.1 = prev_secs
                        
                            ; Update prev = current
   1ba7   87                GLO 7                       ; D = current_secs
   1ba8   5d                STR 13                      ; SEARCH_PREV_SECS = current_secs
                        
                            ; Compute delta = current - prev
   1ba9   97                GHI 7                       ; D = prev_secs
   1baa   52                STR 2                       ; M(R2) = prev_secs
   1bab   87                GLO 7                       ; D = current_secs
   1bac   f7                SM                          ; D = current - prev (SM = D - M(R(X)))
   1bad   c3 1b b2          LBDF RTC_DELTA_POS          ; DF=1: no borrow, delta >= 0
   1bb0   fc 3c             ADI 60                      ; Wrapped past 59→0: add 60
   1bb2                 RTC_DELTA_POS:
                            ; D = delta seconds (typically 0 or 1)
                        
                            ; Add delta to elapsed counter
   1bb2   52                STR 2                       ; M(R2) = delta
   1bb3   68 cd 64 cb       RLDI 13, SEARCH_ELAPSED
   1bb7   0d                LDN 13                      ; D = elapsed so far
   1bb8   f4                ADD                         ; D = elapsed + delta
   1bb9   cb 1b be          LBNF RTC_NO_SAT             ; DF=0: no carry, fits in 8 bits
   1bbc   f8 ff             LDI 255                     ; Saturate at 255
   1bbe                 RTC_NO_SAT:
   1bbe   5d                STR 13                      ; SEARCH_ELAPSED = updated value
                        
                            ; -----------------------------------------------
                            ; ABORT CHECK: Only enforce budget during d3+
                            ; -----------------------------------------------
                            ; Depth 1-2 always complete; only abort d3+ if over budget
   1bbf   68 cd 64 c5       RLDI 13, CURRENT_MAX_DEPTH
   1bc3   0d                LDN 13                      ; D = current iteration depth
   1bc4   ff 03             SMI 3
   1bc6   cb 1b ea          LBNF NEGAMAX_BUDGET_OK      ; depth < 3, skip abort check
                        
                            ; --- Abort flag check (propagate up recursion during d3) ---
   1bc9   68 cd 64 c4       RLDI 13, SEARCH_ABORTED
   1bcd   0d                LDN 13
   1bce   ca 1b e2          LBNZ NEGAMAX_ABORT_RETURN   ; Already aborted, bail out
                        
                            ; Check: elapsed >= 180 seconds?
   1bd1   68 cd 64 cb       RLDI 13, SEARCH_ELAPSED
   1bd5   0d                LDN 13                      ; Reload elapsed (clobbered above)
   1bd6   ff b4             SMI 180                     ; D = elapsed - 180 (budget bumped 2026-04-23)
   1bd8   cb 1b ea          LBNF NEGAMAX_BUDGET_OK      ; DF=0: elapsed < 180, continue
                        
                            ; Time exceeded — set abort flag
   1bdb   68 cd 64 c4       RLDI 13, SEARCH_ABORTED
   1bdf   f8 01             LDI 1
   1be1   5d                STR 13
                        
   1be2                 NEGAMAX_ABORT_RETURN:
                            ; Restore ply state and return dummy score
   1be2   d4 00 54          CALL RESTORE_PLY_STATE
   1be5   f8 00             LDI 0
   1be7   b9                PHI 9
   1be8   a9                PLO 9                       ; R9 = 0 (score irrelevant, will be discarded)
   1be9   d5                RETN
                        
   1bea                 NEGAMAX_BUDGET_OK:
                        
                            ; -----------------------------------------------
                            ; FIFTY-MOVE RULE: Check for draw
                            ; -----------------------------------------------
                            ; If halfmove clock >= 100, position is a draw
   1bea   68 cd 60 83       RLDI 13, GAME_STATE + STATE_HALFMOVE
   1bee   0d                LDN 13               ; D = halfmove clock
   1bef   ff 64             SMI 100             ; D = halfmove - 100
   1bf1   cb 1c 0d          LBNF NEGAMAX_NOT_FIFTY ; If < 100, continue normally (long branch - crosses page)
                        
                            ; Draw return — shared by fifty-move rule and repetition detection
   1bf4                 RETURN_DRAW:
   1bf4   f8 00             LDI 0
   1bf6   b9                PHI 9
   1bf7   a9                PLO 9               ; R9 = 0 (draw score) - R6 is SCRT linkage!
                            ; Save score to SCORE_HI/LO BEFORE restore (RESTORE clobbers R9!)
   1bf8   68 ca 64 46       RLDI 10, SCORE_HI
   1bfc   99                GHI 9
   1bfd   5a                STR 10
   1bfe   1a                INC 10
   1bff   89                GLO 9
   1c00   5a                STR 10              ; SCORE_HI/LO = 0 (draw)
   1c01   d4 00 54          CALL RESTORE_PLY_STATE
                            ; Reload R9 from SCORE_HI/LO AFTER restore
   1c04   68 ca 64 46       RLDI 10, SCORE_HI
   1c08   4a                LDA 10
   1c09   b9                PHI 9
   1c0a   0a                LDN 10
   1c0b   a9                PLO 9               ; R9 = draw score (0)
   1c0c   d5                RETN
                        
   1c0d                 NEGAMAX_NOT_FIFTY:
                            ; -----------------------------------------------
                            ; REPETITION DETECTION: Check game position history
                            ; -----------------------------------------------
                            ; Skip at root (ply 0) — root position is the last HASH_HIST
                            ; entry and would always match itself.
   1c0d   68 ca 64 48       RLDI 10, CURRENT_PLY
   1c11   0a                LDN 10
   1c12   c2 1c 4b          LBZ REP_NO_MATCH
                        
                            ; Skip if halfmove clock < 4 — after pawn moves or captures,
                            ; repetition is impossible. Scanning the full hash history with
                            ; 16-bit hashes causes false collisions (~5% with 80+ entries),
                            ; which makes the engine return draw (0) for promotion lines.
   1c15   68 ca 60 83       RLDI 10, GAME_STATE + STATE_HALFMOVE
   1c19   0a                LDN 10              ; D = halfmove clock
   1c1a   ff 04             SMI 4
   1c1c   cb 1c 4b          LBNF REP_NO_MATCH   ; halfmove < 4, can't be repetition
                        
                            ; Load current hash into R8
   1c1f   68 ca 64 b9       RLDI 10, HASH_HI
   1c23   4a                LDA 10              ; D = HASH_HI
   1c24   b8                PHI 8
   1c25   0a                LDN 10              ; D = HASH_LO
   1c26   a8                PLO 8               ; R8 = current position hash
                        
                            ; Load history count
   1c27   68 cd 64 eb       RLDI 13, HASH_HIST_COUNT
   1c2b   0d                LDN 13
   1c2c   c2 1c 4b          LBZ REP_NO_MATCH    ; Empty history
   1c2f   ab                PLO 11              ; R11.0 = loop counter
                        
   1c30   68 c9 65 00       RLDI 9, HASH_HIST   ; R9 → first entry
                        
   1c34                 REP_CHECK_LOOP:
                            ; Compare hi byte
   1c34   49                LDA 9               ; D = hist[i].hi, R9→lo byte
   1c35   52                STR 2               ; temp at M(R2)
   1c36   98                GHI 8               ; D = current.hi
   1c37   f3                XOR                 ; compare
   1c38   ca 1c 45          LBNZ REP_SKIP_LO   ; Hi mismatch
                        
                            ; Hi matched — compare lo byte
   1c3b   49                LDA 9               ; D = hist[i].lo, R9→next entry
   1c3c   52                STR 2
   1c3d   88                GLO 8               ; D = current.lo
   1c3e   f3                XOR
   1c3f   c2 1b f4          LBZ RETURN_DRAW     ; MATCH! Return draw (shared code)
   1c42   c0 1c 46          LBR REP_DEC         ; Mismatch, R9 already past both bytes
                        
   1c45                 REP_SKIP_LO:
   1c45   19                INC 9               ; Skip lo byte
                        
   1c46                 REP_DEC:
   1c46   2b                DEC 11
   1c47   8b                GLO 11
   1c48   ca 1c 34          LBNZ REP_CHECK_LOOP
                        
   1c4b                 REP_NO_MATCH:
                            ; -----------------------------------------------
                            ; Snapshot CHECK_EXT_FLAG → NODE_IN_CHECK[CURRENT_PLY]
                            ; -----------------------------------------------
                            ; CHECK_EXT_FLAG was just set by parent's move-loop iteration to
                            ; indicate "did my (parent's) move give check to opponent (us)". We
                            ; capture it here at NEGAMAX entry — before our own move loop starts
                            ; overwriting it — so downstream pruning code (LMP especially) can
                            ; tell whether THIS node is in check.
                            ;
                            ; Cost: ~10 instructions per node call. Negligible relative to per-
                            ; node search cost (~30K instructions median).
   1c4b   68 ca 64 da       RLDI 10, CHECK_EXT_FLAG
   1c4f   0a                LDN 10              ; D = current check flag (from parent)
   1c50   ad                PLO 13              ; R13.0 = check flag (temp)
   1c51   68 ca 64 48       RLDI 10, CURRENT_PLY
   1c55   0a                LDN 10              ; D = ply
   1c56   fc 42             ADI LOW(NODE_IN_CHECK)
   1c58   aa                PLO 10
   1c59   f8 67             LDI HIGH(NODE_IN_CHECK)
   1c5b   7c 00             ADCI 0
   1c5d   ba                PHI 10              ; R10 = NODE_IN_CHECK + ply
   1c5e   8d                GLO 13              ; D = saved check flag
   1c5f   5a                STR 10              ; NODE_IN_CHECK[ply] = check flag
                        
                            ; -----------------------------------------------
                            ; Transposition Table Probe
                            ; -----------------------------------------------
                            ; Hash is updated incrementally in MAKE/UNMAKE_MOVE,
                            ; so TT works correctly at all nodes.
                            ;
                            ; Skip TT at root (ply 0): TT_STORE saves the root's BEST_MOVE
                            ; globally, so non-root TT entries have stale/sentinel move data.
                            ; Root must always search fully to guarantee a valid BEST_MOVE.
   1c60   68 ca 64 48       RLDI 10, CURRENT_PLY
   1c64   0a                LDN 10              ; D = current ply
   1c65   c2 1c a6          LBZ NEGAMAX_TT_MISS ; Root: always search fully
                        
                            ; Load current search depth for comparison
   1c68   68 cd 64 17       RLDI 13, SEARCH_DEPTH + 1
   1c6c   0d                LDN 13              ; D = depth low byte (SEARCH_DEPTH+1 = low byte)
   1c6d   d4 57 08          CALL TT_PROBE       ; D = required depth, returns D = 1 if hit
   1c70   c2 1c a6          LBZ NEGAMAX_TT_MISS ; No hit, continue with search
                        
                            ; TT hit - check if it's usable (EXACT bound)
   1c73   68 ca 64 bf       RLDI 10, TT_FLAG
   1c77   0a                LDN 10              ; D = TT flag
   1c78   fb 01             XRI TT_FLAG_EXACT
   1c7a   ca 1c a6          LBNZ NEGAMAX_TT_MISS    ; Not exact, can't use directly (for now)
                        
                            ; EXACT hit at non-root node - use the stored score
                            ; (Root is excluded above, so no BEST_MOVE copy needed)
                        
                            ; Get the score and save to SCORE_HI/LO BEFORE restore
                            ; (RESTORE_PLY_STATE clobbers R9!)
                            ; CRITICAL: Reject mate scores from TT to prevent hash collision
                            ; causing stalemate/checkmate misidentification (16-bit hash limit)
   1c7d   68 ca 64 bc       RLDI 10, TT_SCORE_HI
   1c81   0a                LDN 10              ; D = score_hi
   1c82   fb 7f             XRI $7F
   1c84   c2 1c a6          LBZ NEGAMAX_TT_MISS ; Positive mate score → re-search to verify
   1c87   0a                LDN 10              ; D = score_hi (reload)
   1c88   fb 80             XRI $80
   1c8a   c2 1c a6          LBZ NEGAMAX_TT_MISS ; Negative mate score → re-search to verify
   1c8d   4a                LDA 10              ; D = score_hi, R10 → score_lo
   1c8e   b9                PHI 9
   1c8f   0a                LDN 10              ; score_lo
   1c90   a9                PLO 9               ; R9 = stored score
                            ; Save to SCORE_HI/LO so it survives RESTORE
   1c91   68 ca 64 46       RLDI 10, SCORE_HI
   1c95   99                GHI 9
   1c96   5a                STR 10
   1c97   1a                INC 10
   1c98   89                GLO 9
   1c99   5a                STR 10              ; SCORE_HI/LO = TT score
   1c9a   d4 00 54          CALL RESTORE_PLY_STATE
                            ; Reload R9 from SCORE_HI/LO AFTER restore
   1c9d   68 ca 64 46       RLDI 10, SCORE_HI
   1ca1   4a                LDA 10
   1ca2   b9                PHI 9
   1ca3   0a                LDN 10
   1ca4   a9                PLO 9               ; R9 = TT score (preserved through restore)
   1ca5   d5                RETN                ; Return TT score
                        
   1ca6                 NEGAMAX_TT_MISS:
                            ; -----------------------------------------------
                            ; Check if we're at a leaf node (depth == 0)
                            ; -----------------------------------------------
                            ; Load depth from memory (SEARCH_DEPTH)
   1ca6   68 cd 64 16       RLDI 13, SEARCH_DEPTH
   1caa   4d                LDA 13              ; D = depth high byte
   1cab   ca 1c b5          LBNZ NEGAMAX_CONTINUE
   1cae   0d                LDN 13              ; D = depth low byte
   1caf   ca 1c b5          LBNZ NEGAMAX_CONTINUE
                            ; Depth is 0, evaluate leaf node
   1cb2   c0 25 2d          LBR NEGAMAX_LEAF
                        
   1cb5                 NEGAMAX_CONTINUE:
                            ; ===============================================
                            ; NULL MOVE PRUNING CHECK
                            ; ===============================================
                            ; If position is so strong that passing still beats beta, prune.
                            ; Conditions: depth >= 3, not in check, NULL_MOVE_OK, ply > 0
                        
                            ; Condition 1: depth >= 3?
   1cb5   68 ca 64 17       RLDI 10, SEARCH_DEPTH + 1
   1cb9   0a                LDN 10              ; D = depth low byte
   1cba   ff 03             SMI 3               ; D = depth - 3
   1cbc   cb 1d d3          LBNF NMP_SKIP       ; depth < 3, skip null move
                        
                            ; Condition 2: ply > 0? (don't do at root)
   1cbf   68 ca 64 48       RLDI 10, CURRENT_PLY
   1cc3   0a                LDN 10              ; D = current ply
   1cc4   c2 1d d3          LBZ NMP_SKIP        ; ply == 0, skip null move
                        
                            ; Condition 3: NULL_MOVE_OK?
   1cc7   68 ca 64 a7       RLDI 10, NULL_MOVE_OK
   1ccb   0a                LDN 10
   1ccc   c2 1d d3          LBZ NMP_SKIP        ; null move not allowed (already did one)
                        
                            ; Condition 4: NOT in check? (already verified above for non-CE path)
   1ccf   d4 01 8e          CALL IS_IN_CHECK
                            ; D = 1 if in check, 0 if safe
   1cd2   ca 1d d3          LBNZ NMP_SKIP       ; in check, can't pass
                        
                            ; --- All conditions met, try null move ---
                        
                            ; Disable null move for child (prevent consecutive)
   1cd5   68 ca 64 a7       RLDI 10, NULL_MOVE_OK
   1cd9   f8 00             LDI 0
   1cdb   5a                STR 10              ; NULL_MOVE_OK = 0
                        
                            ; Save depth to stack
   1cdc   68 cd 64 16       RLDI 13, SEARCH_DEPTH
   1ce0   4d                LDA 13              ; depth_hi
   1ce1   73                STXD
   1ce2   0d                LDN 13              ; depth_lo
   1ce3   73                STXD
                        
                            ; Save alpha/beta to stack
   1ce4   68 cd 64 42       RLDI 13, ALPHA_HI
   1ce8   4d                LDA 13              ; alpha_hi
   1ce9   73                STXD
   1cea   0d                LDN 13              ; alpha_lo
   1ceb   73                STXD
   1cec   68 cd 64 44       RLDI 13, BETA_HI
   1cf0   4d                LDA 13              ; beta_hi
   1cf1   73                STXD
   1cf2   0d                LDN 13              ; beta_lo
   1cf3   73                STXD
                        
                            ; Make null move (toggle side, update hash, clear EP)
   1cf4   d4 0d a7          CALL NULL_MAKE_MOVE
                        
                            ; Set child depth = depth - 3 (R=2 reduction + normal -1)
                            ; Peek depth from stack (at R2+5, R2+6)
   1cf7   82                GLO 2
   1cf8   fc 06             ADI 6
   1cfa   aa                PLO 10
   1cfb   92                GHI 2
   1cfc   7c 00             ADCI 0
   1cfe   ba                PHI 10              ; R10 = &depth_hi on stack
   1cff   0a                LDN 10              ; depth_hi
   1d00   b7                PHI 7               ; R7.1 = depth_hi
   1d01   2a                DEC 10
   1d02   0a                LDN 10              ; depth_lo
   1d03   ff 03             SMI 3               ; depth_lo - 3
   1d05   a7                PLO 7
   1d06   97                GHI 7
   1d07   7f 00             SMBI 0              ; depth_hi - borrow
   1d09   b7                PHI 7               ; R7 = depth - 3
                        
                            ; Store child depth to memory
   1d0a   68 ca 64 16       RLDI 10, SEARCH_DEPTH
   1d0e   97                GHI 7
   1d0f   5a                STR 10
   1d10   1a                INC 10
   1d11   87                GLO 7
   1d12   5a                STR 10              ; SEARCH_DEPTH = depth - 3
                        
                            ; Set child alpha = -beta (zero window)
                            ; Peek beta from stack (at R2+1, R2+2)
   1d13   82                GLO 2
   1d14   fc 02             ADI 2
   1d16   aa                PLO 10
   1d17   92                GHI 2
   1d18   7c 00             ADCI 0
   1d1a   ba                PHI 10              ; R10 = &beta_hi on stack
   1d1b   0a                LDN 10              ; beta_hi
   1d1c   b7                PHI 7
   1d1d   2a                DEC 10
   1d1e   0a                LDN 10              ; beta_lo
   1d1f   a7                PLO 7               ; R7 = beta
                        
                            ; Negate R7 (beta) → R8 = -beta (child alpha)
   1d20   87                GLO 7               ; low byte
   1d21   fd 00             SDI 0               ; negate low
   1d23   a8                PLO 8
   1d24   97                GHI 7               ; high byte
   1d25   7d 00             SDBI 0              ; negate high with borrow
   1d27   b8                PHI 8               ; R8 = -beta
                        
                            ; Store as new alpha
   1d28   68 ca 64 42       RLDI 10, ALPHA_HI
   1d2c   98                GHI 8
   1d2d   5a                STR 10
   1d2e   1a                INC 10
   1d2f   88                GLO 8
   1d30   5a                STR 10              ; ALPHA = -beta
                        
                            ; Set child beta = -beta + 1 (zero window)
   1d31   88                GLO 8
   1d32   fc 01             ADI 1
   1d34   a8                PLO 8
   1d35   98                GHI 8
   1d36   7c 00             ADCI 0
   1d38   b8                PHI 8               ; R8 = -beta + 1
                        
   1d39   68 ca 64 44       RLDI 10, BETA_HI
   1d3d   98                GHI 8
   1d3e   5a                STR 10
   1d3f   1a                INC 10
   1d40   88                GLO 8
   1d41   5a                STR 10              ; BETA = -beta + 1
                        
                            ; Toggle color for child
   1d42   8c                GLO 12
   1d43   fb 08             XRI $08
   1d45   ac                PLO 12
                        
                            ; Increment ply
   1d46   68 ca 64 48       RLDI 10, CURRENT_PLY
   1d4a   0a                LDN 10
   1d4b   fc 01             ADI 1
   1d4d   5a                STR 10              ; CURRENT_PLY++
                        
                            ; Recursive call
   1d4e   d4 1b 58          CALL NEGAMAX
                            ; R9 = score
                        
                            ; Decrement ply
   1d51   68 ca 64 48       RLDI 10, CURRENT_PLY
   1d55   0a                LDN 10
   1d56   ff 01             SMI 1
   1d58   5a                STR 10              ; CURRENT_PLY--
                        
                            ; Toggle color back
   1d59   8c                GLO 12
   1d5a   fb 08             XRI $08
   1d5c   ac                PLO 12
                        
                            ; Negate R9 (score = -score)
   1d5d   89                GLO 9               ; low byte
   1d5e   fd 00             SDI 0               ; negate low
   1d60   a9                PLO 9
   1d61   99                GHI 9               ; high byte
   1d62   7d 00             SDBI 0              ; negate high with borrow
   1d64   b9                PHI 9
                        
                            ; Unmake null move (toggle side back, restore EP, update hash)
   1d65   d4 0d c6          CALL NULL_UNMAKE_MOVE
                        
                            ; Re-enable null move for this level
   1d68   68 ca 64 a7       RLDI 10, NULL_MOVE_OK
   1d6c   f8 01             LDI 1
   1d6e   5a                STR 10              ; NULL_MOVE_OK = 1
                        
                            ; Pop beta from stack into R7
   1d6f   60                IRX
   1d70   72                LDXA                ; beta_lo
   1d71   a7                PLO 7
   1d72   f0                LDX                 ; beta_hi (R2 now at beta_hi slot)
   1d73   b7                PHI 7               ; R7 = original beta
                        
                            ; Pop alpha from stack into R8
   1d74   60                IRX
   1d75   72                LDXA                ; alpha_lo
   1d76   a8                PLO 8
   1d77   f0                LDX                 ; alpha_hi
   1d78   b8                PHI 8               ; R8 = original alpha
                        
                            ; Pop depth from stack and restore to memory
   1d79   60                IRX
   1d7a   72                LDXA                ; depth_lo
   1d7b   ad                PLO 13
   1d7c   f0                LDX                 ; depth_hi
   1d7d   bd                PHI 13              ; R13 = original depth
                        
   1d7e   68 ca 64 16       RLDI 10, SEARCH_DEPTH
   1d82   9d                GHI 13
   1d83   5a                STR 10
   1d84   1a                INC 10
   1d85   8d                GLO 13
   1d86   5a                STR 10              ; SEARCH_DEPTH restored
                            ; R7 = original beta, R8 = original alpha (for NMP_NO_CUTOFF path)
                        
                            ; Compare: score (R9) >= beta (R7)? If so, prune!
                            ; Signed 16-bit comparison
                        
   1d87   68 ca 64 49       RLDI 10, COMPARE_TEMP
   1d8b   ea                SEX 10
                        
                            ; Check if signs differ
   1d8c   99                GHI 9               ; score_hi
   1d8d   5a                STR 10
   1d8e   97                GHI 7               ; beta_hi
   1d8f   f3                XOR
   1d90   fa 80             ANI $80             ; Check sign bit difference
   1d92   e2                SEX 2
   1d93   ca 1d a6          LBNZ NMP_CHECK_SIGN
                        
                            ; Same sign: score >= beta if (score - beta) has no borrow
   1d96   ea                SEX 10
   1d97   87                GLO 7               ; beta_lo
   1d98   5a                STR 10
   1d99   89                GLO 9               ; score_lo
   1d9a   f7                SM                  ; score_lo - beta_lo
   1d9b   97                GHI 7               ; beta_hi
   1d9c   5a                STR 10
   1d9d   99                GHI 9               ; score_hi
   1d9e   77                SMB                 ; score_hi - beta_hi - borrow
   1d9f   e2                SEX 2
   1da0   cb 1d c1          LBNF NMP_NO_CUTOFF  ; Borrow set = score < beta
   1da3   c0 1d ac          LBR NMP_CUTOFF      ; No borrow = score >= beta
                        
   1da6                 NMP_CHECK_SIGN:
                            ; Different signs: positive >= negative always
                            ; If score positive (hi bit 0) and beta negative (hi bit 1): score >= beta
   1da6   99                GHI 9               ; score_hi
   1da7   fa 80             ANI $80
   1da9   ca 1d c1          LBNZ NMP_NO_CUTOFF  ; score negative, beta positive: score < beta
                            ; score positive, beta negative: score >= beta
                            ; Fall through to cutoff
                        
   1dac                 NMP_CUTOFF:
                            ; Null move cutoff! Return beta
                            ; Save beta to SCORE memory (same pattern as NEGAMAX_RETURN)
   1dac   68 ca 64 46       RLDI 10, SCORE_HI
   1db0   97                GHI 7               ; beta_hi
   1db1   5a                STR 10
   1db2   1a                INC 10
   1db3   87                GLO 7               ; beta_lo
   1db4   5a                STR 10              ; SCORE = beta
                        
   1db5   d4 00 54          CALL RESTORE_PLY_STATE
                        
                            ; Load return value from SCORE memory into R9 (after restore)
   1db8   68 ca 64 46       RLDI 10, SCORE_HI
   1dbc   4a                LDA 10              ; SCORE_HI
   1dbd   b9                PHI 9
   1dbe   0a                LDN 10              ; SCORE_LO
   1dbf   a9                PLO 9               ; R9 = beta
                        
   1dc0   d5                RETN
                        
   1dc1                 NMP_NO_CUTOFF:
                            ; Null move didn't cause cutoff - restore alpha/beta to memory
                            ; R8 = original alpha, R7 = original beta
   1dc1   68 ca 64 42       RLDI 10, ALPHA_HI
   1dc5   98                GHI 8
   1dc6   5a                STR 10
   1dc7   1a                INC 10
   1dc8   88                GLO 8
   1dc9   5a                STR 10              ; ALPHA = original alpha
                        
   1dca   68 ca 64 44       RLDI 10, BETA_HI
   1dce   97                GHI 7
   1dcf   5a                STR 10
   1dd0   1a                INC 10
   1dd1   87                GLO 7
   1dd2   5a                STR 10              ; BETA = original beta
                            ; Fall through to normal move generation
                        
   1dd3                 NMP_SKIP:
                            ; -----------------------------------------------
                            ; REVERSE FUTILITY PRUNING (RFP) - DISABLED
                            ; -----------------------------------------------
                            ; RFP margins (150/300cp) are too aggressive for material+PST eval.
                            ; The coarse eval causes search collapse when any PV child finds
                            ; tactical improvement: beta drops and RFP prunes all siblings.
                            ; R7 beta-reload fix (below) is preserved for future re-enable.
                            ;
                            ; Conditions: depth <= 2, ply > 0, not in check
                        
                            ; Condition 1: depth <= 2?
   1dd3   68 ca 64 17       RLDI 10, SEARCH_DEPTH + 1
   1dd7   0a                LDN 10              ; D = depth low byte
   1dd8   ff 03             SMI 3               ; D = depth - 3
   1dda   c3 1e 5b          LBDF RFP_SKIP       ; depth >= 3, skip RFP
                        
                            ; Condition 2: ply > 0? (don't prune at root)
   1ddd   68 ca 64 48       RLDI 10, CURRENT_PLY
   1de1   0a                LDN 10              ; D = current ply
   1de2   c2 1e 5b          LBZ RFP_SKIP        ; ply == 0, skip
                        
                            ; Condition 3: not in check?
   1de5   d4 01 8e          CALL IS_IN_CHECK
                            ; D = 1 if in check, 0 if safe
   1de8   ca 1e 5b          LBNZ RFP_SKIP       ; in check, can't prune
                        
                            ; --- All conditions met ---
                            ; Get static eval
   1deb   d4 0e a7          CALL EVALUATE
                            ; R9 = score from white's perspective
                        
                            ; Negate R9 if black to move (white-perspective → side-to-move)
   1dee   8c                GLO 12
   1def   fa 08             ANI $08
   1df1   c2 1d fc          LBZ RFP_NO_NEG
   1df4   89                GLO 9               ; low byte
   1df5   fd 00             SDI 0               ; negate low
   1df7   a9                PLO 9
   1df8   99                GHI 9               ; high byte
   1df9   7d 00             SDBI 0              ; negate high with borrow
   1dfb   b9                PHI 9
   1dfc                 RFP_NO_NEG:
                        
                            ; Save eval in SCORE_HI/LO (for return value if we prune)
   1dfc   68 ca 64 46       RLDI 10, SCORE_HI
   1e00   99                GHI 9
   1e01   5a                STR 10
   1e02   1a                INC 10
   1e03   89                GLO 9
   1e04   5a                STR 10              ; SCORE_HI/LO = eval
                        
                            ; Select margin based on depth
                            ; Load depth again
   1e05   68 ca 64 17       RLDI 10, SEARCH_DEPTH + 1
   1e09   0a                LDN 10              ; D = depth (1 or 2)
   1e0a   ff 02             SMI 2
   1e0c   cb 1e 1a          LBNF RFP_DEPTH1     ; depth < 2, so depth == 1
                        
                            ; Depth 2: subtract 300cp margin
   1e0f   89                GLO 9
   1e10   ff 2c             SMI RFP_MARGIN_D2_LO
   1e12   a9                PLO 9
   1e13   99                GHI 9
   1e14   7f 01             SMBI RFP_MARGIN_D2_HI
   1e16   b9                PHI 9
   1e17   c0 1e 22          LBR RFP_COMPARE
                        
   1e1a                 RFP_DEPTH1:
                            ; Depth 1: subtract 150cp margin
   1e1a   89                GLO 9
   1e1b   ff 96             SMI RFP_MARGIN_D1_LO
   1e1d   a9                PLO 9
   1e1e   99                GHI 9
   1e1f   7f 00             SMBI RFP_MARGIN_D1_HI
   1e21   b9                PHI 9
                        
   1e22                 RFP_COMPARE:
                            ; R9 = eval - margin
                            ; Compare: (eval - margin) >= beta (R7)?
                            ; Signed 16-bit comparison using same pattern as NMP
                        
                            ; Load beta from memory into R7
                            ; (R7 was clobbered by time tracking code at NEGAMAX entry!)
   1e22   68 ca 64 44       RLDI 10, BETA_HI
   1e26   4a                LDA 10              ; D = beta_hi
   1e27   b7                PHI 7
   1e28   0a                LDN 10              ; D = beta_lo
   1e29   a7                PLO 7               ; R7 = beta
                        
   1e2a   68 ca 64 49       RLDI 10, COMPARE_TEMP
   1e2e   ea                SEX 10
                        
                            ; Check if signs differ
   1e2f   99                GHI 9               ; (eval-margin)_hi
   1e30   5a                STR 10
   1e31   97                GHI 7               ; beta_hi
   1e32   f3                XOR
   1e33   fa 80             ANI $80             ; Check sign bit difference
   1e35   e2                SEX 2
   1e36   ca 1e 49          LBNZ RFP_CHECK_SIGN
                        
                            ; Same sign: (eval-margin) >= beta if no borrow
   1e39   ea                SEX 10
   1e3a   87                GLO 7               ; beta_lo
   1e3b   5a                STR 10
   1e3c   89                GLO 9               ; (eval-margin)_lo
   1e3d   f7                SM                  ; (eval-margin)_lo - beta_lo
   1e3e   97                GHI 7               ; beta_hi
   1e3f   5a                STR 10
   1e40   99                GHI 9               ; (eval-margin)_hi
   1e41   77                SMB                 ; (eval-margin)_hi - beta_hi - borrow
   1e42   e2                SEX 2
   1e43   cb 1e 5b          LBNF RFP_SKIP       ; Borrow = eval-margin < beta, don't prune
   1e46   c0 1e 4f          LBR RFP_PRUNE       ; No borrow = eval-margin >= beta, prune!
                        
   1e49                 RFP_CHECK_SIGN:
                            ; Different signs: positive >= negative always
   1e49   99                GHI 9               ; (eval-margin)_hi
   1e4a   fa 80             ANI $80
   1e4c   ca 1e 5b          LBNZ RFP_SKIP       ; eval-margin negative, beta positive: don't prune
                            ; eval-margin positive, beta negative: prune
                            ; Fall through to RFP_PRUNE
                        
   1e4f                 RFP_PRUNE:
                            ; Return eval (saved in SCORE_HI/LO)
   1e4f   d4 00 54          CALL RESTORE_PLY_STATE
                            ; Reload R9 from SCORE_HI/LO after restore
   1e52   68 ca 64 46       RLDI 10, SCORE_HI
   1e56   4a                LDA 10
   1e57   b9                PHI 9
   1e58   0a                LDN 10
   1e59   a9                PLO 9               ; R9 = eval score
   1e5a   d5                RETN
                        
   1e5b                 RFP_SKIP:
                            ; -----------------------------------------------
                            ; Generate moves for current position
                            ; -----------------------------------------------
                            ; Use ply-indexed move list to avoid overwrites during recursion!
                            ; Each ply gets 128 bytes (64 moves): PLY 0 at $6200, PLY 1 at $6280, etc.
                            ; ply × 128 overflows 8 bits for ply >= 2, so use 16-bit math:
                            ;   offset_hi = ply >> 1, offset_lo = (ply & 1) << 7
                        
   1e5b   68 ca 64 48       RLDI 10, CURRENT_PLY
   1e5f   0a                LDN 10              ; D = current ply (0-4 with d=5)
                        
                            ; Calculate high byte: HIGH(MOVE_LIST) + (ply >> 1)
   1e60   f6                SHR                 ; D = ply >> 1 (0 or 1)
   1e61   fc 78             ADI HIGH(MOVE_LIST) ; D = $78 + (ply >> 1)
   1e63   b9                PHI 9               ; R9.1 = high byte
                        
                            ; Calculate low byte: (ply & 1) << 7 = $00 or $80
   1e64   0a                LDN 10              ; D = ply (reload)
   1e65   fa 01             ANI $01             ; D = ply & 1
   1e67   c2 1e 6f          LBZ NEGAMAX_PLY_EVEN
   1e6a   f8 80             LDI $80             ; Odd ply: low byte = $80
   1e6c   c0 1e 71          LBR NEGAMAX_PLY_DONE
   1e6f                 NEGAMAX_PLY_EVEN:
   1e6f   f8 00             LDI $00             ; Even ply: low byte = $00
   1e71                 NEGAMAX_PLY_DONE:
   1e71   a9                PLO 9               ; R9 = ply-indexed move list
                        
   1e72   d4 04 d7          CALL GENERATE_MOVES
                            ; Returns: D = move count
                            ; NOTE: R9 now points PAST the end of the move list!
                        
                            ; Save move count to ply-indexed memory (NOT the stack — see LOOP_MOVE_CNT).
                            ; D = count from GENERATE_MOVES; R11 is movegen scratch (dead on return).
   1e75   ab                PLO 11             ; stash count in R11.0
   1e76   68 ca 64 48       RLDI 10, CURRENT_PLY
   1e7a   0a                LDN 10             ; D = ply
   1e7b   fc ef             ADI LOW(LOOP_MOVE_CNT)
   1e7d   aa                PLO 10
   1e7e   f8 64             LDI HIGH(LOOP_MOVE_CNT)
   1e80   ba                PHI 10             ; R10 = &LOOP_MOVE_CNT[ply]
   1e81   8b                GLO 11             ; D = count
   1e82   5a                STR 10             ; LOOP_MOVE_CNT[ply] = count
                        
                            ; Reset R9 to START of ply-indexed move list (128 bytes per ply)
   1e83   68 ca 64 48       RLDI 10, CURRENT_PLY
   1e87   0a                LDN 10              ; D = current ply
                        
                            ; Calculate high byte: HIGH(MOVE_LIST) + (ply >> 1)
   1e88   f6                SHR                 ; D = ply >> 1
   1e89   fc 78             ADI HIGH(MOVE_LIST)
   1e8b   b9                PHI 9
                        
                            ; Calculate low byte: (ply & 1) << 7
   1e8c   0a                LDN 10              ; D = ply (reload)
   1e8d   fa 01             ANI $01
   1e8f   c2 1e 97          LBZ NEGAMAX_RESET_EVEN
   1e92   f8 80             LDI $80
   1e94   c0 1e 99          LBR NEGAMAX_RESET_DONE
   1e97                 NEGAMAX_RESET_EVEN:
   1e97   f8 00             LDI $00
   1e99                 NEGAMAX_RESET_DONE:
   1e99   a9                PLO 9               ; R9 = ply-indexed move list start
                        
                            ; -----------------------------------------------
                            ; Apply killer move ordering (search killers first)
                            ; Apply at plies 0-4: with d=5 search now active, plies 3 and 4 are
                            ; non-leaves with rich subtrees where alpha-beta cutoffs from a
                            ; well-ordered list save exponentially more work. Skip only at ply >= 5
                            ; (where remaining depth is too shallow for ordering to pay off).
                            ; -----------------------------------------------
   1e9a   68 ca 64 48       RLDI 10, CURRENT_PLY
   1e9e   0a                LDN 10              ; D = current ply
   1e9f   ff 05             SMI 5               ; Check if ply >= 5
   1ea1   c3 1e b3          LBDF NEGAMAX_SKIP_KILLER  ; Skip if ply >= 5
                        
   1ea4   68 ca 64 48       RLDI 10, CURRENT_PLY
   1ea8   0a                LDN 10              ; D = ply
   1ea9   fc ef             ADI LOW(LOOP_MOVE_CNT)
   1eab   aa                PLO 10
   1eac   f8 64             LDI HIGH(LOOP_MOVE_CNT)
   1eae   ba                PHI 10              ; R10 = &LOOP_MOVE_CNT[ply]
   1eaf   0a                LDN 10              ; D = move count (read from memory)
   1eb0   d4 28 e1          CALL ORDER_KILLER_MOVES
                        
   1eb3                 NEGAMAX_SKIP_KILLER:
                            ; -----------------------------------------------
                            ; Order captures first (MVV-LVA preparation)
                            ; Apply at plies 0-4 (same rationale as killers above).
                            ; -----------------------------------------------
   1eb3   68 ca 64 48       RLDI 10, CURRENT_PLY
   1eb7   0a                LDN 10              ; D = current ply
   1eb8   ff 05             SMI 5               ; Check if ply >= 5
   1eba   c3 1e cc          LBDF NEGAMAX_SKIP_CAPTURE_ORDER  ; Skip if ply >= 5
                        
   1ebd   68 ca 64 48       RLDI 10, CURRENT_PLY
   1ec1   0a                LDN 10              ; D = ply
   1ec2   fc ef             ADI LOW(LOOP_MOVE_CNT)
   1ec4   aa                PLO 10
   1ec5   f8 64             LDI HIGH(LOOP_MOVE_CNT)
   1ec7   ba                PHI 10              ; R10 = &LOOP_MOVE_CNT[ply]
   1ec8   0a                LDN 10              ; D = move count (read from memory)
   1ec9   d4 29 ac          CALL ORDER_CAPTURES_FIRST
                        
   1ecc                 NEGAMAX_SKIP_CAPTURE_ORDER:
                            ; -----------------------------------------------
                            ; Order TT/PV move first (highest-priority ordering hint)
                            ; At ply >= 1: TT_PROBE has populated TT_MOVE_HI/LO (or left empty zeros).
                            ; At root: ITER_BEST_FROM/TO holds the principal-variation move from the
                            ; prior iterative-deepening iteration. Copy it into TT_MOVE_HI/LO so the
                            ; existing ORDER_TT_MOVE puts it at the front. This PV-move-first
                            ; ordering is essentially free (no extra search; the move is already
                            ; computed) and typically halves node counts at the next depth via
                            ; immediate alpha-beta cutoffs.
                            ; ITER_BEST is initialized to $FF/$FF in SEARCH_POSITION; only valid
                            ; after at least one successful iteration completes.
                            ; -----------------------------------------------
   1ecc   68 ca 64 48       RLDI 10, CURRENT_PLY
   1ed0   0a                LDN 10              ; D = current ply
   1ed1   ca 1e ef          LBNZ NEGAMAX_TT_ORDER_CALL  ; ply >= 1: TT_PROBE has populated TT_MOVE
                        
                            ; Root: copy ITER_BEST into TT_MOVE if valid, else skip ordering pass.
   1ed4   68 ca 64 c2       RLDI 10, ITER_BEST_FROM
   1ed8   0a                LDN 10
   1ed9   fb ff             XRI $FF
   1edb   c2 1e ef          LBZ NEGAMAX_SKIP_TT_ORDER   ; first iteration: no PV — skip
                        
   1ede   68 ca 64 c2       RLDI 10, ITER_BEST_FROM
   1ee2   4a                LDA 10                      ; D = ITER_BEST_FROM, R10 -> ITER_BEST_TO
   1ee3   bd                PHI 13
   1ee4   0a                LDN 10                      ; D = ITER_BEST_TO
   1ee5   ad                PLO 13
   1ee6   68 ca 64 c0       RLDI 10, TT_MOVE_HI
   1eea   9d                GHI 13
   1eeb   5a                STR 10                      ; TT_MOVE_HI = ITER_BEST_FROM
   1eec   1a                INC 10
   1eed   8d                GLO 13
   1eee   5a                STR 10                      ; TT_MOVE_LO = ITER_BEST_TO
                        
   1eef                 NEGAMAX_TT_ORDER_CALL:
                            ; (move-count peek removed: ORDER_TT_MOVE below is disabled, so nothing
                            ;  consumed it. When re-enabled, read LOOP_MOVE_CNT[ply] into D first.)
                            ; --- ORDER_TT_MOVE disabled 2026-05-13 pending 32-bit TT hash widening ---
                            ; The byte-order fix in ORDER_TT_MOVE (commit 8aa04e6) is correct, but
                            ; enabling it surfaced a regression: with TT keyed on only 16 hash bits,
                            ; collisions are frequent (2^16 = 65k positions per slot). A TT_MOVE
                            ; from a colliding position gets promoted to the front of the move list
                            ; for the WRONG position; alpha-beta commits to that move's search line;
                            ; depth-limited search can't refute it. Observed concretely 2026-05-13:
                            ; engine chose Qg4-g7-h8 (queen sac into rook taking + queen recapture)
                            ; with ordering enabled; chose sensible Qg4-c8 with ordering disabled.
                            ; Killer ordering above is safe (not hash-keyed; per-ply table only).
                            ; Re-enable this CALL when TT_HASH is widened to 32 bits.
                            ; CALL ORDER_TT_MOVE
                        
   1eef                 NEGAMAX_SKIP_TT_ORDER:
                        
                            ; -----------------------------------------------
                            ; Initialize best score to -INFINITY in memory
                            ; -----------------------------------------------
                            ; Using memory avoids register clobbering bugs!
   1eef   68 ca 64 0e       RLDI 10, BEST_SCORE_HI
   1ef3   f8 80             LDI $80
   1ef5   5a                STR 10              ; BEST_SCORE_HI = $80
   1ef6   1a                INC 10
   1ef7   f8 01             LDI $01
   1ef9   5a                STR 10              ; BEST_SCORE_LO = $01 (best = $8001 = -32767, safe to negate)
                        
                            ; -----------------------------------------------
                            ; Initialize node best move to 0/0 (no move yet)
                            ; -----------------------------------------------
   1efa   68 ca 64 48       RLDI 10, CURRENT_PLY
   1efe   0a                LDN 10              ; D = ply
   1eff   fe                SHL                 ; D = ply * 2
   1f00   aa                PLO 10
   1f01   f8 67             LDI HIGH(NODE_BEST_MOVE)
   1f03   ba                PHI 10              ; R10 = &NODE_BEST_MOVE[ply]
   1f04   f8 00             LDI 0
   1f06   5a                STR 10              ; from = 0
   1f07   1a                INC 10
   1f08   5a                STR 10              ; to = 0
                        
                            ; -----------------------------------------------
                            ; Futility Pruning Setup (depth 1 only)
                            ; -----------------------------------------------
                            ; Clear futility flag for THIS ply (per-ply table prevents recursion corruption)
   1f09   68 ca 64 48       RLDI 10, CURRENT_PLY
   1f0d   0a                LDN 10              ; D = ply
   1f0e   fe                SHL
   1f0f   fe                SHL                 ; D = ply * 4
   1f10   fc 22             ADI LOW(FUTILITY_TABLE)
   1f12   aa                PLO 10
   1f13   f8 67             LDI HIGH(FUTILITY_TABLE)
   1f15   7c 00             ADCI 0
   1f17   ba                PHI 10              ; R10 = &FUTILITY_TABLE[ply*4] (flag byte)
   1f18   f8 00             LDI 0
   1f1a   5a                STR 10              ; flag = 0 (disabled by default)
                        
                            ; Check if depth == 1 (frontier node)
   1f1b   68 cd 64 16       RLDI 13, SEARCH_DEPTH
   1f1f   4d                LDA 13              ; D = depth high byte
   1f20   ca 1f 77          LBNZ NEGAMAX_SKIP_FUTILITY  ; depth > 255, skip
   1f23   0d                LDN 13              ; D = depth low byte
   1f24   fb 01             XRI 1               ; Check if depth == 1
   1f26   ca 1f 77          LBNZ NEGAMAX_SKIP_FUTILITY  ; Not depth 1, skip
                        
                            ; Don't enable futility at root — must always search all root moves
   1f29   68 ca 64 48       RLDI 10, CURRENT_PLY
   1f2d   0a                LDN 10              ; D = current ply
   1f2e   c2 1f 77          LBZ NEGAMAX_SKIP_FUTILITY  ; ply == 0, skip
                        
                            ; Check guard: don't enable futility if side is in check
                            ; (escape moves must not be pruned — mirrors RFP guard at line 563)
   1f31   d4 01 8e          CALL IS_IN_CHECK    ; R12 = our color; D = 1 if in check
   1f34   ca 1f 77          LBNZ NEGAMAX_SKIP_FUTILITY  ; in check, skip futility
                        
                            ; Depth == 1: Cache static eval for futility pruning (per-ply table)
   1f37   d4 0e a7          CALL EVALUATE       ; Returns score in R9 (white perspective)
                            ; Negate R9 if black to move (white-perspective → side-to-move)
   1f3a   8c                GLO 12
   1f3b   fa 08             ANI $08
   1f3d   c2 1f 48          LBZ FUTILITY_NO_NEG
   1f40   89                GLO 9               ; low byte
   1f41   fd 00             SDI 0               ; negate low
   1f43   a9                PLO 9
   1f44   99                GHI 9               ; high byte
   1f45   7d 00             SDBI 0              ; negate high with borrow
   1f47   b9                PHI 9
   1f48                 FUTILITY_NO_NEG:
                            ; Store flag + eval in FUTILITY_TABLE[ply*4]: [flag][eval_hi][eval_lo]
   1f48   68 ca 64 48       RLDI 10, CURRENT_PLY
   1f4c   0a                LDN 10              ; D = ply
   1f4d   fe                SHL
   1f4e   fe                SHL                 ; D = ply * 4
   1f4f   fc 22             ADI LOW(FUTILITY_TABLE)
   1f51   aa                PLO 10
   1f52   f8 67             LDI HIGH(FUTILITY_TABLE)
   1f54   7c 00             ADCI 0
   1f56   ba                PHI 10              ; R10 = &FUTILITY_TABLE[ply*4]
   1f57   f8 01             LDI 1               ; DEBUG: flag=1 (futility active, negate LBR'd = unsigned eval like bd6e4b5)
   1f59   5a                STR 10              ; flag = 1 (futility enabled)
   1f5a   1a                INC 10
   1f5b   99                GHI 9
   1f5c   5a                STR 10              ; eval_hi
   1f5d   1a                INC 10
   1f5e   89                GLO 9
   1f5f   5a                STR 10              ; eval_lo
                        
                            ; FIX: EVALUATE clobbered R9 (move list pointer) with eval score.
                            ; Re-initialize R9 to move list start for this ply.
   1f60   68 ca 64 48       RLDI 10, CURRENT_PLY
   1f64   0a                LDN 10              ; D = current ply
   1f65   f6                SHR                 ; D = ply >> 1
   1f66   fc 78             ADI HIGH(MOVE_LIST)
   1f68   b9                PHI 9               ; R9.1 = HIGH(MOVE_LIST) + (ply >> 1)
   1f69   0a                LDN 10              ; D = ply (reload)
   1f6a   fa 01             ANI $01
   1f6c   c2 1f 74          LBZ NEGAMAX_FUTILITY_R9_EVEN
   1f6f   f8 80             LDI $80
   1f71   c0 1f 76          LBR NEGAMAX_FUTILITY_R9_DONE
   1f74                 NEGAMAX_FUTILITY_R9_EVEN:
   1f74   f8 00             LDI $00
   1f76                 NEGAMAX_FUTILITY_R9_DONE:
   1f76   a9                PLO 9               ; R9 = ply-indexed move list start
                        
   1f77                 NEGAMAX_SKIP_FUTILITY:
                        
                            ; Initialize LMR move counter to 0
   1f77   68 ca 64 a3       RLDI 10, LMR_MOVE_INDEX
   1f7b   f8 00             LDI 0
   1f7d   5a                STR 10              ; LMR_MOVE_INDEX = 0
                        
                            ; Check if there are any legal moves
   1f7e   68 ca 64 48       RLDI 10, CURRENT_PLY
   1f82   0a                LDN 10              ; D = ply
   1f83   fc ef             ADI LOW(LOOP_MOVE_CNT)
   1f85   aa                PLO 10
   1f86   f8 64             LDI HIGH(LOOP_MOVE_CNT)
   1f88   ba                PHI 10              ; R10 = &LOOP_MOVE_CNT[ply]
   1f89   0a                LDN 10              ; D = move count (read from memory)
   1f8a   ca 1f 90          LBNZ NEGAMAX_HAS_MOVES  ; Long branch (may cross page boundary)
                            ; No legal moves - checkmate or stalemate
   1f8d   c0 25 4c          LBR NEGAMAX_NO_MOVES
                        
   1f90                 NEGAMAX_HAS_MOVES:
   1f90                 NEGAMAX_MOVE_LOOP:
                            ; -----------------------------------------------
                            ; Loop through all moves
                            ; -----------------------------------------------
                            ; Read move count from ply-indexed memory
   1f90   68 ca 64 48       RLDI 10, CURRENT_PLY
   1f94   0a                LDN 10             ; D = ply
   1f95   fc ef             ADI LOW(LOOP_MOVE_CNT)
   1f97   aa                PLO 10
   1f98   f8 64             LDI HIGH(LOOP_MOVE_CNT)
   1f9a   ba                PHI 10             ; R10 = &LOOP_MOVE_CNT[ply]
   1f9b   0a                LDN 10             ; D = move count (read from memory)
   1f9c   c2 24 fb          LBZ NEGAMAX_RETURN  ; No moves left
                        
                            ; Get next move from list (big-endian: high byte first)
   1f9f   49                LDA 9              ; Load high byte of move
   1fa0   b8                PHI 8
   1fa1   49                LDA 9              ; Load low byte of move
   1fa2   a8                PLO 8              ; R8 = current move (16-bit encoded)
                        
                            ; Save R9 (move pointer) to ply-indexed memory (not stack!)
                            ; This avoids stack alignment bugs across the large move loop
   1fa3   68 ca 64 48       RLDI 10, CURRENT_PLY
   1fa7   0a                LDN 10              ; D = ply
   1fa8   fe                SHL                 ; D = ply * 2
   1fa9   fc db             ADI LOW(LOOP_MOVE_PTR)
   1fab   aa                PLO 10
   1fac   f8 64             LDI HIGH(LOOP_MOVE_PTR)
   1fae   ba                PHI 10              ; R10 = LOOP_MOVE_PTR + ply*2
   1faf   99                GHI 9
   1fb0   5a                STR 10              ; Save R9.hi
   1fb1   1a                INC 10
   1fb2   89                GLO 9
   1fb3   5a                STR 10              ; Save R9.lo
                        
                            ; Decode move: R8 → R13 (from/to)
   1fb4   d4 03 c7          CALL DECODE_MOVE_16BIT
                            ; R13.1 = from square, R13.0 = to square
                        
                            ; Store to MOVE_FROM/MOVE_TO for MAKE_MOVE
   1fb7   68 ca 64 02       RLDI 10, MOVE_FROM
   1fbb   9d                GHI 13              ; from
   1fbc   5a                STR 10
   1fbd   1a                INC 10
   1fbe   8d                GLO 13              ; to
   1fbf   5a                STR 10
                        
                            ; -----------------------------------------------
                            ; Set LMR_IS_CAPTURE flag based on target square
                            ; -----------------------------------------------
                            ; R13.0 still has 'to' square from DECODE_MOVE_16BIT
   1fc0   f8 60             LDI HIGH(BOARD)
   1fc2   ba                PHI 10
   1fc3   8d                GLO 13              ; D = to square
   1fc4   aa                PLO 10              ; R10 = BOARD + to_square
   1fc5   0a                LDN 10              ; D = piece at target (0 if empty)
   1fc6   a7                PLO 7               ; Save piece in R7.0 (temp)
   1fc7   68 ca 64 a5       RLDI 10, LMR_IS_CAPTURE
   1fcb   87                GLO 7               ; Restore piece
   1fcc   c2 1f d4          LBZ LMR_NOT_CAPTURE
   1fcf   f8 01             LDI 1               ; Non-empty = capture
   1fd1   c0 1f d6          LBR LMR_CAPTURE_DONE
   1fd4                 LMR_NOT_CAPTURE:
   1fd4   f8 00             LDI 0               ; Empty = not capture
   1fd6                 LMR_CAPTURE_DONE:
   1fd6   5a                STR 10              ; Store flag
                        
                            ; -----------------------------------------------
                            ; Castling Legality (moved from movegen for performance)
                            ; Only runs when the search actually tries a castling move,
                            ; not at every node during move generation.
                            ; -----------------------------------------------
   1fd7   68 ca 64 05       RLDI 10, DECODED_FLAGS
   1fdb   0a                LDN 10
   1fdc   fb 01             XRI MOVE_CASTLE         ; Zero if castling
   1fde   ca 20 10          LBNZ NM_NOT_CASTLE
                        
                            ; Castling — check king not in check (can't castle out of check)
   1fe1   68 ca 64 02       RLDI 10, MOVE_FROM
   1fe5   0a                LDN 10                  ; D = from (king square)
   1fe6   ab                PLO 11                  ; R11.0 = king square
   1fe7   d4 01 a4          CALL IS_SQUARE_ATTACKED ; D = 1 if in check
   1fea   ca 1f fd          LBNZ NM_CASTLE_ILLEGAL
                        
                            ; Check transit square not attacked (can't castle through check)
                            ; Transit = (from + to) / 2
   1fed   68 ca 64 02       RLDI 10, MOVE_FROM
   1ff1   4a                LDA 10                  ; D = from, R10 -> MOVE_TO
   1ff2   52                STR 2                   ; M[R2] = from
   1ff3   0a                LDN 10                  ; D = to
   1ff4   f4                ADD                     ; D = from + to
   1ff5   f6                SHR                     ; D = transit square
   1ff6   ab                PLO 11                  ; R11.0 = transit
   1ff7   d4 01 a4          CALL IS_SQUARE_ATTACKED
   1ffa   c2 20 10          LBZ NM_NOT_CASTLE       ; Transit safe, proceed
                        
   1ffd                 NM_CASTLE_ILLEGAL:
                            ; Restore R9 from ply-indexed memory
   1ffd   68 ca 64 48       RLDI 10, CURRENT_PLY
   2001   0a                LDN 10
   2002   fe                SHL
   2003   fc db             ADI LOW(LOOP_MOVE_PTR)
   2005   aa                PLO 10
   2006   f8 64             LDI HIGH(LOOP_MOVE_PTR)
   2008   ba                PHI 10
   2009   4a                LDA 10
   200a   b9                PHI 9
   200b   0a                LDN 10
   200c   a9                PLO 9
   200d   c0 24 cb          LBR NEGAMAX_NEXT_MOVE
                        
   2010                 NM_NOT_CASTLE:
                        
                            ; -----------------------------------------------
                            ; Futility Pruning Check (per-ply, depth 1 quiet moves)
                            ; -----------------------------------------------
                        
                            ; Check: is futility pruning enabled for this ply? (per-ply table)
   2010   68 ca 64 48       RLDI 10, CURRENT_PLY
   2014   0a                LDN 10              ; D = ply
   2015   fe                SHL
   2016   fe                SHL                 ; D = ply * 4
   2017   fc 22             ADI LOW(FUTILITY_TABLE)
   2019   aa                PLO 10
   201a   f8 67             LDI HIGH(FUTILITY_TABLE)
   201c   7c 00             ADCI 0
   201e   ba                PHI 10              ; R10 = &FUTILITY_TABLE[ply*4]
   201f   4a                LDA 10              ; D = flag, R10 → eval_hi
   2020   c2 20 69          LBZ NEGAMAX_NOT_FUTILE  ; Flag=0, skip futility
                            ; Pre-load static eval while R10 is positioned
   2023   4a                LDA 10              ; D = eval_hi, R10 → eval_lo
   2024   bb                PHI 11
   2025   0a                LDN 10              ; D = eval_lo
   2026   ab                PLO 11              ; R11 = static eval (from per-ply table)
                        
                            ; Check if move is a capture (target square non-empty)
   2027   68 ca 64 03       RLDI 10, MOVE_TO
   202b   0a                LDN 10              ; D = to square
   202c   aa                PLO 10              ; R10.0 = to square
   202d   f8 60             LDI HIGH(BOARD)
   202f   ba                PHI 10              ; R10 = BOARD + to_square
   2030   0a                LDN 10              ; D = piece at target
   2031   ca 20 69          LBNZ NEGAMAX_NOT_FUTILE  ; Non-empty = capture, don't prune
                        
                            ; Check if move is a promotion (never prune — changes material)
   2034   68 ca 64 05       RLDI 10, DECODED_FLAGS
   2038   0a                LDN 10              ; D = move flags
   2039   fb 03             XRI MOVE_PROMOTION  ; Zero if promotion
   203b   c2 20 69          LBZ NEGAMAX_NOT_FUTILE  ; Promotion, don't prune
                        
                            ; Add FUTILITY_MARGIN (150 = $0096)
   203e   8b                GLO 11
   203f   fc 96             ADI FUTILITY_MARGIN_D1_LO  ; Add low byte
   2041   ab                PLO 11
   2042   9b                GHI 11
   2043   7c 00             ADCI FUTILITY_MARGIN_D1_HI ; Add high byte with carry
   2045   bb                PHI 11              ; R11 = static_eval + margin
                        
                            ; Safety: don't prune if no move has been searched yet (BEST_SCORE
                            ; is still sentinel $8001). Otherwise all quiet moves get pruned,
                            ; BEST_SCORE stays at sentinel, and the engine detects false checkmate.
   2046   68 ca 64 0e       RLDI 10, BEST_SCORE_HI
   204a   0a                LDN 10              ; D = BEST_SCORE_HI
   204b   fb 80             XRI $80             ; Zero if still sentinel high byte
   204d   c2 20 69          LBZ NEGAMAX_NOT_FUTILE  ; Sentinel → must search this move
                        
                            ; Futility: prune if static_eval + margin < 0 (losing by more than margin)
   2050   9b                GHI 11              ; (eval+margin) high byte
   2051   fa 80             ANI $80             ; Check sign bit
   2053   c2 20 69          LBZ NEGAMAX_NOT_FUTILE  ; Sign bit clear = positive, don't prune
                        
                            ; Futile! Skip this move
                            ; Restore R9 from ply-indexed memory
   2056   68 ca 64 48       RLDI 10, CURRENT_PLY
   205a   0a                LDN 10              ; D = ply
   205b   fe                SHL                 ; D = ply * 2
   205c   fc db             ADI LOW(LOOP_MOVE_PTR)
   205e   aa                PLO 10
   205f   f8 64             LDI HIGH(LOOP_MOVE_PTR)
   2061   ba                PHI 10              ; R10 = LOOP_MOVE_PTR + ply*2
   2062   4a                LDA 10
   2063   b9                PHI 9               ; R9.hi
   2064   0a                LDN 10
   2065   a9                PLO 9               ; R9 = move list pointer restored
                        
                            ; Jump to decrement move count and continue loop
   2066   c0 24 cb          LBR NEGAMAX_NEXT_MOVE
                        
   2069                 NEGAMAX_NOT_FUTILE:
                        
                            ; -----------------------------------------------
                            ; Late Move Pruning (LMP) — at low depth, after first N quiet moves
                            ; have been searched, skip remaining quiet moves entirely. Empirical
                            ; literature: 20-40% node reduction at low depths with low risk.
                            ; Conditions (all must hold to prune):
                            ;   1. CURRENT_PLY > 1      — never prune at root OR at root replies
                            ;                             (raised from >0 on 2026-07-30, loss19)
                            ;   2. NODE_IN_CHECK == 0   — never prune when we're in check (legal
                            ;                             escape moves can be late in ordering, and
                            ;                             pruning them = false mate detection)
                            ;   3. SEARCH_DEPTH <= 2    — only at low depths (small subtrees)
                            ;   4. LMR_MOVE_INDEX >= 8  — first 8 moves search normally
                            ;   5. LMR_IS_CAPTURE == 0  — never prune captures
                            ;   6. DECODED_FLAGS != MOVE_PROMOTION
                            ; The in-check guard (cond 2) was added 2026-05-05 after the move-21
                            ; replay surfaced a false +32766 mate at d=1/2/3: opponent in check
                            ; from our Qh5+, with many illegal pseudo-legal moves filling indices
                            ; 0-7, leaving the legal escapes (Ng6, gxh6) at index 9+ where LMP
                            ; pruned them, causing NEGAMAX_NO_MOVES to fire and report mate.
                            ; -----------------------------------------------
                        
                            ; Cond 1: ply > 1?  (2026-07-30 exhibition-prep: was ply > 0. Ply 1 =
                            ; replies to the root move — loss19's 18...Qa1# was a quiet check at
                            ; index >= 8 there, pruned during the d3 iteration (remaining depth 2),
                            ; and the d4 that would have seen it died at the 180s wall. Never prune
                            ; root replies: a mate-in-1 against the root move must always be seen.
                            ; Cost is nodes only — removing a prune cannot create tactical error.
                            ; Acceptance: tools/probe_loss19_mate_blind.uci must yield a defense.
   2069   68 ca 64 48       RLDI 10, CURRENT_PLY
   206d   0a                LDN 10
   206e   ff 02             SMI 2
   2070   cb 20 a9          LBNF NEGAMAX_LMP_DONE       ; ply < 2: never prune (root + root replies)
   2073   0a                LDN 10                      ; reload D = ply (cond 2 needs it for addressing)
                        
                            ; Cond 2: not in check at this node?
   2074   fc 42             ADI LOW(NODE_IN_CHECK)
   2076   aa                PLO 10
   2077   f8 67             LDI HIGH(NODE_IN_CHECK)
   2079   7c 00             ADCI 0
   207b   ba                PHI 10                      ; R10 = NODE_IN_CHECK + ply
   207c   0a                LDN 10                      ; D = node-in-check flag
   207d   ca 20 a9          LBNZ NEGAMAX_LMP_DONE       ; in check: skip LMP (legal escapes may be late)
                        
                            ; Cond 3: depth <= 2?
   2080   68 ca 64 17       RLDI 10, SEARCH_DEPTH + 1
   2084   0a                LDN 10
   2085   ff 03             SMI 3
   2087   c3 20 a9          LBDF NEGAMAX_LMP_DONE       ; depth >= 3: skip LMP
                        
                            ; Cond 4: index >= 8?
   208a   68 ca 64 a3       RLDI 10, LMR_MOVE_INDEX
   208e   0a                LDN 10
   208f   ff 08             SMI 8
   2091   cb 20 a9          LBNF NEGAMAX_LMP_DONE       ; index < 8: search normally
                        
                            ; Cond 5: not a capture?
   2094   68 ca 64 a5       RLDI 10, LMR_IS_CAPTURE
   2098   0a                LDN 10
   2099   ca 20 a9          LBNZ NEGAMAX_LMP_DONE       ; capture: search normally
                        
                            ; Cond 6: not a promotion?
   209c   68 ca 64 05       RLDI 10, DECODED_FLAGS
   20a0   0a                LDN 10
   20a1   fb 03             XRI MOVE_PROMOTION
   20a3   c2 20 a9          LBZ NEGAMAX_LMP_DONE        ; promotion: search normally
                        
                            ; All conditions met — skip this move (LMP prune)
   20a6   c0 24 cb          LBR NEGAMAX_NEXT_MOVE
                        
   20a9                 NEGAMAX_LMP_DONE:
                        
                            ; Set UNDO_PROMOTION based on move flags
                            ; Must be done before MAKE_MOVE so promotions work correctly
   20a9   68 ca 64 04       RLDI 10, UNDO_PROMOTION
   20ad   68 cd 64 05       RLDI 13, DECODED_FLAGS
   20b1   0d                LDN 13              ; D = flags
   20b2   fb 03             XRI MOVE_PROMOTION  ; == $03?
   20b4   ca 20 bc          LBNZ NM_NOT_PROMO
   20b7   f8 05             LDI QUEEN_TYPE      ; Promote to queen ($05)
   20b9   c0 20 be          LBR NM_SET_PROMO
   20bc                 NM_NOT_PROMO:
   20bc   f8 00             LDI 0               ; Not a promotion
   20be                 NM_SET_PROMO:
   20be   5a                STR 10              ; UNDO_PROMOTION = QUEEN_TYPE or 0
                        
                            ; Make the move on the board
   20bf   d4 09 bb          CALL MAKE_MOVE
                        
                            ; -----------------------------------------------
                            ; LEGALITY CHECK: Does this move leave our king in check?
                            ; MAKE_MOVE does NOT toggle R12 - only SIDE in memory.
                            ; R12 still contains our color (the side that just moved).
                            ; -----------------------------------------------
   20c2   d4 01 8e          CALL IS_IN_CHECK
                            ; D = 1 if our king is in check (illegal move), 0 if safe
                        
                            ; If in check, this move is illegal - unmake and skip
   20c5   c2 20 de          LBZ NEGAMAX_MOVE_LEGAL  ; D=0 means not in check, move is legal
                        
                            ; ILLEGAL MOVE: Our king is in check after this move
   20c8   d4 0c 2e          CALL UNMAKE_MOVE
                        
                            ; R12 stays as our color (UNMAKE_MOVE doesn't toggle R12)
                        
                            ; Restore R9 from ply-indexed memory and skip to next move
   20cb   68 ca 64 48       RLDI 10, CURRENT_PLY
   20cf   0a                LDN 10              ; D = ply
   20d0   fe                SHL                 ; D = ply * 2
   20d1   fc db             ADI LOW(LOOP_MOVE_PTR)
   20d3   aa                PLO 10
   20d4   f8 64             LDI HIGH(LOOP_MOVE_PTR)
   20d6   ba                PHI 10              ; R10 = LOOP_MOVE_PTR + ply*2
   20d7   4a                LDA 10
   20d8   b9                PHI 9               ; R9.hi
   20d9   0a                LDN 10
   20da   a9                PLO 9               ; R9 = move list pointer restored
                        
   20db   c0 24 cb          LBR NEGAMAX_NEXT_MOVE   ; Skip this illegal move
                        
   20de                 NEGAMAX_MOVE_LEGAL:
                            ; --- Check extension: does this move give check? ---
   20de   8c                GLO 12
   20df   fb 08             XRI 8
   20e1   ac                PLO 12              ; R12 = opponent's color
   20e2   d4 01 8e          CALL IS_IN_CHECK    ; Check opponent's king
                            ; D = 1 if giving check (RLDI does NOT clobber D)
   20e5   68 ca 64 da       RLDI 10, CHECK_EXT_FLAG
   20e9   5a                STR 10              ; Save result (0 or 1)
   20ea   8c                GLO 12
   20eb   fb 08             XRI 8
   20ed   ac                PLO 12              ; R12 = our color restored
                        
                            ; -----------------------------------------------
                            ; LMR Check: Should we reduce this move's search?
                            ; -----------------------------------------------
                            ; Clear LMR_REDUCED flag first
   20ee   68 ca 64 a4       RLDI 10, LMR_REDUCED
   20f2   f8 00             LDI 0
   20f4   5a                STR 10              ; LMR_REDUCED = 0 (default)
                        
                            ; Condition 1: LMR_MOVE_INDEX >= 4?
   20f5   68 ca 64 a3       RLDI 10, LMR_MOVE_INDEX
   20f9   0a                LDN 10              ; D = moves searched so far
   20fa   ff 04             SMI 4               ; D = index - 4
   20fc   cb 21 22          LBNF LMR_SKIP       ; < 4, skip LMR
                        
                            ; Condition 2: SEARCH_DEPTH >= 3?
   20ff   68 ca 64 17       RLDI 10, SEARCH_DEPTH + 1
   2103   0a                LDN 10              ; D = depth low byte
   2104   ff 03             SMI 3               ; D = depth - 3
   2106   cb 21 22          LBNF LMR_SKIP       ; < 3, skip LMR
                        
                            ; Condition 3: Not a capture?
   2109   68 ca 64 a5       RLDI 10, LMR_IS_CAPTURE
   210d   0a                LDN 10              ; D = capture flag
   210e   ca 21 22          LBNZ LMR_SKIP       ; Is capture, skip LMR
                        
                            ; Condition 4: Not a promotion? (promotions change material, never reduce)
   2111   68 ca 64 05       RLDI 10, DECODED_FLAGS
   2115   0a                LDN 10              ; D = move flags
   2116   fb 03             XRI MOVE_PROMOTION  ; Zero if promotion
   2118   c2 21 22          LBZ LMR_SKIP        ; Promotion, skip LMR
                        
                            ; All conditions met - set LMR_REDUCED = 1
   211b   68 ca 64 a4       RLDI 10, LMR_REDUCED
   211f   f8 01             LDI 1
   2121   5a                STR 10              ; LMR_REDUCED = 1
                        
   2122                 LMR_SKIP:
                        
                            ; -----------------------------------------------
                            ; Save depth to stack and decrement for recursive call
                            ; (PUSH ORDER: R9/R8, depth, alpha/beta, UNDO_* - pop in reverse!)
                            ; -----------------------------------------------
                            ; First, save current depth to stack for later restore
   2122   68 cd 64 16       RLDI 13, SEARCH_DEPTH
   2126   4d                LDA 13              ; D = depth high
   2127   73                STXD
   2128   0d                LDN 13              ; D = depth low
   2129   73                STXD                ; Stack now has: ... [depth_hi] [depth_lo]
                        
                            ; Now decrement depth in memory
   212a   68 cd 64 17       RLDI 13, SEARCH_DEPTH + 1
   212e   0d                LDN 13              ; D = depth low
   212f   ff 01             SMI 1
   2131   5d                STR 13              ; Store decremented low byte
   2132   2d                DEC 13              ; Point to high byte
   2133   0d                LDN 13              ; D = depth high
   2134   7f 00             SMBI 0              ; Subtract borrow
   2136   5d                STR 13              ; Store decremented high byte
                        
                            ; -----------------------------------------------
                            ; LMR: Extra depth decrement if flag is set
                            ; -----------------------------------------------
   2137   68 ca 64 a4       RLDI 10, LMR_REDUCED
   213b   0a                LDN 10              ; D = LMR_REDUCED flag
   213c   c2 21 4c          LBZ LMR_NO_EXTRA_DEC ; Not reduced, skip extra decrement
                        
                            ; LMR applies - decrement depth by 1 MORE (depth now = original - 2)
   213f   68 cd 64 17       RLDI 13, SEARCH_DEPTH + 1
   2143   0d                LDN 13              ; D = depth low
   2144   ff 01             SMI 1
   2146   5d                STR 13              ; depth_lo--
   2147   2d                DEC 13              ; Point to high byte
   2148   0d                LDN 13              ; D = depth high
   2149   7f 00             SMBI 0              ; Subtract borrow
   214b   5d                STR 13              ; depth_hi-- (with borrow)
                        
   214c                 LMR_NO_EXTRA_DEC:
                            ; -----------------------------------------------
                            ; Check extension: if move gives check AND depth is
                            ; at the horizon (depth <= 0 after decrement), undo
                            ; the decrement so checking move stays in main search
                            ; where checkmate can be detected (QS can't detect it)
                            ; -----------------------------------------------
   214c   68 ca 64 da       RLDI 10, CHECK_EXT_FLAG
   2150   0a                LDN 10              ; D = check flag
   2151   c2 21 6d          LBZ CE_DONE         ; Not giving check, skip
                        
                            ; Ply guard: don't extend if ply >= 4 (child would be ply 5).
                            ; With MAX_PLY=8 and MOVE_LIST sized for 5 plies + QS scratch beyond,
                            ; ply 4 extending to 5 stays within bounds.
   2154   68 ca 64 48       RLDI 10, CURRENT_PLY
   2158   0a                LDN 10              ; D = current ply
   2159   ff 04             SMI 4
   215b   c3 21 6d          LBDF CE_DONE        ; ply >= 4, skip extension
                        
                            ; Only extend at horizon: depth <= 0 after decrement
   215e   68 cd 64 16       RLDI 13, SEARCH_DEPTH
   2162   4d                LDA 13              ; D = depth_hi
   2163   ca 21 6d          LBNZ CE_DONE        ; depth_hi != 0, not at horizon
   2166   0d                LDN 13              ; D = depth_lo
   2167   ca 21 6d          LBNZ CE_DONE        ; depth_lo != 0, not at horizon
                        
                            ; Depth is 0 — about to drop to QS. Undo decrement (+1)
   216a   f8 01             LDI 1
   216c   5d                STR 13              ; depth_lo = 1
                            ; depth_hi stays 0 (already confirmed)
                        
   216d                 CE_DONE:
                            ; -----------------------------------------------
                            ; Negate and swap alpha/beta (memory-based - R6 is SCRT linkage!)
                            ; -----------------------------------------------
                            ; For negamax: score = -negamax(depth-1, -beta, -alpha, -color)
                        
                            ; Save current alpha and beta from memory to stack
                            ; Load alpha from memory (big-endian: HI at lower address)
   216d   68 cd 64 42       RLDI 13, ALPHA_HI
   2171   4d                LDA 13              ; D = alpha_hi
   2172   73                STXD
   2173   0d                LDN 13              ; D = alpha_lo
   2174   73                STXD
                            ; Load beta from memory (big-endian: HI at lower address)
   2175   68 cd 64 44       RLDI 13, BETA_HI
   2179   4d                LDA 13              ; D = beta_hi
   217a   73                STXD
   217b   0d                LDN 13              ; D = beta_lo
   217c   73                STXD
                            ; Stack now has: [beta_lo][beta_hi][alpha_lo][alpha_hi][depth]...
                        
                            ; -----------------------------------------------
                            ; Save UNDO_* to stack (7 bytes) for recursive safety
                            ; Child calls will overwrite UNDO_*, so we must save it
                            ; Push LAST so it gets popped FIRST (LIFO order!)
                            ; -----------------------------------------------
   217d   68 ca 64 08       RLDI 10, UNDO_CAPTURED
   2181   4a                LDA 10              ; UNDO_CAPTURED
   2182   73                STXD
   2183   4a                LDA 10              ; UNDO_FROM
   2184   73                STXD
   2185   4a                LDA 10              ; UNDO_TO
   2186   73                STXD
   2187   4a                LDA 10              ; UNDO_CASTLING
   2188   73                STXD
   2189   4a                LDA 10              ; UNDO_EP
   218a   73                STXD
   218b   0a                LDN 10              ; UNDO_HALFMOVE
   218c   73                STXD
                            ; UNDO_PROMOTION is at $6404 (not contiguous)
   218d   68 ca 64 04       RLDI 10, UNDO_PROMOTION
   2191   0a                LDN 10              ; UNDO_PROMOTION
   2192   73                STXD
                            ; UNDO_CAP_SQ is at $64FF (not contiguous)
   2193   68 ca 64 ff       RLDI 10, UNDO_CAP_SQ
   2197   0a                LDN 10              ; UNDO_CAP_SQ
   2198   73                STXD
                        
                            ; -----------------------------------------------
                            ; Save BEST_SCORE to stack (2 bytes) for recursive safety
                            ; Child calls will reinitialize BEST_SCORE to -infinity!
                            ; -----------------------------------------------
   2199   68 ca 64 0e       RLDI 10, BEST_SCORE_HI
   219d   4a                LDA 10              ; BEST_SCORE_HI
   219e   73                STXD
   219f   0a                LDN 10              ; BEST_SCORE_LO
   21a0   73                STXD
                            ; Stack now has: [BEST_SCORE][UNDO_CAP_SQ][UNDO_*][beta][alpha][depth][R9]...
                        
                            ; Negate beta from memory → R7 = -beta (new alpha)
                            ; Read low byte first for borrow propagation, then high byte
   21a1   68 cd 64 45       RLDI 13, BETA_LO
   21a5   0d                LDN 13              ; low byte (BETA_LO at higher address)
   21a6   fd 00             SDI 0               ; negate low
   21a8   a7                PLO 7
   21a9   2d                DEC 13              ; → BETA_HI (lower address)
   21aa   0d                LDN 13              ; high byte
   21ab   7d 00             SDBI 0              ; negate high with borrow
   21ad   b7                PHI 7               ; R7 = -beta
                        
                            ; Negate alpha from memory → R8 = -alpha (new beta)
   21ae   68 cd 64 43       RLDI 13, ALPHA_LO
   21b2   0d                LDN 13              ; low byte (ALPHA_LO at higher address)
   21b3   fd 00             SDI 0               ; negate low
   21b5   a8                PLO 8
   21b6   2d                DEC 13              ; → ALPHA_HI (lower address)
   21b7   0d                LDN 13              ; high byte
   21b8   7d 00             SDBI 0              ; negate high with borrow
   21ba   b8                PHI 8               ; R8 = -alpha
                        
                            ; Now swap: new_alpha = -beta (in R7), new_beta = -alpha (in R8)
                            ; Store to memory (big-endian: high byte at lower address)
   21bb   68 cd 64 42       RLDI 13, ALPHA_HI
   21bf   97                GHI 7
   21c0   5d                STR 13              ; ALPHA_HI = -beta high
   21c1   1d                INC 13
   21c2   87                GLO 7
   21c3   5d                STR 13              ; ALPHA_LO = -beta low
                        
   21c4   68 cd 64 44       RLDI 13, BETA_HI
   21c8   98                GHI 8
   21c9   5d                STR 13              ; BETA_HI = -alpha high
   21ca   1d                INC 13
   21cb   88                GLO 8
   21cc   5d                STR 13              ; BETA_LO = -alpha low
                        
                            ; Toggle color (C): 0=white, 8=black (matches COLOR_MASK)
   21cd   8c                GLO 12
   21ce   fb 08             XRI $08             ; Toggle between 0 and 8
   21d0   ac                PLO 12
                        
                            ; Increment ply counter before recursion
   21d1   68 ca 64 48       RLDI 10, CURRENT_PLY
   21d5   0a                LDN 10
   21d6   fc 01             ADI 1
   21d8   5a                STR 10              ; CURRENT_PLY++
                        
                            ; -----------------------------------------------
                            ; Push LMR state to stack (overwritten by recursive call)
                            ; -----------------------------------------------
                            ; Push LMR_MOVE_INDEX first (popped last)
   21d9   68 ca 64 a3       RLDI 10, LMR_MOVE_INDEX
   21dd   0a                LDN 10              ; D = LMR_MOVE_INDEX
   21de   73                STXD                ; Push to stack
                            ; Push LMR_REDUCED second (popped first)
   21df   68 ca 64 a4       RLDI 10, LMR_REDUCED
   21e3   0a                LDN 10              ; D = LMR_REDUCED flag
   21e4   73                STXD                ; Push to stack
                        
                            ; -----------------------------------------------
                            ; Recursive call to NEGAMAX
                            ; -----------------------------------------------
   21e5   d4 1b 58          CALL NEGAMAX
                            ; Returns score in R9 (R6 is SCRT linkage - off limits!)
                        
                            ; DIAG stamp (2026-07-17 hang hunt): post-child bookkeeping window
                            ; (LMR pops, score negate, alpha/beta, killer store, next-move fetch).
   21e8   68 ca 64 1d       RLDI 10, TRACE_WHERE
   21ec   f8 a2             LDI $A2
   21ee   5a                STR 10              ; tracer: back from child (R10 reloaded below)
                        
                            ; -----------------------------------------------
                            ; Pop LMR state (reverse order)
                            ; -----------------------------------------------
                            ; Pop LMR_REDUCED and save to LMR_OUTER
   21ef   60                IRX
   21f0   f0                LDX                 ; D = saved LMR_REDUCED (R2 stays at this slot)
   21f1   a7                PLO 7               ; Save in R7.0 (temp)
   21f2   68 ca 64 a6       RLDI 10, LMR_OUTER
   21f6   87                GLO 7               ; Restore LMR_REDUCED value
   21f7   5a                STR 10              ; LMR_OUTER = saved LMR_REDUCED
                            ; Pop LMR_MOVE_INDEX and restore to memory
   21f8   60                IRX
   21f9   f0                LDX                 ; D = saved LMR_MOVE_INDEX
   21fa   a7                PLO 7               ; Temp in R7.0
   21fb   68 ca 64 a3       RLDI 10, LMR_MOVE_INDEX
   21ff   87                GLO 7
   2200   5a                STR 10              ; LMR_MOVE_INDEX restored
                        
                            ; Decrement ply counter after recursion
   2201   68 ca 64 48       RLDI 10, CURRENT_PLY
   2205   0a                LDN 10
   2206   ff 01             SMI 1
   2208   5a                STR 10              ; CURRENT_PLY--
                        
                            ; Negate R9 (score = -score)
   2209   89                GLO 9               ; low byte
   220a   fd 00             SDI 0               ; negate low
   220c   a9                PLO 9
   220d   99                GHI 9               ; high byte
   220e   7d 00             SDBI 0              ; negate high with borrow
   2210   b9                PHI 9
                        
                            ; Save negated score to SCORE_HI/LO (R9 clobbered by stack pops)
   2211   68 ca 64 46       RLDI 10, SCORE_HI
   2215   99                GHI 9               ; high byte → SCORE_HI (lower address)
   2216   5a                STR 10
   2217   1a                INC 10
   2218   89                GLO 9               ; low byte → SCORE_LO (higher address)
   2219   5a                STR 10
                        
                            ; -----------------------------------------------
                            ; LMR Re-search Check: Did reduced search beat alpha?
                            ; -----------------------------------------------
                            ; Read LMR_OUTER from memory (LMR_REDUCED was cleared by recursive call)
   221a   68 ca 64 a6       RLDI 10, LMR_OUTER
   221e   0a                LDN 10              ; D = LMR_OUTER flag
   221f   c2 22 f6          LBZ LMR_NO_RESEARCH ; Not reduced, skip re-search check
                        
                            ; Peek alpha from stack (alpha_hi at R2+14, alpha_lo at R2+13)
   2222   82                GLO 2
   2223   fc 0e             ADI 14              ; Calculate offset to alpha_hi
   2225   aa                PLO 10
   2226   92                GHI 2
   2227   7c 00             ADCI 0
   2229   ba                PHI 10              ; R10 = address of alpha_hi on stack
   222a   0a                LDN 10              ; D = alpha_hi
   222b   b7                PHI 7               ; R7.1 = alpha_hi
   222c   2a                DEC 10              ; Point to alpha_lo (R2+11)
   222d   0a                LDN 10              ; D = alpha_lo
   222e   a7                PLO 7               ; R7 = parent's alpha (big-endian)
                        
                            ; Load score from SCORE_HI/LO
   222f   68 ca 64 46       RLDI 10, SCORE_HI
   2233   4a                LDA 10              ; D = score_hi
   2234   bd                PHI 13
   2235   0a                LDN 10              ; D = score_lo
   2236   ad                PLO 13              ; R13 = score
                        
                            ; Signed comparison: score (R13) > alpha (R7)?
                            ; Use COMPARE_TEMP for scratch
   2237   68 ca 64 49       RLDI 10, COMPARE_TEMP
   223b   ea                SEX 10              ; X = R10 for comparisons
                        
                            ; Check if signs differ
   223c   9d                GHI 13              ; score_hi
   223d   5a                STR 10
   223e   97                GHI 7               ; alpha_hi
   223f   f3                XOR
   2240   fa 80             ANI $80             ; Check sign bits differ
   2242   e2                SEX 2               ; Restore X = R2
   2243   ca 22 5e          LBNZ LMR_RESEARCH_DIFF_SIGN
                        
                            ; Same sign: score > alpha if score - alpha > 0 (positive, no borrow)
   2246   ea                SEX 10
   2247   87                GLO 7               ; alpha_lo
   2248   5a                STR 10
   2249   8d                GLO 13              ; score_lo
   224a   f7                SM                  ; D = score_lo - alpha_lo
   224b   b8                PHI 8               ; Save low result in R8.1
   224c   97                GHI 7               ; alpha_hi
   224d   5a                STR 10
   224e   9d                GHI 13              ; score_hi
   224f   77                SMB                 ; D = score_hi - alpha_hi - borrow
   2250   e2                SEX 2               ; Restore X = R2
   2251   cb 22 f6          LBNF LMR_NO_RESEARCH ; Borrow = score <= alpha, no re-search
   2254   ca 22 64          LBNZ LMR_DO_RESEARCH ; High bytes differ and positive
   2257   98                GHI 8               ; Check saved low result
   2258   c2 22 f6          LBZ LMR_NO_RESEARCH  ; Equal (both zero), no re-search
   225b   c0 22 64          LBR LMR_DO_RESEARCH
                        
   225e                 LMR_RESEARCH_DIFF_SIGN:
                            ; Different signs: positive > negative
   225e   9d                GHI 13              ; score_hi
   225f   fa 80             ANI $80
   2261   ca 22 f6          LBNZ LMR_NO_RESEARCH ; score negative, alpha positive: score < alpha
                        
   2264                 LMR_DO_RESEARCH:
                            ; Re-search needed! Score beat alpha on reduced search.
                        
                            ; Clear LMR_REDUCED so we don't re-search again
   2264   68 ca 64 a4       RLDI 10, LMR_REDUCED
   2268   f8 00             LDI 0
   226a   5a                STR 10
                        
                            ; Increment SEARCH_DEPTH by 1 (undo the extra LMR reduction)
                            ; Current depth = original - 2, we want original - 1
   226b   68 cd 64 17       RLDI 13, SEARCH_DEPTH + 1
   226f   0d                LDN 13              ; D = depth_lo
   2270   fc 01             ADI 1
   2272   5d                STR 13              ; depth_lo++
   2273   2d                DEC 13              ; Point to high byte
   2274   0d                LDN 13              ; D = depth_hi
   2275   7c 00             ADCI 0              ; Add carry
   2277   5d                STR 13              ; depth_hi++ (with carry)
                        
                            ; Re-setup alpha/beta for child (same swap as original)
                            ; Peek parent's beta from stack (beta_hi at R2+12, beta_lo at R2+11)
   2278   82                GLO 2
   2279   fc 0c             ADI 12
   227b   aa                PLO 10
   227c   92                GHI 2
   227d   7c 00             ADCI 0
   227f   ba                PHI 10              ; R10 = address of beta_hi on stack
   2280   0a                LDN 10              ; D = beta_hi
   2281   b8                PHI 8
   2282   2a                DEC 10              ; Point to beta_lo
   2283   0a                LDN 10              ; D = beta_lo
   2284   a8                PLO 8               ; R8 = parent's beta
                        
                            ; Negate R8 (beta) → R7 = -beta (new alpha)
   2285   88                GLO 8               ; low byte
   2286   fd 00             SDI 0               ; negate low
   2288   a7                PLO 7
   2289   98                GHI 8               ; high byte
   228a   7d 00             SDBI 0              ; negate high with borrow
   228c   b7                PHI 7               ; R7 = -beta
                        
                            ; Peek parent's alpha again (R2+14, R2+13)
   228d   82                GLO 2
   228e   fc 0e             ADI 14
   2290   aa                PLO 10
   2291   92                GHI 2
   2292   7c 00             ADCI 0
   2294   ba                PHI 10
   2295   0a                LDN 10              ; D = alpha_hi
   2296   b8                PHI 8
   2297   2a                DEC 10
   2298   0a                LDN 10              ; D = alpha_lo
   2299   a8                PLO 8               ; R8 = parent's alpha
                        
                            ; Negate R8 (alpha) in place → R8 = -alpha (new beta)
   229a   88                GLO 8               ; low byte
   229b   fd 00             SDI 0               ; negate low
   229d   a8                PLO 8
   229e   98                GHI 8               ; high byte
   229f   7d 00             SDBI 0              ; negate high with borrow
   22a1   b8                PHI 8               ; R8 = -alpha
                        
                            ; Store new alpha/beta to memory
   22a2   68 ca 64 42       RLDI 10, ALPHA_HI
   22a6   97                GHI 7               ; new_alpha_hi
   22a7   5a                STR 10
   22a8   1a                INC 10
   22a9   87                GLO 7               ; new_alpha_lo
   22aa   5a                STR 10              ; ALPHA = -beta
                        
   22ab   68 ca 64 44       RLDI 10, BETA_HI
   22af   98                GHI 8               ; new_beta_hi
   22b0   5a                STR 10
   22b1   1a                INC 10
   22b2   88                GLO 8               ; new_beta_lo
   22b3   5a                STR 10              ; BETA = -alpha
                        
                            ; ----------------------------------------------------------------
                            ; LMR-RESEARCH FIX 2026-05-06: refresh CHECK_EXT_FLAG before re-search.
                            ; The first reduced-depth call's child overwrote CHECK_EXT_FLAG with
                            ; whatever its last move-loop iteration left (typically 0 for non-checking
                            ; quiet moves). Re-search child's snapshot would read this stale value,
                            ; breaking the LMP in-check guard at line ~1238 even though our move IS
                            ; a check.  R12 is currently BLACK (child's color = opponent of parent
                            ; at root), so direct IS_IN_CHECK checks the opponent's king — exactly
                            ; what we want for "did parent's move give check".
                            ; ----------------------------------------------------------------
   22b4   d4 01 8e          CALL IS_IN_CHECK
   22b7   68 ca 64 da       RLDI 10, CHECK_EXT_FLAG
   22bb   5a                STR 10              ; CHECK_EXT_FLAG = fresh "in check?" result
                        
                            ; --- BUGFIX (carried from 09ccdcf, origin 2e3333a 2026-01-27): preserve
                            ; LMR_MOVE_INDEX across the re-search. The first (reduced) CALL NEGAMAX
                            ; saves/restores it; this full-depth re-search call did NOT, so the child
                            ; reset+incremented it and never restored this node's value -> corrupts
                            ; LMP/LMR state and, via the LMR_REDUCED-gated SEARCH_DEPTH decrement, can
                            ; underflow depth -> near-infinite child search = the freeze-class hang.
                            ; Latent in 7b3a53d (bug predates it). Push before / restore after.
   22bc   68 ca 64 a3       RLDI 10, LMR_MOVE_INDEX
   22c0   0a                LDN 10
   22c1   73                STXD                ; push LMR_MOVE_INDEX
                        
                            ; Increment ply for recursive call
   22c2   68 ca 64 48       RLDI 10, CURRENT_PLY
   22c6   0a                LDN 10
   22c7   fc 01             ADI 1
   22c9   5a                STR 10              ; CURRENT_PLY++
                        
                            ; Call NEGAMAX again (full depth this time)
   22ca   d4 1b 58          CALL NEGAMAX
                        
                            ; DIAG stamp (2026-07-17 hang hunt): back from LMR re-search child.
   22cd   68 ca 64 1d       RLDI 10, TRACE_WHERE
   22d1   f8 a7             LDI $A7
   22d3   5a                STR 10              ; tracer: post-LMR-re-search (R10 reloaded below)
                        
                            ; Restore LMR_MOVE_INDEX (the re-searched child clobbered it)
   22d4   60                IRX
   22d5   f0                LDX                 ; D = saved LMR_MOVE_INDEX
   22d6   a7                PLO 7               ; temp (R7.0 dead here — R9 holds the score)
   22d7   68 ca 64 a3       RLDI 10, LMR_MOVE_INDEX
   22db   87                GLO 7
   22dc   5a                STR 10              ; LMR_MOVE_INDEX restored to this node's value
                        
                            ; Decrement ply
   22dd   68 ca 64 48       RLDI 10, CURRENT_PLY
   22e1   0a                LDN 10
   22e2   ff 01             SMI 1
   22e4   5a                STR 10              ; CURRENT_PLY--
                        
                            ; Negate R9 (score = -score)
   22e5   89                GLO 9               ; low byte
   22e6   fd 00             SDI 0               ; negate low
   22e8   a9                PLO 9
   22e9   99                GHI 9               ; high byte
   22ea   7d 00             SDBI 0              ; negate high with borrow
   22ec   b9                PHI 9
                        
                            ; Save to SCORE_HI/LO
   22ed   68 ca 64 46       RLDI 10, SCORE_HI
   22f1   99                GHI 9               ; high byte → SCORE_HI (lower address)
   22f2   5a                STR 10
   22f3   1a                INC 10
   22f4   89                GLO 9               ; low byte → SCORE_LO (higher address)
   22f5   5a                STR 10
                        
   22f6                 LMR_NO_RESEARCH:
                        
                            ; -----------------------------------------------
                            ; Restore BEST_SCORE from stack FIRST (it was pushed last - LIFO!)
                            ; This was corrupted by child's NEGAMAX initialization!
                            ; -----------------------------------------------
   22f6   68 ca 64 0f       RLDI 10, BEST_SCORE_LO
   22fa   60                IRX
   22fb   72                LDXA                ; BEST_SCORE_LO
   22fc   5a                STR 10
   22fd   2a                DEC 10
   22fe   f0                LDX                 ; BEST_SCORE_HI (R2 stays at this slot)
   22ff   5a                STR 10
                        
                            ; -----------------------------------------------
                            ; Restore UNDO_* from stack (7 bytes) before UNMAKE_MOVE
                            ; -----------------------------------------------
                            ; UNDO_CAP_SQ first (it was pushed last - LIFO)
   2300   68 ca 64 ff       RLDI 10, UNDO_CAP_SQ
   2304   60                IRX
   2305   f0                LDX                 ; UNDO_CAP_SQ
   2306   5a                STR 10
                            ; UNDO_PROMOTION next
   2307   68 ca 64 04       RLDI 10, UNDO_PROMOTION
   230b   60                IRX
   230c   f0                LDX                 ; UNDO_PROMOTION
   230d   5a                STR 10
                            ; Now restore the contiguous block ($6408-$640D)
   230e   68 ca 64 0d       RLDI 10, UNDO_HALFMOVE
   2312   60                IRX
   2313   72                LDXA                ; UNDO_HALFMOVE
   2314   5a                STR 10
   2315   2a                DEC 10
   2316   72                LDXA                ; UNDO_EP
   2317   5a                STR 10
   2318   2a                DEC 10
   2319   72                LDXA                ; UNDO_CASTLING
   231a   5a                STR 10
   231b   2a                DEC 10
   231c   72                LDXA                ; UNDO_TO
   231d   5a                STR 10
   231e   2a                DEC 10
   231f   72                LDXA                ; UNDO_FROM
   2320   5a                STR 10
   2321   2a                DEC 10
   2322   f0                LDX                 ; UNDO_CAPTURED (last, no inc)
   2323   5a                STR 10
                        
                            ; -----------------------------------------------
                            ; Unmake the move
                            ; -----------------------------------------------
   2324   d4 0c 2e          CALL UNMAKE_MOVE
                            ; Board restored to previous state
                        
                            ; -----------------------------------------------
                            ; Restore context (memory-based alpha/beta - R6 is SCRT linkage!)
                            ; -----------------------------------------------
                            ; Stack order (low to high): beta_lo, beta_hi, alpha_lo, alpha_hi, depth_lo, depth_hi, R9
                        
                            ; Pop beta from stack to BETA memory (big-endian)
   2327   60                IRX                 ; Point to beta_lo
   2328   72                LDXA                ; D = beta_lo
   2329   a7                PLO 7               ; R7.0 = beta_lo
   232a   72                LDXA                ; D = beta_hi
   232b   b7                PHI 7               ; R7.1 = beta_hi, R7 = beta
   232c   68 cd 64 44       RLDI 13, BETA_HI
   2330   97                GHI 7
   2331   5d                STR 13              ; BETA_HI (high byte at lower addr)
   2332   1d                INC 13
   2333   87                GLO 7
   2334   5d                STR 13              ; BETA_LO (low byte at higher addr)
                        
                            ; Pop alpha from stack to ALPHA memory (NO extra IRX - R2 already at alpha_lo)
   2335   72                LDXA                ; D = alpha_lo
   2336   a7                PLO 7               ; R7.0 = alpha_lo
   2337   72                LDXA                ; D = alpha_hi
   2338   b7                PHI 7               ; R7.1 = alpha_hi, R7 = alpha
   2339   68 cd 64 42       RLDI 13, ALPHA_HI
   233d   97                GHI 7
   233e   5d                STR 13              ; ALPHA_HI (high byte at lower addr)
   233f   1d                INC 13
   2340   87                GLO 7
   2341   5d                STR 13              ; ALPHA_LO (low byte at higher addr)
                        
                            ; Pop depth from stack to SEARCH_DEPTH memory
                            ; Stack has: depth_lo, depth_hi (depth_lo at lower addr)
                            ; R9 no longer on stack; move count no longer on stack (LOOP_MOVE_CNT) —
                            ; depth_hi is now the TOP byte of this iteration's search-context frame.
   2342   72                LDXA                ; D = depth_lo, R2 advances to depth_hi
   2343   a7                PLO 7               ; Temp
   2344   f0                LDX                 ; D = depth_hi, R2 stays AT depth_hi (frame top)
   2345   b7                PHI 7               ; R7 = depth (temp: hi.lo)
   2346   68 cd 64 16       RLDI 13, SEARCH_DEPTH
   234a   97                GHI 7
   234b   5d                STR 13              ; SEARCH_DEPTH high
   234c   1d                INC 13
   234d   87                GLO 7
   234e   5d                STR 13              ; SEARCH_DEPTH+1 low
                        
                            ; Toggle color back to parent's color (0/8)
   234f   8c                GLO 12
   2350   fb 08             XRI $08
   2352   ac                PLO 12              ; C = color restored
                        
                            ; Restore R9 (move list pointer) from ply-indexed memory
   2353   68 ca 64 48       RLDI 10, CURRENT_PLY
   2357   0a                LDN 10              ; D = ply
   2358   fe                SHL                 ; D = ply * 2
   2359   fc db             ADI LOW(LOOP_MOVE_PTR)
   235b   aa                PLO 10
   235c   f8 64             LDI HIGH(LOOP_MOVE_PTR)
   235e   ba                PHI 10              ; R10 = LOOP_MOVE_PTR + ply*2
   235f   4a                LDA 10
   2360   b9                PHI 9               ; R9.hi
   2361   0a                LDN 10
   2362   a9                PLO 9               ; R9 = move list pointer restored
                        
                            ; Load score from SCORE memory into R13 (R9 is move list pointer!)
                            ; Big-endian: high byte at lower address (SCORE_HI)
   2363   68 ca 64 46       RLDI 10, SCORE_HI
   2367   4a                LDA 10              ; SCORE_HI -> high byte
   2368   bd                PHI 13
   2369   0a                LDN 10              ; SCORE_LO -> low byte
   236a   ad                PLO 13              ; R13 = negated score from memory
                        
                            ; -----------------------------------------------
                            ; Beta Cutoff Check: if (score >= beta) return beta
                            ; -----------------------------------------------
                            ; Compare score (R13) with beta (from BETA memory)
                            ; Score is already saved to SCORE_HI/LO, can reload if needed
                        
                            ; Load beta from memory into R7 (use R10 as pointer, preserve R13=score)
                            ; Big-endian: high byte at lower address (BETA_HI)
   236b   68 ca 64 44       RLDI 10, BETA_HI
   236f   4a                LDA 10              ; D = beta_hi
   2370   b7                PHI 7
   2371   0a                LDN 10              ; D = beta_lo
   2372   a7                PLO 7               ; R7 = beta (loaded from memory)
                        
                            ; SIGNED comparison: score (R13) vs beta (R7)
                            ; Use COMPARE_TEMP for scratch (NEVER use STR 2 for scratch!)
   2373   68 ca 64 49       RLDI 10, COMPARE_TEMP
   2377   ea                SEX 10              ; X = R10 for comparisons
                        
                            ; First check if signs differ
   2378   9d                GHI 13              ; score high byte
   2379   5a                STR 10
   237a   97                GHI 7               ; beta high byte
   237b   f3                XOR                 ; XOR high bytes
   237c   fa 80             ANI $80             ; Check if sign bits differ
   237e   e2                SEX 2               ; X = R2 (restore for branches)
   237f   ca 23 94          LBNZ NEGAMAX_BETA_DIFF_SIGN
                        
                            ; Same sign - use subtraction result
                            ; Compute score - beta: SM does D - M(X), SD does M(X) - D
   2382   ea                SEX 10
   2383   87                GLO 7
   2384   5a                STR 10              ; M(R10) = beta_lo
   2385   8d                GLO 13              ; D = score_lo
   2386   f7                SM                  ; D = D - M(X) = score_lo - beta_lo
   2387   97                GHI 7
   2388   5a                STR 10              ; M(R10) = beta_hi
   2389   9d                GHI 13              ; D = score_hi
   238a   77                SMB                 ; D = D - M(X) - borrow = score_hi - beta_hi - borrow
   238b   e2                SEX 2               ; X = R2 (restore)
                        
                            ; Check sign bit (negative means score < beta, no cutoff)
   238c   fa 80             ANI $80
   238e   ca 24 09          LBNZ NEGAMAX_NO_BETA_CUTOFF  ; score < beta, no cutoff
                            ; Fall through to cutoff (score >= beta)
   2391   c0 23 9a          LBR NEGAMAX_DO_BETA_CUTOFF
                        
   2394                 NEGAMAX_BETA_DIFF_SIGN:
                            ; Different signs - positive number is greater
   2394   9d                GHI 13              ; score high byte
   2395   fa 80             ANI $80
   2397   ca 24 09          LBNZ NEGAMAX_NO_BETA_CUTOFF  ; Score negative, beta positive: score < beta, NO cutoff
                            ; Score positive, beta negative: score > beta, CUTOFF (fall through)
                        
   239a                 NEGAMAX_DO_BETA_CUTOFF:
                            ; Beta cutoff! Return beta (already in R7)
                            ; Store beta to BEST_SCORE memory for return
                        
                            ; Store beta (R7) to BEST_SCORE memory
   239a   68 ca 64 0e       RLDI 10, BEST_SCORE_HI
   239e   97                GHI 7               ; Beta high byte
   239f   5a                STR 10
   23a0   1a                INC 10
   23a1   87                GLO 7               ; Beta low byte
   23a2   5a                STR 10
                        
                            ; Save cutoff move to NODE_BEST_MOVE (all plies)
   23a3   68 ca 64 48       RLDI 10, CURRENT_PLY
   23a7   0a                LDN 10              ; D = ply
   23a8   fe                SHL                 ; D = ply * 2
   23a9   aa                PLO 10
   23aa   f8 67             LDI HIGH(NODE_BEST_MOVE)
   23ac   ba                PHI 10              ; R10 = &NODE_BEST_MOVE[ply]
   23ad   68 c7 64 09       RLDI 7, UNDO_FROM
   23b1   47                LDA 7               ; D = from
   23b2   5a                STR 10
   23b3   1a                INC 10
   23b4   07                LDN 7               ; D = to
   23b5   5a                STR 10              ; R7 clobbered — safe (not used before NEGAMAX_RETURN)
                        
                            ; At root (ply 0), save the cutoff move as BEST_MOVE.
                            ; Beta cutoff means this move is "too good" - but at root there's
                            ; no parent to reject it, so it IS the best move. Without this,
                            ; BEST_MOVE stays at $FF/$FF sentinel → h@h@ output.
   23b6   68 ca 64 48       RLDI 10, CURRENT_PLY
   23ba   0a                LDN 10              ; D = current ply
   23bb   ca 23 cf          LBNZ NEGAMAX_BETA_NOT_ROOT
                        
                            ; At root: save UNDO_FROM/UNDO_TO to BEST_MOVE
   23be   68 ca 64 09       RLDI 10, UNDO_FROM
   23c2   4a                LDA 10              ; UNDO_FROM
   23c3   b8                PHI 8               ; Temp in R8.1
   23c4   0a                LDN 10              ; UNDO_TO
   23c5   a8                PLO 8               ; R8 = from/to
                        
   23c6   68 ca 64 10       RLDI 10, BEST_MOVE
   23ca   98                GHI 8
   23cb   5a                STR 10              ; BEST_MOVE[0] = from
   23cc   1a                INC 10
   23cd   88                GLO 8
   23ce   5a                STR 10              ; BEST_MOVE[1] = to
                        
   23cf                 NEGAMAX_BETA_NOT_ROOT:
                            ; Decrement move count (in ply-indexed memory) before returning
   23cf   68 ca 64 48       RLDI 10, CURRENT_PLY
   23d3   0a                LDN 10
   23d4   fc ef             ADI LOW(LOOP_MOVE_CNT)
   23d6   aa                PLO 10
   23d7   f8 64             LDI HIGH(LOOP_MOVE_CNT)
   23d9   ba                PHI 10              ; R10 = &LOOP_MOVE_CNT[ply]
   23da   0a                LDN 10
   23db   ff 01             SMI 1
   23dd   5a                STR 10             ; LOOP_MOVE_CNT[ply]--
                        
                            ; Encode cutoff move into R11 for killer table
                            ; (R11 has stale data from ORDER_CAPTURES_FIRST, not the actual move)
   23de   68 ca 64 09       RLDI 10, UNDO_FROM
   23e2   0a                LDN 10              ; D = from square
   23e3   bd                PHI 13              ; R13.1 = from
   23e4   1a                INC 10
   23e5   0a                LDN 10              ; D = to square
   23e6   ad                PLO 13              ; R13.0 = to
                            ; Flags = 0 (MOVE_NORMAL); promotions rare in cutoffs
   23e7   68 ca 64 06       RLDI 10, MOVE_FLAGS_TEMP
   23eb   f8 00             LDI 0
   23ed   5a                STR 10
   23ee   d4 03 8d          CALL ENCODE_MOVE_16BIT
                            ; R8 = encoded move
   23f1   98                GHI 8
   23f2   bb                PHI 11
   23f3   88                GLO 8
   23f4   ab                PLO 11              ; R11 = properly encoded cutoff move
   23f5   d4 28 52          CALL STORE_KILLER_MOVE
                        
                            ; -- TT node flag: BETA (lower bound) --
   23f8   68 ca 64 48       RLDI 10, CURRENT_PLY
   23fc   0a                LDN 10
   23fd   fc d2             ADI LOW(NODE_TT_FLAGS)
   23ff   aa                PLO 10
   2400   f8 64             LDI HIGH(NODE_TT_FLAGS)
   2402   ba                PHI 10
   2403   f8 03             LDI TT_FLAG_BETA
   2405   5a                STR 10
                        
   2406   c0 24 fb          LBR NEGAMAX_RETURN
                        
   2409                 NEGAMAX_NO_BETA_CUTOFF:
                            ; Score is already in R13 from earlier load (before beta check)
                            ; R9 = move list pointer (preserved)
                        
                            ; Load best score from memory into R8 for comparison
   2409   68 ca 64 0e       RLDI 10, BEST_SCORE_HI
   240d   4a                LDA 10              ; BEST_SCORE_HI
   240e   b8                PHI 8
   240f   0a                LDN 10              ; BEST_SCORE_LO
   2410   a8                PLO 8               ; R8 = best score from memory
                        
                            ; -----------------------------------------------
                            ; Update best score: if (score > maxScore) maxScore = score
                            ; -----------------------------------------------
                            ; SIGNED comparison of score (R13) vs best (R8)
                            ; Use COMPARE_TEMP for scratch (NEVER use STR 2 for scratch!)
   2411   68 ca 64 49       RLDI 10, COMPARE_TEMP
   2415   ea                SEX 10              ; X = R10 for comparisons
                        
                            ; First check if signs differ
   2416   9d                GHI 13              ; score high byte
   2417   5a                STR 10
   2418   98                GHI 8               ; best high byte
   2419   f3                XOR                 ; XOR high bytes
   241a   fa 80             ANI $80             ; Check if sign bits differ
   241c   e2                SEX 2               ; X = R2 (restore for branches)
   241d   ca 24 3e          LBNZ NEGAMAX_DIFF_SIGN
                        
                            ; Same sign - use subtraction result
   2420   ea                SEX 10
   2421   98                GHI 8
   2422   5a                STR 10
   2423   9d                GHI 13
   2424   f5                SD                  ; D = score_hi - best_hi
   2425   e2                SEX 2
   2426   ca 24 38          LBNZ NEGAMAX_HI_DIFF
                            ; High bytes equal, compare low
   2429   ea                SEX 10
   242a   88                GLO 8
   242b   5a                STR 10
   242c   8d                GLO 13
   242d   f5                SD                  ; D = score_lo - best_lo
   242e   e2                SEX 2
   242f   c2 24 cb          LBZ NEGAMAX_NEXT_MOVE       ; Equal, don't update (keep first move)
   2432   cb 24 44          LBNF NEGAMAX_SCORE_BETTER   ; DF=0: score > best
   2435   c0 24 cb          LBR NEGAMAX_NEXT_MOVE       ; DF=1: score < best
                        
   2438                 NEGAMAX_HI_DIFF:
   2438   cb 24 44          LBNF NEGAMAX_SCORE_BETTER   ; DF=0: score > best
   243b   c0 24 cb          LBR NEGAMAX_NEXT_MOVE       ; DF=1: score < best
                        
   243e                 NEGAMAX_DIFF_SIGN:
                            ; Different signs - positive number is greater
   243e   9d                GHI 13
   243f   fa 80             ANI $80
   2441   ca 24 cb          LBNZ NEGAMAX_NEXT_MOVE      ; Score negative, best positive - skip
                            ; Score positive/zero, best negative - update (fall through)
                        
   2444                 NEGAMAX_SCORE_BETTER:
                            ; Score is better, update best score in memory (R13 -> BEST_SCORE)
   2444   68 ca 64 0e       RLDI 10, BEST_SCORE_HI
   2448   9d                GHI 13              ; Score high byte
   2449   5a                STR 10
   244a   1a                INC 10
   244b   8d                GLO 13              ; Score low byte
   244c   5a                STR 10              ; BEST_SCORE = score
                        
                            ; Save node best move for TT (all plies)
   244d   68 ca 64 48       RLDI 10, CURRENT_PLY
   2451   0a                LDN 10              ; D = ply
   2452   fe                SHL                 ; D = ply * 2
   2453   aa                PLO 10
   2454   f8 67             LDI HIGH(NODE_BEST_MOVE)
   2456   ba                PHI 10              ; R10 = &NODE_BEST_MOVE[ply]
   2457   68 c7 64 09       RLDI 7, UNDO_FROM   ; RLDI preserves D!
   245b   47                LDA 7               ; D = from, R7 → UNDO_TO
   245c   5a                STR 10              ; NODE_BEST_MOVE[ply] = from
   245d   1a                INC 10
   245e   07                LDN 7               ; D = to
   245f   5a                STR 10              ; NODE_BEST_MOVE[ply+1] = to
                        
                            ; -----------------------------------------------
                            ; If at root (PLY == 0), save this move to BEST_MOVE
                            ; -----------------------------------------------
   2460   68 ca 64 48       RLDI 10, CURRENT_PLY
   2464   0a                LDN 10              ; Get current ply
   2465   ca 24 79          LBNZ NEGAMAX_UPDATE_ALPHA  ; Not at root, skip BEST_MOVE but still update alpha
                        
                            ; At root - save move to BEST_MOVE from UNDO_FROM/UNDO_TO
   2468   68 ca 64 09       RLDI 10, UNDO_FROM
   246c   4a                LDA 10              ; UNDO_FROM
   246d   b7                PHI 7               ; Temp
   246e   0a                LDN 10              ; UNDO_TO
   246f   a7                PLO 7               ; R7 = from/to
                        
   2470   68 ca 64 10       RLDI 10, BEST_MOVE
   2474   97                GHI 7
   2475   5a                STR 10              ; BEST_MOVE[0] = from
   2476   1a                INC 10
   2477   87                GLO 7
   2478   5a                STR 10              ; BEST_MOVE[1] = to
                        
                            ; Fall through to alpha update
                        
   2479                 NEGAMAX_UPDATE_ALPHA:
                            ; -----------------------------------------------
                            ; Update alpha: if (score > alpha) alpha = score
                            ; -----------------------------------------------
                            ; R13 = score (preserved from NEGAMAX_SCORE_BETTER entry)
                            ; Load alpha from memory into R8
   2479   68 ca 64 42       RLDI 10, ALPHA_HI
   247d   4a                LDA 10
   247e   b8                PHI 8               ; R8.1 = alpha_hi
   247f   0a                LDN 10
   2480   a8                PLO 8               ; R8 = alpha
                        
                            ; Signed compare: score (R13) > alpha (R8)?
   2481   68 ca 64 49       RLDI 10, COMPARE_TEMP
   2485   ea                SEX 10
                        
                            ; Check if signs differ
   2486   9d                GHI 13              ; score_hi
   2487   5a                STR 10
   2488   98                GHI 8               ; alpha_hi
   2489   f3                XOR
   248a   fa 80             ANI $80
   248c   e2                SEX 2
   248d   ca 24 ae          LBNZ NEGAMAX_ALPHA_DIFF_SIGN
                        
                            ; Same sign: score > alpha if (score - alpha) > 0
   2490   ea                SEX 10
   2491   98                GHI 8               ; alpha_hi
   2492   5a                STR 10
   2493   9d                GHI 13              ; score_hi
   2494   f5                SD                  ; D = score_hi - alpha_hi
   2495   e2                SEX 2
   2496   ca 24 a8          LBNZ NEGAMAX_ALPHA_HI_DIFF
                            ; High bytes equal, compare low
   2499   ea                SEX 10
   249a   88                GLO 8               ; alpha_lo
   249b   5a                STR 10
   249c   8d                GLO 13              ; score_lo
   249d   f5                SD                  ; D = score_lo - alpha_lo
   249e   e2                SEX 2
   249f   c2 24 cb          LBZ NEGAMAX_NEXT_MOVE           ; Equal, don't update
   24a2   cb 24 b4          LBNF NEGAMAX_ALPHA_DO_UPDATE    ; DF=0: score > alpha
   24a5   c0 24 cb          LBR NEGAMAX_NEXT_MOVE           ; DF=1: score < alpha
                        
   24a8                 NEGAMAX_ALPHA_HI_DIFF:
   24a8   cb 24 b4          LBNF NEGAMAX_ALPHA_DO_UPDATE    ; DF=0: score > alpha
   24ab   c0 24 cb          LBR NEGAMAX_NEXT_MOVE           ; DF=1: score < alpha
                        
   24ae                 NEGAMAX_ALPHA_DIFF_SIGN:
                            ; Different signs: positive > negative
   24ae   9d                GHI 13              ; score_hi
   24af   fa 80             ANI $80
   24b1   ca 24 cb          LBNZ NEGAMAX_NEXT_MOVE          ; Score negative, alpha positive - skip
                            ; Score positive, alpha negative - update (fall through)
                        
   24b4                 NEGAMAX_ALPHA_DO_UPDATE:
                            ; alpha = score
   24b4   68 ca 64 42       RLDI 10, ALPHA_HI
   24b8   9d                GHI 13
   24b9   5a                STR 10
   24ba   1a                INC 10
   24bb   8d                GLO 13
   24bc   5a                STR 10              ; ALPHA = score
                        
                            ; -- TT node flag: EXACT (PV node) --
   24bd   68 ca 64 48       RLDI 10, CURRENT_PLY
   24c1   0a                LDN 10
   24c2   fc d2             ADI LOW(NODE_TT_FLAGS)
   24c4   aa                PLO 10
   24c5   f8 64             LDI HIGH(NODE_TT_FLAGS)
   24c7   ba                PHI 10
   24c8   f8 01             LDI TT_FLAG_EXACT
   24ca   5a                STR 10
                        
   24cb                 NEGAMAX_NEXT_MOVE:
                            ; -----------------------------------------------
                            ; Increment LMR move counter (move was processed)
                            ; -----------------------------------------------
   24cb   68 ca 64 a3       RLDI 10, LMR_MOVE_INDEX
   24cf   0a                LDN 10
   24d0   fc 01             ADI 1
   24d2   5a                STR 10              ; LMR_MOVE_INDEX++
                        
                            ; -----------------------------------------------
                            ; Decrement move counter and continue loop
                            ; -----------------------------------------------
   24d3   68 ca 64 48       RLDI 10, CURRENT_PLY
   24d7   0a                LDN 10             ; D = ply
   24d8   fc ef             ADI LOW(LOOP_MOVE_CNT)
   24da   aa                PLO 10
   24db   f8 64             LDI HIGH(LOOP_MOVE_CNT)
   24dd   ba                PHI 10             ; R10 = &LOOP_MOVE_CNT[ply]
   24de   0a                LDN 10             ; D = move count
   24df   ff 01             SMI 1              ; Decrement
   24e1   5a                STR 10             ; LOOP_MOVE_CNT[ply]-- (D still holds new value)
   24e2   c2 24 e8          LBZ NEGAMAX_LOOP_DONE ; If count == 0, exit loop (long branch)
   24e5   c0 1f 90          LBR NEGAMAX_MOVE_LOOP
                        
   24e8                 NEGAMAX_LOOP_DONE:
                            ; Count (now in LOOP_MOVE_CNT[ply], not the stack) reached 0.
                            ; R2 was never perturbed by count management — no stack re-sync needed.
                        
                            ; Check if any legal move updated BEST_SCORE.
                            ; If BEST_SCORE is still $8001 (initial sentinel), no legal move
                            ; was found - all pseudo-legal moves left king in check.
                            ; This is checkmate or stalemate; handle via NEGAMAX_NO_MOVES.
                            ; (R2 is at the function-entry position; count is in LOOP_MOVE_CNT, not stack)
   24e8   68 ca 64 0e       RLDI 10, BEST_SCORE_HI
   24ec   4a                LDA 10              ; D = BEST_SCORE_HI
   24ed   fb 80             XRI $80
   24ef   ca 24 fb          LBNZ NEGAMAX_RETURN ; BEST_SCORE_HI != $80 → a legal move was scored
   24f2   0a                LDN 10              ; D = BEST_SCORE_LO
   24f3   fb 01             XRI $01
   24f5   ca 24 fb          LBNZ NEGAMAX_RETURN ; BEST_SCORE_LO != $01 → a legal move was scored
                        
                            ; BEST_SCORE == $8001: no legal move improved the sentinel.
                            ; All pseudo-legal moves were illegal → checkmate or stalemate.
   24f8   c0 25 4c          LBR NEGAMAX_NO_MOVES
                        
   24fb                 NEGAMAX_RETURN:
                            ; -----------------------------------------------
                            ; Return best score (from BEST_SCORE memory) via R9
                            ; -----------------------------------------------
                            ; Move count now lives in LOOP_MOVE_CNT[ply], never on the stack, so R2
                            ; is already at the function-entry position here — no count byte to pop.
                            ; (Was: IRX to skip a stack-resident move count. See LOOP_MOVE_CNT.)
                        
                            ; Copy BEST_SCORE to SCORE memory BEFORE restore (RESTORE clobbers R9!)
                            ; Best score is in BEST_SCORE_HI/LO, copy to SCORE_HI/LO for return
   24fb   68 ca 64 0e       RLDI 10, BEST_SCORE_HI
   24ff   4a                LDA 10              ; BEST_SCORE_HI
   2500   b8                PHI 8               ; Temp in R8.1
   2501   0a                LDN 10              ; BEST_SCORE_LO
   2502   a8                PLO 8               ; Temp in R8.0
                        
   2503   68 ca 64 46       RLDI 10, SCORE_HI
   2507   98                GHI 8               ; Best score high byte
   2508   5a                STR 10
   2509   1a                INC 10
   250a   88                GLO 8               ; Best score low byte
   250b   5a                STR 10
                        
                            ; -----------------------------------------------
                            ; Store result in Transposition Table
                            ; -----------------------------------------------
                            ; Hash is updated incrementally in MAKE/UNMAKE_MOVE,
                            ; so TT works correctly at all nodes.
                        
                            ; TT_STORE expects: D = depth, R8.0 = flag, SCORE_HI/LO and BEST_MOVE set
                            ; -- Load TT node flag for current ply --
   250c   68 ca 64 48       RLDI 10, CURRENT_PLY
   2510   0a                LDN 10
   2511   fc d2             ADI LOW(NODE_TT_FLAGS)
   2513   aa                PLO 10
   2514   f8 64             LDI HIGH(NODE_TT_FLAGS)
   2516   ba                PHI 10
   2517   0a                LDN 10              ; D = flag
   2518   a8                PLO 8               ; R8.0 = flag
   2519   68 ca 64 17       RLDI 10, SEARCH_DEPTH + 1
   251d   0a                LDN 10              ; D = depth (low byte = actual depth)
   251e   d4 57 a8          CALL TT_STORE
                        
                            ; Restore caller's context (clobbers R7, R8, R9, R11, R12)
   2521   d4 00 54          CALL RESTORE_PLY_STATE
                        
                            ; Load return value back into R9 AFTER restore
                            ; Big-endian: load high byte from lower address first
   2524   68 ca 64 46       RLDI 10, SCORE_HI
   2528   4a                LDA 10              ; SCORE_HI -> high byte
   2529   b9                PHI 9
   252a   0a                LDN 10              ; SCORE_LO -> low byte
   252b   a9                PLO 9
                        
   252c   d5                RETN
                        
   252d                 NEGAMAX_LEAF:
                            ; -----------------------------------------------
                            ; Leaf node - do quiescence search
                            ; -----------------------------------------------
   252d   d4 25 9b          CALL QUIESCENCE_SEARCH
                            ; Returns score in R9 (already from side-to-move's perspective)
                        
                            ; DIAG stamp (2026-07-17 hang hunt): leaf bookkeeping after QSEARCH.
   2530   68 ca 64 1d       RLDI 10, TRACE_WHERE
   2534   f8 a6             LDI $A6
   2536   5a                STR 10              ; tracer: back from QSEARCH (R10 reloaded below)
                        
                            ; Save return value to SCORE memory BEFORE restore (RESTORE clobbers R9!)
                            ; Big-endian: store high byte at lower address (SCORE_HI), low at SCORE_LO
   2537   68 ca 64 46       RLDI 10, SCORE_HI
   253b   99                GHI 9               ; Score high byte first
   253c   5a                STR 10
   253d   1a                INC 10
   253e   89                GLO 9               ; Score low byte second
   253f   5a                STR 10
                        
                            ; Restore caller's context (clobbers R7, R8, R9, R11, R12)
   2540   d4 00 54          CALL RESTORE_PLY_STATE
                        
                            ; Load return value back into R9 AFTER restore
                            ; Big-endian: load high byte from lower address first
   2543   68 ca 64 46       RLDI 10, SCORE_HI
   2547   4a                LDA 10              ; SCORE_HI -> high byte
   2548   b9                PHI 9
   2549   0a                LDN 10              ; SCORE_LO -> low byte
   254a   a9                PLO 9
                        
   254b   d5                RETN
                        
   254c                 NEGAMAX_NO_MOVES:
                            ; -----------------------------------------------
                            ; No legal moves - checkmate or stalemate
                            ; -----------------------------------------------
                            ; Check if in check
   254c   d4 01 8e          CALL IS_IN_CHECK
                            ; Returns: D = 1 if in check, 0 if not
                        
   254f   c2 25 81          LBZ NEGAMAX_STALEMATE   ; Long branch - may cross page
                        
                            ; Checkmate - return mate-score adjusted by ply so shorter mates score higher.
                            ; Formula: score = -MATE_VAL + ply  (standard negamax mate convention)
                            ; The mated side's score is "less negative" the farther from root we are,
                            ; so after the negation chain back to root, the side delivering the mate
                            ; sees a HIGHER score for SHORTER mate sequences (mate-in-1 > mate-in-2 > ...).
                            ;
                            ; FIXED 2026-04-27: previously used SEARCH_DEPTH+1 (depth_remaining), which
                            ; INVERTED the preference — engine consistently picked longer mates over
                            ; shorter ones at d>=3. Manifested visibly only after 2271af2 enabled real
                            ; promotions (positions with multiple forced-mate sequences became reachable).
                            ;
                            ; NOTE: Use $8001 (-32767) not $8000 (-32768) to avoid overflow when negating!
                            ; -(-32768) = -32768 due to two's complement overflow, breaking score propagation!
   2552   f8 80             LDI $80
   2554   b9                PHI 9
   2555   f8 01             LDI $01
   2557   a9                PLO 9              ; R9 = -32767 (R6 is SCRT linkage - off limits!)
                        
                            ; Add ply (distance from root) so shorter mates score higher
   2558   68 cd 64 48       RLDI 13, CURRENT_PLY
   255c   0d                LDN 13              ; D = current ply (0 at root, increases with depth)
                            ; Use COMPARE_TEMP for ADD scratch (NEVER use STR 2!)
   255d   68 ca 64 49       RLDI 10, COMPARE_TEMP
   2561   ea                SEX 10
   2562   5a                STR 10
   2563   89                GLO 9
   2564   f4                ADD
   2565   e2                SEX 2
   2566   a9                PLO 9
                            ; High byte stays same (adding small depth won't overflow)
                        
                            ; Store checkmate score to BEST_SCORE memory for return
   2567   68 ca 64 0e       RLDI 10, BEST_SCORE_HI
   256b   99                GHI 9               ; Score high byte
   256c   5a                STR 10
   256d   1a                INC 10
   256e   89                GLO 9               ; Score low byte
   256f   5a                STR 10
                        
                            ; -- TT node flag: EXACT (checkmate) --
   2570   68 ca 64 48       RLDI 10, CURRENT_PLY
   2574   0a                LDN 10
   2575   fc d2             ADI LOW(NODE_TT_FLAGS)
   2577   aa                PLO 10
   2578   f8 64             LDI HIGH(NODE_TT_FLAGS)
   257a   ba                PHI 10
   257b   f8 01             LDI TT_FLAG_EXACT
   257d   5a                STR 10
                        
   257e   c0 24 fb          LBR NEGAMAX_RETURN
                        
   2581                 NEGAMAX_STALEMATE:
                            ; Stalemate - return 0 (draw)
                            ; Store 0 to BEST_SCORE memory for return
   2581   68 ca 64 0e       RLDI 10, BEST_SCORE_HI
   2585   f8 00             LDI 0
   2587   5a                STR 10              ; BEST_SCORE_HI = 0
   2588   1a                INC 10
   2589   5a                STR 10              ; BEST_SCORE_LO = 0
                        
                            ; -- TT node flag: EXACT (stalemate) --
   258a   68 ca 64 48       RLDI 10, CURRENT_PLY
   258e   0a                LDN 10
   258f   fc d2             ADI LOW(NODE_TT_FLAGS)
   2591   aa                PLO 10
   2592   f8 64             LDI HIGH(NODE_TT_FLAGS)
   2594   ba                PHI 10
   2595   f8 01             LDI TT_FLAG_EXACT
   2597   5a                STR 10
                        
   2598   c0 24 fb          LBR NEGAMAX_RETURN
                        
                        ; ==============================================================================
                        ; QUIESCENCE_SEARCH - Search captures at leaf nodes
                        ; ==============================================================================
                        ; Avoids horizon effect by extending search for captures
                        ; Input:  C = color (0 for white, 8 for black - matches COLOR_MASK)
                        ;         A = board pointer
                        ; Output: R9 = best score (from side-to-move's perspective)
                        ; NOTE:   R6 is SCRT linkage register - off limits for application data!
                        ; ==============================================================================
   259b                 QUIESCENCE_SEARCH:
                            ; Ensure X=2 for stack operations
   259b   e2                SEX 2
                        
   259c   68 ca 64 1d       RLDI 10, TRACE_WHERE
   25a0   f8 c1             LDI $C1
   25a2   5a                STR 10              ; tracer: in QSEARCH
                        
                            ; Stack overflow detection (see NEGAMAX comment).
   25a3   d4 00 87          CALL CHECK_STACK_OVERFLOW
                        
                            ; Stand-pat: evaluate current position
   25a6   d4 0e a7          CALL EVALUATE
                            ; Returns score in R9 (from white's perspective)
                        
                            ; DIAG stamp (2026-07-17 hang hunt): QS stand-pat/capture-gen window.
   25a9   68 ca 64 1d       RLDI 10, TRACE_WHERE
   25ad   f8 c2             LDI $C2
   25af   5a                STR 10              ; tracer: QS post-eval (R10 reloaded below)
                        
                            ; Negate R9 if black to move (white-perspective → side-to-move)
   25b0   8c                GLO 12
   25b1   fa 08             ANI $08
   25b3   c2 25 be          LBZ QS_SAVE_STANDPAT
   25b6   89                GLO 9               ; low byte
   25b7   fd 00             SDI 0               ; negate low
   25b9   a9                PLO 9
   25ba   99                GHI 9               ; high byte
   25bb   7d 00             SDBI 0              ; negate high with borrow
   25bd   b9                PHI 9
                        
   25be                 QS_SAVE_STANDPAT:
                            ; Save stand-pat score to QS_BEST_HI/LO
   25be   68 ca 64 18       RLDI 10, QS_BEST_HI
   25c2   99                GHI 9               ; high byte → QS_BEST_HI (lower address)
   25c3   5a                STR 10
   25c4   1a                INC 10
   25c5   89                GLO 9               ; low byte → QS_BEST_LO (higher address)
   25c6   5a                STR 10
                        
                            ; -----------------------------------------------
                            ; Stand-pat beta cutoff: if stand-pat >= beta, return
                            ; (Position is already good enough, no need to search captures)
                            ; -----------------------------------------------
                            ; Load beta from memory (big-endian: HI at lower address)
   25c7   68 ca 64 44       RLDI 10, BETA_HI
   25cb   4a                LDA 10              ; beta high
   25cc   b7                PHI 7
   25cd   0a                LDN 10              ; beta low
   25ce   a7                PLO 7               ; R7 = beta
                        
                            ; Compare: stand-pat (R9) >= beta (R7)?
                            ; Signed comparison using COMPARE_TEMP
   25cf   68 ca 64 49       RLDI 10, COMPARE_TEMP
   25d3   ea                SEX 10
   25d4   99                GHI 9               ; stand-pat high
   25d5   5a                STR 10
   25d6   97                GHI 7               ; beta high
   25d7   f3                XOR
   25d8   fa 80             ANI $80             ; Check if different signs
   25da   e2                SEX 2
   25db   ca 25 ee          LBNZ QS_BETA_DIFF_SIGN
                        
                            ; Same sign - compare magnitudes
                            ; stand-pat >= beta means stand-pat - beta >= 0, i.e., no borrow
   25de   ea                SEX 10
   25df   87                GLO 7               ; beta low
   25e0   5a                STR 10
   25e1   89                GLO 9               ; stand-pat low
   25e2   f7                SM                  ; D = stand-pat_lo - beta_lo
   25e3   97                GHI 7               ; beta high
   25e4   5a                STR 10
   25e5   99                GHI 9               ; stand-pat high
   25e6   77                SMB                 ; D = stand-pat_hi - beta_hi - borrow
   25e7   e2                SEX 2
   25e8   c3 28 49          LBDF QS_RETURN      ; No borrow = stand-pat >= beta, cutoff!
   25eb   c0 25 f4          LBR QS_NO_BETA_CUTOFF
                        
   25ee                 QS_BETA_DIFF_SIGN:
                            ; Different signs: positive >= negative always
                            ; stand-pat positive (bit 7 = 0) means stand-pat >= beta
   25ee   99                GHI 9
   25ef   fa 80             ANI $80
   25f1   c2 28 49          LBZ QS_RETURN       ; stand-pat positive, beta negative -> cutoff
                        
   25f4                 QS_NO_BETA_CUTOFF:
                            ; -----------------------------------------------
                            ; Alpha update: if stand-pat > alpha, alpha = stand-pat
                            ; (Tightens window, makes beta cutoffs more likely)
                            ; -----------------------------------------------
                            ; Load alpha (R9 still has stand-pat)
   25f4   68 ca 64 42       RLDI 10, ALPHA_HI
   25f8   4a                LDA 10              ; alpha high
   25f9   b7                PHI 7
   25fa   0a                LDN 10              ; alpha low
   25fb   a7                PLO 7               ; R7 = alpha
                        
                            ; Compare: stand-pat (R9) > alpha (R7)?
   25fc   68 ca 64 49       RLDI 10, COMPARE_TEMP
   2600   ea                SEX 10
   2601   99                GHI 9
   2602   5a                STR 10
   2603   97                GHI 7
   2604   f3                XOR
   2605   fa 80             ANI $80
   2607   e2                SEX 2
   2608   ca 26 23          LBNZ QS_ALPHA_DIFF_SIGN
                        
                            ; Same sign - R9 > R7 means R9 - R7 > 0 (positive, no borrow, not zero)
   260b   ea                SEX 10
   260c   87                GLO 7
   260d   5a                STR 10
   260e   89                GLO 9
   260f   f7                SM                  ; D = stand-pat_lo - alpha_lo
   2610   b8                PHI 8               ; Save low result
   2611   97                GHI 7
   2612   5a                STR 10
   2613   99                GHI 9
   2614   77                SMB                 ; D = stand-pat_hi - alpha_hi - borrow
   2615   e2                SEX 2
   2616   cb 26 32          LBNF QS_NO_ALPHA_UPDATE  ; Borrow = stand-pat <= alpha
   2619   ca 26 29          LBNZ QS_UPDATE_ALPHA     ; High diff non-zero and positive
   261c   98                GHI 8                    ; Check low diff
   261d   c2 26 32          LBZ QS_NO_ALPHA_UPDATE   ; Both zero = equal, don't update
   2620   c0 26 29          LBR QS_UPDATE_ALPHA
                        
   2623                 QS_ALPHA_DIFF_SIGN:
                            ; Different signs: positive > negative
   2623   99                GHI 9
   2624   fa 80             ANI $80
   2626   ca 26 32          LBNZ QS_NO_ALPHA_UPDATE  ; stand-pat negative, alpha positive
                            ; stand-pat positive, alpha negative -> update
                        
   2629                 QS_UPDATE_ALPHA:
                            ; alpha = stand-pat
   2629   68 ca 64 42       RLDI 10, ALPHA_HI
   262d   99                GHI 9
   262e   5a                STR 10
   262f   1a                INC 10
   2630   89                GLO 9
   2631   5a                STR 10
                        
   2632                 QS_NO_ALPHA_UPDATE:
                            ; -----------------------------------------------
                            ; Delta pruning: if stand-pat + QUEEN_VALUE < alpha, return alpha
                            ; (Even capturing a queen can't raise alpha - futile to search)
                            ; -----------------------------------------------
                            ; Load alpha from memory (big-endian: HI at lower address)
   2632   68 ca 64 42       RLDI 10, ALPHA_HI
   2636   4a                LDA 10              ; alpha high
   2637   b7                PHI 7
   2638   0a                LDN 10              ; alpha low
   2639   a7                PLO 7               ; R7 = alpha
                        
                            ; Calculate stand-pat + QUEEN_VALUE (900 = $0384)
                            ; R9 = stand-pat, add 900
   263a   89                GLO 9
   263b   fc 84             ADI LOW(900)        ; Add low byte of 900 ($84)
   263d   a8                PLO 8
   263e   99                GHI 9
   263f   7c 03             ADCI HIGH(900)      ; Add high byte of 900 ($03) + carry
   2641   b8                PHI 8               ; R8 = stand-pat + 900
                        
                            ; Compare: (stand-pat + 900) < alpha?
                            ; If R8 < R7, then delta prune
   2642   68 ca 64 49       RLDI 10, COMPARE_TEMP
   2646   ea                SEX 10
   2647   98                GHI 8               ; (stand-pat + 900) high
   2648   5a                STR 10
   2649   97                GHI 7               ; alpha high
   264a   f3                XOR
   264b   fa 80             ANI $80             ; Check if different signs
   264d   e2                SEX 2
   264e   ca 26 61          LBNZ QS_DELTA_DIFF_SIGN
                        
                            ; Same sign - compare: R8 < R7 means R8 - R7 has borrow
   2651   ea                SEX 10
   2652   87                GLO 7               ; alpha low
   2653   5a                STR 10
   2654   88                GLO 8               ; (stand-pat + 900) low
   2655   f7                SM                  ; D = (sp+900)_lo - alpha_lo
   2656   97                GHI 7               ; alpha high
   2657   5a                STR 10
   2658   98                GHI 8               ; (stand-pat + 900) high
   2659   77                SMB                 ; D = (sp+900)_hi - alpha_hi - borrow
   265a   e2                SEX 2
   265b   cb 26 67          LBNF QS_DELTA_PRUNE ; Borrow = (stand-pat + 900) < alpha, prune!
   265e   c0 26 6c          LBR QS_NO_DELTA_PRUNE
                        
   2661                 QS_DELTA_DIFF_SIGN:
                            ; Different signs: negative < positive always
                            ; (stand-pat + 900) negative means it's < alpha (if alpha positive)
   2661   98                GHI 8
   2662   fa 80             ANI $80
   2664   c2 26 6c          LBZ QS_NO_DELTA_PRUNE ; (stand-pat + 900) positive -> no prune
                        
   2667                 QS_DELTA_PRUNE:
                            ; Return alpha (in R7) - we're too far behind
   2667   97                GHI 7
   2668   b9                PHI 9
   2669   87                GLO 7
   266a   a9                PLO 9               ; R9 = alpha
   266b   d5                RETN
                        
   266c                 QS_NO_DELTA_PRUNE:
                            ; Generate all moves (use QS_MOVE_LIST to avoid clobbering parent's move list!)
   266c   68 c9 67 80       RLDI 9, QS_MOVE_LIST
   2670   d4 04 d7          CALL GENERATE_MOVES
                            ; D = move count
                        
                            ; Save move count to temp (must clear R15.1 to avoid DEC underflow!)
   2673   af                PLO 15              ; R15.0 = move count (temp)
   2674   f8 00             LDI 0
   2676   bf                PHI 15              ; R15.1 = 0 (prevents underflow when DEC 15)
                        
                            ; Save move list start pointer (big-endian: high byte first)
   2677   68 ca 64 1a       RLDI 10, QS_MOVE_PTR_HI
   267b   f8 67             LDI HIGH(QS_MOVE_LIST)
   267d   5a                STR 10
   267e   1a                INC 10
   267f   f8 80             LDI LOW(QS_MOVE_LIST)
   2681   5a                STR 10
                        
                            ; Initialize capture limit counter
   2682   f8 08             LDI 8                   ; QS_CAPTURE_LIMIT = 8 captures max
   2684   bb                PHI 11                  ; R11.1 = captures remaining
                        
   2685                 QS_LOOP:
   2685   3f 89             BN4  BRK_QS_LOOP      ; /EF4 break trap (DEBUG)
   2687   79                MARK
   2688   d1                SEP  1
   2689                 BRK_QS_LOOP:
                            ; Check if any moves left
   2689   8f                GLO 15
   268a   c2 28 49          LBZ QS_RETURN
                        
                            ; Load move list pointer (big-endian: high byte first)
   268d   68 ca 64 1a       RLDI 10, QS_MOVE_PTR_HI
   2691   4a                LDA 10              ; High byte
   2692   b9                PHI 9
   2693   0a                LDN 10              ; Low byte
   2694   a9                PLO 9               ; R9 = move pointer
                        
                            ; Load encoded move (big-endian: high byte first)
   2695   49                LDA 9
   2696   b8                PHI 8
   2697   49                LDA 9
   2698   a8                PLO 8               ; R8 = encoded move
                        
                            ; Save updated pointer (big-endian: high byte first)
   2699   68 ca 64 1a       RLDI 10, QS_MOVE_PTR_HI
   269d   99                GHI 9
   269e   5a                STR 10
   269f   1a                INC 10
   26a0   89                GLO 9
   26a1   5a                STR 10
                        
                            ; Decrement move count
   26a2   2f                DEC 15
                        
                            ; Decode move to get from/to squares
   26a3   d4 03 c7          CALL DECODE_MOVE_16BIT
                            ; R13.1 = from, R13.0 = to (R14.0 = flags - but we don't use it)
                        
                            ; Check if this is a capture: target square must have enemy piece
   26a6   f8 60             LDI HIGH(BOARD)
   26a8   ba                PHI 10
   26a9   8d                GLO 13              ; to square
   26aa   aa                PLO 10
   26ab   0a                LDN 10              ; piece at target
   26ac   c2 26 85          LBZ QS_LOOP         ; Empty = not a capture, skip
                        
                            ; Has piece - check if enemy color
   26af   fa 08             ANI COLOR_MASK      ; D = target piece color (0 or 8)
                            ; Use COMPARE_TEMP for XOR scratch (NEVER use STR 2!)
   26b1   68 ca 64 49       RLDI 10, COMPARE_TEMP
   26b5   ea                SEX 10
   26b6   5a                STR 10              ; Store target color to COMPARE_TEMP
   26b7   8c                GLO 12              ; D = our color (0 or 8, per COLOR_MASK)
   26b8   fa 08             ANI COLOR_MASK      ; D = our color masked (0 or 8)
   26ba   f3                XOR                 ; D = our_color XOR target_color
   26bb   e2                SEX 2
   26bc   c2 26 85          LBZ QS_LOOP         ; Same color (result 0) = own piece, skip
                        
                            ; -------------------------------------------------
                            ; Per-capture delta pruning:
                            ; If stand_pat + victim_value < alpha, skip capture
                            ; (Even capturing this piece won't raise score above alpha)
                            ; -------------------------------------------------
                            ; Reload victim piece and extract type
   26bf   f8 60             LDI HIGH(BOARD)
   26c1   ba                PHI 10
   26c2   8d                GLO 13              ; to square (preserved in R13.0)
   26c3   aa                PLO 10
   26c4   0a                LDN 10              ; piece at target
   26c5   fa 07             ANI $07             ; D = piece type (1-6)
                        
                            ; Look up value: PIECE_VALUES + type*2
   26c7   fe                SHL                 ; D = type * 2
   26c8   fc f3             ADI LOW(PIECE_VALUES)
   26ca   aa                PLO 10
   26cb   f8 0d             LDI HIGH(PIECE_VALUES)
   26cd   7c 00             ADCI 0
   26cf   ba                PHI 10              ; R10 = &PIECE_VALUES[type]
                        
   26d0   4a                LDA 10              ; victim value high
   26d1   b8                PHI 8
   26d2   0a                LDN 10              ; victim value low
   26d3   a8                PLO 8               ; R8 = victim_value
                        
                            ; Load stand_pat from QS_BEST
   26d4   68 ca 64 18       RLDI 10, QS_BEST_HI
   26d8   4a                LDA 10
   26d9   b7                PHI 7
   26da   0a                LDN 10
   26db   a7                PLO 7               ; R7 = stand_pat
                        
                            ; R7 = stand_pat + victim_value
   26dc   88                GLO 8
   26dd   52                STR 2               ; Use stack top as temp
   26de   87                GLO 7
   26df   f4                ADD
   26e0   a7                PLO 7
   26e1   98                GHI 8
   26e2   52                STR 2
   26e3   97                GHI 7
   26e4   74                ADC
   26e5   b7                PHI 7               ; R7 = stand_pat + victim_value
                        
                            ; Load alpha
   26e6   68 ca 64 42       RLDI 10, ALPHA_HI
   26ea   4a                LDA 10
   26eb   b8                PHI 8
   26ec   0a                LDN 10
   26ed   a8                PLO 8               ; R8 = alpha
                        
                            ; Compare: (stand_pat + victim) < alpha?
                            ; If R7 < R8, skip this capture
   26ee   68 ca 64 49       RLDI 10, COMPARE_TEMP
   26f2   ea                SEX 10
   26f3   97                GHI 7               ; (stand_pat + victim) high
   26f4   5a                STR 10
   26f5   98                GHI 8               ; alpha high
   26f6   f3                XOR
   26f7   fa 80             ANI $80             ; Check if different signs
   26f9   e2                SEX 2
   26fa   ca 27 0d          LBNZ QS_DELTA_DIFF_SIGN2
                        
                            ; Same sign: R7 < R8 means R7 - R8 has borrow
   26fd   ea                SEX 10
   26fe   88                GLO 8               ; alpha low
   26ff   5a                STR 10
   2700   87                GLO 7               ; (stand_pat + victim) low
   2701   f7                SM                  ; D = (sp+v)_lo - alpha_lo
   2702   98                GHI 8               ; alpha high
   2703   5a                STR 10
   2704   97                GHI 7               ; (stand_pat + victim) high
   2705   77                SMB                 ; D = (sp+v)_hi - alpha_hi - borrow
   2706   e2                SEX 2
   2707   cb 26 85          LBNF QS_LOOP        ; Borrow = (stand_pat + victim) < alpha, skip!
   270a   c0 27 13          LBR QS_DELTA_NO_PRUNE
                        
   270d                 QS_DELTA_DIFF_SIGN2:
                            ; Different signs: negative < positive always
                            ; (stand_pat + victim) negative means it's < alpha (if alpha positive)
   270d   97                GHI 7
   270e   fa 80             ANI $80
   2710   ca 26 85          LBNZ QS_LOOP        ; (stand_pat + victim) negative -> skip capture
                        
   2713                 QS_DELTA_NO_PRUNE:
                            ; -------------------------------------------------
                            ; End per-capture delta pruning
                            ; -------------------------------------------------
                        
                            ; It's a capture! Process it.
                            ; Save move count to stack (BOTH bytes! IS_IN_CHECK clobbers R15.1)
   2713   9f                GHI 15
   2714   73                STXD
   2715   8f                GLO 15
   2716   73                STXD
                        
                            ; ===============================================================
                            ; QSEARCH defender-check pre-filter (added 2026-05-07)
                            ; ===============================================================
                            ; QSEARCH lacks recursion: each capture is evaluated as if its
                            ; recapture won't happen. This causes phantom material wins when
                            ; we capture a defended piece with a more valuable attacker.
                            ;
                            ; Filter: if captor_value > victim_value AND target is defended
                            ; by enemy, skip this capture entirely. Single-level defender
                            ; check; doesn't see exchange chains, but catches the dominant
                            ; bug class (e.g., Bxg6 when h7-pawn defends).
                            ;
                            ; Empirical motivation (2026-05-07): post-Kxf7 d=1 returned +220cp
                            ; bestmove d3g6 (Bxg6) despite h7 pawn obviously recapturing —
                            ; QSEARCH saw bishop "win" but not the recapture.
                            ; ===============================================================
                        
                            ; Load victim_value from board[to_square]
   2717   f8 60             LDI HIGH(BOARD)
   2719   ba                PHI 10
   271a   8d                GLO 13                          ; to square
   271b   aa                PLO 10
   271c   0a                LDN 10
   271d   fa 07             ANI $07                         ; victim piece type 1-6
   271f   fe                SHL                             ; * 2 for 16-bit table
   2720   fc f3             ADI LOW(PIECE_VALUES)
   2722   aa                PLO 10
   2723   f8 0d             LDI HIGH(PIECE_VALUES)
   2725   7c 00             ADCI 0
   2727   ba                PHI 10
   2728   4a                LDA 10                          ; victim_value hi
   2729   b8                PHI 8
   272a   0a                LDN 10                          ; victim_value lo
   272b   a8                PLO 8                           ; R8 = victim_value
                        
                            ; Load captor_value from board[from_square]
   272c   f8 60             LDI HIGH(BOARD)
   272e   ba                PHI 10
   272f   9d                GHI 13                          ; from square
   2730   aa                PLO 10
   2731   0a                LDN 10
   2732   fa 07             ANI $07                         ; captor piece type 1-6
   2734   fe                SHL
   2735   fc f3             ADI LOW(PIECE_VALUES)
   2737   aa                PLO 10
   2738   f8 0d             LDI HIGH(PIECE_VALUES)
   273a   7c 00             ADCI 0
   273c   ba                PHI 10
   273d   4a                LDA 10                          ; captor_value hi
   273e   b7                PHI 7
   273f   0a                LDN 10                          ; captor_value lo
   2740   a7                PLO 7                           ; R7 = captor_value
                        
                            ; Compare: victim - captor (16-bit signed). DF=1 if victim >= captor.
   2741   87                GLO 7
   2742   52                STR 2                           ; M(R2) = captor_lo
   2743   88                GLO 8
   2744   f7                SM                              ; D = victim_lo - captor_lo
   2745   97                GHI 7
   2746   52                STR 2                           ; M(R2) = captor_hi
   2747   98                GHI 8
   2748   77                SMB                             ; D = victim_hi - captor_hi - borrow
   2749   c3 27 64          LBDF QS_DEF_OK                  ; victim >= captor: no filter
                        
                            ; Captor > victim. Check if target square is defended by enemy.
                            ; Save R11.1 (capture limit) and R13 (from/to) — IS_SQUARE_ATTACKED
                            ; restores R11.0 and R12.0 but clobbers everything else including
                            ; R13 and R15.0.
   274c   9b                GHI 11
   274d   73                STXD                            ; push capture limit
   274e   9d                GHI 13
   274f   73                STXD                            ; push from
   2750   8d                GLO 13
   2751   73                STXD                            ; push to
                        
                            ; Set R11.0 = target square, R12.0 already = our color
   2752   8d                GLO 13
   2753   ab                PLO 11
   2754   d4 01 a4          CALL IS_SQUARE_ATTACKED
   2757   a7                PLO 7                           ; R7.0 = result (0=safe, 1=attacked)
   2758   e2                SEX 2                           ; Defensive: ensure X=2 for following pop
                        
                            ; Restore saved state
   2759   60                IRX
   275a   72                LDXA                            ; pop to → R13.0
   275b   ad                PLO 13
   275c   72                LDXA                            ; pop from → R13.1
   275d   bd                PHI 13
   275e   f0                LDX                             ; pop capture limit → R11.1
   275f   bb                PHI 11
                        
   2760   87                GLO 7
   2761   ca 27 97          LBNZ QS_DEF_SKIP                ; defended: filter fires, skip capture
                        
   2764                 QS_DEF_OK:
                            ; ===============================================================
                            ; End QSEARCH defender-check pre-filter
                            ; ===============================================================
                        
                            ; Store from/to for MAKE_MOVE
   2764   68 ca 64 02       RLDI 10, MOVE_FROM
   2768   9d                GHI 13              ; from
   2769   5a                STR 10
   276a   1a                INC 10
   276b   8d                GLO 13              ; to
   276c   5a                STR 10
                        
                            ; Set UNDO_PROMOTION based on move flags (capture-promotions)
   276d   68 ca 64 04       RLDI 10, UNDO_PROMOTION
   2771   68 cd 64 05       RLDI 13, DECODED_FLAGS
   2775   0d                LDN 13              ; D = flags
   2776   fb 03             XRI MOVE_PROMOTION  ; == $03?
   2778   ca 27 80          LBNZ QS_NOT_PROMO
   277b   f8 05             LDI QUEEN_TYPE      ; Promote to queen ($05)
   277d   c0 27 82          LBR QS_SET_PROMO
   2780                 QS_NOT_PROMO:
   2780   f8 00             LDI 0               ; Not a promotion
   2782                 QS_SET_PROMO:
   2782   5a                STR 10              ; UNDO_PROMOTION = QUEEN_TYPE or 0
                        
                            ; Make move
   2783   d4 09 bb          CALL MAKE_MOVE
                        
                            ; -----------------------------------------------
                            ; LEGALITY CHECK: Does this capture leave our king in check?
                            ; MAKE_MOVE does NOT toggle R12 - only SIDE in memory.
                            ; R12 still contains our color (the side that just moved).
                            ; -----------------------------------------------
   2786   d4 01 8e          CALL IS_IN_CHECK
                            ; D = 1 if our king is in check (illegal), 0 if safe
                        
   2789   c2 27 9f          LBZ QS_CAPTURE_LEGAL  ; D=0 means not in check, capture is legal
                        
                            ; ILLEGAL CAPTURE: Unmake and skip to next capture
   278c   d4 0c 2e          CALL UNMAKE_MOVE
                        
                            ; R12 stays as our color (UNMAKE_MOVE doesn't toggle R12)
                        
                            ; Restore move count from stack and continue loop (both bytes)
   278f   60                IRX
   2790   72                LDXA
   2791   af                PLO 15              ; R15.0 = move count low
   2792   f0                LDX
   2793   bf                PHI 15              ; R15.1 = move count high (0)
   2794   c0 26 85          LBR QS_LOOP         ; Skip this illegal capture, try next
                        
   2797                 QS_DEF_SKIP:
                            ; Defender-check filter fired: skip capture WITHOUT make/unmake.
                            ; Pop R15 (saved before our filter ran) and continue.
   2797   60                IRX
   2798   72                LDXA
   2799   af                PLO 15              ; R15.0 = move count low
   279a   f0                LDX
   279b   bf                PHI 15              ; R15.1 = move count high (0)
   279c   c0 26 85          LBR QS_LOOP
                        
   279f                 QS_CAPTURE_LEGAL:
                            ; Check capture limit - decrement and bail if exhausted
   279f   9b                GHI 11                  ; D = captures remaining
   27a0   c2 28 41          LBZ QS_CAPTURE_LIMIT_HIT ; Already at 0, don't process more
   27a3   ff 01             SMI 1
   27a5   bb                PHI 11                  ; R11.1 = captures remaining - 1
                        
                            ; Evaluate position after capture
   27a6   d4 0e a7          CALL EVALUATE
                            ; Score in R9 (from white's perspective)
                        
                            ; Negate R9 if black to move (white-perspective → side-to-move)
   27a9   8c                GLO 12
   27aa   fa 08             ANI $08
   27ac   c2 27 b7          LBZ QS_NO_NEG
   27af   89                GLO 9               ; low byte
   27b0   fd 00             SDI 0               ; negate low
   27b2   a9                PLO 9
   27b3   99                GHI 9               ; high byte
   27b4   7d 00             SDBI 0              ; negate high with borrow
   27b6   b9                PHI 9
   27b7                 QS_NO_NEG:
                            ; Save score (R9) before UNMAKE_MOVE clobbers it
   27b7   99                GHI 9
   27b8   73                STXD
   27b9   89                GLO 9
   27ba   73                STXD
                        
                            ; Unmake move
   27bb   d4 0c 2e          CALL UNMAKE_MOVE
                        
                            ; Restore score (R9)
   27be   60                IRX
   27bf   72                LDXA
   27c0   a9                PLO 9
   27c1   f0                LDX
   27c2   b9                PHI 9
                        
                            ; Restore move count (both bytes)
   27c3   60                IRX
   27c4   72                LDXA
   27c5   af                PLO 15              ; R15.0 = move count low
   27c6   f0                LDX
   27c7   bf                PHI 15              ; R15.1 = move count high (0)
                        
                            ; Compare: if score (R9) > best (QS_BEST), update best
                            ; Load QS_BEST into R7 for comparison (big-endian: HI first)
   27c8   68 ca 64 18       RLDI 10, QS_BEST_HI
   27cc   4a                LDA 10              ; High byte
   27cd   b7                PHI 7
   27ce   0a                LDN 10              ; Low byte
   27cf   a7                PLO 7               ; R7 = QS_BEST
                        
                            ; Signed comparison: R9 > R7?
                            ; Use COMPARE_TEMP for scratch (NEVER use STR 2!)
   27d0   68 ca 64 49       RLDI 10, COMPARE_TEMP
   27d4   ea                SEX 10
   27d5   99                GHI 9
   27d6   5a                STR 10
   27d7   97                GHI 7
   27d8   f3                XOR
   27d9   fa 80             ANI $80
   27db   e2                SEX 2
   27dc   ca 27 fd          LBNZ QS_DIFF_SIGN
                        
                            ; Same sign - compare normally
   27df   ea                SEX 10
   27e0   97                GHI 7
   27e1   5a                STR 10
   27e2   99                GHI 9
   27e3   f5                SD
   27e4   e2                SEX 2
   27e5   ca 27 f7          LBNZ QS_HI_DIFF
                            ; High bytes equal, compare low
   27e8   ea                SEX 10
   27e9   87                GLO 7
   27ea   5a                STR 10
   27eb   89                GLO 9
   27ec   f5                SD
   27ed   e2                SEX 2
   27ee   c2 26 85          LBZ QS_LOOP         ; Equal, don't update
   27f1   cb 28 03          LBNF QS_UPDATE      ; Score > best
   27f4   c0 26 85          LBR QS_LOOP         ; Score < best
                        
   27f7                 QS_HI_DIFF:
   27f7   cb 28 03          LBNF QS_UPDATE      ; Score > best
   27fa   c0 26 85          LBR QS_LOOP         ; Score < best
                        
   27fd                 QS_DIFF_SIGN:
                            ; Different signs - positive is greater
   27fd   99                GHI 9
   27fe   fa 80             ANI $80
   2800   ca 26 85          LBNZ QS_LOOP        ; Score negative, best positive - don't update
                            ; Score positive, best negative - update
                        
   2803                 QS_UPDATE:
                            ; Update best = score (big-endian: HI first)
   2803   68 ca 64 18       RLDI 10, QS_BEST_HI
   2807   99                GHI 9               ; High byte first
   2808   5a                STR 10
   2809   1a                INC 10
   280a   89                GLO 9               ; Low byte second
   280b   5a                STR 10
                        
                            ; -----------------------------------------------
                            ; Beta cutoff check: if best >= beta, return beta
                            ; -----------------------------------------------
                            ; Load beta (big-endian: HI first)
   280c   68 ca 64 44       RLDI 10, BETA_HI
   2810   4a                LDA 10              ; beta high
   2811   b7                PHI 7
   2812   0a                LDN 10              ; beta low
   2813   a7                PLO 7               ; R7 = beta
                        
                            ; Compare: best (R9) >= beta (R7)?
   2814   68 ca 64 49       RLDI 10, COMPARE_TEMP
   2818   ea                SEX 10
   2819   99                GHI 9               ; best high
   281a   5a                STR 10
   281b   97                GHI 7               ; beta high
   281c   f3                XOR
   281d   fa 80             ANI $80
   281f   e2                SEX 2
   2820   ca 28 33          LBNZ QS_BETA_CUT_DIFF
                        
                            ; Same sign: best >= beta means best - beta >= 0 (no borrow)
   2823   ea                SEX 10
   2824   87                GLO 7               ; beta low
   2825   5a                STR 10
   2826   89                GLO 9               ; best low
   2827   f7                SM
   2828   97                GHI 7               ; beta high
   2829   5a                STR 10
   282a   99                GHI 9               ; best high
   282b   77                SMB
   282c   e2                SEX 2
   282d   c3 28 3c          LBDF QS_BETA_CUTOFF ; No borrow = best >= beta, cutoff!
   2830   c0 26 85          LBR QS_LOOP
                        
   2833                 QS_BETA_CUT_DIFF:
                            ; Different signs: positive >= negative
   2833   99                GHI 9               ; best high
   2834   fa 80             ANI $80
   2836   c2 28 3c          LBZ QS_BETA_CUTOFF  ; best positive, beta negative -> cutoff
   2839   c0 26 85          LBR QS_LOOP
                        
   283c                 QS_BETA_CUTOFF:
                            ; Return beta (fail-high)
   283c   97                GHI 7
   283d   b9                PHI 9
   283e   87                GLO 7
   283f   a9                PLO 9               ; R9 = beta
   2840   d5                RETN
                        
   2841                 QS_CAPTURE_LIMIT_HIT:
                            ; Hit capture limit - unmake the move and return best so far
   2841   d4 0c 2e          CALL UNMAKE_MOVE
                            ; Restore move count from stack (was pushed at capture processing start)
   2844   60                IRX
   2845   72                LDXA
   2846   af                PLO 15              ; R15.0 = move count low
   2847   f0                LDX
   2848   bf                PHI 15              ; R15.1 = move count high (0)
                            ; Fall through to QS_RETURN
                        
   2849                 QS_RETURN:
                            ; Return best score in R9 (big-endian: HI first)
   2849   68 ca 64 18       RLDI 10, QS_BEST_HI
   284d   4a                LDA 10              ; High byte
   284e   b9                PHI 9
   284f   0a                LDN 10              ; Low byte
   2850   a9                PLO 9
   2851   d5                RETN
                        
                        ; ------------------------------------------------------------------------------
                        ; Helper Functions - STUBS REMOVED (functions now in other modules)
                        ; ------------------------------------------------------------------------------
                        ; GENERATE_MOVES - implemented in movegen.asm
                        ; MAKE_MOVE - implemented in makemove.asm
                        ; UNMAKE_MOVE - implemented in makemove.asm
                        ; EVALUATE - implemented in evaluate.asm
                        ; IS_IN_CHECK - implemented in check.asm
                        
                        ; Only these helper functions remain here:
                        
                        ; ------------------------------------------------------------------------------
                        ; STORE_KILLER_MOVE - Store killer move for move ordering
                        ; ------------------------------------------------------------------------------
                        ; Input:  R11 = move that caused beta cutoff
                        ;         CURRENT_PLY = current ply (in memory)
                        ; Output: Killer move stored in table
                        ; Uses:   R10, R13, D
                        ; ------------------------------------------------------------------------------
   2852                 STORE_KILLER_MOVE:
                            ; Calculate killer table offset from CURRENT_PLY
                            ; (Use ply, not depth, so killers work across different search depths)
   2852   68 cd 64 48       RLDI 13, CURRENT_PLY
   2856   0d                LDN 13              ; D = current ply
   2857   fa 0f             ANI $0F             ; Limit to 16 plies
   2859   fe                SHL
   285a   fe                SHL                 ; × 4 (2 moves × 2 bytes each)
   285b   ad                PLO 13
                        
                            ; Point to killer table (offset in R13.0 is 0-60, won't overflow with ADI)
   285c   f8 64             LDI HIGH(KILLER_MOVES)
   285e   ba                PHI 10
   285f   8d                GLO 13              ; Get offset (0, 4, 8, ... 60)
   2860   fc 20             ADI LOW(KILLER_MOVES)  ; Add base address low byte
   2862   aa                PLO 10              ; R10 = KILLER_MOVES + offset
                        
                            ; Shift killers: killer2 = killer1
   2863   4a                LDA 10              ; Load killer1 low
   2864   ad                PLO 13
   2865   4a                LDA 10              ; Load killer1 high
   2866   bd                PHI 13              ; D = old killer1
                        
                            ; Store old killer1 as new killer2
   2867   8d                GLO 13
   2868   5a                STR 10
   2869   1a                INC 10
   286a   9d                GHI 13
   286b   5a                STR 10
                        
                            ; Reset pointer to killer1 position (R10 is at killer2_high, need killer1_low)
   286c   2a                DEC 10              ; killer2_low
   286d   2a                DEC 10              ; killer1_high
   286e   2a                DEC 10              ; killer1_low
                        
                            ; Store new killer1 (R11 = move that caused cutoff)
   286f   8b                GLO 11
   2870   5a                STR 10
   2871   1a                INC 10
   2872   9b                GHI 11
   2873   5a                STR 10
                        
   2874   d5                RETN
                        
                        ; ------------------------------------------------------------------------------
                        ; ORDER_TT_MOVE - Promote TT best move to front of move list
                        ; ------------------------------------------------------------------------------
                        ; Input:  R9 = start of move list
                        ;         D = move count
                        ; Output: Move list reordered with TT move at front (if found)
                        ; Uses:   R7, R8, R10, R11, R13
                        ; Note:   TT_MOVE_HI/LO must be populated by TT_PROBE before calling
                        ; ------------------------------------------------------------------------------
   2875                 ORDER_TT_MOVE:
   2875   a7                PLO 7               ; R7.0 = move count
   2876   c2 28 e0          LBZ OTM_DONE        ; No moves, return
                        
                            ; Load TT move (raw from/to squares)
   2879   68 ca 64 c0       RLDI 10, TT_MOVE_HI
   287d   4a                LDA 10              ; D = from
   287e   bd                PHI 13              ; R13.1 = from
   287f   0a                LDN 10              ; D = to
   2880   ad                PLO 13              ; R13.0 = to
                        
                            ; Check validity: both zero = no TT move
   2881   9d                GHI 13
   2882   ca 28 89          LBNZ OTM_VALID
   2885   8d                GLO 13
   2886   c2 28 e0          LBZ OTM_DONE
   2889                 OTM_VALID:
                        
                            ; Save move count (ENCODE clobbers R7)
   2889   87                GLO 7
   288a   73                STXD
                        
                            ; Set flags = 0 for encoding
   288b   68 ca 64 06       RLDI 10, MOVE_FLAGS_TEMP
   288f   f8 00             LDI 0
   2891   5a                STR 10
                        
                            ; Encode TT move to 16-bit format
   2892   d4 03 8d          CALL ENCODE_MOVE_16BIT
                            ; R8 = encoded TT move (flags=0 in top 2 bits)
                        
                            ; Save to R11 for comparison
   2895   98                GHI 8
   2896   bb                PHI 11
   2897   88                GLO 8
   2898   ab                PLO 11              ; R11 = encoded TT move
                        
                            ; Restore move count
   2899   60                IRX
   289a   f0                LDX                 ; D = move count
   289b   b7                PHI 7               ; R7.1 = loop counter
                        
                            ; Set up scan pointer
   289c   99                GHI 9
   289d   b8                PHI 8
   289e   89                GLO 9
   289f   a8                PLO 8               ; R8 = list start
                        
   28a0                 OTM_SCAN:
   28a0   97                GHI 7
   28a1   c2 28 e0          LBZ OTM_DONE        ; Scanned all, no match
                        
                            ; MOVE_LIST entries are stored HIGH byte first (ADD_MOVE_ENCODED
                            ; movegen-helpers.asm:221). Fixed 2026-05-13 — old code mistakenly
                            ; called LDA 8's read "low byte". Compare HIGH (mask flag bits 6-7)
                            ; first, then LOW.
   28a4   48                LDA 8               ; list move HIGH byte; R8 advances
   28a5   fa 3f             ANI $3F             ; mask off flag bits 6-7
   28a7   52                STR 2
   28a8   9b                GHI 11              ; TT encoded HIGH byte (flags=0)
   28a9   f3                XOR
   28aa   ca 28 b4          LBNZ OTM_NEXT       ; HIGH bytes differ
                        
                            ; HIGH match — compare LOW byte (no mask)
   28ad   08                LDN 8               ; list move LOW byte; R8 stays
   28ae   52                STR 2
   28af   8b                GLO 11              ; TT encoded LOW byte
   28b0   f3                XOR
   28b1   c2 28 bc          LBZ OTM_FOUND       ; Match!
                        
   28b4                 OTM_NEXT:
   28b4   18                INC 8               ; skip past LOW byte to next entry
   28b5   97                GHI 7
   28b6   ff 01             SMI 1
   28b8   b7                PHI 7
   28b9   c0 28 a0          LBR OTM_SCAN
                        
   28bc                 OTM_FOUND:
                            ; Match at R8-1 (LDA advanced). Swap with front (R9).
   28bc   28                DEC 8               ; R8 → matched move low byte
                        
                            ; Skip if already at front
   28bd   98                GHI 8
   28be   52                STR 2
   28bf   99                GHI 9
   28c0   f3                XOR
   28c1   ca 28 cb          LBNZ OTM_SWAP
   28c4   88                GLO 8
   28c5   52                STR 2
   28c6   89                GLO 9
   28c7   f3                XOR
   28c8   c2 28 e0          LBZ OTM_DONE        ; Already first
                        
   28cb                 OTM_SWAP:
                            ; Save front (R9) to stack
   28cb   49                LDA 9               ; front low, R9++
   28cc   73                STXD
   28cd   09                LDN 9               ; front high
   28ce   73                STXD
                        
                            ; Copy matched (R8) to front
   28cf   29                DEC 9               ; R9 back to front low
   28d0   48                LDA 8               ; src low, R8++
   28d1   59                STR 9
   28d2   19                INC 9
   28d3   08                LDN 8               ; src high
   28d4   59                STR 9
   28d5   19                INC 9               ; R9 = front + 2
                        
                            ; Copy saved front to matched position
   28d6   28                DEC 8               ; R8 back to src low
   28d7   60                IRX
   28d8   72                LDXA                ; saved high
   28d9   18                INC 8
   28da   58                STR 8               ; R8+1 = saved high
   28db   28                DEC 8
   28dc   f0                LDX                 ; saved low
   28dd   58                STR 8               ; R8 = saved low
                        
                            ; Reset R9 to front
   28de   29                DEC 9
   28df   29                DEC 9
                        
   28e0                 OTM_DONE:
   28e0   d5                RETN
                        
                        ; ------------------------------------------------------------------------------
                        ; ORDER_KILLER_MOVES - Promote killer moves to front of move list
                        ; ------------------------------------------------------------------------------
                        ; Input:  R9 = start of move list
                        ;         D = move count
                        ;         CURRENT_PLY = current ply (for killer table index)
                        ; Output: Move list reordered with killers at front
                        ; Uses:   R7, R8, R10, R11, R13
                        ; Note:   Call this right after GENERATE_MOVES, before move loop
                        ; ------------------------------------------------------------------------------
   28e1                 ORDER_KILLER_MOVES:
                            ; Save move count
   28e1   a7                PLO 7               ; R7.0 = move count
   28e2   c2 29 ab          LBZ OKM_DONE        ; No moves, nothing to order
                        
                            ; Calculate killer table offset from CURRENT_PLY
   28e5   68 ca 64 48       RLDI 10, CURRENT_PLY
   28e9   0a                LDN 10              ; D = ply
   28ea   fa 0f             ANI $0F             ; Limit to 16 plies
   28ec   fe                SHL
   28ed   fe                SHL                 ; × 4 (2 moves × 2 bytes each)
   28ee   ad                PLO 13              ; R13.0 = offset
                        
                            ; Point to killer table entry
   28ef   f8 64             LDI HIGH(KILLER_MOVES)
   28f1   ba                PHI 10
   28f2   8d                GLO 13
   28f3   fc 20             ADI LOW(KILLER_MOVES)
   28f5   aa                PLO 10              ; R10 = &killer1 for this ply
                        
                            ; Load killer1 (16-bit) into R11
   28f6   4a                LDA 10              ; killer1 low
   28f7   ab                PLO 11
   28f8   4a                LDA 10              ; killer1 high
   28f9   bb                PHI 11              ; R11 = killer1
                        
                            ; Load killer2 (16-bit) into R13
   28fa   4a                LDA 10              ; killer2 low
   28fb   ad                PLO 13
   28fc   0a                LDN 10              ; killer2 high
   28fd   bd                PHI 13              ; R13 = killer2
                        
                            ; Check if killers are zero (uninitialized)
   28fe   8b                GLO 11
   28ff   f1                OR
   2900   9b                GHI 11
   2901   c2 29 4a          LBZ OKM_TRY_KILLER2 ; killer1 is zero, skip
                        
                            ; === Search for killer1 in move list ===
                            ; R8 = scan pointer, start from R9
   2904   99                GHI 9
   2905   b8                PHI 8
   2906   89                GLO 9
   2907   a8                PLO 8               ; R8 = move list start
                        
   2908   87                GLO 7               ; D = move count
   2909   b7                PHI 7               ; R7.1 = loop counter
                        
   290a                 OKM_SCAN_K1:
   290a   97                GHI 7
   290b   c2 29 4a          LBZ OKM_TRY_KILLER2 ; No more moves to scan
                        
                            ; MOVE_LIST entries stored HIGH first (ADD_MOVE_ENCODED:221). Killer is
                            ; stored with flags=0 (see beta-cutoff store at line ~2042). Compare
                            ; HIGH (mask flag bits 6-7 from list entry), then LOW. Fixed 2026-05-13
                            ; — old code had reversed byte order, so the optimization never matched.
   290e   48                LDA 8               ; list move HIGH byte; R8 advances
   290f   fa 3f             ANI $3F             ; mask off flag bits
   2911   52                STR 2
   2912   9b                GHI 11              ; killer1 HIGH (flags=0)
   2913   f3                XOR
   2914   ca 29 1e          LBNZ OKM_K1_NEXT    ; HIGH bytes don't match
                        
   2917   08                LDN 8               ; list move LOW byte; R8 stays
   2918   52                STR 2
   2919   8b                GLO 11              ; killer1 LOW
   291a   f3                XOR
   291b   c2 29 26          LBZ OKM_K1_FOUND    ; Match! Swap to front
                        
   291e                 OKM_K1_NEXT:
   291e   18                INC 8               ; skip past LOW byte to next entry
   291f   97                GHI 7
   2920   ff 01             SMI 1
   2922   b7                PHI 7               ; Decrement counter
   2923   c0 29 0a          LBR OKM_SCAN_K1
                        
   2926                 OKM_K1_FOUND:
                            ; Killer1 found at R8-1 (we did LDA). Swap with first move.
   2926   28                DEC 8               ; R8 points to killer1_low in list
                        
                            ; Only swap if not already at front
   2927   98                GHI 8
   2928   52                STR 2
   2929   99                GHI 9
   292a   f3                XOR
   292b   ca 29 35          LBNZ OKM_K1_SWAP
   292e   88                GLO 8
   292f   52                STR 2
   2930   89                GLO 9
   2931   f3                XOR
   2932   c2 29 4a          LBZ OKM_TRY_KILLER2 ; Already at front, no swap needed
                        
   2935                 OKM_K1_SWAP:
                            ; Swap 2-byte entry at R8 with entry at R9
                            ; Save move at R9 to stack
   2935   49                LDA 9
   2936   73                STXD
   2937   09                LDN 9
   2938   73                STXD
                        
                            ; Copy killer from R8 to R9 (LDA advanced R9 by 1, undo it)
   2939   29                DEC 9
   293a   48                LDA 8               ; killer low
   293b   59                STR 9
   293c   19                INC 9
   293d   08                LDN 8               ; killer high
   293e   59                STR 9
   293f   19                INC 9               ; R9 back to +2
                        
                            ; Copy saved move from stack to R8
   2940   28                DEC 8               ; Back to low byte position
   2941   60                IRX
   2942   72                LDXA                ; Saved high byte
   2943   18                INC 8
   2944   58                STR 8               ; Store at R8+1
   2945   28                DEC 8
   2946   f0                LDX                 ; Saved low byte
   2947   58                STR 8               ; Store at R8
                        
                            ; Reset R9 to list start
   2948   29                DEC 9
   2949   29                DEC 9
                        
   294a                 OKM_TRY_KILLER2:
                            ; Check if killer2 is zero
   294a   8d                GLO 13
   294b   f1                OR
   294c   9d                GHI 13
   294d   c2 29 ab          LBZ OKM_DONE        ; killer2 is zero, skip
                        
                            ; Check if we have at least 2 moves
   2950   87                GLO 7               ; Original move count
   2951   ff 02             SMI 2
   2953   cb 29 ab          LBNF OKM_DONE       ; Less than 2 moves
                        
                            ; === Search for killer2 in move list (skip first entry) ===
   2956   99                GHI 9
   2957   b8                PHI 8
   2958   89                GLO 9
   2959   fc 02             ADI 2               ; Skip first entry
   295b   a8                PLO 8
   295c   99                GHI 9
   295d   7c 00             ADCI 0
   295f   b8                PHI 8               ; R8 = second entry
                        
   2960   87                GLO 7               ; move count
   2961   ff 01             SMI 1               ; Skip first
   2963   b7                PHI 7               ; R7.1 = counter
                        
   2964                 OKM_SCAN_K2:
   2964   97                GHI 7
   2965   c2 29 ab          LBZ OKM_DONE        ; No more moves
                        
                            ; Byte-order fix (2026-05-13) — HIGH first with mask, then LOW.
   2968   48                LDA 8               ; list move HIGH byte; R8 advances
   2969   fa 3f             ANI $3F             ; mask off flag bits 6-7
   296b   52                STR 2
   296c   9d                GHI 13              ; killer2 HIGH (flags=0)
   296d   f3                XOR
   296e   ca 29 78          LBNZ OKM_K2_NEXT    ; HIGH bytes don't match
                        
   2971   08                LDN 8               ; list move LOW byte; R8 stays
   2972   52                STR 2
   2973   8d                GLO 13              ; killer2 LOW
   2974   f3                XOR
   2975   c2 29 80          LBZ OKM_K2_FOUND    ; Match!
                        
   2978                 OKM_K2_NEXT:
   2978   18                INC 8               ; skip past LOW byte to next entry
   2979   97                GHI 7
   297a   ff 01             SMI 1
   297c   b7                PHI 7
   297d   c0 29 64          LBR OKM_SCAN_K2
                        
   2980                 OKM_K2_FOUND:
                            ; Killer2 found at R8-1. Swap with second move (R9+2).
   2980   28                DEC 8               ; R8 points to killer2_low
                        
                            ; Calculate second entry position
   2981   99                GHI 9
   2982   ba                PHI 10
   2983   89                GLO 9
   2984   fc 02             ADI 2
   2986   aa                PLO 10
   2987   99                GHI 9
   2988   7c 00             ADCI 0
   298a   ba                PHI 10              ; R10 = second entry
                        
                            ; Only swap if not already there
   298b   98                GHI 8
   298c   52                STR 2
   298d   9a                GHI 10
   298e   f3                XOR
   298f   ca 29 99          LBNZ OKM_K2_SWAP
   2992   88                GLO 8
   2993   52                STR 2
   2994   8a                GLO 10
   2995   f3                XOR
   2996   c2 29 ab          LBZ OKM_DONE        ; Already in position
                        
   2999                 OKM_K2_SWAP:
                            ; Swap 2-byte entry at R8 with entry at R10
   2999   4a                LDA 10              ; second entry low
   299a   73                STXD
   299b   0a                LDN 10              ; second entry high
   299c   73                STXD
                        
                            ; Copy killer to second position
   299d   2a                DEC 10
   299e   48                LDA 8               ; killer low
   299f   5a                STR 10
   29a0   1a                INC 10
   29a1   08                LDN 8               ; killer high
   29a2   5a                STR 10
                        
                            ; Copy saved to R8
   29a3   28                DEC 8
   29a4   60                IRX
   29a5   72                LDXA                ; high byte
   29a6   18                INC 8
   29a7   58                STR 8
   29a8   28                DEC 8
   29a9   f0                LDX                 ; low byte
   29aa   58                STR 8
                        
   29ab                 OKM_DONE:
   29ab   d5                RETN
                        
                        ; ------------------------------------------------------------------------------
                        ; ORDER_CAPTURES_FIRST - Move captures to front of move list, sorted by
                        ;                        victim piece-type value (queen first, pawn last).
                        ; ------------------------------------------------------------------------------
                        ; Input:  R9 = start of move list
                        ;         D = move count
                        ; Output: Move list reordered with captures at front, victim-value descending
                        ;         (Q-takes, R-takes, B-takes, N-takes, P-takes, then non-captures).
                        ; Uses:   R7, R8, R10, R11, R13
                        ; Note:   Call after GENERATE_MOVES, before move loop. Implements simplified
                        ;         victim-only sort (no attacker analysis): 5 passes filtering by
                        ;         piece-type value 5..1. Front pointer R8 persists across passes.
                        ; ------------------------------------------------------------------------------
   29ac                 ORDER_CAPTURES_FIRST:
                            ; Save move count
   29ac   a7                PLO 7               ; R7.0 = move count
   29ad   c2 2a 23          LBZ OCF_DONE        ; No moves
                        
                            ; R8 = front pointer (where to put next capture; persists across passes)
   29b0   99                GHI 9
   29b1   b8                PHI 8
   29b2   89                GLO 9
   29b3   a8                PLO 8               ; R8 = front = list start
                        
                            ; Initialize filter: start with QUEEN piece type (5), decrement each pass
   29b4   68 cd 64 49       RLDI 13, COMPARE_TEMP
   29b8   f8 05             LDI 5
   29ba   5d                STR 13              ; M(COMPARE_TEMP) = filter type
                        
   29bb                 OCF_PASS_LOOP:
                            ; R10 = scan pointer (re-init each pass)
   29bb   99                GHI 9
   29bc   ba                PHI 10
   29bd   89                GLO 9
   29be   aa                PLO 10              ; R10 = scan = list start
                        
                            ; R7.1 = remaining count to scan (re-init each pass)
   29bf   87                GLO 7
   29c0   b7                PHI 7
                        
   29c1                 OCF_SCAN_LOOP:
   29c1   97                GHI 7
   29c2   c2 2a 18          LBZ OCF_PASS_DONE   ; No more moves to scan in this pass
                        
                            ; Decode move at R10 to get target square
                            ; Move format: [flags:2][to:7][from:7]
                            ; Move list is big-endian: high byte first, low byte second
   29c5   4a                LDA 10              ; High byte (first in big-endian)
   29c6   bb                PHI 11              ; R11.1 = high byte
   29c7   0a                LDN 10              ; Low byte (second in big-endian)
   29c8   ab                PLO 11              ; R11.0 = low byte
                        
                            ; Extract 'to' square: (high & $3F) << 1 | (low >> 7)
   29c9   9b                GHI 11              ; D = high byte (LDN left D with low byte)
   29ca   fa 3f             ANI $3F
   29cc   fe                SHL
   29cd   ad                PLO 13              ; R13.0 = to bits 1-6
   29ce   8b                GLO 11              ; Low byte
   29cf   fa 80             ANI $80             ; Bit 7
   29d1   c2 29 d8          LBZ OCF_TO_BIT0_CLR
   29d4   8d                GLO 13
   29d5   f9 01             ORI $01
   29d7   ad                PLO 13
   29d8                 OCF_TO_BIT0_CLR:
                            ; R13.0 = to square, R11 = encoded move
                        
                            ; Check if target square has a piece (any piece = potential capture)
                            ; Calculate BOARD + to_square
                            ; BOARD is at $6000, so high byte is $60, low byte is to_square
   29d8   f8 60             LDI HIGH(BOARD)
   29da   bd                PHI 13
                            ; R13 now = $60xx where xx = to_square (already in R13.0)
                        
                            ; Load piece at target square
   29db   0d                LDN 13              ; D = piece at target
   29dc   2a                DEC 10              ; Reset R10 to low byte position
                        
                            ; If piece is 0 (empty), not a capture
   29dd   c2 2a 0f          LBZ OCF_NEXT_MOVE   ; Empty square, skip
                        
                            ; Check victim type against current pass filter.
                            ; D still holds piece byte; mask off color to get type (1-6).
   29e0   fa 07             ANI PIECE_MASK      ; D = victim type (1-5; king=6 can't actually be captured)
   29e2   52                STR 2               ; M(R2) = victim type (temp)
   29e3   68 cd 64 49       RLDI 13, COMPARE_TEMP
   29e7   0d                LDN 13              ; D = current pass filter type
   29e8   f3                XOR                 ; D = filter ^ victim (0 if match, since SEX 2 set globally)
   29e9   ca 2a 0f          LBNZ OCF_NEXT_MOVE  ; victim type doesn't match this pass — skip
                        
                            ; Match: capture with current filter type. Fall through to swap.
                        
   29ec                 OCF_IS_CAPTURE:
                            ; Move is a capture - swap to front if not already there
                            ; R10 points to current move, R8 points to front
   29ec   9a                GHI 10
   29ed   52                STR 2
   29ee   98                GHI 8
   29ef   f3                XOR
   29f0   ca 29 fa          LBNZ OCF_DO_SWAP
   29f3   8a                GLO 10
   29f4   52                STR 2
   29f5   88                GLO 8
   29f6   f3                XOR
   29f7   c2 2a 0d          LBZ OCF_ADVANCE_FRONT  ; Already at front
                        
   29fa                 OCF_DO_SWAP:
                            ; Swap 2-byte entries at R8 and R10
                            ; Save R8 entry to stack
   29fa   48                LDA 8
   29fb   73                STXD
   29fc   08                LDN 8
   29fd   73                STXD
   29fe   28                DEC 8               ; Reset R8
                        
                            ; Copy R10 to R8
   29ff   4a                LDA 10
   2a00   58                STR 8
   2a01   18                INC 8
   2a02   0a                LDN 10
   2a03   58                STR 8
   2a04   28                DEC 8
   2a05   2a                DEC 10              ; Reset both
                        
                            ; Copy stack to R10
   2a06   60                IRX
   2a07   72                LDXA                ; High byte
   2a08   1a                INC 10
   2a09   5a                STR 10
   2a0a   2a                DEC 10
   2a0b   f0                LDX                 ; Low byte
   2a0c   5a                STR 10
                        
   2a0d                 OCF_ADVANCE_FRONT:
                            ; Advance front pointer
   2a0d   18                INC 8
   2a0e   18                INC 8
                        
   2a0f                 OCF_NEXT_MOVE:
                            ; Advance scan pointer
   2a0f   1a                INC 10
   2a10   1a                INC 10
                            ; Decrement counter
   2a11   97                GHI 7
   2a12   ff 01             SMI 1
   2a14   b7                PHI 7
   2a15   c0 29 c1          LBR OCF_SCAN_LOOP
                        
   2a18                 OCF_PASS_DONE:
                            ; Decrement filter type for next pass; loop until filter reaches 0.
   2a18   68 cd 64 49       RLDI 13, COMPARE_TEMP
   2a1c   0d                LDN 13
   2a1d   ff 01             SMI 1
   2a1f   5d                STR 13              ; filter--
   2a20   ca 29 bb          LBNZ OCF_PASS_LOOP  ; continue if filter > 0
                        
   2a23                 OCF_DONE:
   2a23   d5                RETN
                        
                        ; ------------------------------------------------------------------------------
                        ; INC_NODE_COUNT - Increment 32-bit node counter (FULL VERSION)
                        ; ------------------------------------------------------------------------------
                        ; Input:  None
                        ; Output: NODES_SEARCHED incremented
                        ; Uses:   A, D
                        ; ------------------------------------------------------------------------------
   2a24                 INC_NODE_COUNT:
   2a24   68 ca 64 12       RLDI 10, NODES_SEARCHED
                        
                            ; Increment byte 0 (LSB)
   2a28   0a                LDN 10
   2a29   fc 01             ADI 1
   2a2b   5a                STR 10
   2a2c   ca 2a 44          LBNZ INC_NODE_DONE   ; No carry
                        
                            ; Carry to byte 1
   2a2f   1a                INC 10
   2a30   0a                LDN 10
   2a31   7c 00             ADCI 0
   2a33   5a                STR 10
   2a34   ca 2a 44          LBNZ INC_NODE_DONE
                        
                            ; Carry to byte 2
   2a37   1a                INC 10
   2a38   0a                LDN 10
   2a39   7c 00             ADCI 0
   2a3b   5a                STR 10
   2a3c   ca 2a 44          LBNZ INC_NODE_DONE
                        
                            ; Carry to byte 3 (MSB)
   2a3f   1a                INC 10
   2a40   0a                LDN 10
   2a41   7c 00             ADCI 0
   2a43   5a                STR 10
                        
   2a44                 INC_NODE_DONE:
   2a44   d5                RETN
                        
                        ; ==============================================================================
                        ; SEARCH_POSITION - Iterative Deepening Entry Point
                        ; ==============================================================================
                        ; Input:  SEARCH_DEPTH = target depth (stored in memory by UCI handler)
                        ; Output: R9 = best score (R6 is SCRT linkage - off limits!)
                        ;         BEST_MOVE = best move found
                        ; Searches depth 1, 2, ..., TARGET_DEPTH. If depth N exceeds node budget,
                        ; aborts and returns depth N-1's bestmove.
                        ; ==============================================================================
   2a45                 SEARCH_POSITION:
   2a45   e2                SEX 2
                        
                            ; --- Save TARGET_DEPTH from SEARCH_DEPTH (set by UCI handler) ---
   2a46   68 ca 64 17       RLDI 10, SEARCH_DEPTH + 1
   2a4a   0a                LDN 10                      ; D = target depth (low byte)
   2a4b   73                STXD                        ; Save depth on stack (LDI clobbers D!)
   2a4c   68 ca 64 c6       RLDI 10, TARGET_DEPTH
   2a50   60                IRX
   2a51   f0                LDX                         ; D = target depth (restored from stack)
   2a52   5a                STR 10                      ; TARGET_DEPTH = original depth
                        
                            ; --- Clear SEARCH_ABORTED flag ---
   2a53   68 ca 64 c4       RLDI 10, SEARCH_ABORTED
   2a57   f8 00             LDI 0
   2a59   5a                STR 10
                        
                            ; --- Clear ITER_BEST (no bestmove yet) ---
   2a5a   68 ca 64 c2       RLDI 10, ITER_BEST_FROM
   2a5e   f8 ff             LDI $FF
   2a60   5a                STR 10
   2a61   1a                INC 10
   2a62   5a                STR 10                      ; ITER_BEST_TO = $FF
                        
                            ; --- Set starting depth = 1 ---
   2a63   68 ca 64 c5       RLDI 10, CURRENT_MAX_DEPTH
   2a67   f8 01             LDI 1
   2a69   5a                STR 10
                        
                            ; --- Initialize RTC elapsed timer ---
                            ; Read current seconds from DS12887 RTC (binary mode)
                            ; Protocol: OUT port 2 = register select, INP port 3 = read data
   2a6a   f8 80             LDI $80                     ; $80 = seconds register
   2a6c   52                STR 2                       ; Store at M(R2) for OUT
   2a6d   62                OUT 2                       ; Send to port 2 (selects seconds), R2++
   2a6e   22                DEC 2                       ; Restore stack pointer
   2a6f   6b                INP 3                       ; D = seconds (binary 0-59), also M(R2)
   2a70   73                STXD                        ; Save seconds on stack (LDI clobbers D!)
   2a71   68 ca 64 ca       RLDI 10, SEARCH_PREV_SECS
   2a75   60                IRX
   2a76   f0                LDX                         ; D = seconds (restored)
   2a77   5a                STR 10                      ; SEARCH_PREV_SECS = current seconds
                        
                            ; Clear elapsed counter
   2a78   68 ca 64 cb       RLDI 10, SEARCH_ELAPSED
   2a7c   f8 00             LDI 0
   2a7e   5a                STR 10                      ; SEARCH_ELAPSED = 0
                        
                            ; --- Canary check (ported 2026-07-13): CANARY_ZONE $64F7-$64FC must be all
                            ; zero (no code owns it; the 7/3 v3-build crash dump found stray writes
                            ; there). Sticky-OR into CANARY_HIT once per search — a nonzero CANARY_HIT
                            ; in any post-crash dump = the stray writer struck this game.
   2a7f   68 ca 64 f7       RLDI 10, CANARY_ZONE
   2a83   f8 00             LDI 0
   2a85   52                STR 2                       ; M(2) = accumulator = 0
   2a86   f8 06             LDI 6
   2a88   ab                PLO 11                      ; R11.0 = byte counter (R11 reloaded below)
   2a89                 SP_CANARY_LP:
   2a89   4a                LDA 10
   2a8a   f1                OR                          ; D = zone byte | acc
   2a8b   52                STR 2                       ; acc back to M(2)
   2a8c   2b                DEC 11
   2a8d   8b                GLO 11
   2a8e   ca 2a 89          LBNZ SP_CANARY_LP
   2a91   68 ca 64 1e       RLDI 10, CANARY_HIT
   2a95   0a                LDN 10
   2a96   f1                OR                          ; D = CANARY_HIT | acc
   2a97   5a                STR 10                      ; sticky
                        
                            ; --- Clear node counter (once for entire search) ---
   2a98   68 cb 64 12       RLDI 11, NODES_SEARCHED
   2a9c   f8 00             LDI 0
   2a9e   5b                STR 11
   2a9f   1b                INC 11
   2aa0   5b                STR 11
   2aa1   1b                INC 11
   2aa2   5b                STR 11
   2aa3   1b                INC 11
   2aa4   5b                STR 11
                        
                            ; --- Zobrist hash: use the incremental hash from UCI parsing ---
                            ; Do NOT call HASH_INIT here! HASH_INIT includes castling/EP Zobrist
                            ; keys, but MAKE_MOVE doesn't XOR castling/EP changes. This creates a
                            ; mismatch between search hashes (from-scratch) and HASH_HIST entries
                            ; (incremental), which breaks repetition detection completely.
                            ; The hash left by UCI parsing is already correct and consistent.
                        
                        ; ======================================================================
                        ; ITERATIVE DEEPENING LOOP
                        ; ======================================================================
   2aa5                 ITER_LOOP:
                            ; --- Set SEARCH_DEPTH = CURRENT_MAX_DEPTH for this iteration ---
   2aa5   68 ca 64 16       RLDI 10, SEARCH_DEPTH
   2aa9   f8 00             LDI 0
   2aab   5a                STR 10                      ; SEARCH_DEPTH high = 0
   2aac   1a                INC 10
                            ; Load CURRENT_MAX_DEPTH
   2aad   68 cd 64 c5       RLDI 13, CURRENT_MAX_DEPTH
   2ab1   0d                LDN 13                      ; D = current depth
   2ab2   5a                STR 10                      ; SEARCH_DEPTH low = current depth
                        
                            ; --- Reset SEARCH_ABORTED for this iteration ---
   2ab3   68 ca 64 c4       RLDI 10, SEARCH_ABORTED
   2ab7   f8 00             LDI 0
   2ab9   5a                STR 10
                        
                            ; --- Capture iteration start time for iteration-time gate ---
   2aba   68 ca 64 cb       RLDI 10, SEARCH_ELAPSED
   2abe   0a                LDN 10
   2abf   68 ca 64 ed       RLDI 10, ITER_START_ELAPSED
   2ac3   5a                STR 10
                        
                            ; --- Standard search init ---
                            ; Alpha = -32767
   2ac4   68 ca 64 42       RLDI 10, ALPHA_HI
   2ac8   f8 80             LDI $80
   2aca   5a                STR 10                      ; ALPHA_HI = $80
   2acb   1a                INC 10
   2acc   f8 01             LDI $01
   2ace   5a                STR 10                      ; ALPHA_LO = $01
                        
                            ; Beta = +32767
   2acf   68 ca 64 44       RLDI 10, BETA_HI
   2ad3   f8 7f             LDI $7F
   2ad5   5a                STR 10                      ; BETA_HI = $7F
   2ad6   1a                INC 10
   2ad7   f8 ff             LDI $FF
   2ad9   5a                STR 10                      ; BETA_LO = $FF
                        
                            ; CURRENT_PLY = 0
   2ada   68 ca 64 48       RLDI 10, CURRENT_PLY
   2ade   f8 00             LDI 0
   2ae0   5a                STR 10
                        
                            ; NULL_MOVE_OK = 1
   2ae1   68 ca 64 a7       RLDI 10, NULL_MOVE_OK
   2ae5   f8 01             LDI 1
   2ae7   5a                STR 10
                        
                            ; Get side to move
   2ae8   d4 01 3e          CALL GET_SIDE_TO_MOVE
   2aeb   ac                PLO 12                      ; C.0 = color
                        
                            ; Board pointer
   2aec   68 ca 60 00       RLDI 10, BOARD
                        
                            ; Clear best move for this iteration
   2af0   68 cb 64 10       RLDI 11, BEST_MOVE
   2af4   f8 ff             LDI $FF
   2af6   5b                STR 11
   2af7   1b                INC 11
   2af8   5b                STR 11
                        
                            ; --- Run search for this depth ---
   2af9   d4 1b 58          CALL NEGAMAX
                        
                            ; --- Check if search was aborted ---
   2afc   68 ca 64 c4       RLDI 10, SEARCH_ABORTED
   2b00   0a                LDN 10
   2b01   ca 2b 76          LBNZ ITER_ABORTED           ; Aborted: use previous depth's bestmove
                        
                            ; --- Depth completed: save bestmove ---
                            ; Set up BOTH pointers first, then copy (LDI clobbers D!)
   2b04   68 ca 64 10       RLDI 10, BEST_MOVE
   2b08   68 cb 64 c2       RLDI 11, ITER_BEST_FROM
                            ; Now copy: R10→BEST_MOVE, R11→ITER_BEST
   2b0c   4a                LDA 10                      ; D = from square
   2b0d   5b                STR 11                      ; ITER_BEST_FROM = from
   2b0e   1b                INC 11
   2b0f   0a                LDN 10                      ; D = to square (BEST_MOVE+1)
   2b10   5b                STR 11                      ; ITER_BEST_TO = to
                        
                            ; --- Save score from this depth ---
   2b11   68 ca 64 c8       RLDI 10, ITER_SCORE_HI
   2b15   99                GHI 9
   2b16   5a                STR 10                      ; ITER_SCORE_HI = R9.hi
   2b17   1a                INC 10
   2b18   89                GLO 9
   2b19   5a                STR 10                      ; ITER_SCORE_LO = R9.lo
                        
                            ; --- Send UCI "info" for this depth ---
   2b1a   d4 2b 84          CALL SEND_UCI_INFO
                        
                            ; Stack-overflow handling moved to CHECK_STACK_OVERFLOW (2026-05-16):
                            ; it now traps via MARK/SEP 1 immediately on detection, so this
                            ; IDS-boundary report path is unreachable. STACK_OVERFLOW_FLAG remains
                            ; written by the guard for post-trap memory dump inspection.
   2b1d                 ITER_NO_SOVF:
                        
                            ; --- Iterative deepening termination decision ---
                            ; UCI semantics: TARGET_DEPTH is treated as a CAP (max depth we may reach),
                            ; not a fixed target. The engine self-decides whether to attempt the next
                            ; deeper iteration based on iteration-time prediction and a hard safety cap.
                            ;
                            ; Termination rules (stop if any are true; else continue to current+1):
                            ;   1. current >= TARGET_DEPTH   — respect UCI cap
                            ;   2. current >= 5              — hard safety cap (MOVE_LIST sized for 5 plies)
                            ;   3. current >= 3 AND predicted_next > remaining_budget — iter-time gate
                            ;
                            ; Iter-time gate (rule 3, replaces 60s/90s cumulative thresholds 2026-05-06):
                            ;   predicted_next = 3 * last_iter_seconds  (BF=3, conservative)
                            ;   remaining      = 180 - SEARCH_ELAPSED
                            ;   stop if predicted_next >= remaining
                            ; Rationale: closed positions branch ~3x at d>=4 (vs ~1.8x in open). Old
                            ; cumulative gate let d=5 start with insufficient budget in Hippo-class
                            ; positions, wasting 80-110s/move on incomplete d=5 (lost match 2026-05-06
                            ; move 5-9, all d=4 timeouts). Iteration-time gate uses the actual measured
                            ; iteration time so it adapts to position. RTC is 1s resolution; gate only
                            ; applies at d>=3 where iteration times are reliably multi-second.
                        
                            ; Rule 1: current >= TARGET_DEPTH?
   2b1d   68 ca 64 c5       RLDI 10, CURRENT_MAX_DEPTH
   2b21   0a                LDN 10
   2b22   52                STR 2                       ; M(R2) = current
   2b23   68 ca 64 c6       RLDI 10, TARGET_DEPTH
   2b27   0a                LDN 10                      ; D = target
   2b28   f7                SM                          ; D = target - current; DF=1 if target >= current
   2b29   cb 2b 83          LBNF ITER_DONE              ; target < current — defensive (shouldn't happen)
   2b2c   c2 2b 83          LBZ ITER_DONE               ; target == current — UCI cap reached
                        
                            ; Rule 2: current >= 5?
   2b2f   68 ca 64 c5       RLDI 10, CURRENT_MAX_DEPTH
   2b33   0a                LDN 10
   2b34   ff 05             SMI 5
   2b36   c3 2b 83          LBDF ITER_DONE              ; current >= 5 — hard safety cap
                        
                            ; Rule 3: iteration-time gate. Apply only at depth >= 3.
   2b39   68 ca 64 c5       RLDI 10, CURRENT_MAX_DEPTH
   2b3d   0a                LDN 10
   2b3e   ff 03             SMI 3
   2b40   cb 2b 6b          LBNF ITER_INCREMENT         ; current < 3 — always continue (RTC granularity)
                        
                            ; last_iter_seconds = SEARCH_ELAPSED - ITER_START_ELAPSED
   2b43   68 ca 64 ed       RLDI 10, ITER_START_ELAPSED
   2b47   0a                LDN 10
   2b48   52                STR 2                       ; M(R2) = iter_start
   2b49   68 ca 64 cb       RLDI 10, SEARCH_ELAPSED
   2b4d   0a                LDN 10                      ; D = elapsed
   2b4e   f7                SM                          ; D = elapsed - iter_start = last_iter
   2b4f   ad                PLO 13                      ; R13.0 = last_iter
                        
                            ; Fast path: last_iter > 60 → 3*last_iter overflows AND exceeds remaining
   2b50   ff 3d             SMI 61
   2b52   c3 2b 83          LBDF ITER_DONE              ; last_iter >= 61 — stop
                        
                            ; predicted = 3 * last_iter (no overflow: last_iter <= 60, so 3x <= 180)
   2b55   8d                GLO 13                      ; D = last_iter
   2b56   fe                SHL                         ; D = 2 * last_iter
   2b57   52                STR 2                       ; M(R2) = 2 * last_iter
   2b58   8d                GLO 13                      ; D = last_iter
   2b59   f4                ADD                         ; D = 3 * last_iter
   2b5a   ad                PLO 13                      ; R13.0 = predicted
                        
                            ; remaining = 180 - SEARCH_ELAPSED
   2b5b   68 ca 64 cb       RLDI 10, SEARCH_ELAPSED
   2b5f   0a                LDN 10
   2b60   fd b4             SDI 180                     ; D = 180 - elapsed
   2b62   cb 2b 83          LBNF ITER_DONE              ; elapsed > 180 (defensive; budget abort handles too)
                        
                            ; if predicted >= remaining: stop, else continue
   2b65   52                STR 2                       ; M(R2) = remaining
   2b66   8d                GLO 13                      ; D = predicted
   2b67   f7                SM                          ; D = predicted - remaining
   2b68   c3 2b 83          LBDF ITER_DONE              ; predicted >= remaining — stop
                        
   2b6b                 ITER_INCREMENT:
                            ; --- Increment depth and loop ---
   2b6b   68 ca 64 c5       RLDI 10, CURRENT_MAX_DEPTH
   2b6f   0a                LDN 10
   2b70   fc 01             ADI 1
   2b72   5a                STR 10                      ; CURRENT_MAX_DEPTH++
   2b73   c0 2a a5          LBR ITER_LOOP
                        
   2b76                 ITER_ABORTED:
                            ; Search at this depth was aborted — fall back to ITER_BEST
                            ; Set up BOTH pointers first, then copy (LDI clobbers D!)
   2b76   68 ca 64 c2       RLDI 10, ITER_BEST_FROM
   2b7a   68 cb 64 10       RLDI 11, BEST_MOVE
                            ; Now copy: R10→ITER_BEST, R11→BEST_MOVE
   2b7e   4a                LDA 10                      ; D = ITER_BEST_FROM
   2b7f   5b                STR 11                      ; BEST_MOVE[0] = from
   2b80   1b                INC 11
   2b81   0a                LDN 10                      ; D = ITER_BEST_TO
   2b82   5b                STR 11                      ; BEST_MOVE[1] = to
                        
   2b83                 ITER_DONE:
   2b83   d5                RETN
                        
                        ; ==============================================================================
                        ; SEND_UCI_INFO - Send "info depth N score cp S nodes NNNNN" after each iteration
                        ; ==============================================================================
                        ; Sends: "info depth N score cp S nodes NNNNN\r\n"
                        ;   N = CURRENT_MAX_DEPTH (ASCII digit)
                        ;   S = ITER_SCORE as signed decimal (centipawns)
                        ;   NNNNN = NODES_SEARCHED as decimal via F_UINTOUT (lower 16 bits)
                        ; ==============================================================================
   2b84                 SEND_UCI_INFO:
                            ; Send "info depth "
   2b84   68 cf 2c b2       RLDI 15, STR_INFO_DEPTH
   2b88   d4                SEP 4
   2b89   ff 09             DW F_MSG
                        
                            ; Send depth digit (1-9)
   2b8b   68 ca 64 c5       RLDI 10, CURRENT_MAX_DEPTH
   2b8f   0a                LDN 10                      ; D = depth (1-9)
   2b90   fc 30             ADI '0'                     ; Convert to ASCII
   2b92   d4 00 0b          CALL SERIAL_WRITE_CHAR
                        
                            ; Send " score cp "
   2b95   68 cf 2c be       RLDI 15, STR_SCORE_CP
   2b99   d4                SEP 4
   2b9a   ff 09             DW F_MSG
                        
                            ; Load score into R13 (big-endian: HI at $64C8, LO at $64C9)
   2b9c   68 ca 64 c8       RLDI 10, ITER_SCORE_HI
   2ba0   4a                LDA 10                      ; D = score high byte, R10 -> LO
   2ba1   bd                PHI 13
   2ba2   0a                LDN 10                      ; D = score low byte
   2ba3   ad                PLO 13                      ; R13 = signed 16-bit score
                        
                            ; Check if negative
   2ba4   9d                GHI 13
   2ba5   fa 80             ANI $80
   2ba7   c2 2b b7          LBZ SUCI_POSITIVE
                        
                            ; Negative: print '-' and negate R13 to get absolute value
   2baa   f8 2d             LDI '-'
   2bac   d4 00 0b          CALL SERIAL_WRITE_CHAR
   2baf   8d                GLO 13                      ; low byte
   2bb0   fd 00             SDI 0                       ; negate low
   2bb2   ad                PLO 13
   2bb3   9d                GHI 13                      ; high byte
   2bb4   7d 00             SDBI 0                      ; negate high with borrow
   2bb6   bd                PHI 13
                        
   2bb7                 SUCI_POSITIVE:
                            ; Convert R13 (now unsigned magnitude) to ASCII decimal
   2bb7   68 cf 64 cc       RLDI 15, UINT_BUFFER
   2bbb   d4                SEP 4
   2bbc   ff 60             DW F_UINTOUT
                        
                            ; Null-terminate (R15 points past last digit)
   2bbe   f8 00             LDI 0
   2bc0   5f                STR 15
                        
                            ; Print the score string
   2bc1   68 cf 64 cc       RLDI 15, UINT_BUFFER
   2bc5   d4                SEP 4
   2bc6   ff 09             DW F_MSG
                        
                            ; Send " nodes "
   2bc8   68 cf 2c c9       RLDI 15, STR_NODES
   2bcc   d4                SEP 4
   2bcd   ff 09             DW F_MSG
                        
                            ; Load NODES_SEARCHED (16-bit) into R13: high byte first, then low
   2bcf   68 ca 64 13       RLDI 10, NODES_SEARCHED + 1
   2bd3   0a                LDN 10                      ; D = high byte of node count
   2bd4   bd                PHI 13                      ; R13.1 = high byte
   2bd5   68 ca 64 12       RLDI 10, NODES_SEARCHED
   2bd9   0a                LDN 10                      ; D = low byte of node count
   2bda   ad                PLO 13                      ; R13.0 = low byte
                        
                            ; Point R15 at ASCII scratch buffer
   2bdb   68 cf 64 cc       RLDI 15, UINT_BUFFER
                        
                            ; Convert R13 to ASCII decimal at R15
   2bdf   d4                SEP 4
   2be0   ff 60             DW F_UINTOUT
                        
                            ; Null-terminate (R15 points past last digit)
   2be2   f8 00             LDI 0
   2be4   5f                STR 15
                        
                            ; Print the decimal string
   2be5   68 cf 64 cc       RLDI 15, UINT_BUFFER
   2be9   d4                SEP 4
   2bea   ff 09             DW F_MSG
                        
                            ; Send CR+LF
   2bec   f8 0d             LDI 13
   2bee   d4 00 0b          CALL SERIAL_WRITE_CHAR
   2bf1   f8 0a             LDI 10
   2bf3   d4 00 0b          CALL SERIAL_WRITE_CHAR
                        
   2bf6   d5                RETN
                        
                        ; ==============================================================================
                        ; End of Negamax Core
                        ; ==============================================================================
                        ; ==============================================================================
                        ; RCA 1802/1806 Chess Engine - UCI Protocol Implementation
                        ; ==============================================================================
                        ; Universal Chess Interface for communication with GUI
                        ; Implements minimal UCI subset for playability
                        ; ==============================================================================
                        
                        ; ------------------------------------------------------------------------------
                        ; UCI Command Buffer - defined in board.asm
                        ; ------------------------------------------------------------------------------
                        ; UCI_BUFFER ($7000, 2048 bytes) and UCI_STATE ($64B8) defined in board.asm
   07ff                 UCI_BUFFER_LEN  EQU 2047    ; Max chars (16-bit counter, 2048-byte buffer)
   0001                 UCI_READY       EQU 1       ; Ready state
                        
                        ; ------------------------------------------------------------------------------
                        ; UCI String Constants
                        ; ------------------------------------------------------------------------------
                        ; These would be defined as byte arrays in actual implementation
                        
   2bf7   75 63 69 00   STR_UCI         DB "uci", 0
   2bfb   69 73 72 65   STR_ISREADY     DB "isready", 0
   2bff   61 64 79 00   
   2c03   70 6f 73 69   STR_POSITION    DB "position", 0
   2c07   74 69 6f 6e   
   2c0b   00            
   2c0c   67 6f 00      STR_GO          DB "go", 0
   2c0f   71 75 69 74   STR_QUIT        DB "quit", 0
   2c13   00            
   2c14   75 63 69 6e   STR_UCINEWGAME  DB "ucinewgame", 0
   2c18   65 77 67 61   
   2c1c   6d 65 00      
   2c1f   73 74 6f 70   STR_STOP        DB "stop", 0
   2c23   00            
                        
                        ; Response strings (CR+LF for terminal display)
   2c24   69 64 20 6e   STR_ID_NAME     DB "id name RCA-Chess-1806", 13, 10, 0
   2c28   61 6d 65 20   
   2c2c   52 43 41 2d   
   2c30   43 68 65 73   
   2c34   73 2d 31 38   
   2c38   30 36 0d 0a   
   2c3c   00            
   2c3d   69 64 20 61   STR_ID_AUTHOR   DB "id author Mark Abene & Claude Code", 13, 10, 0
   2c41   75 74 68 6f   
   2c45   72 20 4d 61   
   2c49   72 6b 20 41   
   2c4d   62 65 6e 65   
   2c51   20 26 20 43   
   2c55   6c 61 75 64   
   2c59   65 20 43 6f   
   2c5d   64 65 0d 0a   
   2c61   00            
   2c62   6f 70 74 69   STR_OPTION_DEPTH DB "option name Depth type spin default 4 min 1 max 6", 13, 10, 0
   2c66   6f 6e 20 6e   
   2c6a   61 6d 65 20   
   2c6e   44 65 70 74   
   2c72   68 20 74 79   
   2c76   70 65 20 73   
   2c7a   70 69 6e 20   
   2c7e   64 65 66 61   
   2c82   75 6c 74 20   
   2c86   34 20 6d 69   
   2c8a   6e 20 31 20   
   2c8e   6d 61 78 20   
   2c92   36 0d 0a 00   
   2c96   75 63 69 6f   STR_UCIOK       DB "uciok", 13, 10, 0
   2c9a   6b 0d 0a 00   
   2c9e   72 65 61 64   STR_READYOK     DB "readyok", 13, 10, 0
   2ca2   79 6f 6b 0d   
   2ca6   0a 00         
   2ca8   62 65 73 74   STR_BESTMOVE    DB "bestmove ", 0
   2cac   6d 6f 76 65   
   2cb0   20 00         
   2cb2   69 6e 66 6f   STR_INFO_DEPTH  DB "info depth ", 0
   2cb6   20 64 65 70   
   2cba   74 68 20 00   
   2cbe   20 73 63 6f   STR_SCORE_CP    DB " score cp ", 0
   2cc2   72 65 20 63   
   2cc6   70 20 00      
   2cc9   20 6e 6f 64   STR_NODES       DB " nodes ", 0
   2ccd   65 73 20 00   
                        ; STR_INFO_SOVF removed 2026-05-16 — CHECK_STACK_OVERFLOW now hard-traps
                        ; via MARK/SEP 1 instead of emitting an info string via a corrupted stack.
   2cd1   69 6e 66 6f   STR_INFO_RMV    DB "info string ROOT_MOVE_INVALID_SUBSTITUTED", 13, 10, 0
   2cd5   20 73 74 72   
   2cd9   69 6e 67 20   
   2cdd   52 4f 4f 54   
   2ce1   5f 4d 4f 56   
   2ce5   45 5f 49 4e   
   2ce9   56 41 4c 49   
   2ced   44 5f 53 55   
   2cf1   42 53 54 49   
   2cf5   54 55 54 45   
   2cf9   44 0d 0a 00   
                        
                        ; ------------------------------------------------------------------------------
                        ; UCI_INIT - Initialize UCI interface
                        ; ------------------------------------------------------------------------------
   2cfd                 UCI_INIT:
                            ; Set up serial I/O (if needed)
                            ; TODO: Hardware-specific initialization
                        
                            ; Set initial state
   2cfd   f8 01             LDI UCI_READY
   2cff   ad                PLO 13
                        
   2d00   68 ca 64 b8       RLDI 10, UCI_STATE
                        
   2d04   8d                GLO 13
   2d05   5a                STR 10
                        
   2d06   d5                RETN
                        
                        ; ------------------------------------------------------------------------------
                        ; UCI_READ_LINE - Read a line of input
                        ; ------------------------------------------------------------------------------
                        ; Input:  None
                        ; Output: Line in UCI_BUFFER, null-terminated
                        ;         D = length
                        ; Uses:   A, D
                        ;
                        ; Reads characters until newline or max length
                        ; ------------------------------------------------------------------------------
   2d07                 UCI_READ_LINE:
   2d07   68 ca 70 00       RLDI 10, UCI_BUFFER
                        
   2d0b   f8 00             LDI 0
   2d0d   bd                PHI 13              ; R13.1 = count high byte = 0
   2d0e   ad                PLO 13              ; R13.0 = count low byte = 0
                        
   2d0f                 UCI_READ_LOOP:
                            ; Read character from serial input
   2d0f   d4 00 07          CALL SERIAL_READ_CHAR
                            ; Returns character in D
                        
                            ; Check for carriage return (CR = 13)
   2d12   ff 0d             SMI 13
   2d14   c2 2d 2f          LBZ UCI_READ_DONE
                        
                            ; Check for newline (LF = 10) - restore D first
   2d17   fc 0d             ADI 13              ; Restore: (D-13)+13 = D
   2d19   ff 0a             SMI 10              ; Check for LF
   2d1b   c2 2d 2f          LBZ UCI_READ_DONE
   2d1e   fc 0a             ADI 10              ; Restore D
                        
                            ; Store character
   2d20   5a                STR 10
   2d21   1a                INC 10
                        
                            ; Increment 16-bit count
   2d22   1d                INC 13
                        
                            ; Check buffer limit (16-bit: UCI_BUFFER_LEN = 2047 = $07FF)
   2d23   8d                GLO 13
   2d24   fb ff             XRI LOW(UCI_BUFFER_LEN)
   2d26   ca 2d 0f          LBNZ UCI_READ_LOOP
   2d29   9d                GHI 13
   2d2a   fb 07             XRI HIGH(UCI_BUFFER_LEN)
   2d2c   ca 2d 0f          LBNZ UCI_READ_LOOP
                            ; Count == UCI_BUFFER_LEN, buffer full
                        
                        
                        
   2d2f                 UCI_READ_DONE:
                            ; Null-terminate string
   2d2f   f8 00             LDI 0
   2d31   5a                STR 10
                        
                            ; Echo CR+LF
   2d32   f8 0d             LDI 13
   2d34   d4 00 0b          CALL SERIAL_WRITE_CHAR
   2d37   f8 0a             LDI 10
   2d39   d4 00 0b          CALL SERIAL_WRITE_CHAR
                        
                            ; Return length
   2d3c   8d                GLO 13
   2d3d   d5                RETN
                        
                        ; NOTE: UCI_WRITE_STRING removed - use F_MSG with R15 directly
                        ; The old UCI_WRITE_STRING used R10, which clobbered the negamax loop counter!
                        
                        ; ------------------------------------------------------------------------------
                        ; UCI_PROCESS_COMMAND - Process UCI command from buffer
                        ; ------------------------------------------------------------------------------
                        ; Input:  Command in UCI_BUFFER
                        ; Output: Appropriate action taken
                        ; ------------------------------------------------------------------------------
   2d3e                 UCI_PROCESS_COMMAND:
                            ; Compare command with known commands
                        
                            ; Check "uci"
   2d3e   68 ca 70 00       RLDI 10, UCI_BUFFER
                        
   2d42   68 cb 2b f7       RLDI 11, STR_UCI
                        
   2d46   d4 30 5a          CALL STRCMP
   2d49   c2 2d a1          LBZ UCI_CMD_UCI
                        
                            ; Check "isready"
   2d4c   68 ca 70 00       RLDI 10, UCI_BUFFER
                        
   2d50   68 cb 2b fb       RLDI 11, STR_ISREADY
                        
   2d54   d4 30 5a          CALL STRCMP
   2d57   c2 2d be          LBZ UCI_CMD_ISREADY
                        
                            ; Check "position"
   2d5a   68 ca 70 00       RLDI 10, UCI_BUFFER
                        
   2d5e   68 cb 2c 03       RLDI 11, STR_POSITION
                        
   2d62   d4 30 70          CALL STRNCMP        ; Compare first 8 chars
   2d65   c2 2d c6          LBZ UCI_CMD_POSITION
                        
                            ; Check "go"
   2d68   68 ca 70 00       RLDI 10, UCI_BUFFER
                        
   2d6c   68 cb 2c 0c       RLDI 11, STR_GO
                        
   2d70   d4 30 70          CALL STRNCMP
   2d73   c2 2e f5          LBZ UCI_CMD_GO
                        
                            ; Check "quit"
   2d76   68 ca 70 00       RLDI 10, UCI_BUFFER
                        
   2d7a   68 cb 2c 0f       RLDI 11, STR_QUIT
                        
   2d7e   d4 30 5a          CALL STRCMP
   2d81   c2 2f dd          LBZ UCI_CMD_QUIT
                        
                            ; Check "ucinewgame"
   2d84   68 ca 70 00       RLDI 10, UCI_BUFFER
                        
   2d88   68 cb 2c 14       RLDI 11, STR_UCINEWGAME
                        
   2d8c   d4 30 5a          CALL STRCMP
   2d8f   c2 2f e0          LBZ UCI_CMD_UCINEWGAME
                        
                            ; Check "stop"
   2d92   68 ca 70 00       RLDI 10, UCI_BUFFER
                        
   2d96   68 cb 2c 1f       RLDI 11, STR_STOP
                        
   2d9a   d4 30 5a          CALL STRCMP
   2d9d   c2 30 0b          LBZ UCI_CMD_STOP
                        
                            ; Unknown command - ignore
   2da0   d5                RETN
                        
                        ; ------------------------------------------------------------------------------
                        ; UCI Command Handlers
                        ; ------------------------------------------------------------------------------
                        
   2da1                 UCI_CMD_UCI:
                            ; Send identification
   2da1   68 cf 2c 24       RLDI 15, STR_ID_NAME
   2da5   d4                SEP 4
   2da6   ff 09             DW F_MSG
                        
   2da8   68 cf 2c 3d       RLDI 15, STR_ID_AUTHOR
   2dac   d4                SEP 4
   2dad   ff 09             DW F_MSG
                        
                            ; Send options
   2daf   68 cf 2c 62       RLDI 15, STR_OPTION_DEPTH
   2db3   d4                SEP 4
   2db4   ff 09             DW F_MSG
                        
                            ; Send uciok
   2db6   68 cf 2c 96       RLDI 15, STR_UCIOK
   2dba   d4                SEP 4
   2dbb   ff 09             DW F_MSG
                        
   2dbd   d5                RETN
                        
   2dbe                 UCI_CMD_ISREADY:
                            ; Send readyok
   2dbe   68 cf 2c 9e       RLDI 15, STR_READYOK
   2dc2   d4                SEP 4
   2dc3   ff 09             DW F_MSG
                        
   2dc5   d5                RETN
                        
   2dc6                 UCI_CMD_POSITION:
                            ; Parse position command
                            ; Format: "position startpos" or "position startpos moves e2e4 ..."
                        
                            ; Check if "startpos"
   2dc6   68 ca 70 09       RLDI 10, UCI_BUFFER + 9
                        
                            ; Check for "startpos"
   2dca   0a                LDN 10
   2dcb   fb 73             XRI 's'
   2dcd   ca 2e cf          LBNZ UCI_POS_DONE   ; Not startpos (FEN not supported yet)
                        
                            ; Initialize to starting position
   2dd0   d4 00 a6          CALL INIT_BOARD
   2dd3   d4 01 76          CALL INIT_MOVE_HISTORY
                        
                            ; --- Compute and store starting position hash for repetition detection ---
   2dd6   d4 55 e3          CALL HASH_INIT          ; Compute hash for starting position
   2dd9   68 ca 65 00       RLDI 10, HASH_HIST      ; R10 → first hash history entry
   2ddd   68 cd 64 b9       RLDI 13, HASH_HI
   2de1   4d                LDA 13                  ; D = HASH_HI, R13 → HASH_LO
   2de2   5a                STR 10
   2de3   1a                INC 10
   2de4   0d                LDN 13                  ; D = HASH_LO
   2de5   5a                STR 10
   2de6   68 ca 64 eb       RLDI 10, HASH_HIST_COUNT
   2dea   f8 01             LDI 1
   2dec   5a                STR 10                  ; count = 1 (starting position stored)
                        
                            ; Skip past "startpos" (8 chars) to check for " moves"
                            ; Buffer now at "startpos..." - need to find " moves "
   2ded   68 ca 70 11       RLDI 10, UCI_BUFFER + 17
                        
                            ; Check if there's more (should be space or null)
   2df1   0a                LDN 10
   2df2   c2 2e cf          LBZ UCI_POS_DONE    ; End of string, no moves
   2df5   fb 20             XRI ' '
   2df7   ca 2e cf          LBNZ UCI_POS_DONE   ; Not a space, unexpected
                        
                            ; Skip the space
   2dfa   1a                INC 10
                        
                            ; Check for "moves" (5 chars)
   2dfb   0a                LDN 10
   2dfc   fb 6d             XRI 'm'
   2dfe   ca 2e cf          LBNZ UCI_POS_DONE
   2e01   1a                INC 10
   2e02   0a                LDN 10
   2e03   fb 6f             XRI 'o'
   2e05   ca 2e cf          LBNZ UCI_POS_DONE
   2e08   1a                INC 10
   2e09   0a                LDN 10
   2e0a   fb 76             XRI 'v'
   2e0c   ca 2e cf          LBNZ UCI_POS_DONE
   2e0f   1a                INC 10
   2e10   0a                LDN 10
   2e11   fb 65             XRI 'e'
   2e13   ca 2e cf          LBNZ UCI_POS_DONE
   2e16   1a                INC 10
   2e17   0a                LDN 10
   2e18   fb 73             XRI 's'
   2e1a   ca 2e cf          LBNZ UCI_POS_DONE
   2e1d   1a                INC 10              ; R10 now past "moves"
                        
                            ; Now parse move list: " e2e4 e7e5 ..."
   2e1e                 UCI_POS_MOVE_LOOP:
                            ; Skip spaces
   2e1e   0a                LDN 10
   2e1f   c2 2e cf          LBZ UCI_POS_DONE    ; End of string
   2e22   fb 20             XRI ' '
   2e24   ca 2e 2b          LBNZ UCI_POS_PARSE_MOVE  ; Not a space, should be move
   2e27   1a                INC 10
   2e28   c0 2e 1e          LBR UCI_POS_MOVE_LOOP
                        
   2e2b                 UCI_POS_PARSE_MOVE:
                            ; R10 points to start of move (e.g., "e2e4")
                            ; Parse from square (2 chars)
   2e2b   d4 2e d0          CALL ALGEBRAIC_TO_SQUARE
   2e2e   fb ff             XRI $FF
   2e30   c2 2e cf          LBZ UCI_POS_DONE    ; Invalid square, abort
                        
                            ; Save from square
   2e33   fb ff             XRI $FF             ; Restore value (XRI is self-inverse)
   2e35   b7                PHI 7               ; R7.1 = from square
                        
                            ; Parse to square (2 chars)
   2e36   d4 2e d0          CALL ALGEBRAIC_TO_SQUARE
   2e39   fb ff             XRI $FF
   2e3b   c2 2e cf          LBZ UCI_POS_DONE    ; Invalid square, abort
   2e3e   fb ff             XRI $FF             ; Restore value
                        
                            ; Store from and to in MOVE_FROM/MOVE_TO
   2e40   a7                PLO 7               ; R7.0 = to square
                        
   2e41   68 c8 64 02       RLDI 8, MOVE_FROM
   2e45   97                GHI 7
   2e46   58                STR 8               ; MOVE_FROM = from
   2e47   18                INC 8
   2e48   87                GLO 7
   2e49   58                STR 8               ; MOVE_TO = to
                        
                            ; ---- Check for promotion suffix (5th char: q/r/b/n) ----
                            ; Clear UNDO_PROMOTION first (default: no promotion)
   2e4a   68 c8 64 04       RLDI 8, UNDO_PROMOTION
   2e4e   f8 00             LDI 0
   2e50   58                STR 8               ; UNDO_PROMOTION = 0
                        
                            ; Check next char for promotion piece
   2e51   0a                LDN 10              ; Peek next char
   2e52   fb 71             XRI 'q'
   2e54   c2 2e 69          LBZ UCI_PROMO_QUEEN
   2e57   fb 03             XRI $03             ; 'q'^'r' = $71^$72 = $03
   2e59   c2 2e 6e          LBZ UCI_PROMO_ROOK
   2e5c   fb 10             XRI $10             ; 'r'^'b' = $72^$62 = $10
   2e5e   c2 2e 73          LBZ UCI_PROMO_BISHOP
   2e61   fb 0c             XRI $0C             ; 'b'^'n' = $62^$6E = $0C
   2e63   c2 2e 78          LBZ UCI_PROMO_KNIGHT
   2e66   c0 2e 7c          LBR UCI_PROMO_DONE  ; Not a promotion char, don't advance
                        
   2e69                 UCI_PROMO_QUEEN:
   2e69   f8 05             LDI QUEEN_TYPE      ; $05
   2e6b   c0 2e 7a          LBR UCI_PROMO_STORE
   2e6e                 UCI_PROMO_ROOK:
   2e6e   f8 04             LDI ROOK_TYPE       ; $04
   2e70   c0 2e 7a          LBR UCI_PROMO_STORE
   2e73                 UCI_PROMO_BISHOP:
   2e73   f8 03             LDI BISHOP_TYPE     ; $03
   2e75   c0 2e 7a          LBR UCI_PROMO_STORE
   2e78                 UCI_PROMO_KNIGHT:
   2e78   f8 02             LDI KNIGHT_TYPE     ; $02
                        
   2e7a                 UCI_PROMO_STORE:
   2e7a   58                STR 8               ; UNDO_PROMOTION = piece type
   2e7b   1a                INC 10              ; Advance past promotion char
                        
   2e7c                 UCI_PROMO_DONE:
                        
                            ; ---- Record move in MOVE_HIST for opening book ----
                            ; Skip recording past book depth (prevents 8-bit GAME_PLY overflow)
   2e7c   68 c8 64 4d       RLDI 8, GAME_PLY
   2e80   08                LDN 8               ; D = GAME_PLY
   2e81   ff 0f             SMI BOOK_PLY_LIMIT  ; past book depth?
   2e83   c3 2e a1          LBDF UCI_HIST_DONE  ; skip recording + increment
                            ; Calculate offset: GAME_PLY * 2
   2e86   08                LDN 8               ; reload GAME_PLY (SMI clobbered D)
   2e87   fe                SHL                 ; D = GAME_PLY * 2
   2e88   a9                PLO 9               ; R9.0 = offset
                        
                            ; R9 = MOVE_HIST + offset
   2e89   f8 60             LDI HIGH(MOVE_HIST)
   2e8b   b9                PHI 9
   2e8c   f8 90             LDI LOW(MOVE_HIST)
   2e8e   e2                SEX 2
   2e8f   52                STR 2
   2e90   89                GLO 9               ; D = offset
   2e91   f4                ADD                 ; D = LOW(MOVE_HIST) + offset
   2e92   a9                PLO 9
   2e93   f8 60             LDI HIGH(MOVE_HIST)
   2e95   7c 00             ADCI 0              ; Add carry to high byte
   2e97   b9                PHI 9
                        
                            ; Store from square
   2e98   97                GHI 7               ; from square
   2e99   59                STR 9
   2e9a   19                INC 9
                            ; Store to square
   2e9b   87                GLO 7               ; to square
   2e9c   59                STR 9
                        
                            ; Increment GAME_PLY
   2e9d   08                LDN 8               ; R8 still points to GAME_PLY
   2e9e   fc 01             ADI 1
   2ea0   58                STR 8
   2ea1                 UCI_HIST_DONE:
                            ; ---- End of MOVE_HIST recording ----
                        
                            ; Apply the move (save R10 - MAKE_MOVE clobbers it!)
   2ea1   9a                GHI 10
   2ea2   73                STXD
   2ea3   8a                GLO 10
   2ea4   73                STXD
   2ea5   d4 09 bb          CALL MAKE_MOVE
   2ea8   60                IRX
   2ea9   72                LDXA
   2eaa   aa                PLO 10
   2eab   f0                LDX
   2eac   ba                PHI 10
                        
                            ; ---- Record hash for repetition detection ----
   2ead   68 cd 64 eb       RLDI 13, HASH_HIST_COUNT
   2eb1   0d                LDN 13              ; D = count
   2eb2   fb ff             XRI 255             ; Zero if count == 255 (table full)
   2eb4   c2 2e 1e          LBZ UCI_POS_MOVE_LOOP   ; Full, skip recording
   2eb7   0d                LDN 13              ; D = count (reload)
   2eb8   fe                SHL                 ; D = (count*2) & $FF, DF = carry for counts >= 128
   2eb9   a8                PLO 8               ; R8.0 = offset low byte
   2eba   f8 65             LDI HIGH(HASH_HIST) ; DF preserved (LDI doesn't affect DF)
   2ebc   7c 00             ADCI 0              ; D = HIGH(HASH_HIST) + carry from SHL
   2ebe   b8                PHI 8               ; R8 = &HASH_HIST[count] (correct for all counts)
   2ebf   68 c9 64 b9       RLDI 9, HASH_HI
   2ec3   49                LDA 9               ; D = HASH_HI
   2ec4   58                STR 8
   2ec5   18                INC 8
   2ec6   09                LDN 9               ; D = HASH_LO
   2ec7   58                STR 8
   2ec8   0d                LDN 13              ; count (R13 still at HASH_HIST_COUNT)
   2ec9   fc 01             ADI 1
   2ecb   5d                STR 13              ; count++
   2ecc   c0 2e 1e          LBR UCI_POS_MOVE_LOOP
                        
   2ecf                 UCI_POS_DONE:
   2ecf   d5                RETN
                        
                        ; ------------------------------------------------------------------------------
                        ; ALGEBRAIC_TO_SQUARE - Convert algebraic notation to 0x88 square
                        ; ------------------------------------------------------------------------------
                        ; Input:  R10 = pointer to 2-char string (e.g., "e2"), advanced by 2
                        ; Output: D = 0x88 square index, or $FF if invalid
                        ; Uses:   R7.0 for file temp
                        ; ------------------------------------------------------------------------------
   2ed0                 ALGEBRAIC_TO_SQUARE:
                            ; Get file character (a-h)
   2ed0   4a                LDA 10              ; Load file char, advance R10
   2ed1   ff 61             SMI 'a'             ; Convert to 0-7
   2ed3   cb 2e f1          LBNF ATS_INVALID    ; If DF=0 (borrow), char < 'a', invalid
   2ed6   a7                PLO 7               ; Save potential file in R7.0
   2ed7   ff 08             SMI 8               ; Check if >= 8
   2ed9   c3 2e f1          LBDF ATS_INVALID    ; If >= 8, invalid
                        
                            ; Get rank character (1-8)
   2edc   4a                LDA 10              ; Load rank char, advance R10
   2edd   ff 31             SMI '1'             ; Convert to 0-7
   2edf   cb 2e f1          LBNF ATS_INVALID    ; If DF=0 (borrow), char < '1', invalid
   2ee2   ff 08             SMI 8               ; Check if >= 8
   2ee4   c3 2e f1          LBDF ATS_INVALID    ; If >= 8, invalid
   2ee7   fc 08             ADI 8               ; Restore 0-7 value
                        
                            ; Calculate 0x88 square = rank * 16 + file
                            ; rank is in D (0-7), file in R7.0
   2ee9   fe                SHL                 ; D = rank * 2
   2eea   fe                SHL                 ; D = rank * 4
   2eeb   fe                SHL                 ; D = rank * 8
   2eec   fe                SHL                 ; D = rank * 16
   2eed   52                STR 2               ; Save rank*16 on stack
   2eee   87                GLO 7               ; Get file (0-7)
   2eef   f4                ADD                 ; D = rank*16 + file
   2ef0   d5                RETN
                        
   2ef1                 ATS_INVALID:
   2ef1   1a                INC 10              ; Skip second char even on error (keep R10 consistent)
   2ef2   f8 ff             LDI $FF
   2ef4   d5                RETN
                        
   2ef5                 UCI_CMD_GO:
                            ; Parse go command
                            ; Format: "go depth 6" or "go infinite", etc.
                            ; Default to depth 1, parse "depth N" if present
                            ; Store in memory (R5 is SRET in BIOS mode!)
                        
                            ; Default depth = 1
   2ef5   f8 01             LDI 1
   2ef7   a7                PLO 7               ; R7.0 = depth (default 1)
                        
                            ; Check for "depth " after "go "
                            ; Buffer: "go depth 3" or "go" or "go infinite"
   2ef8   68 ca 70 03       RLDI 10, UCI_BUFFER + 3
                        
                            ; Check if we have "depth"
   2efc   0a                LDN 10
   2efd   fb 64             XRI 'd'
   2eff   ca 2f 37          LBNZ UCI_GO_SET_DEPTH   ; Not "depth", use default
   2f02   1a                INC 10
   2f03   0a                LDN 10
   2f04   fb 65             XRI 'e'
   2f06   ca 2f 37          LBNZ UCI_GO_SET_DEPTH
   2f09   1a                INC 10
   2f0a   0a                LDN 10
   2f0b   fb 70             XRI 'p'
   2f0d   ca 2f 37          LBNZ UCI_GO_SET_DEPTH
   2f10   1a                INC 10
   2f11   0a                LDN 10
   2f12   fb 74             XRI 't'
   2f14   ca 2f 37          LBNZ UCI_GO_SET_DEPTH
   2f17   1a                INC 10
   2f18   0a                LDN 10
   2f19   fb 68             XRI 'h'
   2f1b   ca 2f 37          LBNZ UCI_GO_SET_DEPTH
   2f1e   1a                INC 10
   2f1f   0a                LDN 10
   2f20   fb 20             XRI ' '
   2f22   ca 2f 37          LBNZ UCI_GO_SET_DEPTH
   2f25   1a                INC 10              ; R10 now at the number
                        
                            ; Parse the depth number (1-9, single digit only)
                            ; Depths > 9 would take impractically long on the 1802 anyway
   2f26   0a                LDN 10
   2f27   ff 30             SMI '0'             ; Convert ASCII to value
   2f29   cb 2f 37          LBNF UCI_GO_SET_DEPTH ; Invalid (< '0'), use default
   2f2c   ff 0a             SMI 10              ; Check if >= 10
   2f2e   c3 2f 37          LBDF UCI_GO_SET_DEPTH ; >= 10, use default
   2f31   fc 0a             ADI 10              ; Restore 0-9 value
   2f33   c2 2f 37          LBZ UCI_GO_SET_DEPTH ; Depth 0 invalid, use default
   2f36   a7                PLO 7               ; R7.0 = parsed depth (1-9)
                        
   2f37                 UCI_GO_SET_DEPTH:
                            ; Set SEARCH_DEPTH from R7.0
   2f37   68 cd 64 16       RLDI 13, SEARCH_DEPTH
   2f3b   f8 00             LDI 0
   2f3d   5d                STR 13              ; SEARCH_DEPTH high = 0
   2f3e   1d                INC 13
   2f3f   87                GLO 7
   2f40   5d                STR 13              ; SEARCH_DEPTH low = depth
                        
                            ; ---- Check opening book first ----
   2f41   d4 30 93          CALL BOOK_LOOKUP
   2f44   c2 2f 57          LBZ UCI_GO_SEARCH   ; D=0: no book hit, do normal search
                        
                            ; Book hit! Copy BOOK_MOVE to BEST_MOVE
   2f47   68 c8 64 4e       RLDI 8, BOOK_MOVE_FROM
   2f4b   68 c9 64 10       RLDI 9, BEST_MOVE
                        
                            ; Store book move in BEST_MOVE (from in high, to in low)
   2f4f   48                LDA 8               ; BOOK_MOVE_FROM
   2f50   59                STR 9               ; BEST_MOVE high = from
   2f51   19                INC 9
   2f52   08                LDN 8               ; BOOK_MOVE_TO
   2f53   59                STR 9               ; BEST_MOVE low = to
   2f54   c0 2f 61          LBR UCI_GO_SEND_MOVE
                        
   2f57                 UCI_GO_SEARCH:
                            ; Clear stale promotion flag before search
                            ; (opponent's promotion move leaves UNDO_PROMOTION set, which would
                            ; corrupt every MAKE_MOVE during search)
   2f57   68 ca 64 04       RLDI 10, UNDO_PROMOTION
   2f5b   f8 00             LDI 0
   2f5d   5a                STR 10              ; UNDO_PROMOTION = 0
                        
                            ; Run search
   2f5e   d4 2a 45          CALL SEARCH_POSITION
                        
   2f61                 UCI_GO_SEND_MOVE:
                            ; Best move now at BEST_MOVE.
                            ;
                            ; --- Root-move validation (added 2026-05-12) ---
                            ; Defense against MOVE_LIST corruption causing illegal-move output.
                            ; Regenerate moves from current board; verify BEST_MOVE appears in
                            ; the regenerated list. If not, emit info string + substitute first
                            ; legal move. Catches the symptom of any state corruption affecting
                            ; root MOVE_LIST regardless of underlying cause.
                        
                            ; Encode BEST_MOVE for byte-by-byte comparison (mirrors ORDER_TT_MOVE)
   2f61   68 ca 64 10       RLDI 10, BEST_MOVE
   2f65   4a                LDA 10
   2f66   bd                PHI 13                      ; R13.1 = BEST_MOVE from (0x88)
   2f67   0a                LDN 10
   2f68   ad                PLO 13                      ; R13.0 = BEST_MOVE to (0x88)
                        
   2f69   68 ca 64 06       RLDI 10, MOVE_FLAGS_TEMP
   2f6d   f8 00             LDI 0
   2f6f   5a                STR 10                      ; flags=0 for the comparison encoding
                        
   2f70   d4 03 8d          CALL ENCODE_MOVE_16BIT
                            ; R8 = encoded BEST_MOVE (flags=0)
                        
                            ; Save encoded BEST_MOVE on stack across GENERATE_MOVES
                            ; (GENERATE_MOVES clobbers R11 — uses R11.1 as current-from-square)
   2f73   98                GHI 8
   2f74   73                STXD
   2f75   88                GLO 8
   2f76   73                STXD
                        
                            ; Regenerate legal moves into MOVE_LIST
   2f77   68 c9 78 00       RLDI 9, MOVE_LIST
   2f7b   d4 04 d7          CALL GENERATE_MOVES
                            ; D = move count
                        
   2f7e   a7                PLO 7                       ; R7.0 = move count
   2f7f   b7                PHI 7                       ; R7.1 = loop counter (D unchanged by PLO)
                        
                            ; Restore encoded BEST_MOVE to R11
   2f80   60                IRX
   2f81   72                LDXA
   2f82   ab                PLO 11                      ; R11.0 = LOW
   2f83   f0                LDX
   2f84   bb                PHI 11                      ; R11.1 = HIGH
                        
   2f85   97                GHI 7                       ; check count
   2f86   c2 2f c8          LBZ RMV_DONE                ; 0 moves (mate/stalemate) — leave as-is
                        
   2f89   68 c8 78 00       RLDI 8, MOVE_LIST           ; R8 = scan pointer
                        
   2f8d                 RMV_SCAN_LOOP:
   2f8d   97                GHI 7
   2f8e   c2 2f a9          LBZ RMV_NOT_FOUND
                        
                            ; MOVE_LIST stores HIGH byte first (per ADD_MOVE_ENCODED line 221):
                            ; entry layout in memory is [HIGH][LOW] for each 2-byte move.
                            ; Compare HIGH byte (with flag bits 6-7 masked off)
   2f91   48                LDA 8                       ; list move HIGH byte; R8++
   2f92   fa 3f             ANI $3F                     ; mask off flag bits
   2f94   52                STR 2
   2f95   9b                GHI 11                      ; encoded BEST_MOVE HIGH byte (flags=0)
   2f96   f3                XOR
   2f97   ca 2f a1          LBNZ RMV_NEXT
                        
                            ; HIGH bytes match — compare LOW byte (no masking needed)
   2f9a   08                LDN 8                       ; list move LOW byte; R8 stays
   2f9b   52                STR 2
   2f9c   8b                GLO 11                      ; encoded BEST_MOVE LOW byte
   2f9d   f3                XOR
   2f9e   c2 2f c8          LBZ RMV_DONE                ; Match — BEST_MOVE is legal, emit normally
                        
   2fa1                 RMV_NEXT:
   2fa1   18                INC 8                       ; skip past LOW byte to next entry
   2fa2   97                GHI 7
   2fa3   ff 01             SMI 1
   2fa5   b7                PHI 7
   2fa6   c0 2f 8d          LBR RMV_SCAN_LOOP
                        
   2fa9                 RMV_NOT_FOUND:
                            ; BEST_MOVE not in regenerated legal list — corruption symptom.
   2fa9   68 cf 2c d1       RLDI 15, STR_INFO_RMV
   2fad   d4                SEP 4
   2fae   ff 09             DW F_MSG
                        
                            ; Substitute first legal move from regenerated list
                            ; (memory order is [HIGH][LOW]; DECODE_MOVE_16BIT wants R8.0=LOW, R8.1=HIGH)
   2fb0   68 c8 78 00       RLDI 8, MOVE_LIST
   2fb4   48                LDA 8                       ; HIGH byte from memory
   2fb5   bb                PHI 11                      ; R11.1 = HIGH
   2fb6   08                LDN 8                       ; LOW byte from memory
   2fb7   ab                PLO 11                      ; R11.0 = LOW
                        
                            ; Now build R8 = [HIGH in .1, LOW in .0] for DECODE
   2fb8   9b                GHI 11
   2fb9   b8                PHI 8
   2fba   8b                GLO 11
   2fbb   a8                PLO 8
   2fbc   d4 03 c7          CALL DECODE_MOVE_16BIT
                            ; R13.1 = from, R13.0 = to
                        
                            ; Write back to BEST_MOVE
   2fbf   68 ca 64 10       RLDI 10, BEST_MOVE
   2fc3   9d                GHI 13
   2fc4   5a                STR 10
   2fc5   1a                INC 10
   2fc6   8d                GLO 13
   2fc7   5a                STR 10
                        
   2fc8                 RMV_DONE:
                            ; Send best move (validated or substituted)
   2fc8   68 cf 2c a8       RLDI 15, STR_BESTMOVE
   2fcc   d4                SEP 4
   2fcd   ff 09             DW F_MSG
                        
                            ; Convert best move to algebraic and send
                            ; TODO: Load best move and convert
   2fcf   d4 30 0c          CALL UCI_SEND_BEST_MOVE
                        
                            ; Send CR+LF
   2fd2   f8 0d             LDI 13
   2fd4   d4 00 0b          CALL SERIAL_WRITE_CHAR
   2fd7   f8 0a             LDI 10
   2fd9   d4 00 0b          CALL SERIAL_WRITE_CHAR
                        
   2fdc   d5                RETN
                        
   2fdd                 UCI_CMD_QUIT:
                            ; Return to monitor at $8000
   2fdd   c0 80 03          LBR $8003
                        
                        ; ------------------------------------------------------------------------------
                        ; UCI_CMD_UCINEWGAME - Prepare for a new game
                        ; ------------------------------------------------------------------------------
                        ; Clears transposition table and resets game state
                        ; ------------------------------------------------------------------------------
   2fe0                 UCI_CMD_UCINEWGAME:
                            ; Clear workspace RAM to prevent stale variable bugs
   2fe0   d4 5e ec          CALL WORKSPACE_CLEAR
                        
                            ; Clear transposition table
   2fe3   d4 56 f2          CALL TT_CLEAR
                        
                            ; Reset game ply counter
   2fe6   68 ca 64 4d       RLDI 10, GAME_PLY
   2fea   f8 00             LDI 0
   2fec   5a                STR 10
                        
                            ; Clear move history
   2fed   d4 01 76          CALL INIT_MOVE_HISTORY
                        
                            ; Initialize board to starting position
   2ff0   d4 00 a6          CALL INIT_BOARD
                        
                            ; Compute and store starting-position Zobrist hash + first HASH_HIST entry.
                            ; UCI_CMD_POSITION normally does this when parsing "position startpos",
                            ; but the first such command after ucinewgame is frequently dropped at
                            ; the start of every match since 2026-04-30 ("PARTIAL_ECHO 'sition
                            ; startpos'"). The bridge sends ucinewgame and position back-to-back,
                            ; and BIOS serial RX drops the first 1-2 bytes during the long
                            ; WORKSPACE_CLEAR/TT_CLEAR processing window. Without hash init here,
                            ; the first search runs with hash=0 and pollutes TT with mis-keyed
                            ; entries that persist for the entire match.
   2ff3   d4 55 e3          CALL HASH_INIT
   2ff6   68 ca 65 00       RLDI 10, HASH_HIST
   2ffa   68 cd 64 b9       RLDI 13, HASH_HI
   2ffe   4d                LDA 13                  ; D = HASH_HI, R13 → HASH_LO
   2fff   5a                STR 10
   3000   1a                INC 10
   3001   0d                LDN 13                  ; D = HASH_LO
   3002   5a                STR 10
   3003   68 ca 64 eb       RLDI 10, HASH_HIST_COUNT
   3007   f8 01             LDI 1
   3009   5a                STR 10                  ; HASH_HIST_COUNT = 1 (startpos stored)
                        
   300a   d5                RETN
                        
                        ; ------------------------------------------------------------------------------
                        ; UCI_CMD_STOP - Stop calculating (no-op for now)
                        ; ------------------------------------------------------------------------------
                        ; On a single-threaded system we cannot interrupt search.
                        ; GUI should wait for bestmove response.
                        ; This is here for protocol compatibility.
                        ; ------------------------------------------------------------------------------
   300b                 UCI_CMD_STOP:
                            ; No-op - search completes naturally
                            ; GUI will receive bestmove when search finishes
   300b   d5                RETN
                        
                        ; ------------------------------------------------------------------------------
                        ; UCI_SEND_BEST_MOVE - Send best move in algebraic notation
                        ; ------------------------------------------------------------------------------
   300c                 UCI_SEND_BEST_MOVE:
                            ; BEST_MOVE contains raw from/to squares (not encoded)
                            ; BEST_MOVE[0] = from square (0x88), BEST_MOVE[1] = to square (0x88)
   300c   68 ca 64 10       RLDI 10, BEST_MOVE
                        
   3010   4a                LDA 10              ; from square (raw 0x88)
   3011   bd                PHI 13              ; R13.1 = from
   3012   0a                LDN 10              ; to square (raw 0x88)
   3013   ad                PLO 13              ; R13.0 = to
                        
                            ; Convert to algebraic notation (e.g., "e2e4")
                            ; From square
   3014   9d                GHI 13              ; From square
   3015   d4 30 47          CALL SQUARE_TO_ALGEBRAIC
                            ; Sends two characters (file, rank)
                        
                            ; To square
   3018   8d                GLO 13              ; To square
   3019   d4 30 47          CALL SQUARE_TO_ALGEBRAIC
                        
                            ; Check if this is a promotion move (pawn reaching last rank)
                            ; Load piece at from square
   301c   f8 60             LDI HIGH(BOARD)
   301e   ba                PHI 10
   301f   9d                GHI 13              ; from square
   3020   aa                PLO 10
   3021   f8 00             LDI LOW(BOARD)
   3023   52                STR 2
   3024   8a                GLO 10
   3025   f4                ADD
   3026   aa                PLO 10
   3027   9a                GHI 10
   3028   7c 00             ADCI 0
   302a   ba                PHI 10              ; R10 = &BOARD[from]
   302b   0a                LDN 10              ; D = piece at from
   302c   fa 07             ANI PIECE_MASK      ; Get piece type
   302e   fb 01             XRI PAWN_TYPE       ; Is it a pawn?
   3030   ca 30 46          LBNZ UCI_BM_NO_PROMO
                        
                            ; It's a pawn - check if to square is on last rank
   3033   8d                GLO 13              ; to square
   3034   fa 70             ANI $70             ; Isolate rank
   3036   c2 30 41          LBZ UCI_BM_IS_PROMO ; Rank 0 = promotion for black
   3039   fb 70             XRI $70
   303b   c2 30 41          LBZ UCI_BM_IS_PROMO ; Rank 7 = promotion for white
   303e   c0 30 46          LBR UCI_BM_NO_PROMO
                        
   3041                 UCI_BM_IS_PROMO:
                            ; Append 'q' for queen promotion
   3041   f8 71             LDI 'q'
   3043   d4 00 0b          CALL SERIAL_WRITE_CHAR
                        
   3046                 UCI_BM_NO_PROMO:
   3046   d5                RETN
                        
                        ; ------------------------------------------------------------------------------
                        ; SQUARE_TO_ALGEBRAIC - Convert 0x88 square to algebraic notation
                        ; ------------------------------------------------------------------------------
                        ; Input:  D = square (0x88 format)
                        ; Output: Two characters sent (file letter, rank number)
                        ; ------------------------------------------------------------------------------
   3047                 SQUARE_TO_ALGEBRAIC:
   3047   a7                PLO 7               ; Save square in R7.0 (R13 used by caller!)
                        
                            ; Get file (0-7 → 'a'-'h')
   3048   fa 07             ANI $07             ; File bits
   304a   fc 61             ADI 'a'             ; Convert to ASCII
   304c   d4 00 0b          CALL SERIAL_WRITE_CHAR
                        
                            ; Get rank (0-7 → '1'-'8')
   304f   87                GLO 7               ; Get square from R7.0
   3050   f6                SHR
   3051   f6                SHR
   3052   f6                SHR
   3053   f6                SHR                 ; Rank bits
   3054   fc 31             ADI '1'             ; Convert to ASCII
   3056   d4 00 0b          CALL SERIAL_WRITE_CHAR
                        
   3059   d5                RETN
                        
                        ; ------------------------------------------------------------------------------
                        ; String Comparison Functions
                        ; ------------------------------------------------------------------------------
                        
                        ; STRCMP - Compare two null-terminated strings
                        ; Input:  A = string 1, B = string 2
                        ; Output: D = 0 if equal, non-zero if different
   305a                 STRCMP:
   305a   0a                LDN 10              ; D = char from string 1
   305b   52                STR 2               ; Save to stack
   305c   0b                LDN 11              ; D = char from string 2
   305d   f3                XOR                 ; D = char1 XOR char2 (0 if equal)
   305e   ca 30 6d          LBNZ STRCMP_DIFF     ; If XOR != 0, characters differ
                        
                            ; Characters are equal, check if end of both strings
   3061   0a                LDN 10
   3062   c2 30 6a          LBZ STRCMP_EQUAL     ; If null terminator, both ended - equal
                        
                            ; Continue comparing
   3065   1a                INC 10
   3066   1b                INC 11
   3067   c0 30 5a          LBR STRCMP
                        
   306a                 STRCMP_EQUAL:
   306a   f8 00             LDI 0
   306c   d5                RETN
                        
   306d                 STRCMP_DIFF:
   306d   f8 01             LDI 1
   306f   d5                RETN
                        
                        ; STRNCMP - Compare until space or null in string 1
                        ; Input:  R10 = string 1 (command buffer), R11 = string 2 (command name)
                        ; Output: D = 0 if equal, non-zero if different
   3070                 STRNCMP:
                            ; Check if string 1 hit space (end of command word)
   3070   0a                LDN 10
   3071   fb 20             XRI ' '
   3073   c2 30 86          LBZ STRNCMP_CHECK_END
                        
                            ; Check if string 1 hit null
   3076   0a                LDN 10
   3077   c2 30 86          LBZ STRNCMP_CHECK_END
                        
                            ; Compare characters
   307a   0a                LDN 10              ; D = char from string 1
   307b   52                STR 2               ; Save to stack
   307c   0b                LDN 11              ; D = char from string 2
   307d   f3                XOR                 ; D = char1 XOR char2 (0 if equal)
   307e   ca 30 90          LBNZ STRNCMP_DIFF   ; If different, not equal
                        
   3081   1a                INC 10
   3082   1b                INC 11
   3083   c0 30 70          LBR STRNCMP
                        
   3086                 STRNCMP_CHECK_END:
                            ; String 1 ended (space or null) - check if string 2 also ended
   3086   0b                LDN 11
   3087   c2 30 8d          LBZ STRNCMP_EQUAL   ; String 2 is null - match!
   308a   c0 30 90          LBR STRNCMP_DIFF    ; String 2 has more chars - no match
                        
   308d                 STRNCMP_EQUAL:
   308d   f8 00             LDI 0
   308f   d5                RETN
                        
   3090                 STRNCMP_DIFF:
   3090   f8 01             LDI 1
   3092   d5                RETN
                        
                        ; ==============================================================================
                        ; End of UCI Implementation
                        ; ==============================================================================
                        ; NOTE: SERIAL_READ_CHAR and SERIAL_WRITE_CHAR are provided by serial-io-9600.asm
                        ; ==============================================================================
                        ; ==============================================================================
                        ; Opening Book Lookup - Check if current position is in opening book
                        ; ==============================================================================
                        ;
                        ; Book format (from opening-book.asm):
                        ;   Each entry: [ply] [move1_from] [move1_to] ... [response_from] [response_to]
                        ;   Terminated with $FF
                        ;   Entries sorted by ply
                        ;
                        ; Uses: GAME_PLY - number of moves played since start
                        ;       MOVE_HIST - array of (from, to) pairs for game moves
                        ;       BOOK_MOVE_FROM/TO - output for book response
                        ;
                        ; ==============================================================================
                        
                        ; ==============================================================================
                        ; BOOK_LOOKUP - Search opening book for current position
                        ; ==============================================================================
                        ; Input:  GAME_PLY = number of moves played
                        ;         MOVE_HIST = game move history (2 bytes per move)
                        ; Output: D = 1 if book hit, 0 if no match
                        ;         BOOK_MOVE_FROM/TO = response move (if hit)
                        ; Uses:   R7, R8, R9, R10
                        ; ==============================================================================
   3093                 BOOK_LOOKUP:
                            ; R8 = pointer to current book entry
   3093   68 c8 31 01       RLDI 8, OPENING_BOOK
                        
                            ; Load GAME_PLY into R7.1 for quick comparison
   3097   68 ca 64 4d       RLDI 10, GAME_PLY
   309b   0a                LDN 10
   309c   b7                PHI 7               ; R7.1 = GAME_PLY
                        
   309d                 BL_ENTRY_LOOP:
                            ; Read entry ply byte
   309d   08                LDN 8               ; D = entry ply
   309e   fb ff             XRI $FF             ; Check for end marker
   30a0   c2 30 fe          LBZ BL_NO_MATCH     ; End of book, no match
                        
                            ; Restore ply value
   30a3   fb ff             XRI $FF
   30a5   a7                PLO 7               ; R7.0 = entry_ply
                        
                            ; Check if entry_ply > GAME_PLY (early exit - book sorted by ply)
   30a6   97                GHI 7               ; D = GAME_PLY
   30a7   52                STR 2               ; Store on stack
   30a8   87                GLO 7               ; D = entry_ply
   30a9   f5                SD                  ; D = GAME_PLY - entry_ply
   30aa   cb 30 fe          LBNF BL_NO_MATCH    ; If borrow (entry_ply > GAME_PLY), no match possible
                        
                            ; Check if entry_ply == GAME_PLY
   30ad   c2 30 bf          LBZ BL_CHECK_MOVES  ; If equal, check the moves
                        
                            ; entry_ply < GAME_PLY, skip to next entry
                            ; Entry length = 1 + entry_ply*2 + 2 = 3 + entry_ply*2
   30b0   87                GLO 7               ; D = entry_ply
   30b1   fe                SHL                 ; D = entry_ply * 2
   30b2   fc 03             ADI 3               ; D = 3 + entry_ply * 2
   30b4   52                STR 2               ; Save skip amount
   30b5   88                GLO 8
   30b6   f4                ADD
   30b7   a8                PLO 8
   30b8   98                GHI 8
   30b9   7c 00             ADCI 0
   30bb   b8                PHI 8
   30bc   c0 30 9d          LBR BL_ENTRY_LOOP
                        
   30bf                 BL_CHECK_MOVES:
                            ; entry_ply == GAME_PLY, compare all moves
                            ; R8 points to ply byte, moves start at R8+1
                            ; R9 = pointer to MOVE_HIST
   30bf   68 c9 60 90       RLDI 9, MOVE_HIST
                        
                            ; R10.0 = move counter (number of move pairs to compare)
   30c3   87                GLO 7               ; entry_ply = number of moves to compare
   30c4   aa                PLO 10
                        
                            ; Move past ply byte
   30c5   18                INC 8
                        
                            ; If ply == 0, no moves to compare - direct match!
   30c6   8a                GLO 10
   30c7   c2 30 e1          LBZ BL_MATCH_FOUND
                        
   30ca                 BL_COMPARE_LOOP:
                            ; Compare from square
   30ca   08                LDN 8               ; Book from
   30cb   52                STR 2
   30cc   09                LDN 9               ; History from
   30cd   f3                XOR                 ; Compare
   30ce   ca 30 ef          LBNZ BL_SKIP_ENTRY  ; Mismatch
                        
                            ; Compare to square
   30d1   18                INC 8
   30d2   19                INC 9
   30d3   08                LDN 8               ; Book to
   30d4   52                STR 2
   30d5   09                LDN 9               ; History to
   30d6   f3                XOR                 ; Compare
   30d7   ca 30 ed          LBNZ BL_SKIP_TO     ; TO mismatch - different skip path
                        
                            ; Move to next pair
   30da   18                INC 8
   30db   19                INC 9
   30dc   2a                DEC 10
   30dd   8a                GLO 10
   30de   ca 30 ca          LBNZ BL_COMPARE_LOOP
                        
   30e1                 BL_MATCH_FOUND:
                            ; All moves matched! R8 now points to response
                            ; Store response in BOOK_MOVE_FROM/TO
   30e1   68 c9 64 4e       RLDI 9, BOOK_MOVE_FROM
                        
   30e5   48                LDA 8               ; Response from
   30e6   59                STR 9
   30e7   19                INC 9
   30e8   08                LDN 8               ; Response to
   30e9   59                STR 9
                        
                            ; Return success
   30ea   f8 01             LDI 1
   30ec   d5                RETN
                        
   30ed                 BL_SKIP_TO:
                            ; TO byte mismatch: R8 points to TO byte (already past FROM via INC 8)
                            ; Advance past TO and count this pair as consumed, then fall through
   30ed   18                INC 8               ; Past TO byte -> R8 at start of next pair
   30ee   2a                DEC 10              ; This pair consumed
                            ; Fall through to BL_SKIP_ENTRY
                        
   30ef                 BL_SKIP_ENTRY:
                            ; FROM byte mismatch: R8 points to FROM byte of mismatched pair
                            ; R10.0 = remaining move pairs to skip (not yet compared)
                            ; Skip: remaining_moves*2 + 2 (response bytes)
   30ef   8a                GLO 10              ; Remaining moves
   30f0   fe                SHL                 ; * 2
   30f1   fc 02             ADI 2               ; + response
   30f3   52                STR 2
   30f4   88                GLO 8
   30f5   f4                ADD
   30f6   a8                PLO 8
   30f7   98                GHI 8
   30f8   7c 00             ADCI 0
   30fa   b8                PHI 8
                        
                            ; Reset book pointer past ply (we compared some moves already)
   30fb   c0 30 9d          LBR BL_ENTRY_LOOP
                        
   30fe                 BL_NO_MATCH:
                            ; No book match found
   30fe   f8 00             LDI 0
   3100   d5                RETN
                        
                        ; ==============================================================================
                        ; End of Opening Book Lookup
                        ; ==============================================================================
                        ; ==============================================================================
                        ; Combined Opening Book Data - Merged from multiple PGN sources
                        ; Total entries: 504, Total size: 9385 bytes
                        ; Duplicates removed: 6
                        ; Sources:
                        ;   giuoco-piano: 97 entries
                        ;   sicilian-rossolimo: 91 entries
                        ;   french-advance: 46 entries
                        ;   caro-kann-advance: 81 entries
                        ;   qgd-exchange: 62 entries
                        ;   alekhine-modern: 30 entries
                        ;   scandinavian: 31 entries
                        ;   pirc-austrian: 23 entries
                        ;   opponent-prep (manual, 2026-04-21): 10 entries targeting Stockfish Skill 2 sidelines
                        ;   krejcik-sacrifice (2026-04-22): 5 entries for 1.e4 Nf6 2.e5 Ne4 3.d3 Nxf2!? line
                        ;   krejcik-retreat (2026-04-22): 3 entries for 1.e4 Nf6 2.e5 Ne4 3.d3 Nc5 line
                        ;   opponent-prep (2026-04-27): 5 entries continuing existing 2026-04-21 lines past the engine's first searched move
                        ; ==============================================================================
                        
                        ; Book format:
                        ;   Each entry: [ply] [move1_from] [move1_to] ... [response_from] [response_to] [$FF terminator]
                        ;   Entries sorted by ply for efficient early-exit
                        
   3101                 OPENING_BOOK:
                        
                            ; === Ply 0 ===
                            ; Ply 0:  -> 14-34 (52768x)
   3101   00 14 34          DB $00, $14, $34
                            ; Ply 0:  -> 13-33 (35277x)
   3104   00 13 33          DB $00, $13, $33
                        
                            ; === Ply 1 ===
                            ; Ply 1: 14-34 -> 64-44 (52604x)
   3107   01 14 34 64       DB $01, $14, $34, $64, $44
   310b   44            
                            ; Ply 1: 06-25 -> 62-42 (720x)
   310c   01 06 25 62       DB $01, $06, $25, $62, $42
   3110   42            
                            ; Ply 1: 14-34 -> 62-42 (63883x)
   3111   01 14 34 62       DB $01, $14, $34, $62, $42
   3115   42            
                            ; Ply 1: 13-33 -> 64-54 (1008x)
   3116   01 13 33 64       DB $01, $13, $33, $64, $54
   311a   54            
                            ; Ply 1: 14-34 -> 64-54 (37904x)
   311b   01 14 34 64       DB $01, $14, $34, $64, $54
   311f   54            
                            ; Ply 1: 14-34 -> 62-52 (61702x)
   3120   01 14 34 62       DB $01, $14, $34, $62, $52
   3124   52            
                            ; Ply 1: 12-32 -> 64-54 (3289x)
   3125   01 12 32 64       DB $01, $12, $32, $64, $54
   3129   54            
                            ; Ply 1: 13-33 -> 63-43 (20590x)
   312a   01 13 33 63       DB $01, $13, $33, $63, $43
   312e   43            
                            ; Ply 1: 14-34 -> 76-55 (17718x)
   312f   01 14 34 76       DB $01, $14, $34, $76, $55
   3133   55            
                            ; Ply 1: 14-34 -> 63-43 (23971x)
   3134   01 14 34 63       DB $01, $14, $34, $63, $43
   3138   43            
                            ; Ply 1: 13-33 -> 63-53 (605x)
   3139   01 13 33 63       DB $01, $13, $33, $63, $53
   313d   53            
                            ; Ply 1: 14-34 -> 63-53 (9811x)
   313e   01 14 34 63       DB $01, $14, $34, $63, $53
   3142   53            
                        
                            ; === Ply 2 ===
                            ; Ply 2: 14-34 64-44 -> 06-25 (51371x)
   3143   02 14 34 64       DB $02, $14, $34, $64, $44, $06, $25
   3147   44 06 25      
                            ; Ply 2: 06-25 62-42 -> 14-34 (720x)
   314a   02 06 25 62       DB $02, $06, $25, $62, $42, $14, $34
   314e   42 14 34      
                            ; Ply 2: 14-34 62-42 -> 06-25 (63881x)
   3151   02 14 34 62       DB $02, $14, $34, $62, $42, $06, $25
   3155   42 06 25      
                            ; Ply 2: 13-33 64-54 -> 14-34 (1007x)
   3158   02 13 33 64       DB $02, $13, $33, $64, $54, $14, $34
   315c   54 14 34      
                            ; Ply 2: 14-34 62-42 -> 12-22 (1697x)
   315f   02 14 34 62       DB $02, $14, $34, $62, $42, $12, $22
   3163   42 12 22      
                            ; Ply 2: 14-34 64-54 -> 13-33 (37866x)
   3166   02 14 34 64       DB $02, $14, $34, $64, $54, $13, $33
   316a   54 13 33      
                            ; Ply 2: 14-34 62-52 -> 13-33 (61680x)
   316d   02 14 34 62       DB $02, $14, $34, $62, $52, $13, $33
   3171   52 13 33      
                            ; Ply 2: 12-32 64-54 -> 01-22 (2931x)
   3174   02 12 32 64       DB $02, $12, $32, $64, $54, $01, $22
   3178   54 01 22      
                            ; Ply 2: 13-33 63-43 -> 12-32 (20590x)
   317b   02 13 33 63       DB $02, $13, $33, $63, $43, $12, $32
   317f   43 12 32      
                            ; Ply 2: 13-33 64-54 -> 12-32 (1257x)
   3182   02 13 33 64       DB $02, $13, $33, $64, $54, $12, $32
   3186   54 12 32      
                            ; Ply 2: 13-33 76-55 -> 12-32 (13430x)
   3189   02 13 33 76       DB $02, $13, $33, $76, $55, $12, $32
   318d   55 12 32      
                            ; Ply 2: 14-34 76-55 -> 34-44 (17718x)
   3190   02 14 34 76       DB $02, $14, $34, $76, $55, $34, $44
   3194   55 34 44      
                            ; Ply 2: 14-34 63-43 -> 34-43 (23900x)
   3197   02 14 34 63       DB $02, $14, $34, $63, $43, $34, $43
   319b   43 34 43      
                            ; Ply 2: 13-33 63-53 -> 14-34 (592x)
   319e   02 13 33 63       DB $02, $13, $33, $63, $53, $14, $34
   31a2   53 14 34      
                            ; Ply 2: 13-33 76-55 -> 01-22 (507x)
   31a5   02 13 33 76       DB $02, $13, $33, $76, $55, $01, $22
   31a9   55 01 22      
                            ; Ply 2: 14-34 63-53 -> 13-33 (9731x)
   31ac   02 14 34 63       DB $02, $14, $34, $63, $53, $13, $33
   31b0   53 13 33      
                        
                            ; === Ply 3 ===
                            ; Ply 3: 14-34 64-44 05-32 -> 71-52 (780x)
   31b3   03 14 34 64       DB $03, $14, $34, $64, $44, $05, $32, $71, $52
   31b7   44 05 32 71   
   31bb   52            
                            ; Ply 3: 14-34 64-44 06-25 -> 71-52 (51354x)
   31bc   03 14 34 64       DB $03, $14, $34, $64, $44, $06, $25, $71, $52
   31c0   44 06 25 71   
   31c4   52            
                            ; Ply 3: 06-25 62-42 14-34 -> 71-52 (720x)
   31c5   03 06 25 62       DB $03, $06, $25, $62, $42, $14, $34, $71, $52
   31c9   42 14 34 71   
   31cd   52            
                            ; Ply 3: 14-34 62-42 06-25 -> 71-52 (63881x)
   31ce   03 14 34 62       DB $03, $14, $34, $62, $42, $06, $25, $71, $52
   31d2   42 06 25 71   
   31d6   52            
                            ; Ply 3: 13-33 64-54 14-34 -> 63-43 (981x)
   31d7   03 13 33 64       DB $03, $13, $33, $64, $54, $14, $34, $63, $43
   31db   54 14 34 63   
   31df   43            
                            ; Ply 3: 14-34 62-42 12-22 -> 64-54 (1677x)
   31e0   03 14 34 62       DB $03, $14, $34, $62, $42, $12, $22, $64, $54
   31e4   42 12 22 64   
   31e8   54            
                            ; Ply 3: 14-34 64-54 13-33 -> 63-43 (37745x)
   31e9   03 14 34 64       DB $03, $14, $34, $64, $54, $13, $33, $63, $43
   31ed   54 13 33 63   
   31f1   43            
                            ; Ply 3: 14-34 62-52 13-33 -> 63-43 (61679x)
   31f2   03 14 34 62       DB $03, $14, $34, $62, $52, $13, $33, $63, $43
   31f6   52 13 33 63   
   31fa   43            
                            ; Ply 3: 12-32 64-54 01-22 -> 63-43 (2874x)
   31fb   03 12 32 64       DB $03, $12, $32, $64, $54, $01, $22, $63, $43
   31ff   54 01 22 63   
   3203   43            
                            ; Ply 3: 13-33 63-43 12-32 -> 64-54 (20480x)
   3204   03 13 33 63       DB $03, $13, $33, $63, $43, $12, $32, $64, $54
   3208   43 12 32 64   
   320c   54            
                            ; Ply 3: 13-33 64-54 12-32 -> 63-43 (701x)
   320d   03 13 33 64       DB $03, $13, $33, $64, $54, $12, $32, $63, $43
   3211   54 12 32 63   
   3215   43            
                            ; Ply 3: 13-33 76-55 12-32 -> 64-54 (13373x)
   3216   03 13 33 76       DB $03, $13, $33, $76, $55, $12, $32, $64, $54
   321a   55 12 32 64   
   321e   54            
                            ; Ply 3: 14-34 76-55 34-44 -> 55-43 (17718x)
   321f   03 14 34 76       DB $03, $14, $34, $76, $55, $34, $44, $55, $43
   3223   55 34 44 55   
   3227   43            
                            ; Ply 3: 14-34 63-43 34-43 -> 73-43 (23900x)
   3228   03 14 34 63       DB $03, $14, $34, $63, $43, $34, $43, $73, $43
   322c   43 34 43 73   
   3230   43            
                            ; Ply 3: 13-33 63-53 14-34 -> 76-55 (579x)
   3231   03 13 33 63       DB $03, $13, $33, $63, $53, $14, $34, $76, $55
   3235   53 14 34 76   
   3239   55            
                            ; Ply 3: 14-34 63-53 13-33 -> 76-55 (9612x)
   323a   03 14 34 63       DB $03, $14, $34, $63, $53, $13, $33, $76, $55
   323e   53 13 33 76   
   3242   55            
                        
                            ; === Ply 4 ===
                            ; Ply 4: 14-34 64-44 05-32 71-52 -> 06-25 (780x)
   3243   04 14 34 64       DB $04, $14, $34, $64, $44, $05, $32, $71, $52, $06, $25
   3247   44 05 32 71   
   324b   52 06 25      
                            ; Ply 4: 14-34 64-44 05-32 75-42 -> 06-25 (452x)
   324e   04 14 34 64       DB $04, $14, $34, $64, $44, $05, $32, $75, $42, $06, $25
   3252   44 05 32 75   
   3256   42 06 25      
                            ; Ply 4: 14-34 64-44 06-25 71-52 -> 05-32 (51354x)
   3259   04 14 34 64       DB $04, $14, $34, $64, $44, $06, $25, $71, $52, $05, $32
   325d   44 06 25 71   
   3261   52 05 32      
                            ; Ply 4: 06-25 62-42 14-34 71-52 -> 05-41 (720x)
   3264   04 06 25 62       DB $04, $06, $25, $62, $42, $14, $34, $71, $52, $05, $41
   3268   42 14 34 71   
   326c   52 05 41      
                            ; Ply 4: 14-34 62-42 06-25 71-52 -> 05-41 (63881x)
   326f   04 14 34 62       DB $04, $14, $34, $62, $42, $06, $25, $71, $52, $05, $41
   3273   42 06 25 71   
   3277   52 05 41      
                            ; Ply 4: 13-33 64-54 14-34 63-43 -> 34-44 (981x)
   327a   04 13 33 64       DB $04, $13, $33, $64, $54, $14, $34, $63, $43, $34, $44
   327e   54 14 34 63   
   3282   43 34 44      
                            ; Ply 4: 14-34 62-42 12-22 64-54 -> 13-33 (1676x)
   3285   04 14 34 62       DB $04, $14, $34, $62, $42, $12, $22, $64, $54, $13, $33
   3289   42 12 22 64   
   328d   54 13 33      
                            ; Ply 4: 14-34 64-54 13-33 63-43 -> 34-44 (37745x)
   3290   04 14 34 64       DB $04, $14, $34, $64, $54, $13, $33, $63, $43, $34, $44
   3294   54 13 33 63   
   3298   43 34 44      
                            ; Ply 4: 14-34 62-52 13-33 63-43 -> 34-44 (61679x)
   329b   04 14 34 62       DB $04, $14, $34, $62, $52, $13, $33, $63, $43, $34, $44
   329f   52 13 33 63   
   32a3   43 34 44      
                            ; Ply 4: 12-32 64-54 01-22 63-43 -> 13-33 (2872x)
   32a6   04 12 32 64       DB $04, $12, $32, $64, $54, $01, $22, $63, $43, $13, $33
   32aa   54 01 22 63   
   32ae   43 13 33      
                            ; Ply 4: 13-33 63-43 12-32 64-54 -> 01-22 (20477x)
   32b1   04 13 33 63       DB $04, $13, $33, $63, $43, $12, $32, $64, $54, $01, $22
   32b5   43 12 32 64   
   32b9   54 01 22      
                            ; Ply 4: 13-33 64-54 12-32 63-43 -> 01-22 (701x)
   32bc   04 13 33 64       DB $04, $13, $33, $64, $54, $12, $32, $63, $43, $01, $22
   32c0   54 12 32 63   
   32c4   43 01 22      
                            ; Ply 4: 13-33 64-54 12-32 76-55 -> 01-22 (556x)
   32c7   04 13 33 64       DB $04, $13, $33, $64, $54, $12, $32, $76, $55, $01, $22
   32cb   54 12 32 76   
   32cf   55 01 22      
                            ; Ply 4: 13-33 76-55 12-32 64-54 -> 01-22 (13373x)
   32d2   04 13 33 76       DB $04, $13, $33, $76, $55, $12, $32, $64, $54, $01, $22
   32d6   55 12 32 64   
   32da   54 01 22      
                            ; Ply 4: 14-34 76-55 34-44 55-43 -> 13-33 (17205x)
   32dd   04 14 34 76       DB $04, $14, $34, $76, $55, $34, $44, $55, $43, $13, $33
   32e1   55 34 44 55   
   32e5   43 13 33      
                            ; Ply 4: 14-34 63-43 34-43 73-43 -> 01-22 (23900x)
   32e8   04 14 34 63       DB $04, $14, $34, $63, $43, $34, $43, $73, $43, $01, $22
   32ec   43 34 43 73   
   32f0   43 01 22      
                            ; Ply 4: 13-33 63-53 14-34 76-55 -> 01-22 (579x)
   32f3   04 13 33 63       DB $04, $13, $33, $63, $53, $14, $34, $76, $55, $01, $22
   32f7   53 14 34 76   
   32fb   55 01 22      
                            ; Ply 4: 14-34 63-53 13-33 76-55 -> 01-22 (9611x)
   32fe   04 14 34 63       DB $04, $14, $34, $63, $53, $13, $33, $76, $55, $01, $22
   3302   53 13 33 76   
   3306   55 01 22      
                        
                            ; --- Opponent-prep additions (2026-04-21) ---
                            ; Targets Stockfish Skill-2 sidelines observed in match logs. See memory
                            ; 'book_strategy_shift' for rationale and 34-game OOB statistical analysis.
                        
                            ; Ply 4: e2e4 g8f6 e4e5 f6e4 -> d2d3 (Alekhine-Krejcik: kick the loose knight)
   3309   04 14 34 76       DB $04, $14, $34, $76, $55, $34, $44, $55, $34, $13, $23
   330d   55 34 44 55   
   3311   34 13 23      
                            ; Ply 4: e2e4 g8f6 e4e5 f6g8 -> d2d4 (Alekhine-retreat: claim center, Black gave up tempo)
   3314   04 14 34 76       DB $04, $14, $34, $76, $55, $34, $44, $55, $76, $13, $33
   3318   55 34 44 55   
   331c   76 13 33      
                            ; Ply 4: e2e4 e7e6 d2d4 c7c6 -> b1c3 (Franco-Caro hybrid: flexible development)
   331f   04 14 34 64       DB $04, $14, $34, $64, $54, $13, $33, $62, $52, $01, $22
   3323   54 13 33 62   
   3327   52 01 22      
                            ; Ply 4: e2e4 c7c6 d2d4 d7d6 -> b1c3 (Caro without d5: normal development)
   332a   04 14 34 62       DB $04, $14, $34, $62, $52, $13, $33, $63, $53, $01, $22
   332e   52 13 33 63   
   3332   53 01 22      
                            ; Ply 4: e2e4 c7c6 d2d4 e7e6 -> b1c3 (Caro-French hybrid: develop)
   3335   04 14 34 62       DB $04, $14, $34, $62, $52, $13, $33, $64, $54, $01, $22
   3339   52 13 33 64   
   333d   54 01 22      
                            ; Ply 4: e2e4 c7c6 d2d4 d8c7 -> b1c3 (premature queen: ignore, develop)
   3340   04 14 34 62       DB $04, $14, $34, $62, $52, $13, $33, $73, $62, $01, $22
   3344   52 13 33 73   
   3348   62 01 22      
                            ; Ply 4: e2e4 e7e6 d2d4 a7a5 -> b1c3 (bizarre flank move: ignore, develop)
   334b   04 14 34 64       DB $04, $14, $34, $64, $54, $13, $33, $60, $40, $01, $22
   334f   54 13 33 60   
   3353   40 01 22      
                            ; Ply 4: e2e4 e7e5 g1f3 d7d5 -> e4d5 (Elephant Gambit: capture, always)
   3356   04 14 34 64       DB $04, $14, $34, $64, $44, $06, $25, $63, $43, $34, $43
   335a   44 06 25 63   
   335e   43 34 43      
                            ; Ply 4: e2e4 e7e5 g1f3 f8d6 -> f1c4 (odd bishop move: standard Italian setup)
   3361   04 14 34 64       DB $04, $14, $34, $64, $44, $06, $25, $75, $53, $05, $32
   3365   44 06 25 75   
   3369   53 05 32      
                        
                            ; Ply 4: e2e4 g8f6 e4e5 b8c6 -> e5f6 (Stockfish blunder: leaves Nf6 hanging
                            ; to the e5 pawn while developing Nc6 instead. Capture the free knight.
                            ; First killed-match book extension test on 2026-05-02.
   336c   04 14 34 76       DB $04, $14, $34, $76, $55, $34, $44, $71, $52, $44, $55
   3370   55 34 44 71   
   3374   52 44 55      
                        
                            ; Ply 4: e2e4 e7e5 g1f3 d7d6 -> d2d4 (Philidor's Defense: open the center
                            ; with d4, the mainline reply. Black's typical reply ...exd4 or ...Nd7
                            ; leads to slight white advantage. New 2026-05-02 opening encountered.
   3377   04 14 34 64       DB $04, $14, $34, $64, $44, $06, $25, $63, $53, $13, $33
   337b   44 06 25 63   
   337f   53 13 33      
                        
                            ; Ply 4: e2e4 e7e6 d2d4 d7d6 -> b1c3 (Lengfellner System: Nc3 development)
                            ; French move order then Pirc-like ...d6 by black. Nc3 is the flexible
                            ; response, matches our Pirc/French treatment elsewhere.
   3382   04 14 34 64       DB $04, $14, $34, $64, $54, $13, $33, $63, $53, $01, $22
   3386   54 13 33 63   
   338a   53 01 22      
                        
                            ; === Ply 5 ===
                            ; Ply 5: 14-34 64-44 05-32 71-52 06-25 -> 75-42 (780x)
   338d   05 14 34 64       DB $05, $14, $34, $64, $44, $05, $32, $71, $52, $06, $25, $75, $42
   3391   44 05 32 71   
   3395   52 06 25 75   
   3399   42            
                            ; Ply 5: 14-34 64-44 05-32 75-42 06-25 -> 71-52 (452x)
   339a   05 14 34 64       DB $05, $14, $34, $64, $44, $05, $32, $75, $42, $06, $25, $71, $52
   339e   44 05 32 75   
   33a2   42 06 25 71   
   33a6   52            
                            ; Ply 5: 14-34 64-44 06-25 71-52 05-32 -> 75-42 (51353x)
   33a7   05 14 34 64       DB $05, $14, $34, $64, $44, $06, $25, $71, $52, $05, $32, $75, $42
   33ab   44 06 25 71   
   33af   52 05 32 75   
   33b3   42            
                            ; Ply 5: 14-34 62-42 06-25 71-52 05-41 -> 66-56 (30263x)
   33b4   05 14 34 62       DB $05, $14, $34, $62, $42, $06, $25, $71, $52, $05, $41, $66, $56
   33b8   42 06 25 71   
   33bc   52 05 41 66   
   33c0   56            
                            ; Ply 5: 13-33 64-54 14-34 63-43 34-44 -> 62-42 (981x)
   33c1   05 13 33 64       DB $05, $13, $33, $64, $54, $14, $34, $63, $43, $34, $44, $62, $42
   33c5   54 14 34 63   
   33c9   43 34 44 62   
   33cd   42            
                            ; Ply 5: 14-34 62-42 12-22 64-54 13-33 -> 63-43 (1676x)
   33ce   05 14 34 62       DB $05, $14, $34, $62, $42, $12, $22, $64, $54, $13, $33, $63, $43
   33d2   42 12 22 64   
   33d6   54 13 33 63   
   33da   43            
                            ; Ply 5: 14-34 64-54 13-33 63-43 34-44 -> 62-42 (37743x)
   33db   05 14 34 64       DB $05, $14, $34, $64, $54, $13, $33, $63, $43, $34, $44, $62, $42
   33df   54 13 33 63   
   33e3   43 34 44 62   
   33e7   42            
                            ; Ply 5: 14-34 62-52 13-33 63-43 34-44 -> 72-45 (45996x)
   33e8   05 14 34 62       DB $05, $14, $34, $62, $52, $13, $33, $63, $43, $34, $44, $72, $45
   33ec   52 13 33 63   
   33f0   43 34 44 72   
   33f4   45            
                            ; Ply 5: 12-32 64-54 01-22 63-43 13-33 -> 76-55 (2872x)
   33f5   05 12 32 64       DB $05, $12, $32, $64, $54, $01, $22, $63, $43, $13, $33, $76, $55
   33f9   54 01 22 63   
   33fd   43 13 33 76   
   3401   55            
                            ; Ply 5: 13-33 63-43 12-32 64-54 01-22 -> 76-55 (20477x)
   3402   05 13 33 63       DB $05, $13, $33, $63, $43, $12, $32, $64, $54, $01, $22, $76, $55
   3406   43 12 32 64   
   340a   54 01 22 76   
   340e   55            
                            ; Ply 5: 13-33 64-54 12-32 63-43 01-22 -> 76-55 (701x)
   340f   05 13 33 64       DB $05, $13, $33, $64, $54, $12, $32, $63, $43, $01, $22, $76, $55
   3413   54 12 32 63   
   3417   43 01 22 76   
   341b   55            
                            ; Ply 5: 13-33 64-54 12-32 76-55 01-22 -> 63-43 (556x)
   341c   05 13 33 64       DB $05, $13, $33, $64, $54, $12, $32, $76, $55, $01, $22, $63, $43
   3420   54 12 32 76   
   3424   55 01 22 63   
   3428   43            
                            ; Ply 5: 13-33 76-55 12-32 64-54 01-22 -> 63-43 (13373x)
   3429   05 13 33 76       DB $05, $13, $33, $76, $55, $12, $32, $64, $54, $01, $22, $63, $43
   342d   55 12 32 64   
   3431   54 01 22 63   
   3435   43            
                            ; Ply 5: 14-34 76-55 34-44 55-43 06-25 -> 63-53 (513x)
   3436   05 14 34 76       DB $05, $14, $34, $76, $55, $34, $44, $55, $43, $06, $25, $63, $53
   343a   55 34 44 55   
   343e   43 06 25 63   
   3442   53            
                            ; Ply 5: 14-34 76-55 34-44 55-43 13-33 -> 63-53 (17205x)
   3443   05 14 34 76       DB $05, $14, $34, $76, $55, $34, $44, $55, $43, $13, $33, $63, $53
   3447   55 34 44 55   
   344b   43 13 33 63   
   344f   53            
                            ; Ply 5: 14-34 63-43 34-43 73-43 01-22 -> 43-40 (23898x)
   3450   05 14 34 63       DB $05, $14, $34, $63, $43, $34, $43, $73, $43, $01, $22, $43, $40
   3454   43 34 43 73   
   3458   43 01 22 43   
   345c   40            
                            ; Ply 5: 13-33 63-53 14-34 76-55 01-22 -> 66-56 (579x)
   345d   05 13 33 63       DB $05, $13, $33, $63, $53, $14, $34, $76, $55, $01, $22, $66, $56
   3461   53 14 34 76   
   3465   55 01 22 66   
   3469   56            
                            ; Ply 5: 14-34 63-53 13-33 76-55 01-22 -> 66-56 (9611x)
   346a   05 14 34 63       DB $05, $14, $34, $63, $53, $13, $33, $76, $55, $01, $22, $66, $56
   346e   53 13 33 76   
   3472   55 01 22 66   
   3476   56            
                        
                            ; === Ply 6 ===
                            ; Ply 6: 14-34 64-44 05-32 71-52 06-25 75-42 -> 12-22 (348x)
   3477   06 14 34 64       DB $06, $14, $34, $64, $44, $05, $32, $71, $52, $06, $25, $75, $42, $12, $22
   347b   44 05 32 71   
   347f   52 06 25 75   
   3483   42 12 22      
                            ; Ply 6: 14-34 64-44 06-25 71-52 05-32 75-42 -> 12-22 (25597x)
   3486   06 14 34 64       DB $06, $14, $34, $64, $44, $06, $25, $71, $52, $05, $32, $75, $42, $12, $22
   348a   44 06 25 71   
   348e   52 05 32 75   
   3492   42 12 22      
                            ; Ply 6: 14-34 62-42 06-25 71-52 05-41 52-33 -> 25-33 (698x)
   3495   06 14 34 62       DB $06, $14, $34, $62, $42, $06, $25, $71, $52, $05, $41, $52, $33, $25, $33
   3499   42 06 25 71   
   349d   52 05 41 52   
   34a1   33 25 33      
                            ; Ply 6: 14-34 62-42 06-25 71-52 05-41 60-50 -> 41-52 (1066x)
   34a4   06 14 34 62       DB $06, $14, $34, $62, $42, $06, $25, $71, $52, $05, $41, $60, $50, $41, $52
   34a8   42 06 25 71   
   34ac   52 05 41 60   
   34b0   50 41 52      
                            ; Ply 6: 14-34 62-42 06-25 71-52 05-41 63-53 -> 04-06 (4902x)
   34b3   06 14 34 62       DB $06, $14, $34, $62, $42, $06, $25, $71, $52, $05, $41, $63, $53, $04, $06
   34b7   42 06 25 71   
   34bb   52 05 41 63   
   34bf   53 04 06      
                            ; Ply 6: 14-34 62-42 06-25 71-52 05-41 64-44 -> 04-06 (1571x)
   34c2   06 14 34 62       DB $06, $14, $34, $62, $42, $06, $25, $71, $52, $05, $41, $64, $44, $04, $06
   34c6   42 06 25 71   
   34ca   52 05 41 64   
   34ce   44 04 06      
                            ; Ply 6: 14-34 62-42 06-25 71-52 05-41 64-54 -> 04-06 (8810x)
   34d1   06 14 34 62       DB $06, $14, $34, $62, $42, $06, $25, $71, $52, $05, $41, $64, $54, $04, $06
   34d5   42 06 25 71   
   34d9   52 05 41 64   
   34dd   54 04 06      
                            ; Ply 6: 14-34 62-42 06-25 71-52 05-41 66-56 -> 04-06 (16418x)
   34e0   06 14 34 62       DB $06, $14, $34, $62, $42, $06, $25, $71, $52, $05, $41, $66, $56, $04, $06
   34e4   42 06 25 71   
   34e8   52 05 41 66   
   34ec   56 04 06      
                            ; Ply 6: 14-34 62-42 06-25 71-52 05-41 73-51 -> 01-22 (661x)
   34ef   06 14 34 62       DB $06, $14, $34, $62, $42, $06, $25, $71, $52, $05, $41, $73, $51, $01, $22
   34f3   42 06 25 71   
   34f7   52 05 41 73   
   34fb   51 01 22      
                            ; Ply 6: 14-34 62-42 06-25 71-52 05-41 73-62 -> 04-06 (559x)
   34fe   06 14 34 62       DB $06, $14, $34, $62, $42, $06, $25, $71, $52, $05, $41, $73, $62, $04, $06
   3502   42 06 25 71   
   3506   52 05 41 73   
   350a   62 04 06      
                            ; Ply 6: 14-34 62-42 06-25 71-52 05-41 76-55 -> 01-22 (2191x)
   350d   06 14 34 62       DB $06, $14, $34, $62, $42, $06, $25, $71, $52, $05, $41, $76, $55, $01, $22
   3511   42 06 25 71   
   3515   52 05 41 76   
   3519   55 01 22      
                            ; Ply 6: 13-33 64-54 14-34 63-43 34-44 62-42 -> 12-22 (981x)
   351c   06 13 33 64       DB $06, $13, $33, $64, $54, $14, $34, $63, $43, $34, $44, $62, $42, $12, $22
   3520   54 14 34 63   
   3524   43 34 44 62   
   3528   42 12 22      
                            ; Ply 6: 14-34 62-42 12-22 64-54 13-33 63-43 -> 34-44 (1676x)
   352b   06 14 34 62       DB $06, $14, $34, $62, $42, $12, $22, $64, $54, $13, $33, $63, $43, $34, $44
   352f   42 12 22 64   
   3533   54 13 33 63   
   3537   43 34 44      
                            ; Ply 6: 14-34 64-54 13-33 63-43 34-44 62-42 -> 12-22 (37743x)
   353a   06 14 34 64       DB $06, $14, $34, $64, $54, $13, $33, $63, $43, $34, $44, $62, $42, $12, $22
   353e   54 13 33 63   
   3542   43 34 44 62   
   3546   42 12 22      
                            ; Ply 6: 14-34 62-52 13-33 63-43 34-44 52-42 -> 33-42 (8615x)
   3549   06 14 34 62       DB $06, $14, $34, $62, $52, $13, $33, $63, $43, $34, $44, $52, $42, $33, $42
   354d   52 13 33 63   
   3551   43 34 44 52   
   3555   42 33 42      
                            ; Ply 6: 14-34 62-52 13-33 63-43 34-44 72-45 -> 06-25 (16734x)
   3558   06 14 34 62       DB $06, $14, $34, $62, $52, $13, $33, $63, $43, $34, $44, $72, $45, $06, $25
   355c   52 13 33 63   
   3560   43 34 44 72   
   3564   45 06 25      
                            ; Ply 6: 12-32 64-54 01-22 63-43 13-33 76-55 -> 32-43 (2872x)
   3567   06 12 32 64       DB $06, $12, $32, $64, $54, $01, $22, $63, $43, $13, $33, $76, $55, $32, $43
   356b   54 01 22 63   
   356f   43 13 33 76   
   3573   55 32 43      
                            ; Ply 6: 13-33 63-43 12-32 64-54 01-22 76-55 -> 32-43 (20477x)
   3576   06 13 33 63       DB $06, $13, $33, $63, $43, $12, $32, $64, $54, $01, $22, $76, $55, $32, $43
   357a   43 12 32 64   
   357e   54 01 22 76   
   3582   55 32 43      
                            ; Ply 6: 13-33 64-54 12-32 63-43 01-22 76-55 -> 32-43 (701x)
   3585   06 13 33 64       DB $06, $13, $33, $64, $54, $12, $32, $63, $43, $01, $22, $76, $55, $32, $43
   3589   54 12 32 63   
   358d   43 01 22 76   
   3591   55 32 43      
                            ; Ply 6: 13-33 64-54 12-32 76-55 01-22 63-43 -> 32-43 (556x)
   3594   06 13 33 64       DB $06, $13, $33, $64, $54, $12, $32, $76, $55, $01, $22, $63, $43, $32, $43
   3598   54 12 32 76   
   359c   55 01 22 63   
   35a0   43 32 43      
                            ; Ply 6: 13-33 76-55 12-32 64-54 01-22 63-43 -> 32-43 (13373x)
   35a3   06 13 33 76       DB $06, $13, $33, $76, $55, $12, $32, $64, $54, $01, $22, $63, $43, $32, $43
   35a7   55 12 32 64   
   35ab   54 01 22 63   
   35af   43 32 43      
                            ; Ply 6: 14-34 76-55 34-44 55-43 06-25 63-53 -> 13-33 (513x)
   35b2   06 14 34 76       DB $06, $14, $34, $76, $55, $34, $44, $55, $43, $06, $25, $63, $53, $13, $33
   35b6   55 34 44 55   
   35ba   43 06 25 63   
   35be   53 13 33      
                            ; Ply 6: 14-34 76-55 34-44 55-43 13-33 63-53 -> 06-25 (17205x)
   35c1   06 14 34 76       DB $06, $14, $34, $76, $55, $34, $44, $55, $43, $13, $33, $63, $53, $06, $25
   35c5   55 34 44 55   
   35c9   43 13 33 63   
   35cd   53 06 25      
                            ; Ply 6: 14-34 63-43 34-43 73-43 01-22 43-40 -> 13-33 (17089x)
   35d0   06 14 34 63       DB $06, $14, $34, $63, $43, $34, $43, $73, $43, $01, $22, $43, $40, $13, $33
   35d4   43 34 43 73   
   35d8   43 01 22 43   
   35dc   40 13 33      
                            ; Ply 6: 13-33 63-53 14-34 76-55 01-22 66-56 -> 15-35 (579x)
   35df   06 13 33 63       DB $06, $13, $33, $63, $53, $14, $34, $76, $55, $01, $22, $66, $56, $15, $35
   35e3   53 14 34 76   
   35e7   55 01 22 66   
   35eb   56 15 35      
                            ; Ply 6: 14-34 63-53 13-33 76-55 01-22 66-56 -> 15-35 (9611x)
   35ee   06 14 34 63       DB $06, $14, $34, $63, $53, $13, $33, $76, $55, $01, $22, $66, $56, $15, $35
   35f2   53 13 33 76   
   35f6   55 01 22 66   
   35fa   56 15 35      
                        
                            ; --- Opponent-prep addition (2026-04-21) ---
                            ; Ply 6: e2e4 e7e6 d2d4 d7d5 e4e5 g8e7 -> g1f3 (French Advance ...Ne7: normal Nf3)
   35fd   06 14 34 64       DB $06, $14, $34, $64, $54, $13, $33, $63, $43, $34, $44, $76, $64, $06, $25
   3601   54 13 33 63   
   3605   43 34 44 76   
   3609   64 06 25      
                        
                            ; --- Krejcik-sacrifice-line addition (2026-04-22) ---
                            ; Ply 6: e2e4 g8f6 e4e5 f6e4 d2d3 e4f2 -> e1f2 (recapture the sac'd knight)
   360c   06 14 34 76       DB $06, $14, $34, $76, $55, $34, $44, $55, $34, $13, $23, $34, $15, $04, $15
   3610   55 34 44 55   
   3614   34 13 23 34   
   3618   15 04 15      
                        
                            ; --- Krejcik-retreat-line addition (2026-04-22) ---
                            ; Ply 6: e2e4 g8f6 e4e5 f6e4 d2d3 e4c5 -> g1f3 (develop, defend e5)
   361b   06 14 34 76       DB $06, $14, $34, $76, $55, $34, $44, $55, $34, $13, $23, $34, $42, $06, $25
   361f   55 34 44 55   
   3623   34 13 23 34   
   3627   42 06 25      
                        
                            ; --- Opponent-prep additions (2026-04-27) ---
                            ; Targets recurring OOB exits where existing 2026-04-21 ply-4 entries hit
                            ; book but black's continuation drove engine to weak/bad searched moves.
                            ; See bug_promotion_mate_score / book_strategy_shift in memory for context.
                        
                            ; Ply 6: e2e4 c7c6 d2d4 d7d5 e4e5 e7e6 -> b1c3 (Caro-Kann Advance, ...e6 transposition: develop)
                            ; Engine already plays Nc3 here from search; book it for consistency + speed.
   362a   06 14 34 62       DB $06, $14, $34, $62, $52, $13, $33, $63, $43, $34, $44, $64, $54, $01, $22
   362e   52 13 33 63   
   3632   43 34 44 64   
   3636   54 01 22      
                        
                            ; Ply 6: e2e4 e7e6 d2d4 a7a5 b1c3 a5a4 -> g1f3 (continuation of bizarre flank: develop instead of Qf3)
                            ; Engine searches Qf3 (premature queen sortie) here without book guidance.
   3639   06 14 34 64       DB $06, $14, $34, $64, $54, $13, $33, $60, $40, $01, $22, $40, $30, $06, $25
   363d   54 13 33 60   
   3641   40 01 22 40   
   3645   30 06 25      
                        
                            ; Ply 6: e2e4 e7e6 d2d4 a7a5 b1c3 d7d5 -> e4e5 (French Steinitz: close center)
                            ; Sibling to the ...a5a4 entry above. Black eventually plays the standard
                            ; French ...d5 push after the off-mainline ...a5; we close the center with
                            ; e5 (Steinitz Variation continuation), consistent with other French
                            ; Advance lines in book.
   3648   06 14 34 64       DB $06, $14, $34, $64, $54, $13, $33, $60, $40, $01, $22, $63, $43, $34, $44
   364c   54 13 33 60   
   3650   40 01 22 63   
   3654   43 34 44      
                        
                            ; Ply 6: e2e4 e7e6 d2d4 a7a5 b1c3 f8b4 -> e4e5 (French Winawer Advance)
                            ; Third sibling of the French ...a5 family (a4/d5/Bb4). Black pins our
                            ; Nc3 with Bb4 (Winawer pattern); we play the standard Advance reply
                            ; e5 to claim center and challenge black's bishop placement.
   3657   06 14 34 64       DB $06, $14, $34, $64, $54, $13, $33, $60, $40, $01, $22, $75, $31, $34, $44
   365b   54 13 33 60   
   365f   40 01 22 75   
   3663   31 34 44      
                        
                            ; Ply 6: e2e4 c7c6 d2d4 d8c7 b1c3 g7g6 -> g1f3 (premature queen + fianchetto: develop instead of Rb1)
                            ; Engine searches Rb1 (rook lift) here without book guidance.
   3666   06 14 34 62       DB $06, $14, $34, $62, $52, $13, $33, $73, $62, $01, $22, $66, $56, $06, $25
   366a   52 13 33 73   
   366e   62 01 22 66   
   3672   56 06 25      
                        
                            ; Ply 6: e2e4 c7c6 d2d4 d8c7 b1c3 d7d6 -> g1f3 (Caro+Qc7+...d6: same Nf3
                            ; development as the sibling g6 entry above. From the 2026-05-01 winning
                            ; match — engine survived 8 moves of d=2 blindness here against a passive
                            ; Stockfish before reaching d=4. Book it to skip the blindness phase.
   3675   06 14 34 62       DB $06, $14, $34, $62, $52, $13, $33, $73, $62, $01, $22, $63, $53, $06, $25
   3679   52 13 33 73   
   367d   62 01 22 63   
   3681   53 06 25      
                        
                            ; Ply 6: e2e4 c7c6 d2d4 d8c7 b1c3 g8f6 -> g1f3 (Caro+Qc7+...Nf6: standard
                            ; Nf3 development, completing the trio of Caro+Qc7 ply-6 entries
                            ; (g6/d6/Nf6 — the three most likely black 3rd moves after Qc7+Nc3).
   3684   06 14 34 62       DB $06, $14, $34, $62, $52, $13, $33, $73, $62, $01, $22, $76, $55, $06, $25
   3688   52 13 33 73   
   368c   62 01 22 76   
   3690   55 06 25      
                        
                            ; Ply 6: e2e4 e7e6 d2d4 c7c6 b1c3 d8c7 -> g1f3 (Franco-Caro + Qc7: dev)
                            ; Franco-Caro hybrid (...e6+...c6) followed by early ...Qc7 queen sortie.
                            ; Same pattern as Caro+Qc7 lines above; ignore the queen, develop with Nf3.
   3693   06 14 34 64       DB $06, $14, $34, $64, $54, $13, $33, $62, $52, $01, $22, $73, $62, $06, $25
   3697   54 13 33 62   
   369b   52 01 22 73   
   369f   62 06 25      
                        
                            ; Ply 6: e2e4 c7c6 d2d4 e7e6 b1c3 f8e7 -> g1f3 (Caro-French + Be7: develop instead of passive Bf4)
                            ; Engine searches Bf4 (passive) here without book guidance.
   36a2   06 14 34 62       DB $06, $14, $34, $62, $52, $13, $33, $64, $54, $01, $22, $75, $64, $06, $25
   36a6   52 13 33 64   
   36aa   54 01 22 75   
   36ae   64 06 25      
                        
                            ; --- Win-line lock-in (2026-04-28) ---
                            ; Ply 6: e2e4 e7e5 g1f3 f8d6 f1c4 c7c5 -> e1g1 (ELPH-Italian: castle short)
                            ; Both Apr 27 and Apr 28 wins followed this exact sequence; engine searches
                            ; ~180s to reach e1g1 each time. Book it to save time + lock the winning line.
   36b1   06 14 34 64       DB $06, $14, $34, $64, $44, $06, $25, $75, $53, $05, $32, $62, $42, $04, $06
   36b5   44 06 25 75   
   36b9   53 05 32 62   
   36bd   42 04 06      
                        
                            ; --- Sibling line, 2026-05-01 (King's Knight match OOB exit) ---
                            ; Ply 6: e2e4 e7e5 g1f3 f8d6 f1c4 b8c6 -> e1g1 (Bd6+Bc4 with ...Nc6 dev)
                            ; Same Italian setup as the c7c5 line above, but black plays Nc6 instead.
                            ; In the 2026-05-01 match the engine reached d=4 only on move 7 and chose
                            ; e1g1 itself — validating the move; book it to skip the d=2 cascade.
   36c0   06 14 34 64       DB $06, $14, $34, $64, $44, $06, $25, $75, $53, $05, $32, $71, $52, $04, $06
   36c4   44 06 25 75   
   36c8   53 05 32 71   
   36cc   52 04 06      
                        
                            ; --- OOB-gap fix from 2026-04-28 loss (a-pawn promotion match) ---
                            ; Ply 6: e2e4 g8f6 e4e5 f6g8 d2d4 e7e6 -> g1f3 (Alekhine ...Ng8 retreat,
                            ; black plays ...e6: standard Nf3 development. Engine without book chose
                            ; Bd3 with d=2-only search (180s timeout); led to early-queen attack & loss.
   36cf   06 14 34 76       DB $06, $14, $34, $76, $55, $34, $44, $55, $76, $13, $33, $64, $54, $06, $25
   36d3   55 34 44 55   
   36d7   76 13 33 64   
   36db   54 06 25      
                        
                            ; --- Sibling ...Ng8 ...d6 line, validated by 2026-05-01 win #8 ---
                            ; Ply 6: e2e4 g8f6 e4e5 f6g8 d2d4 d7d6 -> e5d6 (capture the pawn — standard
                            ; book reply). Engine has been finding exd6 itself from d=3 search; book
                            ; it to skip the 100+s opening-search drift. Pattern previously appeared
                            ; in 2 lost matches (engine same e5d6 pick); the 8th win confirmed it's
                            ; principled play, not coincidence.
   36de   06 14 34 76       DB $06, $14, $34, $76, $55, $34, $44, $55, $76, $13, $33, $63, $53, $44, $53
   36e2   55 34 44 55   
   36e6   76 13 33 63   
   36ea   53 44 53      
                        
                            ; Ply 6: e2e4 g8f6 e4e5 f6g8 d2d4 d7d5 -> g1f3 (Brooklyn ...d5: Nf3 dev)
                            ; Black challenges center with ...d5 → French-like advance structure.
                            ; Nf3 is consistent flexible dev (c4 break is more aggressive but leads
                            ; to tactical complications we'd rather not enter from book without depth).
                            ; Completes the trio of Brooklyn ply-6 responses (e6/d6/d5).
   36ed   06 14 34 76       DB $06, $14, $34, $76, $55, $34, $44, $55, $76, $13, $33, $63, $43, $06, $25
   36f1   55 34 44 55   
   36f5   76 13 33 63   
   36f9   43 06 25      
                        
                            ; Ply 6: e2e4 e7e5 g1f3 d7d6 d2d4 e5d4 -> f3d4 (Philidor Exchange: Nxd4)
                            ; Textbook continuation after Philidor's Exchange. Knight recaptures on
                            ; d4 — queen recapture (Qxd4) would expose Qd4 to ...Nc6 with tempo.
   36fc   06 14 34 64       DB $06, $14, $34, $64, $44, $06, $25, $63, $53, $13, $33, $44, $33, $25, $33
   3700   44 06 25 63   
   3704   53 13 33 44   
   3708   33 25 33      
                        
                            ; Ply 6: e2e4 e7e5 g1f3 d7d5 e4d5 g8f6 -> f1b5 (Elephant Gambit: Bb5+)
                            ; Black attacks the d5 pawn with ...Nf6 after the gambit accept. Standard
                            ; theory: Bb5+ develops with tempo, forces a defensive black move (Bd7
                            ; or c6) that lets white retain the gambit material edge.
   370b   06 14 34 64       DB $06, $14, $34, $64, $44, $06, $25, $63, $43, $34, $43, $76, $55, $05, $41
   370f   44 06 25 63   
   3713   43 34 43 76   
   3717   55 05 41      
                        
                            ; --- OOB-gap fix from 2026-04-29 draw (Caro+e6+Qc7 d=2 cascade) ---
                            ; Ply 6: e2e4 c7c6 d2d4 e7e6 b1c3 d8c7 -> g1f3 (Caro-French + early Qc7:
                            ; standard Nf3 development. Without book, engine d=2-timed-out 3 moves in a
                            ; row and committed to a losing knight sacrifice at move 7 from a noisy +990cp
                            ; d=2 evaluation. Locks in development before the search drift compounds.
   371a   06 14 34 62       DB $06, $14, $34, $62, $52, $13, $33, $64, $54, $01, $22, $73, $62, $06, $25
   371e   52 13 33 64   
   3722   54 01 22 73   
   3726   62 06 25      
                        
                            ; --- Caro-Kann Advance mainline coverage (2026-05-01) ---
                            ; Ply 6: e2e4 c7c6 d2d4 d7d5 e4e5 c8f5 -> g1f3 (Caro Advance ...Bf5: the
                            ; classical mainline, by far the most-played black response. Without book,
                            ; engine fell into 12-consecutive-move d=2 cascade in 2026-04-30 match.
   3729   06 14 34 62       DB $06, $14, $34, $62, $52, $13, $33, $63, $43, $34, $44, $72, $45, $06, $25
   372d   52 13 33 63   
   3731   43 34 44 72   
   3735   45 06 25      
                        
                            ; Ply 6: e2e4 c7c6 d2d4 d7d5 e4e5 d8b6 -> g1f3 (Caro Advance ...Qb6: early
                            ; queen sortie. Specific OOB exit from 2026-04-30 match where engine chose
                            ; passive Be2 from d=3 search, then drifted into noisy d=2 territory.
   3738   06 14 34 62       DB $06, $14, $34, $62, $52, $13, $33, $63, $43, $34, $44, $73, $51, $06, $25
   373c   52 13 33 63   
   3740   43 34 44 73   
   3744   51 06 25      
                        
                            ; === Ply 7 ===
                            ; Ply 7: 14-34 64-44 05-32 71-52 06-25 75-42 12-22 -> 76-55 (304x)
   3747   07 14 34 64       DB $07, $14, $34, $64, $44, $05, $32, $71, $52, $06, $25, $75, $42, $12, $22, $76, $55
   374b   44 05 32 71   
   374f   52 06 25 75   
   3753   42 12 22 76   
   3757   55            
                            ; Ply 7: 14-34 64-44 06-25 71-52 05-32 75-42 01-22 -> 76-55 (1693x)
   3758   07 14 34 64       DB $07, $14, $34, $64, $44, $06, $25, $71, $52, $05, $32, $75, $42, $01, $22, $76, $55
   375c   44 06 25 71   
   3760   52 05 32 75   
   3764   42 01 22 76   
   3768   55            
                            ; Ply 7: 14-34 64-44 06-25 71-52 05-32 75-42 04-06 -> 76-55 (8069x)
   3769   07 14 34 64       DB $07, $14, $34, $64, $44, $06, $25, $71, $52, $05, $32, $75, $42, $04, $06, $76, $55
   376d   44 06 25 71   
   3771   52 05 32 75   
   3775   42 04 06 76   
   3779   55            
                            ; Ply 7: 14-34 64-44 06-25 71-52 05-32 75-42 11-31 -> 42-31 (3844x)
   377a   07 14 34 64       DB $07, $14, $34, $64, $44, $06, $25, $71, $52, $05, $32, $75, $42, $11, $31, $42, $31
   377e   44 06 25 71   
   3782   52 05 32 75   
   3786   42 11 31 42   
   378a   31            
                            ; Ply 7: 14-34 64-44 06-25 71-52 05-32 75-42 12-22 -> 76-55 (22985x)
   378b   07 14 34 64       DB $07, $14, $34, $64, $44, $06, $25, $71, $52, $05, $32, $75, $42, $12, $22, $76, $55
   378f   44 06 25 71   
   3793   52 05 32 75   
   3797   42 12 22 76   
   379b   55            
                            ; Ply 7: 14-34 64-44 06-25 71-52 05-32 75-42 13-23 -> 76-55 (6950x)
   379c   07 14 34 64       DB $07, $14, $34, $64, $44, $06, $25, $71, $52, $05, $32, $75, $42, $13, $23, $76, $55
   37a0   44 06 25 71   
   37a4   52 05 32 75   
   37a8   42 13 23 76   
   37ac   55            
                            ; Ply 7: 14-34 62-42 06-25 71-52 05-41 52-33 25-33 -> 42-33 (698x)
   37ad   07 14 34 62       DB $07, $14, $34, $62, $42, $06, $25, $71, $52, $05, $41, $52, $33, $25, $33, $42, $33
   37b1   42 06 25 71   
   37b5   52 05 41 52   
   37b9   33 25 33 42   
   37bd   33            
                            ; Ply 7: 14-34 62-42 06-25 71-52 05-41 60-50 41-52 -> 63-52 (565x)
   37be   07 14 34 62       DB $07, $14, $34, $62, $42, $06, $25, $71, $52, $05, $41, $60, $50, $41, $52, $63, $52
   37c2   42 06 25 71   
   37c6   52 05 41 60   
   37ca   50 41 52 63   
   37ce   52            
                            ; Ply 7: 14-34 62-42 06-25 71-52 05-41 63-53 04-06 -> 72-63 (4327x)
   37cf   07 14 34 62       DB $07, $14, $34, $62, $42, $06, $25, $71, $52, $05, $41, $63, $53, $04, $06, $72, $63
   37d3   42 06 25 71   
   37d7   52 05 41 63   
   37db   53 04 06 72   
   37df   63            
                            ; Ply 7: 14-34 62-42 06-25 71-52 05-41 63-53 13-33 -> 42-33 (864x)
   37e0   07 14 34 62       DB $07, $14, $34, $62, $42, $06, $25, $71, $52, $05, $41, $63, $53, $13, $33, $42, $33
   37e4   42 06 25 71   
   37e8   52 05 41 63   
   37ec   53 13 33 42   
   37f0   33            
                            ; Ply 7: 14-34 62-42 06-25 71-52 05-41 63-53 41-52 -> 61-52 (1035x)
   37f1   07 14 34 62       DB $07, $14, $34, $62, $42, $06, $25, $71, $52, $05, $41, $63, $53, $41, $52, $61, $52
   37f5   42 06 25 71   
   37f9   52 05 41 63   
   37fd   53 41 52 61   
   3801   52            
                            ; Ply 7: 14-34 62-42 06-25 71-52 05-41 64-44 04-06 -> 75-53 (1137x)
   3802   07 14 34 62       DB $07, $14, $34, $62, $42, $06, $25, $71, $52, $05, $41, $64, $44, $04, $06, $75, $53
   3806   42 06 25 71   
   380a   52 05 41 64   
   380e   44 04 06 75   
   3812   53            
                            ; Ply 7: 14-34 62-42 06-25 71-52 05-41 64-54 04-06 -> 76-64 (8301x)
   3813   07 14 34 62       DB $07, $14, $34, $62, $42, $06, $25, $71, $52, $05, $41, $64, $54, $04, $06, $76, $64
   3817   42 06 25 71   
   381b   52 05 41 64   
   381f   54 04 06 76   
   3823   64            
                            ; Ply 7: 14-34 62-42 06-25 71-52 05-41 64-54 41-52 -> 61-52 (4484x)
   3824   07 14 34 62       DB $07, $14, $34, $62, $42, $06, $25, $71, $52, $05, $41, $64, $54, $41, $52, $61, $52
   3828   42 06 25 71   
   382c   52 05 41 64   
   3830   54 41 52 61   
   3834   52            
                            ; Ply 7: 14-34 62-42 06-25 71-52 05-41 66-56 04-06 -> 75-66 (16229x)
   3835   07 14 34 62       DB $07, $14, $34, $62, $42, $06, $25, $71, $52, $05, $41, $66, $56, $04, $06, $75, $66
   3839   42 06 25 71   
   383d   52 05 41 66   
   3841   56 04 06 75   
   3845   66            
                            ; Ply 7: 14-34 62-42 06-25 71-52 05-41 66-56 12-22 -> 75-66 (766x)
   3846   07 14 34 62       DB $07, $14, $34, $62, $42, $06, $25, $71, $52, $05, $41, $66, $56, $12, $22, $75, $66
   384a   42 06 25 71   
   384e   52 05 41 66   
   3852   56 12 22 75   
   3856   66            
                            ; Ply 7: 14-34 62-42 06-25 71-52 05-41 66-56 41-52 -> 63-52 (7797x)
   3857   07 14 34 62       DB $07, $14, $34, $62, $42, $06, $25, $71, $52, $05, $41, $66, $56, $41, $52, $63, $52
   385b   42 06 25 71   
   385f   52 05 41 66   
   3863   56 41 52 63   
   3867   52            
                            ; Ply 7: 14-34 62-42 06-25 71-52 05-41 73-51 01-22 -> 64-54 (582x)
   3868   07 14 34 62       DB $07, $14, $34, $62, $42, $06, $25, $71, $52, $05, $41, $73, $51, $01, $22, $64, $54
   386c   42 06 25 71   
   3870   52 05 41 73   
   3874   51 01 22 64   
   3878   54            
                            ; Ply 7: 14-34 62-42 06-25 71-52 05-41 76-55 01-22 -> 73-62 (943x)
   3879   07 14 34 62       DB $07, $14, $34, $62, $42, $06, $25, $71, $52, $05, $41, $76, $55, $01, $22, $73, $62
   387d   42 06 25 71   
   3881   52 05 41 76   
   3885   55 01 22 73   
   3889   62            
                            ; Ply 7: 14-34 62-42 06-25 71-52 05-41 76-55 34-44 -> 55-43 (980x)
   388a   07 14 34 62       DB $07, $14, $34, $62, $42, $06, $25, $71, $52, $05, $41, $76, $55, $34, $44, $55, $43
   388e   42 06 25 71   
   3892   52 05 41 76   
   3896   55 34 44 55   
   389a   43            
                            ; Ply 7: 14-34 62-42 06-25 71-52 05-41 76-55 41-52 -> 63-52 (1440x)
   389b   07 14 34 62       DB $07, $14, $34, $62, $42, $06, $25, $71, $52, $05, $41, $76, $55, $41, $52, $63, $52
   389f   42 06 25 71   
   38a3   52 05 41 76   
   38a7   55 41 52 63   
   38ab   52            
                            ; Ply 7: 13-33 64-54 14-34 63-43 34-44 62-42 12-22 -> 71-52 (715x)
   38ac   07 13 33 64       DB $07, $13, $33, $64, $54, $14, $34, $63, $43, $34, $44, $62, $42, $12, $22, $71, $52
   38b0   54 14 34 63   
   38b4   43 34 44 62   
   38b8   42 12 22 71   
   38bc   52            
                            ; Ply 7: 14-34 62-42 12-22 64-54 13-33 63-43 34-44 -> 71-52 (1225x)
   38bd   07 14 34 62       DB $07, $14, $34, $62, $42, $12, $22, $64, $54, $13, $33, $63, $43, $34, $44, $71, $52
   38c1   42 12 22 64   
   38c5   54 13 33 63   
   38c9   43 34 44 71   
   38cd   52            
                            ; Ply 7: 14-34 64-54 13-33 63-43 34-44 62-42 12-22 -> 71-52 (27824x)
   38ce   07 14 34 64       DB $07, $14, $34, $64, $54, $13, $33, $63, $43, $34, $44, $62, $42, $12, $22, $71, $52
   38d2   54 13 33 63   
   38d6   43 34 44 62   
   38da   42 12 22 71   
   38de   52            
                            ; Ply 7: 14-34 62-52 13-33 63-43 34-44 52-42 06-25 -> 42-33 (1496x)
   38df   07 14 34 62       DB $07, $14, $34, $62, $52, $13, $33, $63, $43, $34, $44, $52, $42, $06, $25, $42, $33
   38e3   52 13 33 63   
   38e7   43 34 44 52   
   38eb   42 06 25 42   
   38ef   33            
                            ; Ply 7: 14-34 62-52 13-33 63-43 34-44 52-42 12-22 -> 71-52 (1519x)
   38f0   07 14 34 62       DB $07, $14, $34, $62, $52, $13, $33, $63, $43, $34, $44, $52, $42, $12, $22, $71, $52
   38f4   52 13 33 63   
   38f8   43 34 44 52   
   38fc   42 12 22 71   
   3900   52            
                            ; Ply 7: 14-34 62-52 13-33 63-43 34-44 52-42 33-42 -> 64-54 (5787x)
   3901   07 14 34 62       DB $07, $14, $34, $62, $52, $13, $33, $63, $43, $34, $44, $52, $42, $33, $42, $64, $54
   3905   52 13 33 63   
   3909   43 34 44 52   
   390d   42 33 42 64   
   3911   54            
                            ; Ply 7: 14-34 62-52 13-33 63-43 34-44 72-45 01-13 -> 64-54 (3394x)
   3912   07 14 34 62       DB $07, $14, $34, $62, $52, $13, $33, $63, $43, $34, $44, $72, $45, $01, $13, $64, $54
   3916   52 13 33 63   
   391a   43 34 44 72   
   391e   45 01 13 64   
   3922   54            
                            ; Ply 7: 14-34 62-52 13-33 63-43 34-44 72-45 01-22 -> 64-54 (3720x)
   3923   07 14 34 62       DB $07, $14, $34, $62, $52, $13, $33, $63, $43, $34, $44, $72, $45, $01, $22, $64, $54
   3927   52 13 33 63   
   392b   43 34 44 72   
   392f   45 01 22 64   
   3933   54            
                            ; Ply 7: 14-34 62-52 13-33 63-43 34-44 72-45 02-24 -> 64-54 (911x)
   3934   07 14 34 62       DB $07, $14, $34, $62, $52, $13, $33, $63, $43, $34, $44, $72, $45, $02, $24, $64, $54
   3938   52 13 33 63   
   393c   43 34 44 72   
   3940   45 02 24 64   
   3944   54            
                            ; Ply 7: 14-34 62-52 13-33 63-43 34-44 72-45 05-23 -> 45-23 (1930x)
   3945   07 14 34 62       DB $07, $14, $34, $62, $52, $13, $33, $63, $43, $34, $44, $72, $45, $05, $23, $45, $23
   3949   52 13 33 63   
   394d   43 34 44 72   
   3951   45 05 23 45   
   3955   23            
                            ; Ply 7: 14-34 62-52 13-33 63-43 34-44 72-45 06-14 -> 64-54 (937x)
   3956   07 14 34 62       DB $07, $14, $34, $62, $52, $13, $33, $63, $43, $34, $44, $72, $45, $06, $14, $64, $54
   395a   52 13 33 63   
   395e   43 34 44 72   
   3962   45 06 14 64   
   3966   54            
                            ; Ply 7: 14-34 62-52 13-33 63-43 34-44 72-45 06-25 -> 64-54 (16528x)
   3967   07 14 34 62       DB $07, $14, $34, $62, $52, $13, $33, $63, $43, $34, $44, $72, $45, $06, $25, $64, $54
   396b   52 13 33 63   
   396f   43 34 44 72   
   3973   45 06 25 64   
   3977   54            
                            ; Ply 7: 14-34 62-52 13-33 63-43 34-44 72-45 12-22 -> 64-54 (591x)
   3978   07 14 34 62       DB $07, $14, $34, $62, $52, $13, $33, $63, $43, $34, $44, $72, $45, $12, $22, $64, $54
   397c   52 13 33 63   
   3980   43 34 44 72   
   3984   45 12 22 64   
   3988   54            
                            ; Ply 7: 14-34 62-52 13-33 63-43 34-44 72-45 12-32 -> 64-54 (1499x)
   3989   07 14 34 62       DB $07, $14, $34, $62, $52, $13, $33, $63, $43, $34, $44, $72, $45, $12, $32, $64, $54
   398d   52 13 33 63   
   3991   43 34 44 72   
   3995   45 12 32 64   
   3999   54            
                            ; Ply 7: 14-34 62-52 13-33 63-43 34-44 72-45 16-36 -> 45-34 (552x)
   399a   07 14 34 62       DB $07, $14, $34, $62, $52, $13, $33, $63, $43, $34, $44, $72, $45, $16, $36, $45, $34
   399e   52 13 33 63   
   39a2   43 34 44 72   
   39a6   45 16 36 45   
   39aa   34            
                            ; Ply 7: 14-34 62-52 13-33 63-43 34-44 72-45 17-37 -> 67-47 (8618x)
   39ab   07 14 34 62       DB $07, $14, $34, $62, $52, $13, $33, $63, $43, $34, $44, $72, $45, $17, $37, $67, $47
   39af   52 13 33 63   
   39b3   43 34 44 72   
   39b7   45 17 37 67   
   39bb   47            
                            ; Ply 7: 12-32 64-54 01-22 63-43 13-33 76-55 32-43 -> 54-43 (2595x)
   39bc   07 12 32 64       DB $07, $12, $32, $64, $54, $01, $22, $63, $43, $13, $33, $76, $55, $32, $43, $54, $43
   39c0   54 01 22 63   
   39c4   43 13 33 76   
   39c8   55 32 43 54   
   39cc   43            
                            ; Ply 7: 13-33 63-43 12-32 64-54 01-22 76-55 32-43 -> 54-43 (19219x)
   39cd   07 13 33 63       DB $07, $13, $33, $63, $43, $12, $32, $64, $54, $01, $22, $76, $55, $32, $43, $54, $43
   39d1   43 12 32 64   
   39d5   54 01 22 76   
   39d9   55 32 43 54   
   39dd   43            
                            ; Ply 7: 13-33 64-54 12-32 63-43 01-22 76-55 32-43 -> 54-43 (640x)
   39de   07 13 33 64       DB $07, $13, $33, $64, $54, $12, $32, $63, $43, $01, $22, $76, $55, $32, $43, $54, $43
   39e2   54 12 32 63   
   39e6   43 01 22 76   
   39ea   55 32 43 54   
   39ee   43            
                            ; Ply 7: 13-33 76-55 12-32 64-54 01-22 63-43 32-43 -> 54-43 (11922x)
   39ef   07 13 33 76       DB $07, $13, $33, $76, $55, $12, $32, $64, $54, $01, $22, $63, $43, $32, $43, $54, $43
   39f3   55 12 32 64   
   39f7   54 01 22 63   
   39fb   43 32 43 54   
   39ff   43            
                            ; Ply 7: 14-34 76-55 34-44 55-43 13-33 63-53 06-25 -> 72-36 (6383x)
   3a00   07 14 34 76       DB $07, $14, $34, $76, $55, $34, $44, $55, $43, $13, $33, $63, $53, $06, $25, $72, $36
   3a04   55 34 44 55   
   3a08   43 13 33 63   
   3a0c   53 06 25 72   
   3a10   36            
                            ; Ply 7: 14-34 63-43 34-43 73-43 01-22 43-40 05-32 -> 76-55 (2045x)
   3a11   07 14 34 63       DB $07, $14, $34, $63, $43, $34, $43, $73, $43, $01, $22, $43, $40, $05, $32, $76, $55
   3a15   43 34 43 73   
   3a19   43 01 22 43   
   3a1d   40 05 32 76   
   3a21   55            
                            ; Ply 7: 14-34 63-43 34-43 73-43 01-22 43-40 06-25 -> 76-55 (2116x)
   3a22   07 14 34 63       DB $07, $14, $34, $63, $43, $34, $43, $73, $43, $01, $22, $43, $40, $06, $25, $76, $55
   3a26   43 34 43 73   
   3a2a   43 01 22 43   
   3a2e   40 06 25 76   
   3a32   55            
                            ; Ply 7: 14-34 63-43 34-43 73-43 01-22 43-40 13-33 -> 76-55 (12102x)
   3a33   07 14 34 63       DB $07, $14, $34, $63, $43, $34, $43, $73, $43, $01, $22, $43, $40, $13, $33, $76, $55
   3a37   43 34 43 73   
   3a3b   43 01 22 43   
   3a3f   40 13 33 76   
   3a43   55            
                            ; Ply 7: 14-34 63-43 34-43 73-43 01-22 43-40 16-26 -> 76-55 (510x)
   3a44   07 14 34 63       DB $07, $14, $34, $63, $43, $34, $43, $73, $43, $01, $22, $43, $40, $16, $26, $76, $55
   3a48   43 34 43 73   
   3a4c   43 01 22 43   
   3a50   40 16 26 76   
   3a54   55            
                            ; Ply 7: 13-33 63-53 14-34 76-55 01-22 66-56 15-35 -> 75-66 (567x)
   3a55   07 13 33 63       DB $07, $13, $33, $63, $53, $14, $34, $76, $55, $01, $22, $66, $56, $15, $35, $75, $66
   3a59   53 14 34 76   
   3a5d   55 01 22 66   
   3a61   56 15 35 75   
   3a65   66            
                            ; Ply 7: 14-34 63-53 13-33 76-55 01-22 66-56 15-35 -> 75-66 (9307x)
   3a66   07 14 34 63       DB $07, $14, $34, $63, $53, $13, $33, $76, $55, $01, $22, $66, $56, $15, $35, $75, $66
   3a6a   53 13 33 76   
   3a6e   55 01 22 66   
   3a72   56 15 35 75   
   3a76   66            
                        
                            ; === Ply 8 ===
                            ; Ply 8: 14-34 64-44 05-32 71-52 06-25 75-42 12-22 76-55 -> 13-23 (226x)
   3a77   08 14 34 64       DB $08, $14, $34, $64, $44, $05, $32, $71, $52, $06, $25, $75, $42, $12, $22, $76, $55, $13, $23
   3a7b   44 05 32 71   
   3a7f   52 06 25 75   
   3a83   42 12 22 76   
   3a87   55 13 23      
                            ; Ply 8: 14-34 64-44 06-25 71-52 05-32 75-42 01-22 63-53 -> 13-23 (204x)
   3a8a   08 14 34 64       DB $08, $14, $34, $64, $44, $06, $25, $71, $52, $05, $32, $75, $42, $01, $22, $63, $53, $13, $23
   3a8e   44 06 25 71   
   3a92   52 05 32 75   
   3a96   42 01 22 63   
   3a9a   53 13 23      
                            ; Ply 8: 14-34 64-44 06-25 71-52 05-32 75-42 01-22 76-55 -> 13-23 (1411x)
   3a9d   08 14 34 64       DB $08, $14, $34, $64, $44, $06, $25, $71, $52, $05, $32, $75, $42, $01, $22, $76, $55, $13, $23
   3aa1   44 06 25 71   
   3aa5   52 05 32 75   
   3aa9   42 01 22 76   
   3aad   55 13 23      
                            ; Ply 8: 14-34 64-44 06-25 71-52 05-32 75-42 04-06 63-53 -> 12-22 (869x)
   3ab0   08 14 34 64       DB $08, $14, $34, $64, $44, $06, $25, $71, $52, $05, $32, $75, $42, $04, $06, $63, $53, $12, $22
   3ab4   44 06 25 71   
   3ab8   52 05 32 75   
   3abc   42 04 06 63   
   3ac0   53 12 22      
                            ; Ply 8: 14-34 64-44 06-25 71-52 05-32 75-42 04-06 76-55 -> 13-23 (5620x)
   3ac3   08 14 34 64       DB $08, $14, $34, $64, $44, $06, $25, $71, $52, $05, $32, $75, $42, $04, $06, $76, $55, $13, $23
   3ac7   44 06 25 71   
   3acb   52 05 32 75   
   3acf   42 04 06 76   
   3ad3   55 13 23      
                            ; Ply 8: 14-34 64-44 06-25 71-52 05-32 75-42 11-31 42-31 -> 12-22 (3833x)
   3ad6   08 14 34 64       DB $08, $14, $34, $64, $44, $06, $25, $71, $52, $05, $32, $75, $42, $11, $31, $42, $31, $12, $22
   3ada   44 06 25 71   
   3ade   52 05 32 75   
   3ae2   42 11 31 42   
   3ae6   31 12 22      
                            ; Ply 8: 14-34 64-44 06-25 71-52 05-32 75-42 11-31 42-51 -> 10-30 (378x)
   3ae9   08 14 34 64       DB $08, $14, $34, $64, $44, $06, $25, $71, $52, $05, $32, $75, $42, $11, $31, $42, $51, $10, $30
   3aed   44 06 25 71   
   3af1   52 05 32 75   
   3af5   42 11 31 42   
   3af9   51 10 30      
                            ; Ply 8: 14-34 64-44 06-25 71-52 05-32 75-42 12-22 63-53 -> 13-33 (666x)
   3afc   08 14 34 64       DB $08, $14, $34, $64, $44, $06, $25, $71, $52, $05, $32, $75, $42, $12, $22, $63, $53, $13, $33
   3b00   44 06 25 71   
   3b04   52 05 32 75   
   3b08   42 12 22 63   
   3b0c   53 13 33      
                            ; Ply 8: 14-34 64-44 06-25 71-52 05-32 75-42 12-22 73-64 -> 04-06 (509x)
   3b0f   08 14 34 64       DB $08, $14, $34, $64, $44, $06, $25, $71, $52, $05, $32, $75, $42, $12, $22, $73, $64, $04, $06
   3b13   44 06 25 71   
   3b17   52 05 32 75   
   3b1b   42 12 22 73   
   3b1f   64 04 06      
                            ; Ply 8: 14-34 64-44 06-25 71-52 05-32 75-42 12-22 76-55 -> 13-23 (13964x)
   3b22   08 14 34 64       DB $08, $14, $34, $64, $44, $06, $25, $71, $52, $05, $32, $75, $42, $12, $22, $76, $55, $13, $23
   3b26   44 06 25 71   
   3b2a   52 05 32 75   
   3b2e   42 12 22 76   
   3b32   55 13 23      
                            ; Ply 8: 14-34 64-44 06-25 71-52 05-32 75-42 13-23 63-53 -> 12-22 (343x)
   3b35   08 14 34 64       DB $08, $14, $34, $64, $44, $06, $25, $71, $52, $05, $32, $75, $42, $13, $23, $63, $53, $12, $22
   3b39   44 06 25 71   
   3b3d   52 05 32 75   
   3b41   42 13 23 63   
   3b45   53 12 22      
                            ; Ply 8: 14-34 64-44 06-25 71-52 05-32 75-42 13-23 67-57 -> 01-22 (205x)
   3b48   08 14 34 64       DB $08, $14, $34, $64, $44, $06, $25, $71, $52, $05, $32, $75, $42, $13, $23, $67, $57, $01, $22
   3b4c   44 06 25 71   
   3b50   52 05 32 75   
   3b54   42 13 23 67   
   3b58   57 01 22      
                            ; Ply 8: 14-34 64-44 06-25 71-52 05-32 75-42 13-23 76-55 -> 04-06 (2215x)
   3b5b   08 14 34 64       DB $08, $14, $34, $64, $44, $06, $25, $71, $52, $05, $32, $75, $42, $13, $23, $76, $55, $04, $06
   3b5f   44 06 25 71   
   3b63   52 05 32 75   
   3b67   42 13 23 76   
   3b6b   55 04 06      
                            ; Ply 8: 14-34 62-42 06-25 71-52 05-41 63-53 04-06 72-63 -> 05-04 (3148x)
   3b6e   08 14 34 62       DB $08, $14, $34, $62, $42, $06, $25, $71, $52, $05, $41, $63, $53, $04, $06, $72, $63, $05, $04
   3b72   42 06 25 71   
   3b76   52 05 41 63   
   3b7a   53 04 06 72   
   3b7e   63 05 04      
                            ; Ply 8: 14-34 62-42 06-25 71-52 05-41 63-53 13-33 42-33 -> 03-33 (753x)
   3b81   08 14 34 62       DB $08, $14, $34, $62, $42, $06, $25, $71, $52, $05, $41, $63, $53, $13, $33, $42, $33, $03, $33
   3b85   42 06 25 71   
   3b89   52 05 41 63   
   3b8d   53 13 33 42   
   3b91   33 03 33      
                            ; Ply 8: 14-34 62-42 06-25 71-52 05-41 63-53 41-52 61-52 -> 04-06 (741x)
   3b94   08 14 34 62       DB $08, $14, $34, $62, $42, $06, $25, $71, $52, $05, $41, $63, $53, $41, $52, $61, $52, $04, $06
   3b98   42 06 25 71   
   3b9c   52 05 41 63   
   3ba0   53 41 52 61   
   3ba4   52 04 06      
                            ; Ply 8: 14-34 62-42 06-25 71-52 05-41 64-44 04-06 75-53 -> 12-22 (626x)
   3ba7   08 14 34 62       DB $08, $14, $34, $62, $42, $06, $25, $71, $52, $05, $41, $64, $44, $04, $06, $75, $53, $12, $22
   3bab   42 06 25 71   
   3baf   52 05 41 64   
   3bb3   44 04 06 75   
   3bb7   53 12 22      
                            ; Ply 8: 14-34 62-42 06-25 71-52 05-41 64-54 04-06 76-64 -> 05-04 (3978x)
   3bba   08 14 34 62       DB $08, $14, $34, $62, $42, $06, $25, $71, $52, $05, $41, $64, $54, $04, $06, $76, $64, $05, $04
   3bbe   42 06 25 71   
   3bc2   52 05 41 64   
   3bc6   54 04 06 76   
   3bca   64 05 04      
                            ; Ply 8: 14-34 62-42 06-25 71-52 05-41 64-54 41-52 61-52 -> 13-23 (2250x)
   3bcd   08 14 34 62       DB $08, $14, $34, $62, $42, $06, $25, $71, $52, $05, $41, $64, $54, $41, $52, $61, $52, $13, $23
   3bd1   42 06 25 71   
   3bd5   52 05 41 64   
   3bd9   54 41 52 61   
   3bdd   52 13 23      
                            ; Ply 8: 14-34 62-42 06-25 71-52 05-41 66-56 04-06 75-66 -> 12-22 (7036x)
   3be0   08 14 34 62       DB $08, $14, $34, $62, $42, $06, $25, $71, $52, $05, $41, $66, $56, $04, $06, $75, $66, $12, $22
   3be4   42 06 25 71   
   3be8   52 05 41 66   
   3bec   56 04 06 75   
   3bf0   66 12 22      
                            ; Ply 8: 14-34 62-42 06-25 71-52 05-41 66-56 41-52 61-52 -> 04-06 (3377x)
   3bf3   08 14 34 62       DB $08, $14, $34, $62, $42, $06, $25, $71, $52, $05, $41, $66, $56, $41, $52, $61, $52, $04, $06
   3bf7   42 06 25 71   
   3bfb   52 05 41 66   
   3bff   56 41 52 61   
   3c03   52 04 06      
                            ; Ply 8: 14-34 62-42 06-25 71-52 05-41 66-56 41-52 63-52 -> 13-23 (5778x)
   3c06   08 14 34 62       DB $08, $14, $34, $62, $42, $06, $25, $71, $52, $05, $41, $66, $56, $41, $52, $63, $52, $13, $23
   3c0a   42 06 25 71   
   3c0e   52 05 41 66   
   3c12   56 41 52 63   
   3c16   52 13 23      
                            ; Ply 8: 14-34 62-42 06-25 71-52 05-41 76-55 01-22 73-62 -> 04-06 (790x)
   3c19   08 14 34 62       DB $08, $14, $34, $62, $42, $06, $25, $71, $52, $05, $41, $76, $55, $01, $22, $73, $62, $04, $06
   3c1d   42 06 25 71   
   3c21   52 05 41 76   
   3c25   55 01 22 73   
   3c29   62 04 06      
                            ; Ply 8: 14-34 62-42 06-25 71-52 05-41 76-55 41-52 63-52 -> 13-23 (1305x)
   3c2c   08 14 34 62       DB $08, $14, $34, $62, $42, $06, $25, $71, $52, $05, $41, $76, $55, $41, $52, $63, $52, $13, $23
   3c30   42 06 25 71   
   3c34   52 05 41 76   
   3c38   55 41 52 63   
   3c3c   52 13 23      
                            ; Ply 8: 13-33 64-54 14-34 63-43 34-44 62-42 12-22 71-52 -> 06-25 (658x)
   3c3f   08 13 33 64       DB $08, $13, $33, $64, $54, $14, $34, $63, $43, $34, $44, $62, $42, $12, $22, $71, $52, $06, $25
   3c43   54 14 34 63   
   3c47   43 34 44 62   
   3c4b   42 12 22 71   
   3c4f   52 06 25      
                            ; Ply 8: 14-34 62-42 12-22 64-54 13-33 63-43 34-44 71-52 -> 06-25 (1165x)
   3c52   08 14 34 62       DB $08, $14, $34, $62, $42, $12, $22, $64, $54, $13, $33, $63, $43, $34, $44, $71, $52, $06, $25
   3c56   42 12 22 64   
   3c5a   54 13 33 63   
   3c5e   43 34 44 71   
   3c62   52 06 25      
                            ; Ply 8: 14-34 64-54 13-33 63-43 34-44 62-42 12-22 71-52 -> 06-25 (26456x)
   3c65   08 14 34 64       DB $08, $14, $34, $64, $54, $13, $33, $63, $43, $34, $44, $62, $42, $12, $22, $71, $52, $06, $25
   3c69   54 13 33 63   
   3c6d   43 34 44 62   
   3c71   42 12 22 71   
   3c75   52 06 25      
                            ; Ply 8: 14-34 64-54 13-33 63-43 34-44 62-42 12-22 72-63 -> 06-25 (1144x)
   3c78   08 14 34 64       DB $08, $14, $34, $64, $54, $13, $33, $63, $43, $34, $44, $62, $42, $12, $22, $72, $63, $06, $25
   3c7c   54 13 33 63   
   3c80   43 34 44 62   
   3c84   42 12 22 72   
   3c88   63 06 25      
                            ; Ply 8: 14-34 64-54 13-33 63-43 34-44 62-42 12-22 73-51 -> 06-25 (7083x)
   3c8b   08 14 34 64       DB $08, $14, $34, $64, $54, $13, $33, $63, $43, $34, $44, $62, $42, $12, $22, $73, $51, $06, $25
   3c8f   54 13 33 63   
   3c93   43 34 44 62   
   3c97   42 12 22 73   
   3c9b   51 06 25      
                            ; Ply 8: 14-34 62-52 13-33 63-43 34-44 52-42 06-25 42-33 -> 25-33 (838x)
   3c9e   08 14 34 62       DB $08, $14, $34, $62, $52, $13, $33, $63, $43, $34, $44, $52, $42, $06, $25, $42, $33, $25, $33
   3ca2   52 13 33 63   
   3ca6   43 34 44 52   
   3caa   42 06 25 42   
   3cae   33 25 33      
                            ; Ply 8: 14-34 62-52 13-33 63-43 34-44 52-42 06-25 71-52 -> 33-42 (666x)
   3cb1   08 14 34 62       DB $08, $14, $34, $62, $52, $13, $33, $63, $43, $34, $44, $52, $42, $06, $25, $71, $52, $33, $42
   3cb5   52 13 33 63   
   3cb9   43 34 44 52   
   3cbd   42 06 25 71   
   3cc1   52 33 42      
                            ; Ply 8: 14-34 62-52 13-33 63-43 34-44 52-42 12-22 71-52 -> 06-25 (610x)
   3cc4   08 14 34 62       DB $08, $14, $34, $62, $52, $13, $33, $63, $43, $34, $44, $52, $42, $12, $22, $71, $52, $06, $25
   3cc8   52 13 33 63   
   3ccc   43 34 44 52   
   3cd0   42 12 22 71   
   3cd4   52 06 25      
                            ; Ply 8: 14-34 62-52 13-33 63-43 34-44 52-42 33-42 64-54 -> 10-20 (2560x)
   3cd7   08 14 34 62       DB $08, $14, $34, $62, $52, $13, $33, $63, $43, $34, $44, $52, $42, $33, $42, $64, $54, $10, $20
   3cdb   52 13 33 63   
   3cdf   43 34 44 52   
   3ce3   42 33 42 64   
   3ce7   54 10 20      
                            ; Ply 8: 14-34 62-52 13-33 63-43 34-44 52-42 33-42 71-52 -> 06-25 (1109x)
   3cea   08 14 34 62       DB $08, $14, $34, $62, $52, $13, $33, $63, $43, $34, $44, $52, $42, $33, $42, $71, $52, $06, $25
   3cee   52 13 33 63   
   3cf2   43 34 44 52   
   3cf6   42 33 42 71   
   3cfa   52 06 25      
                            ; Ply 8: 14-34 62-52 13-33 63-43 34-44 72-45 01-13 64-54 -> 13-21 (3303x)
   3cfd   08 14 34 62       DB $08, $14, $34, $62, $52, $13, $33, $63, $43, $34, $44, $72, $45, $01, $13, $64, $54, $13, $21
   3d01   52 13 33 63   
   3d05   43 34 44 72   
   3d09   45 01 13 64   
   3d0d   54 13 21      
                            ; Ply 8: 14-34 62-52 13-33 63-43 34-44 72-45 01-22 64-54 -> 16-36 (3488x)
   3d10   08 14 34 62       DB $08, $14, $34, $62, $52, $13, $33, $63, $43, $34, $44, $72, $45, $01, $22, $64, $54, $16, $36
   3d14   52 13 33 63   
   3d18   43 34 44 72   
   3d1c   45 01 22 64   
   3d20   54 16 36      
                            ; Ply 8: 14-34 62-52 13-33 63-43 34-44 72-45 02-24 64-54 -> 01-13 (763x)
   3d23   08 14 34 62       DB $08, $14, $34, $62, $52, $13, $33, $63, $43, $34, $44, $72, $45, $02, $24, $64, $54, $01, $13
   3d27   52 13 33 63   
   3d2b   43 34 44 72   
   3d2f   45 02 24 64   
   3d33   54 01 13      
                            ; Ply 8: 14-34 62-52 13-33 63-43 34-44 72-45 05-23 45-23 -> 03-23 (1888x)
   3d36   08 14 34 62       DB $08, $14, $34, $62, $52, $13, $33, $63, $43, $34, $44, $72, $45, $05, $23, $45, $23, $03, $23
   3d3a   52 13 33 63   
   3d3e   43 34 44 72   
   3d42   45 05 23 45   
   3d46   23 03 23      
                            ; Ply 8: 14-34 62-52 13-33 63-43 34-44 72-45 06-14 64-54 -> 14-26 (808x)
   3d49   08 14 34 62       DB $08, $14, $34, $62, $52, $13, $33, $63, $43, $34, $44, $72, $45, $06, $14, $64, $54, $14, $26
   3d4d   52 13 33 63   
   3d51   43 34 44 72   
   3d55   45 06 14 64   
   3d59   54 14 26      
                            ; Ply 8: 14-34 62-52 13-33 63-43 34-44 72-45 06-25 64-54 -> 05-14 (15091x)
   3d5c   08 14 34 62       DB $08, $14, $34, $62, $52, $13, $33, $63, $43, $34, $44, $72, $45, $06, $25, $64, $54, $05, $14
   3d60   52 13 33 63   
   3d64   43 34 44 72   
   3d68   45 06 25 64   
   3d6c   54 05 14      
                            ; Ply 8: 14-34 62-52 13-33 63-43 34-44 72-45 12-32 64-54 -> 01-22 (1403x)
   3d6f   08 14 34 62       DB $08, $14, $34, $62, $52, $13, $33, $63, $43, $34, $44, $72, $45, $12, $32, $64, $54, $01, $22
   3d73   52 13 33 63   
   3d77   43 34 44 72   
   3d7b   45 12 32 64   
   3d7f   54 01 22      
                            ; Ply 8: 14-34 62-52 13-33 63-43 34-44 72-45 16-36 45-34 -> 15-25 (533x)
   3d82   08 14 34 62       DB $08, $14, $34, $62, $52, $13, $33, $63, $43, $34, $44, $72, $45, $16, $36, $45, $34, $15, $25
   3d86   52 13 33 63   
   3d8a   43 34 44 72   
   3d8e   45 16 36 45   
   3d92   34 15 25      
                            ; Ply 8: 14-34 62-52 13-33 63-43 34-44 72-45 17-37 67-47 -> 05-23 (4832x)
   3d95   08 14 34 62       DB $08, $14, $34, $62, $52, $13, $33, $63, $43, $34, $44, $72, $45, $17, $37, $67, $47, $05, $23
   3d99   52 13 33 63   
   3d9d   43 34 44 72   
   3da1   45 17 37 67   
   3da5   47 05 23      
                            ; Ply 8: 14-34 62-52 13-33 63-43 34-44 72-45 17-37 67-57 -> 16-36 (1662x)
   3da8   08 14 34 62       DB $08, $14, $34, $62, $52, $13, $33, $63, $43, $34, $44, $72, $45, $17, $37, $67, $57, $16, $36
   3dac   52 13 33 63   
   3db0   43 34 44 72   
   3db4   45 17 37 67   
   3db8   57 16 36      
                            ; Ply 8: 12-32 64-54 01-22 63-43 13-33 76-55 32-43 54-43 -> 02-46 (2514x)
   3dbb   08 12 32 64       DB $08, $12, $32, $64, $54, $01, $22, $63, $43, $13, $33, $76, $55, $32, $43, $54, $43, $02, $46
   3dbf   54 01 22 63   
   3dc3   43 13 33 76   
   3dc7   55 32 43 54   
   3dcb   43 02 46      
                            ; Ply 8: 13-33 63-43 12-32 64-54 01-22 76-55 32-43 54-43 -> 02-46 (18670x)
   3dce   08 13 33 63       DB $08, $13, $33, $63, $43, $12, $32, $64, $54, $01, $22, $76, $55, $32, $43, $54, $43, $02, $46
   3dd2   43 12 32 64   
   3dd6   54 01 22 76   
   3dda   55 32 43 54   
   3dde   43 02 46      
                            ; Ply 8: 13-33 63-43 12-32 64-54 01-22 76-55 32-43 55-43 -> 14-34 (1076x)
   3de1   08 13 33 63       DB $08, $13, $33, $63, $43, $12, $32, $64, $54, $01, $22, $76, $55, $32, $43, $55, $43, $14, $34
   3de5   43 12 32 64   
   3de9   54 01 22 76   
   3ded   55 32 43 55   
   3df1   43 14 34      
                            ; Ply 8: 13-33 64-54 12-32 63-43 01-22 76-55 32-43 54-43 -> 02-46 (623x)
   3df4   08 13 33 64       DB $08, $13, $33, $64, $54, $12, $32, $63, $43, $01, $22, $76, $55, $32, $43, $54, $43, $02, $46
   3df8   54 12 32 63   
   3dfc   43 01 22 76   
   3e00   55 32 43 54   
   3e04   43 02 46      
                            ; Ply 8: 13-33 76-55 12-32 64-54 01-22 63-43 32-43 54-43 -> 02-46 (11485x)
   3e07   08 13 33 76       DB $08, $13, $33, $76, $55, $12, $32, $64, $54, $01, $22, $63, $43, $32, $43, $54, $43, $02, $46
   3e0b   55 12 32 64   
   3e0f   54 01 22 63   
   3e13   43 32 43 54   
   3e17   43 02 46      
                            ; Ply 8: 13-33 76-55 12-32 64-54 01-22 63-43 32-43 55-43 -> 14-34 (1193x)
   3e1a   08 13 33 76       DB $08, $13, $33, $76, $55, $12, $32, $64, $54, $01, $22, $63, $43, $32, $43, $55, $43, $14, $34
   3e1e   55 12 32 64   
   3e22   54 01 22 63   
   3e26   43 32 43 55   
   3e2a   43 14 34      
                            ; Ply 8: 14-34 76-55 34-44 55-43 13-33 63-53 06-25 53-44 -> 25-44 (4142x)
   3e2d   08 14 34 76       DB $08, $14, $34, $76, $55, $34, $44, $55, $43, $13, $33, $63, $53, $06, $25, $53, $44, $25, $44
   3e31   55 34 44 55   
   3e35   43 13 33 63   
   3e39   53 06 25 53   
   3e3d   44 25 44      
                            ; Ply 8: 14-34 76-55 34-44 55-43 13-33 63-53 06-25 66-56 -> 05-32 (2876x)
   3e40   08 14 34 76       DB $08, $14, $34, $76, $55, $34, $44, $55, $43, $13, $33, $63, $53, $06, $25, $66, $56, $05, $32
   3e44   55 34 44 55   
   3e48   43 13 33 63   
   3e4c   53 06 25 66   
   3e50   56 05 32      
                            ; Ply 8: 14-34 76-55 34-44 55-43 13-33 63-53 06-25 71-52 -> 12-32 (514x)
   3e53   08 14 34 76       DB $08, $14, $34, $76, $55, $34, $44, $55, $43, $13, $33, $63, $53, $06, $25, $71, $52, $12, $32
   3e57   55 34 44 55   
   3e5b   43 13 33 63   
   3e5f   53 06 25 71   
   3e63   52 12 32      
                            ; Ply 8: 14-34 76-55 34-44 55-43 13-33 63-53 06-25 72-36 -> 05-14 (5647x)
   3e66   08 14 34 76       DB $08, $14, $34, $76, $55, $34, $44, $55, $43, $13, $33, $63, $53, $06, $25, $72, $36, $05, $14
   3e6a   55 34 44 55   
   3e6e   43 13 33 63   
   3e72   53 06 25 72   
   3e76   36 05 14      
                            ; Ply 8: 14-34 63-43 34-43 73-43 01-22 43-40 05-32 76-55 -> 13-23 (1128x)
   3e79   08 14 34 63       DB $08, $14, $34, $63, $43, $34, $43, $73, $43, $01, $22, $43, $40, $05, $32, $76, $55, $13, $23
   3e7d   43 34 43 73   
   3e81   43 01 22 43   
   3e85   40 05 32 76   
   3e89   55 13 23      
                            ; Ply 8: 14-34 63-43 34-43 73-43 01-22 43-40 06-25 76-55 -> 13-33 (823x)
   3e8c   08 14 34 63       DB $08, $14, $34, $63, $43, $34, $43, $73, $43, $01, $22, $43, $40, $06, $25, $76, $55, $13, $33
   3e90   43 34 43 73   
   3e94   43 01 22 43   
   3e98   40 06 25 76   
   3e9c   55 13 33      
                            ; Ply 8: 14-34 63-43 34-43 73-43 01-22 43-40 13-33 62-52 -> 06-25 (2555x)
   3e9f   08 14 34 63       DB $08, $14, $34, $63, $43, $34, $43, $73, $43, $01, $22, $43, $40, $13, $33, $62, $52, $06, $25
   3ea3   43 34 43 73   
   3ea7   43 01 22 43   
   3eab   40 13 33 62   
   3eaf   52 06 25      
                            ; Ply 8: 14-34 63-43 34-43 73-43 01-22 43-40 13-33 76-55 -> 06-25 (7778x)
   3eb2   08 14 34 63       DB $08, $14, $34, $63, $43, $34, $43, $73, $43, $01, $22, $43, $40, $13, $33, $76, $55, $06, $25
   3eb6   43 34 43 73   
   3eba   43 01 22 43   
   3ebe   40 13 33 76   
   3ec2   55 06 25      
                            ; Ply 8: 14-34 63-43 34-43 73-43 01-22 43-40 16-26 76-55 -> 05-16 (502x)
   3ec5   08 14 34 63       DB $08, $14, $34, $63, $43, $34, $43, $73, $43, $01, $22, $43, $40, $16, $26, $76, $55, $05, $16
   3ec9   43 34 43 73   
   3ecd   43 01 22 43   
   3ed1   40 16 26 76   
   3ed5   55 05 16      
                            ; Ply 8: 14-34 63-53 13-33 76-55 01-22 66-56 15-35 75-66 -> 06-25 (8516x)
   3ed8   08 14 34 63       DB $08, $14, $34, $63, $53, $13, $33, $76, $55, $01, $22, $66, $56, $15, $35, $75, $66, $06, $25
   3edc   53 13 33 76   
   3ee0   55 01 22 66   
   3ee4   56 15 35 75   
   3ee8   66 06 25      
                        
                            ; --- Krejcik-sacrifice-line addition (2026-04-22) ---
                            ; Ply 8: ...e1f2 b8c6 -> g1f3 (develop knight, defend e5)
   3eeb   08 14 34 76       DB $08, $14, $34, $76, $55, $34, $44, $55, $34, $13, $23, $34, $15, $04, $15, $71, $52, $06, $25
   3eef   55 34 44 55   
   3ef3   34 13 23 34   
   3ef7   15 04 15 71   
   3efb   52 06 25      
                        
                            ; --- Krejcik-retreat-line addition (2026-04-22) ---
                            ; Ply 8: ...g1f3 d7d6 -> e5d6 (simplify, exchange)
   3efe   08 14 34 76       DB $08, $14, $34, $76, $55, $34, $44, $55, $34, $13, $23, $34, $42, $06, $25, $63, $53, $44, $53
   3f02   55 34 44 55   
   3f06   34 13 23 34   
   3f0a   42 06 25 63   
   3f0e   53 44 53      
                        
                            ; --- Krejcik-retreat-line ply-8 sibling, 2026-05-01 loss data ---
                            ; Ply 8: e2e4 g8f6 e4e5 f6e4 d2d3 e4c5 g1f3 d7d5 -> d3d4 (push central pawn)
                            ; Black challenges center with ...d5; engine pushes d4 from search at d=3.
                            ; OOB exit from the 2026-05-01 evening loss where this position triggered
                            ; 7 consecutive d=2-only moves and a -2075cp collapse.
   3f11   08 14 34 76       DB $08, $14, $34, $76, $55, $34, $44, $55, $34, $13, $23, $34, $42, $06, $25, $63, $43, $23, $33
   3f15   55 34 44 55   
   3f19   34 13 23 34   
   3f1d   42 06 25 63   
   3f21   43 23 33      
                        
                            ; --- Caro-French + Be7 + d6 ply-8 extension, 2026-05-01 loss data ---
                            ; Ply 8: e2e4 c7c6 d2d4 e7e6 b1c3 f8e7 g1f3 d7d6 -> c1f4 (active bishop dev)
                            ; Pushes our book penetration to 5 moves on this Caro-French line. Engine
                            ; chose Bf4 from d=2 search (180s timeout, score 260cp inflated) in the
                            ; 2026-05-01 evening queens-game loss. Booking the move avoids the d=2
                            ; noise that read +260 cp while the position was actually drifting.
   3f24   08 14 34 62       DB $08, $14, $34, $62, $52, $13, $33, $64, $54, $01, $22, $75, $64, $06, $25, $63, $53, $02, $35
   3f28   52 13 33 64   
   3f2c   54 01 22 75   
   3f30   64 06 25 63   
   3f34   53 02 35      
                        
                            ; --- Caro-Kann Advance + ...e6 + ...Be7 ply-8, 2026-05-02 ---
                            ; Ply 8: e2e4 c7c6 d2d4 d7d5 e4e5 e7e6 b1c3 f8e7 -> g1f3 (flexible dev)
                            ; Caro Advance with ...e6 transposition then ...Be7. Bishop on e7 doesn't
                            ; threaten anything; just develop the kingside knight. Same principle as
                            ; the Caro-French + Be7 + d6 line above.
   3f37   08 14 34 62       DB $08, $14, $34, $62, $52, $13, $33, $63, $43, $34, $44, $64, $54, $01, $22, $75, $64, $06, $25
   3f3b   52 13 33 63   
   3f3f   43 34 44 64   
   3f43   54 01 22 75   
   3f47   64 06 25      
                        
                            ; --- Italian Bd6+Nc6+O-O + ...a6 ply-8, 2026-05-02 ---
                            ; Ply 8: e2e4 e7e5 g1f3 f8d6 f1c4 b8c6 e1g1 a7a6 -> f1e1 (Re1, support e4)
                            ; Continues from the ELPH-Italian line where engine castles short. Black's
                            ; passive ...a6 is a non-threatening waiting move; we develop the rook
                            ; to e1 to support the e4 pawn and prepare future central tension.
   3f4a   08 14 34 64       DB $08, $14, $34, $64, $44, $06, $25, $75, $53, $05, $32, $71, $52, $04, $06, $60, $50, $05, $04
   3f4e   44 06 25 75   
   3f52   53 05 32 71   
   3f56   52 04 06 60   
   3f5a   50 05 04      
                        
                            ; Ply 8: e2e4 g8f6 e4e5 f6g8 d2d4 d7d5 g1f3 c7c5 -> c2c3 (French Advance c3)
                            ; Brooklyn ...d5 continued: black challenges d4 with ...c5, position
                            ; transposes to French Advance theory. Mainline reply is c3 supporting
                            ; the d4 pawn. Builds on the Brooklyn-...d5 ply-6 entry added earlier.
   3f5d   08 14 34 76       DB $08, $14, $34, $76, $55, $34, $44, $55, $76, $13, $33, $63, $43, $06, $25, $62, $42, $12, $22
   3f61   55 34 44 55   
   3f65   76 13 33 63   
   3f69   43 06 25 62   
   3f6d   42 12 22      
                        
                            ; Ply 8: e2e4 e7e6 d2d4 d7d5 e4e5 g8e7 g1f3 e7f5 -> c2c3 (defend d4)
                            ; French Advance + ...Ne7 + ...Nf5: black's knight maneuver targets d4.
                            ; c3 supports the pawn, prevents ...Nxd4 sacrifice idea, classical
                            ; French Advance wedge structure.
   3f70   08 14 34 64       DB $08, $14, $34, $64, $54, $13, $33, $63, $43, $34, $44, $76, $64, $06, $25, $64, $45, $12, $22
   3f74   54 13 33 63   
   3f78   43 34 44 76   
   3f7c   64 06 25 64   
   3f80   45 12 22      
                        
                            ; Ply 8: e2e4 e7e6 d2d4 a7a5 b1c3 a5a4 g1f3 c7c5 -> e4e5 (Advance)
                            ; Continues the French + ...a5a4 + Nf3 line. Black attacks d4 with ...c5;
                            ; we play the French Advance e5 push (cxd4 follows; Nxd4 recapture is
                            ; clean). Consistent with our French Advance treatment.
   3f83   08 14 34 64       DB $08, $14, $34, $64, $54, $13, $33, $60, $40, $01, $22, $40, $30, $06, $25, $62, $42, $34, $44
   3f87   54 13 33 60   
   3f8b   40 01 22 40   
   3f8f   30 06 25 62   
   3f93   42 34 44      
                        
                            ; Ply 8: e2e4 e7e6 d2d4 a7a5 b1c3 d7d5 e4e5 c7c5 -> g1f3 (develop)
                            ; Continues the French + ...a5 + ...d5 + e5 line. Black attacks d4 with ...c5.
                            ; FIX 2026-06-17: response was c2c3 ($12,$22) -- ILLEGAL here because this
                            ; sibling already played b1c3 (Nc3), so c3 is occupied by our own knight (the
                            ; c3-wedge reply was copied from the no-Nc3 siblings by mistake; it caused an
                            ; illegal-move forfeit in a live match). Replaced with g1f3 (Nf3): develops and
                            ; meets ...cxd4 with Nxd4. Verified legal; book legality sweep now clean.
   3f96   08 14 34 64       DB $08, $14, $34, $64, $54, $13, $33, $60, $40, $01, $22, $63, $43, $34, $44, $62, $42, $06, $25
   3f9a   54 13 33 60   
   3f9e   40 01 22 63   
   3fa2   43 34 44 62   
   3fa6   42 06 25      
                        
                            ; --- Opponent-prep addition (2026-04-27) ---
                            ; Ply 8: e2e4 e7e6 d2d4 d7d5 e4e5 c7c5 c2c3 d8a5 -> g1f3 (French Advance, Wade variation)
                            ; 3 recent matches reached this position; engine plays Nf3 from search. Book it.
   3fa9   08 14 34 64       DB $08, $14, $34, $64, $54, $13, $33, $63, $43, $34, $44, $62, $42, $12, $22, $73, $40, $06, $25
   3fad   54 13 33 63   
   3fb1   43 34 44 62   
   3fb5   42 12 22 73   
   3fb9   40 06 25      
                        
                            ; --- Caro+Qc7+d6+g6 Hippo ply-8, 2026-05-06 ---
                            ; Ply 8: e2e4 c7c6 d2d4 d8c7 b1c3 d7d6 g1f3 g7g6 -> e4e5 (space + force open)
                            ; 2026-05-06 loss in 20 moves: engine timed out at d=4 on five consecutive
                            ; OOB moves in this Hippo formation. Closed position branching ratio 2.3-3.6x
                            ; (vs 1.4-1.8x in open positions) made d=4 take 70-100s, leaving no budget
                            ; for d=5. Book e5 to force open position and improve move ordering for
                            ; subsequent OOB search. Theoretically strong: 5...dxe5 6.Nxe5 opens e-file
                            ; with active knight; black queen on c7 awkwardly placed.
   3fbc   08 14 34 62       DB $08, $14, $34, $62, $52, $13, $33, $73, $62, $01, $22, $63, $53, $06, $25, $66, $56, $34, $44
   3fc0   52 13 33 73   
   3fc4   62 01 22 63   
   3fc8   53 06 25 66   
   3fcc   56 34 44      
                        
                            ; --- Caro+Qc7+Nf6+d6 Hippo ply-8, 2026-05-06 ---
                            ; Ply 8: e2e4 c7c6 d2d4 d8c7 b1c3 g8f6 g1f3 d7d6 -> e4e5 (attack Nf6, force open)
                            ; 2026-05-06 second Hippo loss with Stockfish move-order variant: Nf6 first,
                            ; d6 second (vs prior g6-first order). Same anti-Hippo policy: e5 attacks
                            ; the knight and forces an open position the engine can navigate at d=4.
   3fcf   08 14 34 62       DB $08, $14, $34, $62, $52, $13, $33, $73, $62, $01, $22, $76, $55, $06, $25, $63, $53, $34, $44
   3fd3   52 13 33 73   
   3fd7   62 01 22 76   
   3fdb   55 06 25 63   
   3fdf   53 34 44      
                        
                            ; --- Caro+Qc7+Nf6+d5 ply-8, 2026-05-13 ---
                            ; Ply 8: e2e4 c7c6 d2d4 d8c7 b1c3 g8f6 g1f3 d7d5 -> e4e5 (attack Nf6)
                            ; 2026-05-12 loss: Stockfish played 4...d5 instead of 4...d6, dropping
                            ; out of book at ply 8. Engine then searched and chose e4e5 anyway, but
                            ; black's Nxe4 outpost dragged the engine into a slow drift to -1785cp.
                            ; Same anti-Hippo policy: book the e5 thrust to lock in the line + save
                            ; ~165s of move-5 search.
   3fe2   08 14 34 62       DB $08, $14, $34, $62, $52, $13, $33, $73, $62, $01, $22, $76, $55, $06, $25, $63, $43, $34, $44
   3fe6   52 13 33 73   
   3fea   62 01 22 76   
   3fee   55 06 25 63   
   3ff2   43 34 44      
                        
                            ; === Ply 9 ===
                            ; Ply 9: 14-34 64-44 06-25 71-52 05-32 75-42 01-22 76-55 13-23 -> 63-53 (637x)
   3ff5   09 14 34 64       DB $09, $14, $34, $64, $44, $06, $25, $71, $52, $05, $32, $75, $42, $01, $22, $76, $55, $13, $23, $63, $53
   3ff9   44 06 25 71   
   3ffd   52 05 32 75   
   4001   42 01 22 76   
   4005   55 13 23 63   
   4009   53            
                            ; Ply 9: 14-34 64-44 06-25 71-52 05-32 75-42 04-06 63-53 12-22 -> 76-55 (466x)
   400a   09 14 34 64       DB $09, $14, $34, $64, $44, $06, $25, $71, $52, $05, $32, $75, $42, $04, $06, $63, $53, $12, $22, $76, $55
   400e   44 06 25 71   
   4012   52 05 32 75   
   4016   42 04 06 63   
   401a   53 12 22 76   
   401e   55            
                            ; Ply 9: 14-34 64-44 06-25 71-52 05-32 75-42 04-06 63-53 17-27 -> 76-55 (206x)
   401f   09 14 34 64       DB $09, $14, $34, $64, $44, $06, $25, $71, $52, $05, $32, $75, $42, $04, $06, $63, $53, $17, $27, $76, $55
   4023   44 06 25 71   
   4027   52 05 32 75   
   402b   42 04 06 63   
   402f   53 17 27 76   
   4033   55            
                            ; Ply 9: 14-34 64-44 06-25 71-52 05-32 75-42 04-06 76-55 01-22 -> 63-53 (243x)
   4034   09 14 34 64       DB $09, $14, $34, $64, $44, $06, $25, $71, $52, $05, $32, $75, $42, $04, $06, $76, $55, $01, $22, $63, $53
   4038   44 06 25 71   
   403c   52 05 32 75   
   4040   42 04 06 76   
   4044   55 01 22 63   
   4048   53            
                            ; Ply 9: 14-34 64-44 06-25 71-52 05-32 75-42 04-06 76-55 13-23 -> 63-53 (3042x)
   4049   09 14 34 64       DB $09, $14, $34, $64, $44, $06, $25, $71, $52, $05, $32, $75, $42, $04, $06, $76, $55, $13, $23, $63, $53
   404d   44 06 25 71   
   4051   52 05 32 75   
   4055   42 04 06 76   
   4059   55 13 23 63   
   405d   53            
                            ; Ply 9: 14-34 64-44 06-25 71-52 05-32 75-42 04-06 76-55 13-33 -> 42-33 (1048x)
   405e   09 14 34 64       DB $09, $14, $34, $64, $44, $06, $25, $71, $52, $05, $32, $75, $42, $04, $06, $76, $55, $13, $33, $42, $33
   4062   44 06 25 71   
   4066   52 05 32 75   
   406a   42 04 06 76   
   406e   55 13 33 42   
   4072   33            
                            ; Ply 9: 14-34 64-44 06-25 71-52 05-32 75-42 11-31 42-31 12-22 -> 31-40 (1960x)
   4073   09 14 34 64       DB $09, $14, $34, $64, $44, $06, $25, $71, $52, $05, $32, $75, $42, $11, $31, $42, $31, $12, $22, $31, $40
   4077   44 06 25 71   
   407b   52 05 32 75   
   407f   42 11 31 42   
   4083   31 12 22 31   
   4087   40            
                            ; Ply 9: 14-34 64-44 06-25 71-52 05-32 75-42 11-31 42-51 10-30 -> 60-50 (340x)
   4088   09 14 34 64       DB $09, $14, $34, $64, $44, $06, $25, $71, $52, $05, $32, $75, $42, $11, $31, $42, $51, $10, $30, $60, $50
   408c   44 06 25 71   
   4090   52 05 32 75   
   4094   42 11 31 42   
   4098   51 10 30 60   
   409c   50            
                            ; Ply 9: 14-34 64-44 06-25 71-52 05-32 75-42 12-22 63-53 13-33 -> 44-33 (570x)
   409d   09 14 34 64       DB $09, $14, $34, $64, $44, $06, $25, $71, $52, $05, $32, $75, $42, $12, $22, $63, $53, $13, $33, $44, $33
   40a1   44 06 25 71   
   40a5   52 05 32 75   
   40a9   42 12 22 63   
   40ad   53 13 33 44   
   40b1   33            
                            ; Ply 9: 14-34 64-44 06-25 71-52 05-32 75-42 12-22 73-64 04-06 -> 63-53 (343x)
   40b2   09 14 34 64       DB $09, $14, $34, $64, $44, $06, $25, $71, $52, $05, $32, $75, $42, $12, $22, $73, $64, $04, $06, $63, $53
   40b6   44 06 25 71   
   40ba   52 05 32 75   
   40be   42 12 22 73   
   40c2   64 04 06 63   
   40c6   53            
                            ; Ply 9: 14-34 64-44 06-25 71-52 05-32 75-42 12-22 76-55 11-31 -> 42-51 (546x)
   40c7   09 14 34 64       DB $09, $14, $34, $64, $44, $06, $25, $71, $52, $05, $32, $75, $42, $12, $22, $76, $55, $11, $31, $42, $51
   40cb   44 06 25 71   
   40cf   52 05 32 75   
   40d3   42 12 22 76   
   40d7   55 11 31 42   
   40db   51            
                            ; Ply 9: 14-34 64-44 06-25 71-52 05-32 75-42 12-22 76-55 13-23 -> 63-53 (6849x)
   40dc   09 14 34 64       DB $09, $14, $34, $64, $44, $06, $25, $71, $52, $05, $32, $75, $42, $12, $22, $76, $55, $13, $23, $63, $53
   40e0   44 06 25 71   
   40e4   52 05 32 75   
   40e8   42 12 22 76   
   40ec   55 13 23 63   
   40f0   53            
                            ; Ply 9: 14-34 64-44 06-25 71-52 05-32 75-42 12-22 76-55 13-33 -> 44-33 (7998x)
   40f1   09 14 34 64       DB $09, $14, $34, $64, $44, $06, $25, $71, $52, $05, $32, $75, $42, $12, $22, $76, $55, $13, $33, $44, $33
   40f5   44 06 25 71   
   40f9   52 05 32 75   
   40fd   42 12 22 76   
   4101   55 13 33 44   
   4105   33            
                            ; Ply 9: 14-34 64-44 06-25 71-52 05-32 75-42 13-23 63-53 12-22 -> 76-55 (219x)
   4106   09 14 34 64       DB $09, $14, $34, $64, $44, $06, $25, $71, $52, $05, $32, $75, $42, $13, $23, $63, $53, $12, $22, $76, $55
   410a   44 06 25 71   
   410e   52 05 32 75   
   4112   42 13 23 63   
   4116   53 12 22 76   
   411a   55            
                            ; Ply 9: 14-34 64-44 06-25 71-52 05-32 75-42 13-23 76-55 01-22 -> 63-53 (827x)
   411b   09 14 34 64       DB $09, $14, $34, $64, $44, $06, $25, $71, $52, $05, $32, $75, $42, $13, $23, $76, $55, $01, $22, $63, $53
   411f   44 06 25 71   
   4123   52 05 32 75   
   4127   42 13 23 76   
   412b   55 01 22 63   
   412f   53            
                            ; Ply 9: 14-34 64-44 06-25 71-52 05-32 75-42 13-23 76-55 02-46 -> 67-57 (548x)
   4130   09 14 34 64       DB $09, $14, $34, $64, $44, $06, $25, $71, $52, $05, $32, $75, $42, $13, $23, $76, $55, $02, $46, $67, $57
   4134   44 06 25 71   
   4138   52 05 32 75   
   413c   42 13 23 76   
   4140   55 02 46 67   
   4144   57            
                            ; Ply 9: 14-34 64-44 06-25 71-52 05-32 75-42 13-23 76-55 04-06 -> 63-53 (1188x)
   4145   09 14 34 64       DB $09, $14, $34, $64, $44, $06, $25, $71, $52, $05, $32, $75, $42, $13, $23, $76, $55, $04, $06, $63, $53
   4149   44 06 25 71   
   414d   52 05 32 75   
   4151   42 13 23 76   
   4155   55 04 06 63   
   4159   53            
                            ; Ply 9: 14-34 64-44 06-25 71-52 05-32 75-42 13-23 76-55 12-22 -> 63-53 (688x)
   415a   09 14 34 64       DB $09, $14, $34, $64, $44, $06, $25, $71, $52, $05, $32, $75, $42, $13, $23, $76, $55, $12, $22, $63, $53
   415e   44 06 25 71   
   4162   52 05 32 75   
   4166   42 13 23 76   
   416a   55 12 22 63   
   416e   53            
                            ; Ply 9: 14-34 62-42 06-25 71-52 05-41 63-53 04-06 72-63 05-04 -> 76-55 (2070x)
   416f   09 14 34 62       DB $09, $14, $34, $62, $42, $06, $25, $71, $52, $05, $41, $63, $53, $04, $06, $72, $63, $05, $04, $76, $55
   4173   42 06 25 71   
   4177   52 05 41 63   
   417b   53 04 06 72   
   417f   63 05 04 76   
   4183   55            
                            ; Ply 9: 14-34 62-42 06-25 71-52 05-41 63-53 04-06 72-63 12-22 -> 76-55 (664x)
   4184   09 14 34 62       DB $09, $14, $34, $62, $42, $06, $25, $71, $52, $05, $41, $63, $53, $04, $06, $72, $63, $12, $22, $76, $55
   4188   42 06 25 71   
   418c   52 05 41 63   
   4190   53 04 06 72   
   4194   63 12 22 76   
   4198   55            
                            ; Ply 9: 14-34 62-42 06-25 71-52 05-41 63-53 13-33 42-33 03-33 -> 72-63 (631x)
   4199   09 14 34 62       DB $09, $14, $34, $62, $42, $06, $25, $71, $52, $05, $41, $63, $53, $13, $33, $42, $33, $03, $33, $72, $63
   419d   42 06 25 71   
   41a1   52 05 41 63   
   41a5   53 13 33 42   
   41a9   33 03 33 72   
   41ad   63            
                            ; Ply 9: 14-34 62-42 06-25 71-52 05-41 64-54 04-06 76-64 05-04 -> 60-50 (2553x)
   41ae   09 14 34 62       DB $09, $14, $34, $62, $42, $06, $25, $71, $52, $05, $41, $64, $54, $04, $06, $76, $64, $05, $04, $60, $50
   41b2   42 06 25 71   
   41b6   52 05 41 64   
   41ba   54 04 06 76   
   41be   64 05 04 60   
   41c2   50            
                            ; Ply 9: 14-34 62-42 06-25 71-52 05-41 64-54 04-06 76-64 12-22 -> 60-50 (1570x)
   41c3   09 14 34 62       DB $09, $14, $34, $62, $42, $06, $25, $71, $52, $05, $41, $64, $54, $04, $06, $76, $64, $12, $22, $60, $50
   41c7   42 06 25 71   
   41cb   52 05 41 64   
   41cf   54 04 06 76   
   41d3   64 12 22 60   
   41d7   50            
                            ; Ply 9: 14-34 62-42 06-25 71-52 05-41 64-54 04-06 76-64 13-33 -> 42-33 (1229x)
   41d8   09 14 34 62       DB $09, $14, $34, $62, $42, $06, $25, $71, $52, $05, $41, $64, $54, $04, $06, $76, $64, $13, $33, $42, $33
   41dc   42 06 25 71   
   41e0   52 05 41 64   
   41e4   54 04 06 76   
   41e8   64 13 33 42   
   41ec   33            
                            ; Ply 9: 14-34 62-42 06-25 71-52 05-41 64-54 41-52 61-52 04-06 -> 76-64 (655x)
   41ed   09 14 34 62       DB $09, $14, $34, $62, $42, $06, $25, $71, $52, $05, $41, $64, $54, $41, $52, $61, $52, $04, $06, $76, $64
   41f1   42 06 25 71   
   41f5   52 05 41 64   
   41f9   54 41 52 61   
   41fd   52 04 06 76   
   4201   64            
                            ; Ply 9: 14-34 62-42 06-25 71-52 05-41 64-54 41-52 61-52 13-23 -> 76-64 (1400x)
   4202   09 14 34 62       DB $09, $14, $34, $62, $42, $06, $25, $71, $52, $05, $41, $64, $54, $41, $52, $61, $52, $13, $23, $76, $64
   4206   42 06 25 71   
   420a   52 05 41 64   
   420e   54 41 52 61   
   4212   52 13 23 76   
   4216   64            
                            ; Ply 9: 14-34 62-42 06-25 71-52 05-41 66-56 04-06 75-66 05-04 -> 76-55 (3202x)
   4217   09 14 34 62       DB $09, $14, $34, $62, $42, $06, $25, $71, $52, $05, $41, $66, $56, $04, $06, $75, $66, $05, $04, $76, $55
   421b   42 06 25 71   
   421f   52 05 41 66   
   4223   56 04 06 75   
   4227   66 05 04 76   
   422b   55            
                            ; Ply 9: 14-34 62-42 06-25 71-52 05-41 66-56 04-06 75-66 12-22 -> 76-55 (4776x)
   422c   09 14 34 62       DB $09, $14, $34, $62, $42, $06, $25, $71, $52, $05, $41, $66, $56, $04, $06, $75, $66, $12, $22, $76, $55
   4230   42 06 25 71   
   4234   52 05 41 66   
   4238   56 04 06 75   
   423c   66 12 22 76   
   4240   55            
                            ; Ply 9: 14-34 62-42 06-25 71-52 05-41 66-56 04-06 75-66 41-52 -> 63-52 (851x)
   4241   09 14 34 62       DB $09, $14, $34, $62, $42, $06, $25, $71, $52, $05, $41, $66, $56, $04, $06, $75, $66, $41, $52, $63, $52
   4245   42 06 25 71   
   4249   52 05 41 66   
   424d   56 04 06 75   
   4251   66 41 52 63   
   4255   52            
                            ; Ply 9: 14-34 62-42 06-25 71-52 05-41 66-56 41-52 61-52 04-06 -> 75-66 (3299x)
   4256   09 14 34 62       DB $09, $14, $34, $62, $42, $06, $25, $71, $52, $05, $41, $66, $56, $41, $52, $61, $52, $04, $06, $75, $66
   425a   42 06 25 71   
   425e   52 05 41 66   
   4262   56 41 52 61   
   4266   52 04 06 75   
   426a   66            
                            ; Ply 9: 14-34 62-42 06-25 71-52 05-41 66-56 41-52 63-52 04-06 -> 75-66 (645x)
   426b   09 14 34 62       DB $09, $14, $34, $62, $42, $06, $25, $71, $52, $05, $41, $66, $56, $41, $52, $63, $52, $04, $06, $75, $66
   426f   42 06 25 71   
   4273   52 05 41 66   
   4277   56 41 52 63   
   427b   52 04 06 75   
   427f   66            
                            ; Ply 9: 14-34 62-42 06-25 71-52 05-41 66-56 41-52 63-52 13-23 -> 75-66 (5343x)
   4280   09 14 34 62       DB $09, $14, $34, $62, $42, $06, $25, $71, $52, $05, $41, $66, $56, $41, $52, $63, $52, $13, $23, $75, $66
   4284   42 06 25 71   
   4288   52 05 41 66   
   428c   56 41 52 63   
   4290   52 13 23 75   
   4294   66            
                            ; Ply 9: 14-34 62-42 06-25 71-52 05-41 66-56 41-52 63-52 17-27 -> 75-66 (986x)
   4295   09 14 34 62       DB $09, $14, $34, $62, $42, $06, $25, $71, $52, $05, $41, $66, $56, $41, $52, $63, $52, $17, $27, $75, $66
   4299   42 06 25 71   
   429d   52 05 41 66   
   42a1   56 41 52 63   
   42a5   52 17 27 75   
   42a9   66            
                            ; Ply 9: 14-34 62-42 06-25 71-52 05-41 76-55 01-22 73-62 04-06 -> 52-33 (678x)
   42aa   09 14 34 62       DB $09, $14, $34, $62, $42, $06, $25, $71, $52, $05, $41, $76, $55, $01, $22, $73, $62, $04, $06, $52, $33
   42ae   42 06 25 71   
   42b2   52 05 41 76   
   42b6   55 01 22 73   
   42ba   62 04 06 52   
   42be   33            
                            ; Ply 9: 14-34 62-42 06-25 71-52 05-41 76-55 41-52 63-52 13-23 -> 72-36 (577x)
   42bf   09 14 34 62       DB $09, $14, $34, $62, $42, $06, $25, $71, $52, $05, $41, $76, $55, $41, $52, $63, $52, $13, $23, $72, $36
   42c3   42 06 25 71   
   42c7   52 05 41 76   
   42cb   55 41 52 63   
   42cf   52 13 23 72   
   42d3   36            
                            ; Ply 9: 14-34 62-42 12-22 64-54 13-33 63-43 34-44 71-52 06-25 -> 73-51 (535x)
   42d4   09 14 34 62       DB $09, $14, $34, $62, $42, $12, $22, $64, $54, $13, $33, $63, $43, $34, $44, $71, $52, $06, $25, $73, $51
   42d8   42 12 22 64   
   42dc   54 13 33 63   
   42e0   43 34 44 71   
   42e4   52 06 25 73   
   42e8   51            
                            ; Ply 9: 14-34 64-54 13-33 63-43 34-44 62-42 12-22 71-52 06-25 -> 73-51 (12324x)
   42e9   09 14 34 64       DB $09, $14, $34, $64, $54, $13, $33, $63, $43, $34, $44, $62, $42, $12, $22, $71, $52, $06, $25, $73, $51
   42ed   54 13 33 63   
   42f1   43 34 44 62   
   42f5   42 12 22 71   
   42f9   52 06 25 73   
   42fd   51            
                            ; Ply 9: 14-34 64-54 13-33 63-43 34-44 62-42 12-22 72-63 06-25 -> 73-51 (641x)
   42fe   09 14 34 64       DB $09, $14, $34, $64, $54, $13, $33, $63, $43, $34, $44, $62, $42, $12, $22, $72, $63, $06, $25, $73, $51
   4302   54 13 33 63   
   4306   43 34 44 62   
   430a   42 12 22 72   
   430e   63 06 25 73   
   4312   51            
                            ; Ply 9: 14-34 64-54 13-33 63-43 34-44 62-42 12-22 73-51 06-25 -> 71-52 (3874x)
   4313   09 14 34 64       DB $09, $14, $34, $64, $54, $13, $33, $63, $43, $34, $44, $62, $42, $12, $22, $73, $51, $06, $25, $71, $52
   4317   54 13 33 63   
   431b   43 34 44 62   
   431f   42 12 22 73   
   4323   51 06 25 71   
   4327   52            
                            ; Ply 9: 14-34 62-52 13-33 63-43 34-44 52-42 06-25 42-33 03-33 -> 71-52 (616x)
   4328   09 14 34 62       DB $09, $14, $34, $62, $52, $13, $33, $63, $43, $34, $44, $52, $42, $06, $25, $42, $33, $03, $33, $71, $52
   432c   52 13 33 63   
   4330   43 34 44 52   
   4334   42 06 25 42   
   4338   33 03 33 71   
   433c   52            
                            ; Ply 9: 14-34 62-52 13-33 63-43 34-44 52-42 06-25 42-33 25-33 -> 71-52 (681x)
   433d   09 14 34 62       DB $09, $14, $34, $62, $52, $13, $33, $63, $43, $34, $44, $52, $42, $06, $25, $42, $33, $25, $33, $71, $52
   4341   52 13 33 63   
   4345   43 34 44 52   
   4349   42 06 25 42   
   434d   33 25 33 71   
   4351   52            
                            ; Ply 9: 14-34 62-52 13-33 63-43 34-44 52-42 33-42 64-54 02-24 -> 71-63 (588x)
   4352   09 14 34 62       DB $09, $14, $34, $62, $52, $13, $33, $63, $43, $34, $44, $52, $42, $33, $42, $64, $54, $02, $24, $71, $63
   4356   52 13 33 63   
   435a   43 34 44 52   
   435e   42 33 42 64   
   4362   54 02 24 71   
   4366   63            
                            ; Ply 9: 14-34 62-52 13-33 63-43 34-44 52-42 33-42 64-54 06-25 -> 75-42 (1125x)
   4367   09 14 34 62       DB $09, $14, $34, $62, $52, $13, $33, $63, $43, $34, $44, $52, $42, $33, $42, $64, $54, $06, $25, $75, $42
   436b   52 13 33 63   
   436f   43 34 44 52   
   4373   42 33 42 64   
   4377   54 06 25 75   
   437b   42            
                            ; Ply 9: 14-34 62-52 13-33 63-43 34-44 52-42 33-42 64-54 10-20 -> 75-42 (2134x)
   437c   09 14 34 62       DB $09, $14, $34, $62, $52, $13, $33, $63, $43, $34, $44, $52, $42, $33, $42, $64, $54, $10, $20, $75, $42
   4380   52 13 33 63   
   4384   43 34 44 52   
   4388   42 33 42 64   
   438c   54 10 20 75   
   4390   42            
                            ; Ply 9: 14-34 62-52 13-33 63-43 34-44 52-42 33-42 71-52 05-41 -> 64-54 (679x)
   4391   09 14 34 62       DB $09, $14, $34, $62, $52, $13, $33, $63, $43, $34, $44, $52, $42, $33, $42, $71, $52, $05, $41, $64, $54
   4395   52 13 33 63   
   4399   43 34 44 52   
   439d   42 33 42 71   
   43a1   52 05 41 64   
   43a5   54            
                            ; Ply 9: 14-34 62-52 13-33 63-43 34-44 52-42 33-42 71-52 06-25 -> 72-36 (937x)
   43a6   09 14 34 62       DB $09, $14, $34, $62, $52, $13, $33, $63, $43, $34, $44, $52, $42, $33, $42, $71, $52, $06, $25, $72, $36
   43aa   52 13 33 63   
   43ae   43 34 44 52   
   43b2   42 33 42 71   
   43b6   52 06 25 72   
   43ba   36            
                            ; Ply 9: 14-34 62-52 13-33 63-43 34-44 72-45 01-13 64-54 13-21 -> 71-63 (2518x)
   43bb   09 14 34 62       DB $09, $14, $34, $62, $52, $13, $33, $63, $43, $34, $44, $72, $45, $01, $13, $64, $54, $13, $21, $71, $63
   43bf   52 13 33 63   
   43c3   43 34 44 72   
   43c7   45 01 13 64   
   43cb   54 13 21 71   
   43cf   63            
                            ; Ply 9: 14-34 62-52 13-33 63-43 34-44 72-45 01-22 64-54 16-36 -> 45-56 (3483x)
   43d0   09 14 34 62       DB $09, $14, $34, $62, $52, $13, $33, $63, $43, $34, $44, $72, $45, $01, $22, $64, $54, $16, $36, $45, $56
   43d4   52 13 33 63   
   43d8   43 34 44 72   
   43dc   45 01 22 64   
   43e0   54 16 36 45   
   43e4   56            
                            ; Ply 9: 14-34 62-52 13-33 63-43 34-44 72-45 02-24 64-54 01-13 -> 71-63 (535x)
   43e5   09 14 34 62       DB $09, $14, $34, $62, $52, $13, $33, $63, $43, $34, $44, $72, $45, $02, $24, $64, $54, $01, $13, $71, $63
   43e9   52 13 33 63   
   43ed   43 34 44 72   
   43f1   45 02 24 64   
   43f5   54 01 13 71   
   43f9   63            
                            ; Ply 9: 14-34 62-52 13-33 63-43 34-44 72-45 05-23 45-23 03-23 -> 64-54 (1715x)
   43fa   09 14 34 62       DB $09, $14, $34, $62, $52, $13, $33, $63, $43, $34, $44, $72, $45, $05, $23, $45, $23, $03, $23, $64, $54
   43fe   52 13 33 63   
   4402   43 34 44 72   
   4406   45 05 23 45   
   440a   23 03 23 64   
   440e   54            
                            ; Ply 9: 14-34 62-52 13-33 63-43 34-44 72-45 06-14 64-54 14-26 -> 45-56 (774x)
   440f   09 14 34 62       DB $09, $14, $34, $62, $52, $13, $33, $63, $43, $34, $44, $72, $45, $06, $14, $64, $54, $14, $26, $45, $56
   4413   52 13 33 63   
   4417   43 34 44 72   
   441b   45 06 14 64   
   441f   54 14 26 45   
   4423   56            
                            ; Ply 9: 14-34 62-52 13-33 63-43 34-44 72-45 06-25 64-54 05-14 -> 71-63 (5543x)
   4424   09 14 34 62       DB $09, $14, $34, $62, $52, $13, $33, $63, $43, $34, $44, $72, $45, $06, $25, $64, $54, $05, $14, $71, $63
   4428   52 13 33 63   
   442c   43 34 44 72   
   4430   45 06 25 64   
   4434   54 05 14 71   
   4438   63            
                            ; Ply 9: 14-34 62-52 13-33 63-43 34-44 72-45 12-32 64-54 01-22 -> 76-64 (641x)
   4439   09 14 34 62       DB $09, $14, $34, $62, $52, $13, $33, $63, $43, $34, $44, $72, $45, $12, $32, $64, $54, $01, $22, $76, $64
   443d   52 13 33 63   
   4441   43 34 44 72   
   4445   45 12 32 64   
   4449   54 01 22 76   
   444d   64            
                            ; Ply 9: 14-34 62-52 13-33 63-43 34-44 72-45 16-36 45-34 15-25 -> 34-56 (533x)
   444e   09 14 34 62       DB $09, $14, $34, $62, $52, $13, $33, $63, $43, $34, $44, $72, $45, $16, $36, $45, $34, $15, $25, $34, $56
   4452   52 13 33 63   
   4456   43 34 44 72   
   445a   45 16 36 45   
   445e   34 15 25 34   
   4462   56            
                            ; Ply 9: 14-34 62-52 13-33 63-43 34-44 72-45 17-37 67-47 02-46 -> 73-51 (752x)
   4463   09 14 34 62       DB $09, $14, $34, $62, $52, $13, $33, $63, $43, $34, $44, $72, $45, $17, $37, $67, $47, $02, $46, $73, $51
   4467   52 13 33 63   
   446b   43 34 44 72   
   446f   45 17 37 67   
   4473   47 02 46 73   
   4477   51            
                            ; Ply 9: 14-34 62-52 13-33 63-43 34-44 72-45 17-37 67-47 05-23 -> 45-23 (4749x)
   4478   09 14 34 62       DB $09, $14, $34, $62, $52, $13, $33, $63, $43, $34, $44, $72, $45, $17, $37, $67, $47, $05, $23, $45, $23
   447c   52 13 33 63   
   4480   43 34 44 72   
   4484   45 17 37 67   
   4488   47 05 23 45   
   448c   23            
                            ; Ply 9: 14-34 62-52 13-33 63-43 34-44 72-45 17-37 67-47 12-32 -> 64-54 (2322x)
   448d   09 14 34 62       DB $09, $14, $34, $62, $52, $13, $33, $63, $43, $34, $44, $72, $45, $17, $37, $67, $47, $12, $32, $64, $54
   4491   52 13 33 63   
   4495   43 34 44 72   
   4499   45 17 37 67   
   449d   47 12 32 64   
   44a1   54            
                            ; Ply 9: 14-34 62-52 13-33 63-43 34-44 72-45 17-37 67-57 16-36 -> 45-63 (841x)
   44a2   09 14 34 62       DB $09, $14, $34, $62, $52, $13, $33, $63, $43, $34, $44, $72, $45, $17, $37, $67, $57, $16, $36, $45, $63
   44a6   52 13 33 63   
   44aa   43 34 44 72   
   44ae   45 17 37 67   
   44b2   57 16 36 45   
   44b6   63            
                            ; Ply 9: 12-32 64-54 01-22 63-43 13-33 76-55 32-43 54-43 02-46 -> 62-52 (1237x)
   44b7   09 12 32 64       DB $09, $12, $32, $64, $54, $01, $22, $63, $43, $13, $33, $76, $55, $32, $43, $54, $43, $02, $46, $62, $52
   44bb   54 01 22 63   
   44bf   43 13 33 76   
   44c3   55 32 43 54   
   44c7   43 02 46 62   
   44cb   52            
                            ; Ply 9: 13-33 63-43 12-32 64-54 01-22 76-55 32-43 54-43 02-46 -> 75-64 (8748x)
   44cc   09 13 33 63       DB $09, $13, $33, $63, $43, $12, $32, $64, $54, $01, $22, $76, $55, $32, $43, $54, $43, $02, $46, $75, $64
   44d0   43 12 32 64   
   44d4   54 01 22 76   
   44d8   55 32 43 54   
   44dc   43 02 46 75   
   44e0   64            
                            ; Ply 9: 13-33 63-43 12-32 64-54 01-22 76-55 32-43 55-43 14-34 -> 43-22 (989x)
   44e1   09 13 33 63       DB $09, $13, $33, $63, $43, $12, $32, $64, $54, $01, $22, $76, $55, $32, $43, $55, $43, $14, $34, $43, $22
   44e5   43 12 32 64   
   44e9   54 01 22 76   
   44ed   55 32 43 55   
   44f1   43 14 34 43   
   44f5   22            
                            ; Ply 9: 13-33 76-55 12-32 64-54 01-22 63-43 32-43 54-43 02-46 -> 75-64 (4997x)
   44f6   09 13 33 76       DB $09, $13, $33, $76, $55, $12, $32, $64, $54, $01, $22, $63, $43, $32, $43, $54, $43, $02, $46, $75, $64
   44fa   55 12 32 64   
   44fe   54 01 22 63   
   4502   43 32 43 54   
   4506   43 02 46 75   
   450a   64            
                            ; Ply 9: 13-33 76-55 12-32 64-54 01-22 63-43 32-43 55-43 14-34 -> 43-22 (1171x)
   450b   09 13 33 76       DB $09, $13, $33, $76, $55, $12, $32, $64, $54, $01, $22, $63, $43, $32, $43, $55, $43, $14, $34, $43, $22
   450f   55 12 32 64   
   4513   54 01 22 63   
   4517   43 32 43 55   
   451b   43 14 34 43   
   451f   22            
                            ; Ply 9: 14-34 76-55 34-44 55-43 13-33 63-53 06-25 53-44 25-44 -> 62-52 (2786x)
   4520   09 14 34 76       DB $09, $14, $34, $76, $55, $34, $44, $55, $43, $13, $33, $63, $53, $06, $25, $53, $44, $25, $44, $62, $52
   4524   55 34 44 55   
   4528   43 13 33 63   
   452c   53 06 25 53   
   4530   44 25 44 62   
   4534   52            
                            ; Ply 9: 14-34 76-55 34-44 55-43 13-33 63-53 06-25 66-56 05-32 -> 43-51 (2109x)
   4535   09 14 34 76       DB $09, $14, $34, $76, $55, $34, $44, $55, $43, $13, $33, $63, $53, $06, $25, $66, $56, $05, $32, $43, $51
   4539   55 34 44 55   
   453d   43 13 33 63   
   4541   53 06 25 66   
   4545   56 05 32 43   
   4549   51            
                            ; Ply 9: 14-34 76-55 34-44 55-43 13-33 63-53 06-25 71-52 12-32 -> 43-51 (514x)
   454a   09 14 34 76       DB $09, $14, $34, $76, $55, $34, $44, $55, $43, $13, $33, $63, $53, $06, $25, $71, $52, $12, $32, $43, $51
   454e   55 34 44 55   
   4552   43 13 33 63   
   4556   53 06 25 71   
   455a   52 12 32 43   
   455e   51            
                            ; Ply 9: 14-34 76-55 34-44 55-43 13-33 63-53 06-25 72-36 05-14 -> 64-54 (3305x)
   455f   09 14 34 76       DB $09, $14, $34, $76, $55, $34, $44, $55, $43, $13, $33, $63, $53, $06, $25, $72, $36, $05, $14, $64, $54
   4563   55 34 44 55   
   4567   43 13 33 63   
   456b   53 06 25 72   
   456f   36 05 14 64   
   4573   54            
                            ; Ply 9: 14-34 63-43 34-43 73-43 01-22 43-40 05-32 76-55 13-23 -> 62-52 (551x)
   4574   09 14 34 63       DB $09, $14, $34, $63, $43, $34, $43, $73, $43, $01, $22, $43, $40, $05, $32, $76, $55, $13, $23, $62, $52
   4578   43 34 43 73   
   457c   43 01 22 43   
   4580   40 05 32 76   
   4584   55 13 23 62   
   4588   52            
                            ; Ply 9: 14-34 63-43 34-43 73-43 01-22 43-40 13-33 62-52 05-32 -> 76-55 (718x)
   4589   09 14 34 63       DB $09, $14, $34, $63, $43, $34, $43, $73, $43, $01, $22, $43, $40, $13, $33, $62, $52, $05, $32, $76, $55
   458d   43 34 43 73   
   4591   43 01 22 43   
   4595   40 13 33 62   
   4599   52 05 32 76   
   459d   55            
                            ; Ply 9: 14-34 63-43 34-43 73-43 01-22 43-40 13-33 62-52 06-25 -> 76-55 (1648x)
   459e   09 14 34 63       DB $09, $14, $34, $63, $43, $34, $43, $73, $43, $01, $22, $43, $40, $13, $33, $62, $52, $06, $25, $76, $55
   45a2   43 34 43 73   
   45a6   43 01 22 43   
   45aa   40 13 33 62   
   45ae   52 06 25 76   
   45b2   55            
                            ; Ply 9: 14-34 63-43 34-43 73-43 01-22 43-40 13-33 76-55 02-13 -> 62-52 (662x)
   45b3   09 14 34 63       DB $09, $14, $34, $63, $43, $34, $43, $73, $43, $01, $22, $43, $40, $13, $33, $76, $55, $02, $13, $62, $52
   45b7   43 34 43 73   
   45bb   43 01 22 43   
   45bf   40 13 33 76   
   45c3   55 02 13 62   
   45c7   52            
                            ; Ply 9: 14-34 63-43 34-43 73-43 01-22 43-40 13-33 76-55 05-32 -> 62-52 (871x)
   45c8   09 14 34 63       DB $09, $14, $34, $63, $43, $34, $43, $73, $43, $01, $22, $43, $40, $13, $33, $76, $55, $05, $32, $62, $52
   45cc   43 34 43 73   
   45d0   43 01 22 43   
   45d4   40 13 33 76   
   45d8   55 05 32 62   
   45dc   52            
                            ; Ply 9: 14-34 63-43 34-43 73-43 01-22 43-40 13-33 76-55 06-25 -> 72-45 (2592x)
   45dd   09 14 34 63       DB $09, $14, $34, $63, $43, $34, $43, $73, $43, $01, $22, $43, $40, $13, $33, $76, $55, $06, $25, $72, $45
   45e1   43 34 43 73   
   45e5   43 01 22 43   
   45e9   40 13 33 76   
   45ed   55 06 25 72   
   45f1   45            
                            ; Ply 9: 14-34 63-53 13-33 76-55 01-22 66-56 15-35 75-66 06-25 -> 74-76 (5613x)
   45f2   09 14 34 63       DB $09, $14, $34, $63, $53, $13, $33, $76, $55, $01, $22, $66, $56, $15, $35, $75, $66, $06, $25, $74, $76
   45f6   53 13 33 76   
   45fa   55 01 22 66   
   45fe   56 15 35 75   
   4602   66 06 25 74   
   4606   76            
                        
                            ; === Ply 10 ===
                            ; Ply 10: 14-34 64-44 06-25 71-52 05-32 75-42 01-22 76-55 13-23 63-53 -> 02-46 (262x)
   4607   0a 14 34 64       DB $0A, $14, $34, $64, $44, $06, $25, $71, $52, $05, $32, $75, $42, $01, $22, $76, $55, $13, $23, $63, $53, $02, $46
   460b   44 06 25 71   
   460f   52 05 32 75   
   4613   42 01 22 76   
   4617   55 13 23 63   
   461b   53 02 46      
                            ; Ply 10: 14-34 64-44 06-25 71-52 05-32 75-42 04-06 63-53 12-22 76-55 -> 13-23 (268x)
   461e   0a 14 34 64       DB $0A, $14, $34, $64, $44, $06, $25, $71, $52, $05, $32, $75, $42, $04, $06, $63, $53, $12, $22, $76, $55, $13, $23
   4622   44 06 25 71   
   4626   52 05 32 75   
   462a   42 04 06 63   
   462e   53 12 22 76   
   4632   55 13 23      
                            ; Ply 10: 14-34 64-44 06-25 71-52 05-32 75-42 04-06 76-55 13-23 60-50 -> 12-22 (297x)
   4635   0a 14 34 64       DB $0A, $14, $34, $64, $44, $06, $25, $71, $52, $05, $32, $75, $42, $04, $06, $76, $55, $13, $23, $60, $50, $12, $22
   4639   44 06 25 71   
   463d   52 05 32 75   
   4641   42 04 06 76   
   4645   55 13 23 60   
   4649   50 12 22      
                            ; Ply 10: 14-34 64-44 06-25 71-52 05-32 75-42 04-06 76-55 13-23 63-53 -> 12-22 (2411x)
   464c   0a 14 34 64       DB $0A, $14, $34, $64, $44, $06, $25, $71, $52, $05, $32, $75, $42, $04, $06, $76, $55, $13, $23, $63, $53, $12, $22
   4650   44 06 25 71   
   4654   52 05 32 75   
   4658   42 04 06 76   
   465c   55 13 23 63   
   4660   53 12 22      
                            ; Ply 10: 14-34 64-44 06-25 71-52 05-32 75-42 04-06 76-55 13-23 67-57 -> 12-22 (271x)
   4663   0a 14 34 64       DB $0A, $14, $34, $64, $44, $06, $25, $71, $52, $05, $32, $75, $42, $04, $06, $76, $55, $13, $23, $67, $57, $12, $22
   4667   44 06 25 71   
   466b   52 05 32 75   
   466f   42 04 06 76   
   4673   55 13 23 67   
   4677   57 12 22      
                            ; Ply 10: 14-34 64-44 06-25 71-52 05-32 75-42 04-06 76-55 13-23 74-76 -> 12-22 (434x)
   467a   0a 14 34 64       DB $0A, $14, $34, $64, $44, $06, $25, $71, $52, $05, $32, $75, $42, $04, $06, $76, $55, $13, $23, $74, $76, $12, $22
   467e   44 06 25 71   
   4682   52 05 32 75   
   4686   42 04 06 76   
   468a   55 13 23 74   
   468e   76 12 22      
                            ; Ply 10: 14-34 64-44 06-25 71-52 05-32 75-42 04-06 76-55 13-33 42-33 -> 25-33 (1047x)
   4691   0a 14 34 64       DB $0A, $14, $34, $64, $44, $06, $25, $71, $52, $05, $32, $75, $42, $04, $06, $76, $55, $13, $33, $42, $33, $25, $33
   4695   44 06 25 71   
   4699   52 05 32 75   
   469d   42 04 06 76   
   46a1   55 13 33 42   
   46a5   33 25 33      
                            ; Ply 10: 14-34 64-44 06-25 71-52 05-32 75-42 04-06 76-55 13-33 44-33 -> 34-44 (331x)
   46a8   0a 14 34 64       DB $0A, $14, $34, $64, $44, $06, $25, $71, $52, $05, $32, $75, $42, $04, $06, $76, $55, $13, $33, $44, $33, $34, $44
   46ac   44 06 25 71   
   46b0   52 05 32 75   
   46b4   42 04 06 76   
   46b8   55 13 33 44   
   46bc   33 34 44      
                            ; Ply 10: 14-34 64-44 06-25 71-52 05-32 75-42 11-31 42-31 12-22 31-40 -> 13-33 (1652x)
   46bf   0a 14 34 64       DB $0A, $14, $34, $64, $44, $06, $25, $71, $52, $05, $32, $75, $42, $11, $31, $42, $31, $12, $22, $31, $40, $13, $33
   46c3   44 06 25 71   
   46c7   52 05 32 75   
   46cb   42 11 31 42   
   46cf   31 12 22 31   
   46d3   40 13 33      
                            ; Ply 10: 14-34 64-44 06-25 71-52 05-32 75-42 11-31 42-31 12-22 31-42 -> 13-33 (276x)
   46d6   0a 14 34 64       DB $0A, $14, $34, $64, $44, $06, $25, $71, $52, $05, $32, $75, $42, $11, $31, $42, $31, $12, $22, $31, $42, $13, $33
   46da   44 06 25 71   
   46de   52 05 32 75   
   46e2   42 11 31 42   
   46e6   31 12 22 31   
   46ea   42 13 33      
                            ; Ply 10: 14-34 64-44 06-25 71-52 05-32 75-42 11-31 42-31 12-22 31-53 -> 13-33 (221x)
   46ed   0a 14 34 64       DB $0A, $14, $34, $64, $44, $06, $25, $71, $52, $05, $32, $75, $42, $11, $31, $42, $31, $12, $22, $31, $53, $13, $33
   46f1   44 06 25 71   
   46f5   52 05 32 75   
   46f9   42 11 31 42   
   46fd   31 12 22 31   
   4701   53 13 33      
                            ; Ply 10: 14-34 64-44 06-25 71-52 05-32 75-42 11-31 42-31 12-22 31-64 -> 13-33 (1042x)
   4704   0a 14 34 64       DB $0A, $14, $34, $64, $44, $06, $25, $71, $52, $05, $32, $75, $42, $11, $31, $42, $31, $12, $22, $31, $64, $13, $33
   4708   44 06 25 71   
   470c   52 05 32 75   
   4710   42 11 31 42   
   4714   31 12 22 31   
   4718   64 13 33      
                            ; Ply 10: 14-34 64-44 06-25 71-52 05-32 75-42 12-22 63-53 13-33 44-33 -> 22-33 (565x)
   471b   0a 14 34 64       DB $0A, $14, $34, $64, $44, $06, $25, $71, $52, $05, $32, $75, $42, $12, $22, $63, $53, $13, $33, $44, $33, $22, $33
   471f   44 06 25 71   
   4723   52 05 32 75   
   4727   42 12 22 63   
   472b   53 13 33 44   
   472f   33 22 33      
                            ; Ply 10: 14-34 64-44 06-25 71-52 05-32 75-42 12-22 73-64 04-06 63-53 -> 13-33 (219x)
   4732   0a 14 34 64       DB $0A, $14, $34, $64, $44, $06, $25, $71, $52, $05, $32, $75, $42, $12, $22, $73, $64, $04, $06, $63, $53, $13, $33
   4736   44 06 25 71   
   473a   52 05 32 75   
   473e   42 12 22 73   
   4742   64 04 06 63   
   4746   53 13 33      
                            ; Ply 10: 14-34 64-44 06-25 71-52 05-32 75-42 12-22 76-55 11-31 42-51 -> 13-23 (498x)
   4749   0a 14 34 64       DB $0A, $14, $34, $64, $44, $06, $25, $71, $52, $05, $32, $75, $42, $12, $22, $76, $55, $11, $31, $42, $51, $13, $23
   474d   44 06 25 71   
   4751   52 05 32 75   
   4755   42 12 22 76   
   4759   55 11 31 42   
   475d   51 13 23      
                            ; Ply 10: 14-34 64-44 06-25 71-52 05-32 75-42 12-22 76-55 13-23 60-50 -> 32-21 (1332x)
   4760   0a 14 34 64       DB $0A, $14, $34, $64, $44, $06, $25, $71, $52, $05, $32, $75, $42, $12, $22, $76, $55, $13, $23, $60, $50, $32, $21
   4764   44 06 25 71   
   4768   52 05 32 75   
   476c   42 12 22 76   
   4770   55 13 23 60   
   4774   50 32 21      
                            ; Ply 10: 14-34 64-44 06-25 71-52 05-32 75-42 12-22 76-55 13-23 63-53 -> 04-06 (2845x)
   4777   0a 14 34 64       DB $0A, $14, $34, $64, $44, $06, $25, $71, $52, $05, $32, $75, $42, $12, $22, $76, $55, $13, $23, $63, $53, $04, $06
   477b   44 06 25 71   
   477f   52 05 32 75   
   4783   42 12 22 76   
   4787   55 13 23 63   
   478b   53 04 06      
                            ; Ply 10: 14-34 64-44 06-25 71-52 05-32 75-42 12-22 76-55 13-23 67-57 -> 04-06 (284x)
   478e   0a 14 34 64       DB $0A, $14, $34, $64, $44, $06, $25, $71, $52, $05, $32, $75, $42, $12, $22, $76, $55, $13, $23, $67, $57, $04, $06
   4792   44 06 25 71   
   4796   52 05 32 75   
   479a   42 12 22 76   
   479e   55 13 23 67   
   47a2   57 04 06      
                            ; Ply 10: 14-34 64-44 06-25 71-52 05-32 75-42 12-22 76-55 13-23 74-76 -> 04-06 (1636x)
   47a5   0a 14 34 64       DB $0A, $14, $34, $64, $44, $06, $25, $71, $52, $05, $32, $75, $42, $12, $22, $76, $55, $13, $23, $74, $76, $04, $06
   47a9   44 06 25 71   
   47ad   52 05 32 75   
   47b1   42 12 22 76   
   47b5   55 13 23 74   
   47b9   76 04 06      
                            ; Ply 10: 14-34 64-44 06-25 71-52 05-32 75-42 12-22 76-55 13-33 44-33 -> 22-33 (4157x)
   47bc   0a 14 34 64       DB $0A, $14, $34, $64, $44, $06, $25, $71, $52, $05, $32, $75, $42, $12, $22, $76, $55, $13, $33, $44, $33, $22, $33
   47c0   44 06 25 71   
   47c4   52 05 32 75   
   47c8   42 12 22 76   
   47cc   55 13 33 44   
   47d0   33 22 33      
                            ; Ply 10: 14-34 64-44 06-25 71-52 05-32 75-42 13-23 76-55 01-22 63-53 -> 02-46 (282x)
   47d3   0a 14 34 64       DB $0A, $14, $34, $64, $44, $06, $25, $71, $52, $05, $32, $75, $42, $13, $23, $76, $55, $01, $22, $63, $53, $02, $46
   47d7   44 06 25 71   
   47db   52 05 32 75   
   47df   42 13 23 76   
   47e3   55 01 22 63   
   47e7   53 02 46      
                            ; Ply 10: 14-34 64-44 06-25 71-52 05-32 75-42 13-23 76-55 02-46 67-57 -> 46-37 (529x)
   47ea   0a 14 34 64       DB $0A, $14, $34, $64, $44, $06, $25, $71, $52, $05, $32, $75, $42, $13, $23, $76, $55, $02, $46, $67, $57, $46, $37
   47ee   44 06 25 71   
   47f2   52 05 32 75   
   47f6   42 13 23 76   
   47fa   55 02 46 67   
   47fe   57 46 37      
                            ; Ply 10: 14-34 64-44 06-25 71-52 05-32 75-42 13-23 76-55 04-06 63-53 -> 12-22 (927x)
   4801   0a 14 34 64       DB $0A, $14, $34, $64, $44, $06, $25, $71, $52, $05, $32, $75, $42, $13, $23, $76, $55, $04, $06, $63, $53, $12, $22
   4805   44 06 25 71   
   4809   52 05 32 75   
   480d   42 13 23 76   
   4811   55 04 06 63   
   4815   53 12 22      
                            ; Ply 10: 14-34 64-44 06-25 71-52 05-32 75-42 13-23 76-55 12-22 63-53 -> 04-06 (224x)
   4818   0a 14 34 64       DB $0A, $14, $34, $64, $44, $06, $25, $71, $52, $05, $32, $75, $42, $13, $23, $76, $55, $12, $22, $63, $53, $04, $06
   481c   44 06 25 71   
   4820   52 05 32 75   
   4824   42 13 23 76   
   4828   55 12 22 63   
   482c   53 04 06      
                            ; Ply 10: 14-34 62-42 06-25 71-52 05-41 63-53 04-06 72-63 05-04 76-55 -> 12-22 (1641x)
   482f   0a 14 34 62       DB $0A, $14, $34, $62, $42, $06, $25, $71, $52, $05, $41, $63, $53, $04, $06, $72, $63, $05, $04, $76, $55, $12, $22
   4833   42 06 25 71   
   4837   52 05 41 63   
   483b   53 04 06 72   
   483f   63 05 04 76   
   4843   55 12 22      
                            ; Ply 10: 14-34 62-42 06-25 71-52 05-41 63-53 04-06 72-63 12-22 76-55 -> 05-04 (620x)
   4846   0a 14 34 62       DB $0A, $14, $34, $62, $42, $06, $25, $71, $52, $05, $41, $63, $53, $04, $06, $72, $63, $12, $22, $76, $55, $05, $04
   484a   42 06 25 71   
   484e   52 05 41 63   
   4852   53 04 06 72   
   4856   63 12 22 76   
   485a   55 05 04      
                            ; Ply 10: 14-34 62-42 06-25 71-52 05-41 63-53 13-33 42-33 03-33 72-63 -> 41-52 (565x)
   485d   0a 14 34 62       DB $0A, $14, $34, $62, $42, $06, $25, $71, $52, $05, $41, $63, $53, $13, $33, $42, $33, $03, $33, $72, $63, $41, $52
   4861   42 06 25 71   
   4865   52 05 41 63   
   4869   53 13 33 42   
   486d   33 03 33 72   
   4871   63 41 52      
                            ; Ply 10: 14-34 62-42 06-25 71-52 05-41 64-54 04-06 76-64 05-04 52-33 -> 25-33 (550x)
   4874   0a 14 34 62       DB $0A, $14, $34, $62, $42, $06, $25, $71, $52, $05, $41, $64, $54, $04, $06, $76, $64, $05, $04, $52, $33, $25, $33
   4878   42 06 25 71   
   487c   52 05 41 64   
   4880   54 04 06 76   
   4884   64 05 04 52   
   4888   33 25 33      
                            ; Ply 10: 14-34 62-42 06-25 71-52 05-41 64-54 04-06 76-64 05-04 60-50 -> 41-05 (2059x)
   488b   0a 14 34 62       DB $0A, $14, $34, $62, $42, $06, $25, $71, $52, $05, $41, $64, $54, $04, $06, $76, $64, $05, $04, $60, $50, $41, $05
   488f   42 06 25 71   
   4893   52 05 41 64   
   4897   54 04 06 76   
   489b   64 05 04 60   
   489f   50 41 05      
                            ; Ply 10: 14-34 62-42 06-25 71-52 05-41 64-54 04-06 76-64 12-22 60-50 -> 41-30 (1244x)
   48a2   0a 14 34 62       DB $0A, $14, $34, $62, $42, $06, $25, $71, $52, $05, $41, $64, $54, $04, $06, $76, $64, $12, $22, $60, $50, $41, $30
   48a6   42 06 25 71   
   48aa   52 05 41 64   
   48ae   54 04 06 76   
   48b2   64 12 22 60   
   48b6   50 41 30      
                            ; Ply 10: 14-34 62-42 06-25 71-52 05-41 64-54 04-06 76-64 13-33 42-33 -> 25-33 (1220x)
   48b9   0a 14 34 62       DB $0A, $14, $34, $62, $42, $06, $25, $71, $52, $05, $41, $64, $54, $04, $06, $76, $64, $13, $33, $42, $33, $25, $33
   48bd   42 06 25 71   
   48c1   52 05 41 64   
   48c5   54 04 06 76   
   48c9   64 13 33 42   
   48cd   33 25 33      
                            ; Ply 10: 14-34 62-42 06-25 71-52 05-41 64-54 41-52 61-52 13-23 76-64 -> 03-14 (541x)
   48d0   0a 14 34 62       DB $0A, $14, $34, $62, $42, $06, $25, $71, $52, $05, $41, $64, $54, $41, $52, $61, $52, $13, $23, $76, $64, $03, $14
   48d4   42 06 25 71   
   48d8   52 05 41 64   
   48dc   54 41 52 61   
   48e0   52 13 23 76   
   48e4   64 03 14      
                            ; Ply 10: 14-34 62-42 06-25 71-52 05-41 66-56 04-06 75-66 05-04 64-44 -> 41-52 (1326x)
   48e7   0a 14 34 62       DB $0A, $14, $34, $62, $42, $06, $25, $71, $52, $05, $41, $66, $56, $04, $06, $75, $66, $05, $04, $64, $44, $41, $52
   48eb   42 06 25 71   
   48ef   52 05 41 66   
   48f3   56 04 06 75   
   48f7   66 05 04 64   
   48fb   44 41 52      
                            ; Ply 10: 14-34 62-42 06-25 71-52 05-41 66-56 04-06 75-66 05-04 76-55 -> 34-44 (1426x)
   48fe   0a 14 34 62       DB $0A, $14, $34, $62, $42, $06, $25, $71, $52, $05, $41, $66, $56, $04, $06, $75, $66, $05, $04, $76, $55, $34, $44
   4902   42 06 25 71   
   4906   52 05 41 66   
   490a   56 04 06 75   
   490e   66 05 04 76   
   4912   55 34 44      
                            ; Ply 10: 14-34 62-42 06-25 71-52 05-41 66-56 04-06 75-66 12-22 64-44 -> 13-33 (793x)
   4915   0a 14 34 62       DB $0A, $14, $34, $62, $42, $06, $25, $71, $52, $05, $41, $66, $56, $04, $06, $75, $66, $12, $22, $64, $44, $13, $33
   4919   42 06 25 71   
   491d   52 05 41 66   
   4921   56 04 06 75   
   4925   66 12 22 64   
   4929   44 13 33      
                            ; Ply 10: 14-34 62-42 06-25 71-52 05-41 66-56 04-06 75-66 12-22 76-55 -> 05-04 (3494x)
   492c   0a 14 34 62       DB $0A, $14, $34, $62, $42, $06, $25, $71, $52, $05, $41, $66, $56, $04, $06, $75, $66, $12, $22, $76, $55, $05, $04
   4930   42 06 25 71   
   4934   52 05 41 66   
   4938   56 04 06 75   
   493c   66 12 22 76   
   4940   55 05 04      
                            ; Ply 10: 14-34 62-42 06-25 71-52 05-41 66-56 04-06 75-66 41-52 63-52 -> 13-23 (570x)
   4943   0a 14 34 62       DB $0A, $14, $34, $62, $42, $06, $25, $71, $52, $05, $41, $66, $56, $04, $06, $75, $66, $41, $52, $63, $52, $13, $23
   4947   42 06 25 71   
   494b   52 05 41 66   
   494f   56 04 06 75   
   4953   66 41 52 63   
   4957   52 13 23      
                            ; Ply 10: 14-34 62-42 06-25 71-52 05-41 66-56 41-52 61-52 04-06 75-66 -> 05-04 (2514x)
   495a   0a 14 34 62       DB $0A, $14, $34, $62, $42, $06, $25, $71, $52, $05, $41, $66, $56, $41, $52, $61, $52, $04, $06, $75, $66, $05, $04
   495e   42 06 25 71   
   4962   52 05 41 66   
   4966   56 41 52 61   
   496a   52 04 06 75   
   496e   66 05 04      
                            ; Ply 10: 14-34 62-42 06-25 71-52 05-41 66-56 41-52 63-52 13-23 75-66 -> 17-27 (4125x)
   4971   0a 14 34 62       DB $0A, $14, $34, $62, $42, $06, $25, $71, $52, $05, $41, $66, $56, $41, $52, $63, $52, $13, $23, $75, $66, $17, $27
   4975   42 06 25 71   
   4979   52 05 41 66   
   497d   56 41 52 63   
   4981   52 13 23 75   
   4985   66 17 27      
                            ; Ply 10: 14-34 62-42 06-25 71-52 05-41 66-56 41-52 63-52 17-27 75-66 -> 13-23 (790x)
   4988   0a 14 34 62       DB $0A, $14, $34, $62, $42, $06, $25, $71, $52, $05, $41, $66, $56, $41, $52, $63, $52, $17, $27, $75, $66, $13, $23
   498c   42 06 25 71   
   4990   52 05 41 66   
   4994   56 41 52 63   
   4998   52 17 27 75   
   499c   66 13 23      
                            ; Ply 10: 14-34 64-54 13-33 63-43 34-44 62-42 12-22 71-52 06-25 42-33 -> 22-33 (509x)
   499f   0a 14 34 64       DB $0A, $14, $34, $64, $54, $13, $33, $63, $43, $34, $44, $62, $42, $12, $22, $71, $52, $06, $25, $42, $33, $22, $33
   49a3   54 13 33 63   
   49a7   43 34 44 62   
   49ab   42 12 22 71   
   49af   52 06 25 42   
   49b3   33 22 33      
                            ; Ply 10: 14-34 64-54 13-33 63-43 34-44 62-42 12-22 71-52 06-25 72-63 -> 05-14 (5464x)
   49b6   0a 14 34 64       DB $0A, $14, $34, $64, $54, $13, $33, $63, $43, $34, $44, $62, $42, $12, $22, $71, $52, $06, $25, $72, $63, $05, $14
   49ba   54 13 33 63   
   49be   43 34 44 62   
   49c2   42 12 22 71   
   49c6   52 06 25 72   
   49ca   63 05 14      
                            ; Ply 10: 14-34 64-54 13-33 63-43 34-44 62-42 12-22 71-52 06-25 73-51 -> 10-20 (6451x)
   49cd   0a 14 34 64       DB $0A, $14, $34, $64, $54, $13, $33, $63, $43, $34, $44, $62, $42, $12, $22, $71, $52, $06, $25, $73, $51, $10, $20
   49d1   54 13 33 63   
   49d5   43 34 44 62   
   49d9   42 12 22 71   
   49dd   52 06 25 73   
   49e1   51 10 20      
                            ; Ply 10: 14-34 64-54 13-33 63-43 34-44 62-42 12-22 71-52 06-25 76-64 -> 01-20 (885x)
   49e4   0a 14 34 64       DB $0A, $14, $34, $64, $54, $13, $33, $63, $43, $34, $44, $62, $42, $12, $22, $71, $52, $06, $25, $76, $64, $01, $20
   49e8   54 13 33 63   
   49ec   43 34 44 62   
   49f0   42 12 22 71   
   49f4   52 06 25 76   
   49f8   64 01 20      
                            ; Ply 10: 14-34 64-54 13-33 63-43 34-44 62-42 12-22 73-51 06-25 71-52 -> 10-20 (2148x)
   49fb   0a 14 34 64       DB $0A, $14, $34, $64, $54, $13, $33, $63, $43, $34, $44, $62, $42, $12, $22, $73, $51, $06, $25, $71, $52, $10, $20
   49ff   54 13 33 63   
   4a03   43 34 44 62   
   4a07   42 12 22 73   
   4a0b   51 06 25 71   
   4a0f   52 10 20      
                            ; Ply 10: 14-34 64-54 13-33 63-43 34-44 62-42 12-22 73-51 06-25 72-63 -> 05-14 (1236x)
   4a12   0a 14 34 64       DB $0A, $14, $34, $64, $54, $13, $33, $63, $43, $34, $44, $62, $42, $12, $22, $73, $51, $06, $25, $72, $63, $05, $14
   4a16   54 13 33 63   
   4a1a   43 34 44 62   
   4a1e   42 12 22 73   
   4a22   51 06 25 72   
   4a26   63 05 14      
                            ; Ply 10: 14-34 62-52 13-33 63-43 34-44 52-42 06-25 42-33 03-33 71-52 -> 33-35 (601x)
   4a29   0a 14 34 62       DB $0A, $14, $34, $62, $52, $13, $33, $63, $43, $34, $44, $52, $42, $06, $25, $42, $33, $03, $33, $71, $52, $33, $35
   4a2d   52 13 33 63   
   4a31   43 34 44 52   
   4a35   42 06 25 42   
   4a39   33 03 33 71   
   4a3d   52 33 35      
                            ; Ply 10: 14-34 62-52 13-33 63-43 34-44 52-42 33-42 64-54 06-25 75-42 -> 05-23 (766x)
   4a40   0a 14 34 62       DB $0A, $14, $34, $62, $52, $13, $33, $63, $43, $34, $44, $52, $42, $33, $42, $64, $54, $06, $25, $75, $42, $05, $23
   4a44   52 13 33 63   
   4a48   43 34 44 52   
   4a4c   42 33 42 64   
   4a50   54 06 25 75   
   4a54   42 05 23      
                            ; Ply 10: 14-34 62-52 13-33 63-43 34-44 52-42 33-42 64-54 10-20 75-42 -> 11-31 (1122x)
   4a57   0a 14 34 62       DB $0A, $14, $34, $62, $52, $13, $33, $63, $43, $34, $44, $52, $42, $33, $42, $64, $54, $10, $20, $75, $42, $11, $31
   4a5b   52 13 33 63   
   4a5f   43 34 44 52   
   4a63   42 33 42 64   
   4a67   54 10 20 75   
   4a6b   42 11 31      
                            ; Ply 10: 14-34 62-52 13-33 63-43 34-44 52-42 33-42 71-52 05-41 64-54 -> 02-24 (516x)
   4a6e   0a 14 34 62       DB $0A, $14, $34, $62, $52, $13, $33, $63, $43, $34, $44, $52, $42, $33, $42, $71, $52, $05, $41, $64, $54, $02, $24
   4a72   52 13 33 63   
   4a76   43 34 44 52   
   4a7a   42 33 42 71   
   4a7e   52 05 41 64   
   4a82   54 02 24      
                            ; Ply 10: 14-34 62-52 13-33 63-43 34-44 72-45 01-13 64-54 13-21 71-63 -> 06-25 (2293x)
   4a85   0a 14 34 62       DB $0A, $14, $34, $62, $52, $13, $33, $63, $43, $34, $44, $72, $45, $01, $13, $64, $54, $13, $21, $71, $63, $06, $25
   4a89   52 13 33 63   
   4a8d   43 34 44 72   
   4a91   45 01 13 64   
   4a95   54 13 21 71   
   4a99   63 06 25      
                            ; Ply 10: 14-34 62-52 13-33 63-43 34-44 72-45 01-22 64-54 16-36 45-56 -> 06-14 (3336x)
   4a9c   0a 14 34 62       DB $0A, $14, $34, $62, $52, $13, $33, $63, $43, $34, $44, $72, $45, $01, $22, $64, $54, $16, $36, $45, $56, $06, $14
   4aa0   52 13 33 63   
   4aa4   43 34 44 72   
   4aa8   45 01 22 64   
   4aac   54 16 36 45   
   4ab0   56 06 14      
                            ; Ply 10: 14-34 62-52 13-33 63-43 34-44 72-45 05-23 45-23 03-23 64-54 -> 06-14 (711x)
   4ab3   0a 14 34 62       DB $0A, $14, $34, $62, $52, $13, $33, $63, $43, $34, $44, $72, $45, $05, $23, $45, $23, $03, $23, $64, $54, $06, $14
   4ab7   52 13 33 63   
   4abb   43 34 44 72   
   4abf   45 05 23 45   
   4ac3   23 03 23 64   
   4ac7   54 06 14      
                            ; Ply 10: 14-34 62-52 13-33 63-43 34-44 72-45 06-14 64-54 14-26 45-56 -> 17-37 (657x)
   4aca   0a 14 34 62       DB $0A, $14, $34, $62, $52, $13, $33, $63, $43, $34, $44, $72, $45, $06, $14, $64, $54, $14, $26, $45, $56, $17, $37
   4ace   52 13 33 63   
   4ad2   43 34 44 72   
   4ad6   45 06 14 64   
   4ada   54 14 26 45   
   4ade   56 17 37      
                            ; Ply 10: 14-34 62-52 13-33 63-43 34-44 72-45 06-25 64-54 05-14 52-42 -> 02-24 (2377x)
   4ae1   0a 14 34 62       DB $0A, $14, $34, $62, $52, $13, $33, $63, $43, $34, $44, $72, $45, $06, $25, $64, $54, $05, $14, $52, $42, $02, $24
   4ae5   52 13 33 63   
   4ae9   43 34 44 72   
   4aed   45 06 25 64   
   4af1   54 05 14 52   
   4af5   42 02 24      
                            ; Ply 10: 14-34 62-52 13-33 63-43 34-44 72-45 06-25 64-54 05-14 67-57 -> 04-06 (506x)
   4af8   0a 14 34 62       DB $0A, $14, $34, $62, $52, $13, $33, $63, $43, $34, $44, $72, $45, $06, $25, $64, $54, $05, $14, $67, $57, $04, $06
   4afc   52 13 33 63   
   4b00   43 34 44 72   
   4b04   45 06 25 64   
   4b08   54 05 14 67   
   4b0c   57 04 06      
                            ; Ply 10: 14-34 62-52 13-33 63-43 34-44 72-45 06-25 64-54 05-14 71-63 -> 04-06 (5197x)
   4b0f   0a 14 34 62       DB $0A, $14, $34, $62, $52, $13, $33, $63, $43, $34, $44, $72, $45, $06, $25, $64, $54, $05, $14, $71, $63, $04, $06
   4b13   52 13 33 63   
   4b17   43 34 44 72   
   4b1b   45 06 25 64   
   4b1f   54 05 14 71   
   4b23   63 04 06      
                            ; Ply 10: 14-34 62-52 13-33 63-43 34-44 72-45 06-25 64-54 05-14 76-64 -> 04-06 (3060x)
   4b26   0a 14 34 62       DB $0A, $14, $34, $62, $52, $13, $33, $63, $43, $34, $44, $72, $45, $06, $25, $64, $54, $05, $14, $76, $64, $04, $06
   4b2a   52 13 33 63   
   4b2e   43 34 44 72   
   4b32   45 06 25 64   
   4b36   54 05 14 76   
   4b3a   64 04 06      
                            ; Ply 10: 14-34 62-52 13-33 63-43 34-44 72-45 17-37 67-47 02-46 73-51 -> 05-23 (746x)
   4b3d   0a 14 34 62       DB $0A, $14, $34, $62, $52, $13, $33, $63, $43, $34, $44, $72, $45, $17, $37, $67, $47, $02, $46, $73, $51, $05, $23
   4b41   52 13 33 63   
   4b45   43 34 44 72   
   4b49   45 17 37 67   
   4b4d   47 02 46 73   
   4b51   51 05 23      
                            ; Ply 10: 14-34 62-52 13-33 63-43 34-44 72-45 17-37 67-47 05-23 45-23 -> 03-23 (4736x)
   4b54   0a 14 34 62       DB $0A, $14, $34, $62, $52, $13, $33, $63, $43, $34, $44, $72, $45, $17, $37, $67, $47, $05, $23, $45, $23, $03, $23
   4b58   52 13 33 63   
   4b5c   43 34 44 72   
   4b60   45 17 37 67   
   4b64   47 05 23 45   
   4b68   23 03 23      
                            ; Ply 10: 14-34 62-52 13-33 63-43 34-44 72-45 17-37 67-47 12-32 64-54 -> 01-22 (2249x)
   4b6b   0a 14 34 62       DB $0A, $14, $34, $62, $52, $13, $33, $63, $43, $34, $44, $72, $45, $17, $37, $67, $47, $12, $32, $64, $54, $01, $22
   4b6f   52 13 33 63   
   4b73   43 34 44 72   
   4b77   45 17 37 67   
   4b7b   47 12 32 64   
   4b7f   54 01 22      
                            ; Ply 10: 12-32 64-54 01-22 63-43 13-33 76-55 32-43 54-43 02-46 62-52 -> 14-24 (1043x)
   4b82   0a 12 32 64       DB $0A, $12, $32, $64, $54, $01, $22, $63, $43, $13, $33, $76, $55, $32, $43, $54, $43, $02, $46, $62, $52, $14, $24
   4b86   54 01 22 63   
   4b8a   43 13 33 76   
   4b8e   55 32 43 54   
   4b92   43 02 46 62   
   4b96   52 14 24      
                            ; Ply 10: 12-32 64-54 01-22 63-43 13-33 76-55 32-43 54-43 02-46 75-64 -> 14-24 (916x)
   4b99   0a 12 32 64       DB $0A, $12, $32, $64, $54, $01, $22, $63, $43, $13, $33, $76, $55, $32, $43, $54, $43, $02, $46, $75, $64, $14, $24
   4b9d   54 01 22 63   
   4ba1   43 13 33 76   
   4ba5   55 32 43 54   
   4ba9   43 02 46 75   
   4bad   64 14 24      
                            ; Ply 10: 13-33 63-43 12-32 64-54 01-22 76-55 32-43 54-43 02-46 62-52 -> 14-24 (5625x)
   4bb0   0a 13 33 63       DB $0A, $13, $33, $63, $43, $12, $32, $64, $54, $01, $22, $76, $55, $32, $43, $54, $43, $02, $46, $62, $52, $14, $24
   4bb4   43 12 32 64   
   4bb8   54 01 22 76   
   4bbc   55 32 43 54   
   4bc0   43 02 46 62   
   4bc4   52 14 24      
                            ; Ply 10: 13-33 63-43 12-32 64-54 01-22 76-55 32-43 54-43 02-46 71-63 -> 14-24 (1473x)
   4bc7   0a 13 33 63       DB $0A, $13, $33, $63, $43, $12, $32, $64, $54, $01, $22, $76, $55, $32, $43, $54, $43, $02, $46, $71, $63, $14, $24
   4bcb   43 12 32 64   
   4bcf   54 01 22 76   
   4bd3   55 32 43 54   
   4bd7   43 02 46 71   
   4bdb   63 14 24      
                            ; Ply 10: 13-33 63-43 12-32 64-54 01-22 76-55 32-43 54-43 02-46 75-31 -> 14-24 (595x)
   4bde   0a 13 33 63       DB $0A, $13, $33, $63, $43, $12, $32, $64, $54, $01, $22, $76, $55, $32, $43, $54, $43, $02, $46, $75, $31, $14, $24
   4be2   43 12 32 64   
   4be6   54 01 22 76   
   4bea   55 32 43 54   
   4bee   43 02 46 75   
   4bf2   31 14 24      
                            ; Ply 10: 13-33 63-43 12-32 64-54 01-22 76-55 32-43 54-43 02-46 75-64 -> 14-24 (7901x)
   4bf5   0a 13 33 63       DB $0A, $13, $33, $63, $43, $12, $32, $64, $54, $01, $22, $76, $55, $32, $43, $54, $43, $02, $46, $75, $64, $14, $24
   4bf9   43 12 32 64   
   4bfd   54 01 22 76   
   4c01   55 32 43 54   
   4c05   43 02 46 75   
   4c09   64 14 24      
                            ; Ply 10: 13-33 63-43 12-32 64-54 01-22 76-55 32-43 55-43 14-34 43-22 -> 11-22 (988x)
   4c0c   0a 13 33 63       DB $0A, $13, $33, $63, $43, $12, $32, $64, $54, $01, $22, $76, $55, $32, $43, $55, $43, $14, $34, $43, $22, $11, $22
   4c10   43 12 32 64   
   4c14   54 01 22 76   
   4c18   55 32 43 55   
   4c1c   43 14 34 43   
   4c20   22 11 22      
                            ; Ply 10: 13-33 76-55 12-32 64-54 01-22 63-43 32-43 54-43 02-46 62-52 -> 14-24 (3841x)
   4c23   0a 13 33 76       DB $0A, $13, $33, $76, $55, $12, $32, $64, $54, $01, $22, $63, $43, $32, $43, $54, $43, $02, $46, $62, $52, $14, $24
   4c27   55 12 32 64   
   4c2b   54 01 22 63   
   4c2f   43 32 43 54   
   4c33   43 02 46 62   
   4c37   52 14 24      
                            ; Ply 10: 13-33 76-55 12-32 64-54 01-22 63-43 32-43 54-43 02-46 71-63 -> 14-24 (736x)
   4c3a   0a 13 33 76       DB $0A, $13, $33, $76, $55, $12, $32, $64, $54, $01, $22, $63, $43, $32, $43, $54, $43, $02, $46, $71, $63, $14, $24
   4c3e   55 12 32 64   
   4c42   54 01 22 63   
   4c46   43 32 43 54   
   4c4a   43 02 46 71   
   4c4e   63 14 24      
                            ; Ply 10: 13-33 76-55 12-32 64-54 01-22 63-43 32-43 54-43 02-46 75-31 -> 14-24 (548x)
   4c51   0a 13 33 76       DB $0A, $13, $33, $76, $55, $12, $32, $64, $54, $01, $22, $63, $43, $32, $43, $54, $43, $02, $46, $75, $31, $14, $24
   4c55   55 12 32 64   
   4c59   54 01 22 63   
   4c5d   43 32 43 54   
   4c61   43 02 46 75   
   4c65   31 14 24      
                            ; Ply 10: 13-33 76-55 12-32 64-54 01-22 63-43 32-43 54-43 02-46 75-64 -> 14-24 (4585x)
   4c68   0a 13 33 76       DB $0A, $13, $33, $76, $55, $12, $32, $64, $54, $01, $22, $63, $43, $32, $43, $54, $43, $02, $46, $75, $64, $14, $24
   4c6c   55 12 32 64   
   4c70   54 01 22 63   
   4c74   43 32 43 54   
   4c78   43 02 46 75   
   4c7c   64 14 24      
                            ; Ply 10: 13-33 76-55 12-32 64-54 01-22 63-43 32-43 55-43 14-34 43-22 -> 11-22 (1171x)
   4c7f   0a 13 33 76       DB $0A, $13, $33, $76, $55, $12, $32, $64, $54, $01, $22, $63, $43, $32, $43, $55, $43, $14, $34, $43, $22, $11, $22
   4c83   55 12 32 64   
   4c87   54 01 22 63   
   4c8b   43 32 43 55   
   4c8f   43 14 34 43   
   4c93   22 11 22      
                            ; Ply 10: 14-34 76-55 34-44 55-43 13-33 63-53 06-25 53-44 25-44 62-52 -> 05-14 (1346x)
   4c96   0a 14 34 76       DB $0A, $14, $34, $76, $55, $34, $44, $55, $43, $13, $33, $63, $53, $06, $25, $53, $44, $25, $44, $62, $52, $05, $14
   4c9a   55 34 44 55   
   4c9e   43 13 33 63   
   4ca2   53 06 25 53   
   4ca6   44 25 44 62   
   4caa   52 05 14      
                            ; Ply 10: 14-34 76-55 34-44 55-43 13-33 63-53 06-25 53-44 25-44 66-56 -> 05-32 (674x)
   4cad   0a 14 34 76       DB $0A, $14, $34, $76, $55, $34, $44, $55, $43, $13, $33, $63, $53, $06, $25, $53, $44, $25, $44, $66, $56, $05, $32
   4cb1   55 34 44 55   
   4cb5   43 13 33 63   
   4cb9   53 06 25 53   
   4cbd   44 25 44 66   
   4cc1   56 05 32      
                            ; Ply 10: 14-34 76-55 34-44 55-43 13-33 63-53 06-25 66-56 05-32 43-51 -> 32-21 (2088x)
   4cc4   0a 14 34 76       DB $0A, $14, $34, $76, $55, $34, $44, $55, $43, $13, $33, $63, $53, $06, $25, $66, $56, $05, $32, $43, $51, $32, $21
   4cc8   55 34 44 55   
   4ccc   43 13 33 63   
   4cd0   53 06 25 66   
   4cd4   56 05 32 43   
   4cd8   51 32 21      
                            ; Ply 10: 14-34 76-55 34-44 55-43 13-33 63-53 06-25 66-56 05-32 62-52 -> 04-06 (522x)
   4cdb   0a 14 34 76       DB $0A, $14, $34, $76, $55, $34, $44, $55, $43, $13, $33, $63, $53, $06, $25, $66, $56, $05, $32, $62, $52, $04, $06
   4cdf   55 34 44 55   
   4ce3   43 13 33 63   
   4ce7   53 06 25 66   
   4ceb   56 05 32 62   
   4cef   52 04 06      
                            ; Ply 10: 14-34 76-55 34-44 55-43 13-33 63-53 06-25 72-36 05-14 62-52 -> 04-06 (809x)
   4cf2   0a 14 34 76       DB $0A, $14, $34, $76, $55, $34, $44, $55, $43, $13, $33, $63, $53, $06, $25, $72, $36, $05, $14, $62, $52, $04, $06
   4cf6   55 34 44 55   
   4cfa   43 13 33 63   
   4cfe   53 06 25 72   
   4d02   36 05 14 62   
   4d06   52 04 06      
                            ; Ply 10: 14-34 76-55 34-44 55-43 13-33 63-53 06-25 72-36 05-14 64-54 -> 04-06 (2284x)
   4d09   0a 14 34 76       DB $0A, $14, $34, $76, $55, $34, $44, $55, $43, $13, $33, $63, $53, $06, $25, $72, $36, $05, $14, $64, $54, $04, $06
   4d0d   55 34 44 55   
   4d11   43 13 33 63   
   4d15   53 06 25 72   
   4d19   36 05 14 64   
   4d1d   54 04 06      
                            ; Ply 10: 14-34 63-43 34-43 73-43 01-22 43-40 13-33 62-52 06-25 76-55 -> 05-32 (879x)
   4d20   0a 14 34 63       DB $0A, $14, $34, $63, $43, $34, $43, $73, $43, $01, $22, $43, $40, $13, $33, $62, $52, $06, $25, $76, $55, $05, $32
   4d24   43 34 43 73   
   4d28   43 01 22 43   
   4d2c   40 13 33 62   
   4d30   52 06 25 76   
   4d34   55 05 32      
                            ; Ply 10: 14-34 63-43 34-43 73-43 01-22 43-40 13-33 76-55 06-25 62-52 -> 05-32 (1304x)
   4d37   0a 14 34 63       DB $0A, $14, $34, $63, $43, $34, $43, $73, $43, $01, $22, $43, $40, $13, $33, $76, $55, $06, $25, $62, $52, $05, $32
   4d3b   43 34 43 73   
   4d3f   43 01 22 43   
   4d43   40 13 33 76   
   4d47   55 06 25 62   
   4d4b   52 05 32      
                            ; Ply 10: 14-34 63-43 34-43 73-43 01-22 43-40 13-33 76-55 06-25 72-36 -> 17-27 (1377x)
   4d4e   0a 14 34 63       DB $0A, $14, $34, $63, $43, $34, $43, $73, $43, $01, $22, $43, $40, $13, $33, $76, $55, $06, $25, $72, $36, $17, $27
   4d52   43 34 43 73   
   4d56   43 01 22 43   
   4d5a   40 13 33 76   
   4d5e   55 06 25 72   
   4d62   36 17 27      
                            ; Ply 10: 14-34 63-43 34-43 73-43 01-22 43-40 13-33 76-55 06-25 72-45 -> 05-32 (1168x)
   4d65   0a 14 34 63       DB $0A, $14, $34, $63, $43, $34, $43, $73, $43, $01, $22, $43, $40, $13, $33, $76, $55, $06, $25, $72, $45, $05, $32
   4d69   43 34 43 73   
   4d6d   43 01 22 43   
   4d71   40 13 33 76   
   4d75   55 06 25 72   
   4d79   45 05 32      
                            ; Ply 10: 14-34 63-53 13-33 76-55 01-22 66-56 15-35 75-66 06-25 62-42 -> 33-42 (1019x)
   4d7c   0a 14 34 63       DB $0A, $14, $34, $63, $53, $13, $33, $76, $55, $01, $22, $66, $56, $15, $35, $75, $66, $06, $25, $62, $42, $33, $42
   4d80   53 13 33 76   
   4d84   55 01 22 66   
   4d88   56 15 35 75   
   4d8c   66 06 25 62   
   4d90   42 33 42      
                            ; Ply 10: 14-34 63-53 13-33 76-55 01-22 66-56 15-35 75-66 06-25 74-76 -> 05-23 (3211x)
   4d93   0a 14 34 63       DB $0A, $14, $34, $63, $53, $13, $33, $76, $55, $01, $22, $66, $56, $15, $35, $75, $66, $06, $25, $74, $76, $05, $23
   4d97   53 13 33 76   
   4d9b   55 01 22 66   
   4d9f   56 15 35 75   
   4da3   66 06 25 74   
   4da7   76 05 23      
                        
                            ; --- Krejcik-sacrifice-line addition (2026-04-22) ---
                            ; Ply 10: ...g1f3 f7f6 -> e5f6 (exf6, simple capture)
   4daa   0a 14 34 76       DB $0A, $14, $34, $76, $55, $34, $44, $55, $34, $13, $23, $34, $15, $04, $15, $71, $52, $06, $25, $65, $55, $44, $55
   4dae   55 34 44 55   
   4db2   34 13 23 34   
   4db6   15 04 15 71   
   4dba   52 06 25 65   
   4dbe   55 44 55      
                        
                            ; --- Krejcik-retreat-line addition (2026-04-22) ---
                            ; Ply 10: ...e5d6 c7d6 -> b1c3 (develop knight)
   4dc1   0a 14 34 76       DB $0A, $14, $34, $76, $55, $34, $44, $55, $34, $13, $23, $34, $42, $06, $25, $63, $53, $44, $53, $62, $53, $01, $22
   4dc5   55 34 44 55   
   4dc9   34 13 23 34   
   4dcd   42 06 25 63   
   4dd1   53 44 53 62   
   4dd5   53 01 22      
                        
                            ; === Ply 11 ===
                            ; Ply 11: 14-34 64-44 06-25 71-52 05-32 75-42 04-06 76-55 13-23 63-53 12-22 -> 60-50 (1090x)
   4dd8   0b 14 34 64       DB $0B, $14, $34, $64, $44, $06, $25, $71, $52, $05, $32, $75, $42, $04, $06, $76, $55, $13, $23, $63, $53, $12, $22, $60, $50
   4ddc   44 06 25 71   
   4de0   52 05 32 75   
   4de4   42 04 06 76   
   4de8   55 13 23 63   
   4dec   53 12 22 60   
   4df0   50            
                            ; Ply 11: 14-34 64-44 06-25 71-52 05-32 75-42 04-06 76-55 13-33 42-33 25-33 -> 52-33 (1033x)
   4df1   0b 14 34 64       DB $0B, $14, $34, $64, $44, $06, $25, $71, $52, $05, $32, $75, $42, $04, $06, $76, $55, $13, $33, $42, $33, $25, $33, $52, $33
   4df5   44 06 25 71   
   4df9   52 05 32 75   
   4dfd   42 04 06 76   
   4e01   55 13 33 42   
   4e05   33 25 33 52   
   4e09   33            
                            ; Ply 11: 14-34 64-44 06-25 71-52 05-32 75-42 04-06 76-55 13-33 44-33 34-44 -> 63-43 (267x)
   4e0a   0b 14 34 64       DB $0B, $14, $34, $64, $44, $06, $25, $71, $52, $05, $32, $75, $42, $04, $06, $76, $55, $13, $33, $44, $33, $34, $44, $63, $43
   4e0e   44 06 25 71   
   4e12   52 05 32 75   
   4e16   42 04 06 76   
   4e1a   55 13 33 44   
   4e1e   33 34 44 63   
   4e22   43            
                            ; Ply 11: 14-34 64-44 06-25 71-52 05-32 75-42 11-31 42-31 12-22 31-40 13-33 -> 44-33 (912x)
   4e23   0b 14 34 64       DB $0B, $14, $34, $64, $44, $06, $25, $71, $52, $05, $32, $75, $42, $11, $31, $42, $31, $12, $22, $31, $40, $13, $33, $44, $33
   4e27   44 06 25 71   
   4e2b   52 05 32 75   
   4e2f   42 11 31 42   
   4e33   31 12 22 31   
   4e37   40 13 33 44   
   4e3b   33            
                            ; Ply 11: 14-34 64-44 06-25 71-52 05-32 75-42 11-31 42-31 12-22 31-42 13-33 -> 44-33 (258x)
   4e3c   0b 14 34 64       DB $0B, $14, $34, $64, $44, $06, $25, $71, $52, $05, $32, $75, $42, $11, $31, $42, $31, $12, $22, $31, $42, $13, $33, $44, $33
   4e40   44 06 25 71   
   4e44   52 05 32 75   
   4e48   42 11 31 42   
   4e4c   31 12 22 31   
   4e50   42 13 33 44   
   4e54   33            
                            ; Ply 11: 14-34 64-44 06-25 71-52 05-32 75-42 11-31 42-31 12-22 31-64 13-33 -> 52-40 (754x)
   4e55   0b 14 34 64       DB $0B, $14, $34, $64, $44, $06, $25, $71, $52, $05, $32, $75, $42, $11, $31, $42, $31, $12, $22, $31, $64, $13, $33, $52, $40
   4e59   44 06 25 71   
   4e5d   52 05 32 75   
   4e61   42 11 31 42   
   4e65   31 12 22 31   
   4e69   64 13 33 52   
   4e6d   40            
                            ; Ply 11: 14-34 64-44 06-25 71-52 05-32 75-42 12-22 63-53 13-33 44-33 22-33 -> 42-31 (284x)
   4e6e   0b 14 34 64       DB $0B, $14, $34, $64, $44, $06, $25, $71, $52, $05, $32, $75, $42, $12, $22, $63, $53, $13, $33, $44, $33, $22, $33, $42, $31
   4e72   44 06 25 71   
   4e76   52 05 32 75   
   4e7a   42 12 22 63   
   4e7e   53 13 33 44   
   4e82   33 22 33 42   
   4e86   31            
                            ; Ply 11: 14-34 64-44 06-25 71-52 05-32 75-42 12-22 73-64 04-06 63-53 13-33 -> 42-51 (216x)
   4e87   0b 14 34 64       DB $0B, $14, $34, $64, $44, $06, $25, $71, $52, $05, $32, $75, $42, $12, $22, $73, $64, $04, $06, $63, $53, $13, $33, $42, $51
   4e8b   44 06 25 71   
   4e8f   52 05 32 75   
   4e93   42 12 22 73   
   4e97   64 04 06 63   
   4e9b   53 13 33 42   
   4e9f   51            
                            ; Ply 11: 14-34 64-44 06-25 71-52 05-32 75-42 12-22 76-55 11-31 42-51 13-23 -> 63-53 (429x)
   4ea0   0b 14 34 64       DB $0B, $14, $34, $64, $44, $06, $25, $71, $52, $05, $32, $75, $42, $12, $22, $76, $55, $11, $31, $42, $51, $13, $23, $63, $53
   4ea4   44 06 25 71   
   4ea8   52 05 32 75   
   4eac   42 12 22 76   
   4eb0   55 11 31 42   
   4eb4   51 13 23 63   
   4eb8   53            
                            ; Ply 11: 14-34 64-44 06-25 71-52 05-32 75-42 12-22 76-55 13-23 60-50 04-06 -> 42-60 (512x)
   4eb9   0b 14 34 64       DB $0B, $14, $34, $64, $44, $06, $25, $71, $52, $05, $32, $75, $42, $12, $22, $76, $55, $13, $23, $60, $50, $04, $06, $42, $60
   4ebd   44 06 25 71   
   4ec1   52 05 32 75   
   4ec5   42 12 22 76   
   4ec9   55 13 23 60   
   4ecd   50 04 06 42   
   4ed1   60            
                            ; Ply 11: 14-34 64-44 06-25 71-52 05-32 75-42 12-22 76-55 13-23 60-50 32-21 -> 42-60 (740x)
   4ed2   0b 14 34 64       DB $0B, $14, $34, $64, $44, $06, $25, $71, $52, $05, $32, $75, $42, $12, $22, $76, $55, $13, $23, $60, $50, $32, $21, $42, $60
   4ed6   44 06 25 71   
   4eda   52 05 32 75   
   4ede   42 12 22 76   
   4ee2   55 13 23 60   
   4ee6   50 32 21 42   
   4eea   60            
                            ; Ply 11: 14-34 64-44 06-25 71-52 05-32 75-42 12-22 76-55 13-23 63-53 01-13 -> 60-50 (531x)
   4eeb   0b 14 34 64       DB $0B, $14, $34, $64, $44, $06, $25, $71, $52, $05, $32, $75, $42, $12, $22, $76, $55, $13, $23, $63, $53, $01, $13, $60, $50
   4eef   44 06 25 71   
   4ef3   52 05 32 75   
   4ef7   42 12 22 76   
   4efb   55 13 23 63   
   4eff   53 01 13 60   
   4f03   50            
                            ; Ply 11: 14-34 64-44 06-25 71-52 05-32 75-42 12-22 76-55 13-23 63-53 02-46 -> 67-57 (243x)
   4f04   0b 14 34 64       DB $0B, $14, $34, $64, $44, $06, $25, $71, $52, $05, $32, $75, $42, $12, $22, $76, $55, $13, $23, $63, $53, $02, $46, $67, $57
   4f08   44 06 25 71   
   4f0c   52 05 32 75   
   4f10   42 12 22 76   
   4f14   55 13 23 63   
   4f18   53 02 46 67   
   4f1c   57            
                            ; Ply 11: 14-34 64-44 06-25 71-52 05-32 75-42 12-22 76-55 13-23 63-53 04-06 -> 74-76 (902x)
   4f1d   0b 14 34 64       DB $0B, $14, $34, $64, $44, $06, $25, $71, $52, $05, $32, $75, $42, $12, $22, $76, $55, $13, $23, $63, $53, $04, $06, $74, $76
   4f21   44 06 25 71   
   4f25   52 05 32 75   
   4f29   42 12 22 76   
   4f2d   55 13 23 63   
   4f31   53 04 06 74   
   4f35   76            
                            ; Ply 11: 14-34 64-44 06-25 71-52 05-32 75-42 12-22 76-55 13-23 63-53 11-31 -> 42-51 (355x)
   4f36   0b 14 34 64       DB $0B, $14, $34, $64, $44, $06, $25, $71, $52, $05, $32, $75, $42, $12, $22, $76, $55, $13, $23, $63, $53, $11, $31, $42, $51
   4f3a   44 06 25 71   
   4f3e   52 05 32 75   
   4f42   42 12 22 76   
   4f46   55 13 23 63   
   4f4a   53 11 31 42   
   4f4e   51            
                            ; Ply 11: 14-34 64-44 06-25 71-52 05-32 75-42 12-22 76-55 13-23 63-53 32-21 -> 60-50 (559x)
   4f4f   0b 14 34 64       DB $0B, $14, $34, $64, $44, $06, $25, $71, $52, $05, $32, $75, $42, $12, $22, $76, $55, $13, $23, $63, $53, $32, $21, $60, $50
   4f53   44 06 25 71   
   4f57   52 05 32 75   
   4f5b   42 12 22 76   
   4f5f   55 13 23 63   
   4f63   53 32 21 60   
   4f67   50            
                            ; Ply 11: 14-34 64-44 06-25 71-52 05-32 75-42 12-22 76-55 13-23 74-76 04-06 -> 63-43 (835x)
   4f68   0b 14 34 64       DB $0B, $14, $34, $64, $44, $06, $25, $71, $52, $05, $32, $75, $42, $12, $22, $76, $55, $13, $23, $74, $76, $04, $06, $63, $43
   4f6c   44 06 25 71   
   4f70   52 05 32 75   
   4f74   42 12 22 76   
   4f78   55 13 23 74   
   4f7c   76 04 06 63   
   4f80   43            
                            ; Ply 11: 14-34 64-44 06-25 71-52 05-32 75-42 12-22 76-55 13-33 44-33 11-31 -> 42-51 (462x)
   4f81   0b 14 34 64       DB $0B, $14, $34, $64, $44, $06, $25, $71, $52, $05, $32, $75, $42, $12, $22, $76, $55, $13, $33, $44, $33, $11, $31, $42, $51
   4f85   44 06 25 71   
   4f89   52 05 32 75   
   4f8d   42 12 22 76   
   4f91   55 13 33 44   
   4f95   33 11 31 42   
   4f99   51            
                            ; Ply 11: 14-34 64-44 06-25 71-52 05-32 75-42 12-22 76-55 13-33 44-33 22-33 -> 42-31 (4053x)
   4f9a   0b 14 34 64       DB $0B, $14, $34, $64, $44, $06, $25, $71, $52, $05, $32, $75, $42, $12, $22, $76, $55, $13, $33, $44, $33, $22, $33, $42, $31
   4f9e   44 06 25 71   
   4fa2   52 05 32 75   
   4fa6   42 12 22 76   
   4faa   55 13 33 44   
   4fae   33 22 33 42   
   4fb2   31            
                            ; Ply 11: 14-34 64-44 06-25 71-52 05-32 75-42 12-22 76-55 13-33 44-33 34-44 -> 63-43 (2596x)
   4fb3   0b 14 34 64       DB $0B, $14, $34, $64, $44, $06, $25, $71, $52, $05, $32, $75, $42, $12, $22, $76, $55, $13, $33, $44, $33, $34, $44, $63, $43
   4fb7   44 06 25 71   
   4fbb   52 05 32 75   
   4fbf   42 12 22 76   
   4fc3   55 13 33 44   
   4fc7   33 34 44 63   
   4fcb   43            
                            ; Ply 11: 14-34 64-44 06-25 71-52 05-32 75-42 13-23 76-55 01-22 63-53 02-46 -> 67-57 (202x)
   4fcc   0b 14 34 64       DB $0B, $14, $34, $64, $44, $06, $25, $71, $52, $05, $32, $75, $42, $13, $23, $76, $55, $01, $22, $63, $53, $02, $46, $67, $57
   4fd0   44 06 25 71   
   4fd4   52 05 32 75   
   4fd8   42 13 23 76   
   4fdc   55 01 22 63   
   4fe0   53 02 46 67   
   4fe4   57            
                            ; Ply 11: 14-34 64-44 06-25 71-52 05-32 75-42 13-23 76-55 02-46 67-57 46-37 -> 63-53 (222x)
   4fe5   0b 14 34 64       DB $0B, $14, $34, $64, $44, $06, $25, $71, $52, $05, $32, $75, $42, $13, $23, $76, $55, $02, $46, $67, $57, $46, $37, $63, $53
   4fe9   44 06 25 71   
   4fed   52 05 32 75   
   4ff1   42 13 23 76   
   4ff5   55 02 46 67   
   4ff9   57 46 37 63   
   4ffd   53            
                            ; Ply 11: 14-34 64-44 06-25 71-52 05-32 75-42 13-23 76-55 04-06 63-53 12-22 -> 60-50 (422x)
   4ffe   0b 14 34 64       DB $0B, $14, $34, $64, $44, $06, $25, $71, $52, $05, $32, $75, $42, $13, $23, $76, $55, $04, $06, $63, $53, $12, $22, $60, $50
   5002   44 06 25 71   
   5006   52 05 32 75   
   500a   42 13 23 76   
   500e   55 04 06 63   
   5012   53 12 22 60   
   5016   50            
                            ; Ply 11: 14-34 62-42 06-25 71-52 05-41 63-53 04-06 72-63 05-04 76-55 12-22 -> 60-50 (1588x)
   5017   0b 14 34 62       DB $0B, $14, $34, $62, $42, $06, $25, $71, $52, $05, $41, $63, $53, $04, $06, $72, $63, $05, $04, $76, $55, $12, $22, $60, $50
   501b   42 06 25 71   
   501f   52 05 41 63   
   5023   53 04 06 72   
   5027   63 05 04 76   
   502b   55 12 22 60   
   502f   50            
                            ; Ply 11: 14-34 62-42 06-25 71-52 05-41 63-53 04-06 72-63 12-22 76-55 05-04 -> 60-50 (544x)
   5030   0b 14 34 62       DB $0B, $14, $34, $62, $42, $06, $25, $71, $52, $05, $41, $63, $53, $04, $06, $72, $63, $12, $22, $76, $55, $05, $04, $60, $50
   5034   42 06 25 71   
   5038   52 05 41 63   
   503c   53 04 06 72   
   5040   63 12 22 76   
   5044   55 05 04 60   
   5048   50            
                            ; Ply 11: 14-34 62-42 06-25 71-52 05-41 64-54 04-06 76-64 05-04 52-33 25-33 -> 42-33 (549x)
   5049   0b 14 34 62       DB $0B, $14, $34, $62, $42, $06, $25, $71, $52, $05, $41, $64, $54, $04, $06, $76, $64, $05, $04, $52, $33, $25, $33, $42, $33
   504d   42 06 25 71   
   5051   52 05 41 64   
   5055   54 04 06 76   
   5059   64 05 04 52   
   505d   33 25 33 42   
   5061   33            
                            ; Ply 11: 14-34 62-42 06-25 71-52 05-41 64-54 04-06 76-64 05-04 60-50 41-05 -> 63-43 (1370x)
   5062   0b 14 34 62       DB $0B, $14, $34, $62, $42, $06, $25, $71, $52, $05, $41, $64, $54, $04, $06, $76, $64, $05, $04, $60, $50, $41, $05, $63, $43
   5066   42 06 25 71   
   506a   52 05 41 64   
   506e   54 04 06 76   
   5072   64 05 04 60   
   5076   50 41 05 63   
   507a   43            
                            ; Ply 11: 14-34 62-42 06-25 71-52 05-41 64-54 04-06 76-64 12-22 60-50 41-30 -> 61-41 (1075x)
   507b   0b 14 34 62       DB $0B, $14, $34, $62, $42, $06, $25, $71, $52, $05, $41, $64, $54, $04, $06, $76, $64, $12, $22, $60, $50, $41, $30, $61, $41
   507f   42 06 25 71   
   5083   52 05 41 64   
   5087   54 04 06 76   
   508b   64 12 22 60   
   508f   50 41 30 61   
   5093   41            
                            ; Ply 11: 14-34 62-42 06-25 71-52 05-41 66-56 04-06 75-66 05-04 64-44 12-22 -> 76-64 (527x)
   5094   0b 14 34 62       DB $0B, $14, $34, $62, $42, $06, $25, $71, $52, $05, $41, $66, $56, $04, $06, $75, $66, $05, $04, $64, $44, $12, $22, $76, $64
   5098   42 06 25 71   
   509c   52 05 41 66   
   50a0   56 04 06 75   
   50a4   66 05 04 64   
   50a8   44 12 22 76   
   50ac   64            
                            ; Ply 11: 14-34 62-42 06-25 71-52 05-41 66-56 04-06 75-66 05-04 64-44 41-52 -> 63-52 (1180x)
   50ad   0b 14 34 62       DB $0B, $14, $34, $62, $42, $06, $25, $71, $52, $05, $41, $66, $56, $04, $06, $75, $66, $05, $04, $64, $44, $41, $52, $63, $52
   50b1   42 06 25 71   
   50b5   52 05 41 66   
   50b9   56 04 06 75   
   50bd   66 05 04 64   
   50c1   44 41 52 63   
   50c5   52            
                            ; Ply 11: 14-34 62-42 06-25 71-52 05-41 66-56 04-06 75-66 05-04 76-55 12-22 -> 74-76 (1019x)
   50c6   0b 14 34 62       DB $0B, $14, $34, $62, $42, $06, $25, $71, $52, $05, $41, $66, $56, $04, $06, $75, $66, $05, $04, $76, $55, $12, $22, $74, $76
   50ca   42 06 25 71   
   50ce   52 05 41 66   
   50d2   56 04 06 75   
   50d6   66 05 04 76   
   50da   55 12 22 74   
   50de   76            
                            ; Ply 11: 14-34 62-42 06-25 71-52 05-41 66-56 04-06 75-66 05-04 76-55 34-44 -> 55-43 (1390x)
   50df   0b 14 34 62       DB $0B, $14, $34, $62, $42, $06, $25, $71, $52, $05, $41, $66, $56, $04, $06, $75, $66, $05, $04, $76, $55, $34, $44, $55, $43
   50e3   42 06 25 71   
   50e7   52 05 41 66   
   50eb   56 04 06 75   
   50ef   66 05 04 76   
   50f3   55 34 44 55   
   50f7   43            
                            ; Ply 11: 14-34 62-42 06-25 71-52 05-41 66-56 04-06 75-66 12-22 64-44 13-33 -> 42-33 (646x)
   50f8   0b 14 34 62       DB $0B, $14, $34, $62, $42, $06, $25, $71, $52, $05, $41, $66, $56, $04, $06, $75, $66, $12, $22, $64, $44, $13, $33, $42, $33
   50fc   42 06 25 71   
   5100   52 05 41 66   
   5104   56 04 06 75   
   5108   66 12 22 64   
   510c   44 13 33 42   
   5110   33            
                            ; Ply 11: 14-34 62-42 06-25 71-52 05-41 66-56 04-06 75-66 12-22 76-55 05-04 -> 74-76 (3329x)
   5111   0b 14 34 62       DB $0B, $14, $34, $62, $42, $06, $25, $71, $52, $05, $41, $66, $56, $04, $06, $75, $66, $12, $22, $76, $55, $05, $04, $74, $76
   5115   42 06 25 71   
   5119   52 05 41 66   
   511d   56 04 06 75   
   5121   66 12 22 76   
   5125   55 05 04 74   
   5129   76            
                            ; Ply 11: 14-34 62-42 06-25 71-52 05-41 66-56 41-52 61-52 04-06 75-66 05-04 -> 76-57 (1074x)
   512a   0b 14 34 62       DB $0B, $14, $34, $62, $42, $06, $25, $71, $52, $05, $41, $66, $56, $41, $52, $61, $52, $04, $06, $75, $66, $05, $04, $76, $57
   512e   42 06 25 71   
   5132   52 05 41 66   
   5136   56 41 52 61   
   513a   52 04 06 75   
   513e   66 05 04 76   
   5142   57            
                            ; Ply 11: 14-34 62-42 06-25 71-52 05-41 66-56 41-52 63-52 13-23 75-66 17-27 -> 76-55 (2406x)
   5143   0b 14 34 62       DB $0B, $14, $34, $62, $42, $06, $25, $71, $52, $05, $41, $66, $56, $41, $52, $63, $52, $13, $23, $75, $66, $17, $27, $76, $55
   5147   42 06 25 71   
   514b   52 05 41 66   
   514f   56 41 52 63   
   5153   52 13 23 75   
   5157   66 17 27 76   
   515b   55            
                            ; Ply 11: 14-34 64-54 13-33 63-43 34-44 62-42 12-22 71-52 06-25 72-63 05-14 -> 76-64 (2948x)
   515c   0b 14 34 64       DB $0B, $14, $34, $64, $54, $13, $33, $63, $43, $34, $44, $62, $42, $12, $22, $71, $52, $06, $25, $72, $63, $05, $14, $76, $64
   5160   54 13 33 63   
   5164   43 34 44 62   
   5168   42 12 22 71   
   516c   52 06 25 72   
   5170   63 05 14 76   
   5174   64            
                            ; Ply 11: 14-34 64-54 13-33 63-43 34-44 62-42 12-22 71-52 06-25 72-63 05-23 -> 42-33 (736x)
   5175   0b 14 34 64       DB $0B, $14, $34, $64, $54, $13, $33, $63, $43, $34, $44, $62, $42, $12, $22, $71, $52, $06, $25, $72, $63, $05, $23, $42, $33
   5179   54 13 33 63   
   517d   43 34 44 62   
   5181   42 12 22 71   
   5185   52 06 25 72   
   5189   63 05 23 42   
   518d   33            
                            ; Ply 11: 14-34 64-54 13-33 63-43 34-44 62-42 12-22 71-52 06-25 72-63 10-20 -> 65-55 (724x)
   518e   0b 14 34 64       DB $0B, $14, $34, $64, $54, $13, $33, $63, $43, $34, $44, $62, $42, $12, $22, $71, $52, $06, $25, $72, $63, $10, $20, $65, $55
   5192   54 13 33 63   
   5196   43 34 44 62   
   519a   42 12 22 71   
   519e   52 06 25 72   
   51a2   63 10 20 65   
   51a6   55            
                            ; Ply 11: 14-34 64-54 13-33 63-43 34-44 62-42 12-22 71-52 06-25 73-51 05-14 -> 42-33 (1239x)
   51a7   0b 14 34 64       DB $0B, $14, $34, $64, $54, $13, $33, $63, $43, $34, $44, $62, $42, $12, $22, $71, $52, $06, $25, $73, $51, $05, $14, $42, $33
   51ab   54 13 33 63   
   51af   43 34 44 62   
   51b3   42 12 22 71   
   51b7   52 06 25 73   
   51bb   51 05 14 42   
   51bf   33            
                            ; Ply 11: 14-34 64-54 13-33 63-43 34-44 62-42 12-22 71-52 06-25 73-51 05-23 -> 42-33 (1657x)
   51c0   0b 14 34 64       DB $0B, $14, $34, $64, $54, $13, $33, $63, $43, $34, $44, $62, $42, $12, $22, $71, $52, $06, $25, $73, $51, $05, $23, $42, $33
   51c4   54 13 33 63   
   51c8   43 34 44 62   
   51cc   42 12 22 71   
   51d0   52 06 25 73   
   51d4   51 05 23 42   
   51d8   33            
                            ; Ply 11: 14-34 64-54 13-33 63-43 34-44 62-42 12-22 71-52 06-25 73-51 10-20 -> 42-32 (2409x)
   51d9   0b 14 34 64       DB $0B, $14, $34, $64, $54, $13, $33, $63, $43, $34, $44, $62, $42, $12, $22, $71, $52, $06, $25, $73, $51, $10, $20, $42, $32
   51dd   54 13 33 63   
   51e1   43 34 44 62   
   51e5   42 12 22 71   
   51e9   52 06 25 73   
   51ed   51 10 20 42   
   51f1   32            
                            ; Ply 11: 14-34 64-54 13-33 63-43 34-44 62-42 12-22 71-52 06-25 76-64 05-23 -> 42-33 (502x)
   51f2   0b 14 34 64       DB $0B, $14, $34, $64, $54, $13, $33, $63, $43, $34, $44, $62, $42, $12, $22, $71, $52, $06, $25, $76, $64, $05, $23, $42, $33
   51f6   54 13 33 63   
   51fa   43 34 44 62   
   51fe   42 12 22 71   
   5202   52 06 25 76   
   5206   64 05 23 42   
   520a   33            
                            ; Ply 11: 14-34 64-54 13-33 63-43 34-44 62-42 12-22 73-51 06-25 71-52 05-23 -> 42-33 (571x)
   520b   0b 14 34 64       DB $0B, $14, $34, $64, $54, $13, $33, $63, $43, $34, $44, $62, $42, $12, $22, $73, $51, $06, $25, $71, $52, $05, $23, $42, $33
   520f   54 13 33 63   
   5213   43 34 44 62   
   5217   42 12 22 73   
   521b   51 06 25 71   
   521f   52 05 23 42   
   5223   33            
                            ; Ply 11: 14-34 64-54 13-33 63-43 34-44 62-42 12-22 73-51 06-25 71-52 10-20 -> 76-57 (799x)
   5224   0b 14 34 64       DB $0B, $14, $34, $64, $54, $13, $33, $63, $43, $34, $44, $62, $42, $12, $22, $73, $51, $06, $25, $71, $52, $10, $20, $76, $57
   5228   54 13 33 63   
   522c   43 34 44 62   
   5230   42 12 22 73   
   5234   51 06 25 71   
   5238   52 10 20 76   
   523c   57            
                            ; Ply 11: 14-34 64-54 13-33 63-43 34-44 62-42 12-22 73-51 06-25 72-63 05-14 -> 63-41 (723x)
   523d   0b 14 34 64       DB $0B, $14, $34, $64, $54, $13, $33, $63, $43, $34, $44, $62, $42, $12, $22, $73, $51, $06, $25, $72, $63, $05, $14, $63, $41
   5241   54 13 33 63   
   5245   43 34 44 62   
   5249   42 12 22 73   
   524d   51 06 25 72   
   5251   63 05 14 63   
   5255   41            
                            ; Ply 11: 14-34 62-52 13-33 63-43 34-44 52-42 33-42 64-54 10-20 75-42 11-31 -> 42-64 (585x)
   5256   0b 14 34 62       DB $0B, $14, $34, $62, $52, $13, $33, $63, $43, $34, $44, $52, $42, $33, $42, $64, $54, $10, $20, $75, $42, $11, $31, $42, $64
   525a   52 13 33 63   
   525e   43 34 44 52   
   5262   42 33 42 64   
   5266   54 10 20 75   
   526a   42 11 31 42   
   526e   64            
                            ; Ply 11: 14-34 62-52 13-33 63-43 34-44 72-45 01-13 64-54 13-21 71-63 06-25 -> 76-64 (829x)
   526f   0b 14 34 62       DB $0B, $14, $34, $62, $52, $13, $33, $63, $43, $34, $44, $72, $45, $01, $13, $64, $54, $13, $21, $71, $63, $06, $25, $76, $64
   5273   52 13 33 63   
   5277   43 34 44 72   
   527b   45 01 13 64   
   527f   54 13 21 71   
   5283   63 06 25 76   
   5287   64            
                            ; Ply 11: 14-34 62-52 13-33 63-43 34-44 72-45 01-22 64-54 16-36 45-56 06-14 -> 52-42 (1596x)
   5288   0b 14 34 62       DB $0B, $14, $34, $62, $52, $13, $33, $63, $43, $34, $44, $72, $45, $01, $22, $64, $54, $16, $36, $45, $56, $06, $14, $52, $42
   528c   52 13 33 63   
   5290   43 34 44 72   
   5294   45 01 22 64   
   5298   54 16 36 45   
   529c   56 06 14 52   
   52a0   42            
                            ; Ply 11: 14-34 62-52 13-33 63-43 34-44 72-45 06-25 64-54 05-14 52-42 02-24 -> 73-51 (985x)
   52a1   0b 14 34 62       DB $0B, $14, $34, $62, $52, $13, $33, $63, $43, $34, $44, $72, $45, $06, $25, $64, $54, $05, $14, $52, $42, $02, $24, $73, $51
   52a5   52 13 33 63   
   52a9   43 34 44 72   
   52ad   45 06 25 64   
   52b1   54 05 14 52   
   52b5   42 02 24 73   
   52b9   51            
                            ; Ply 11: 14-34 62-52 13-33 63-43 34-44 72-45 06-25 64-54 05-14 52-42 04-06 -> 71-52 (1043x)
   52ba   0b 14 34 62       DB $0B, $14, $34, $62, $52, $13, $33, $63, $43, $34, $44, $72, $45, $06, $25, $64, $54, $05, $14, $52, $42, $04, $06, $71, $52
   52be   52 13 33 63   
   52c2   43 34 44 72   
   52c6   45 06 25 64   
   52ca   54 05 14 52   
   52ce   42 04 06 71   
   52d2   52            
                            ; Ply 11: 14-34 62-52 13-33 63-43 34-44 72-45 06-25 64-54 05-14 52-42 12-22 -> 71-52 (510x)
   52d3   0b 14 34 62       DB $0B, $14, $34, $62, $52, $13, $33, $63, $43, $34, $44, $72, $45, $06, $25, $64, $54, $05, $14, $52, $42, $12, $22, $71, $52
   52d7   52 13 33 63   
   52db   43 34 44 72   
   52df   45 06 25 64   
   52e3   54 05 14 52   
   52e7   42 12 22 71   
   52eb   52            
                            ; Ply 11: 14-34 62-52 13-33 63-43 34-44 72-45 06-25 64-54 05-14 71-63 04-06 -> 76-64 (1788x)
   52ec   0b 14 34 62       DB $0B, $14, $34, $62, $52, $13, $33, $63, $43, $34, $44, $72, $45, $06, $25, $64, $54, $05, $14, $71, $63, $04, $06, $76, $64
   52f0   52 13 33 63   
   52f4   43 34 44 72   
   52f8   45 06 25 64   
   52fc   54 05 14 71   
   5300   63 04 06 76   
   5304   64            
                            ; Ply 11: 14-34 62-52 13-33 63-43 34-44 72-45 06-25 64-54 05-14 76-64 04-06 -> 52-42 (805x)
   5305   0b 14 34 62       DB $0B, $14, $34, $62, $52, $13, $33, $63, $43, $34, $44, $72, $45, $06, $25, $64, $54, $05, $14, $76, $64, $04, $06, $52, $42
   5309   52 13 33 63   
   530d   43 34 44 72   
   5311   45 06 25 64   
   5315   54 05 14 76   
   5319   64 04 06 52   
   531d   42            
                            ; Ply 11: 14-34 62-52 13-33 63-43 34-44 72-45 17-37 67-47 02-46 73-51 05-23 -> 45-23 (523x)
   531e   0b 14 34 62       DB $0B, $14, $34, $62, $52, $13, $33, $63, $43, $34, $44, $72, $45, $17, $37, $67, $47, $02, $46, $73, $51, $05, $23, $45, $23
   5322   52 13 33 63   
   5326   43 34 44 72   
   532a   45 17 37 67   
   532e   47 02 46 73   
   5332   51 05 23 45   
   5336   23            
                            ; Ply 11: 14-34 62-52 13-33 63-43 34-44 72-45 17-37 67-47 05-23 45-23 03-23 -> 73-40 (2364x)
   5337   0b 14 34 62       DB $0B, $14, $34, $62, $52, $13, $33, $63, $43, $34, $44, $72, $45, $17, $37, $67, $47, $05, $23, $45, $23, $03, $23, $73, $40
   533b   52 13 33 63   
   533f   43 34 44 72   
   5343   45 17 37 67   
   5347   47 05 23 45   
   534b   23 03 23 73   
   534f   40            
                            ; Ply 11: 14-34 62-52 13-33 63-43 34-44 72-45 17-37 67-47 12-32 64-54 01-22 -> 76-64 (865x)
   5350   0b 14 34 62       DB $0B, $14, $34, $62, $52, $13, $33, $63, $43, $34, $44, $72, $45, $17, $37, $67, $47, $12, $32, $64, $54, $01, $22, $76, $64
   5354   52 13 33 63   
   5358   43 34 44 72   
   535c   45 17 37 67   
   5360   47 12 32 64   
   5364   54 01 22 76   
   5368   64            
                            ; Ply 11: 13-33 63-43 12-32 64-54 01-22 76-55 32-43 54-43 02-46 62-52 03-12 -> 75-64 (811x)
   5369   0b 13 33 63       DB $0B, $13, $33, $63, $43, $12, $32, $64, $54, $01, $22, $76, $55, $32, $43, $54, $43, $02, $46, $62, $52, $03, $12, $75, $64
   536d   43 12 32 64   
   5371   54 01 22 76   
   5375   55 32 43 54   
   5379   43 02 46 62   
   537d   52 03 12 75   
   5381   64            
                            ; Ply 11: 13-33 63-43 12-32 64-54 01-22 76-55 32-43 54-43 02-46 62-52 14-24 -> 75-64 (2208x)
   5382   0b 13 33 63       DB $0B, $13, $33, $63, $43, $12, $32, $64, $54, $01, $22, $76, $55, $32, $43, $54, $43, $02, $46, $62, $52, $14, $24, $75, $64
   5386   43 12 32 64   
   538a   54 01 22 76   
   538e   55 32 43 54   
   5392   43 02 46 62   
   5396   52 14 24 75   
   539a   64            
                            ; Ply 11: 13-33 63-43 12-32 64-54 01-22 76-55 32-43 54-43 02-46 71-63 14-24 -> 62-52 (820x)
   539b   0b 13 33 63       DB $0B, $13, $33, $63, $43, $12, $32, $64, $54, $01, $22, $76, $55, $32, $43, $54, $43, $02, $46, $71, $63, $14, $24, $62, $52
   539f   43 12 32 64   
   53a3   54 01 22 76   
   53a7   55 32 43 54   
   53ab   43 02 46 71   
   53af   63 14 24 62   
   53b3   52            
                            ; Ply 11: 13-33 63-43 12-32 64-54 01-22 76-55 32-43 54-43 02-46 75-64 14-24 -> 74-76 (3254x)
   53b4   0b 13 33 63       DB $0B, $13, $33, $63, $43, $12, $32, $64, $54, $01, $22, $76, $55, $32, $43, $54, $43, $02, $46, $75, $64, $14, $24, $74, $76
   53b8   43 12 32 64   
   53bc   54 01 22 76   
   53c0   55 32 43 54   
   53c4   43 02 46 75   
   53c8   64 14 24 74   
   53cc   76            
                            ; Ply 11: 13-33 63-43 12-32 64-54 01-22 76-55 32-43 55-43 14-34 43-22 11-22 -> 62-42 (874x)
   53cd   0b 13 33 63       DB $0B, $13, $33, $63, $43, $12, $32, $64, $54, $01, $22, $76, $55, $32, $43, $55, $43, $14, $34, $43, $22, $11, $22, $62, $42
   53d1   43 12 32 64   
   53d5   54 01 22 76   
   53d9   55 32 43 55   
   53dd   43 14 34 43   
   53e1   22 11 22 62   
   53e5   42            
                            ; Ply 11: 13-33 76-55 12-32 64-54 01-22 63-43 32-43 54-43 02-46 62-52 03-12 -> 75-64 (515x)
   53e6   0b 13 33 76       DB $0B, $13, $33, $76, $55, $12, $32, $64, $54, $01, $22, $63, $43, $32, $43, $54, $43, $02, $46, $62, $52, $03, $12, $75, $64
   53ea   55 12 32 64   
   53ee   54 01 22 63   
   53f2   43 32 43 54   
   53f6   43 02 46 62   
   53fa   52 03 12 75   
   53fe   64            
                            ; Ply 11: 13-33 76-55 12-32 64-54 01-22 63-43 32-43 54-43 02-46 62-52 14-24 -> 75-64 (1539x)
   53ff   0b 13 33 76       DB $0B, $13, $33, $76, $55, $12, $32, $64, $54, $01, $22, $63, $43, $32, $43, $54, $43, $02, $46, $62, $52, $14, $24, $75, $64
   5403   55 12 32 64   
   5407   54 01 22 63   
   540b   43 32 43 54   
   540f   43 02 46 62   
   5413   52 14 24 75   
   5417   64            
                            ; Ply 11: 13-33 76-55 12-32 64-54 01-22 63-43 32-43 54-43 02-46 75-64 14-24 -> 74-76 (1863x)
   5418   0b 13 33 76       DB $0B, $13, $33, $76, $55, $12, $32, $64, $54, $01, $22, $63, $43, $32, $43, $54, $43, $02, $46, $75, $64, $14, $24, $74, $76
   541c   55 12 32 64   
   5420   54 01 22 63   
   5424   43 32 43 54   
   5428   43 02 46 75   
   542c   64 14 24 74   
   5430   76            
                            ; Ply 11: 13-33 76-55 12-32 64-54 01-22 63-43 32-43 55-43 14-34 43-22 11-22 -> 62-42 (1096x)
   5431   0b 13 33 76       DB $0B, $13, $33, $76, $55, $12, $32, $64, $54, $01, $22, $63, $43, $32, $43, $55, $43, $14, $34, $43, $22, $11, $22, $62, $42
   5435   55 12 32 64   
   5439   54 01 22 63   
   543d   43 32 43 55   
   5441   43 14 34 43   
   5445   22 11 22 62   
   5449   42            
                            ; Ply 11: 14-34 76-55 34-44 55-43 13-33 63-53 06-25 53-44 25-44 62-52 05-14 -> 72-45 (928x)
   544a   0b 14 34 76       DB $0B, $14, $34, $76, $55, $34, $44, $55, $43, $13, $33, $63, $53, $06, $25, $53, $44, $25, $44, $62, $52, $05, $14, $72, $45
   544e   55 34 44 55   
   5452   43 13 33 63   
   5456   53 06 25 53   
   545a   44 25 44 62   
   545e   52 05 14 72   
   5462   45            
                            ; Ply 11: 14-34 76-55 34-44 55-43 13-33 63-53 06-25 53-44 25-44 66-56 05-32 -> 62-52 (506x)
   5463   0b 14 34 76       DB $0B, $14, $34, $76, $55, $34, $44, $55, $43, $13, $33, $63, $53, $06, $25, $53, $44, $25, $44, $66, $56, $05, $32, $62, $52
   5467   55 34 44 55   
   546b   43 13 33 63   
   546f   53 06 25 53   
   5473   44 25 44 66   
   5477   56 05 32 62   
   547b   52            
                            ; Ply 11: 14-34 76-55 34-44 55-43 13-33 63-53 06-25 66-56 05-32 43-51 32-21 -> 75-66 (1843x)
   547c   0b 14 34 76       DB $0B, $14, $34, $76, $55, $34, $44, $55, $43, $13, $33, $63, $53, $06, $25, $66, $56, $05, $32, $43, $51, $32, $21, $75, $66
   5480   55 34 44 55   
   5484   43 13 33 63   
   5488   53 06 25 66   
   548c   56 05 32 43   
   5490   51 32 21 75   
   5494   66            
                            ; Ply 11: 14-34 76-55 34-44 55-43 13-33 63-53 06-25 72-36 05-14 62-52 04-06 -> 36-25 (752x)
   5495   0b 14 34 76       DB $0B, $14, $34, $76, $55, $34, $44, $55, $43, $13, $33, $63, $53, $06, $25, $72, $36, $05, $14, $62, $52, $04, $06, $36, $25
   5499   55 34 44 55   
   549d   43 13 33 63   
   54a1   53 06 25 72   
   54a5   36 05 14 62   
   54a9   52 04 06 36   
   54ad   25            
                            ; Ply 11: 14-34 76-55 34-44 55-43 13-33 63-53 06-25 72-36 05-14 64-54 04-06 -> 75-64 (2028x)
   54ae   0b 14 34 76       DB $0B, $14, $34, $76, $55, $34, $44, $55, $43, $13, $33, $63, $53, $06, $25, $72, $36, $05, $14, $64, $54, $04, $06, $75, $64
   54b2   55 34 44 55   
   54b6   43 13 33 63   
   54ba   53 06 25 72   
   54be   36 05 14 64   
   54c2   54 04 06 75   
   54c6   64            
                            ; Ply 11: 14-34 76-55 34-44 55-43 13-33 63-53 06-25 72-36 05-14 64-54 12-32 -> 43-51 (597x)
   54c7   0b 14 34 76       DB $0B, $14, $34, $76, $55, $34, $44, $55, $43, $13, $33, $63, $53, $06, $25, $72, $36, $05, $14, $64, $54, $12, $32, $43, $51
   54cb   55 34 44 55   
   54cf   43 13 33 63   
   54d3   53 06 25 72   
   54d7   36 05 14 64   
   54db   54 12 32 43   
   54df   51            
                            ; Ply 11: 14-34 63-43 34-43 73-43 01-22 43-40 13-33 62-52 06-25 76-55 05-32 -> 72-45 (689x)
   54e0   0b 14 34 63       DB $0B, $14, $34, $63, $43, $34, $43, $73, $43, $01, $22, $43, $40, $13, $33, $62, $52, $06, $25, $76, $55, $05, $32, $72, $45
   54e4   43 34 43 73   
   54e8   43 01 22 43   
   54ec   40 13 33 62   
   54f0   52 06 25 76   
   54f4   55 05 32 72   
   54f8   45            
                            ; Ply 11: 14-34 63-43 34-43 73-43 01-22 43-40 13-33 76-55 06-25 62-52 05-32 -> 72-45 (1059x)
   54f9   0b 14 34 63       DB $0B, $14, $34, $63, $43, $34, $43, $73, $43, $01, $22, $43, $40, $13, $33, $76, $55, $06, $25, $62, $52, $05, $32, $72, $45
   54fd   43 34 43 73   
   5501   43 01 22 43   
   5505   40 13 33 76   
   5509   55 06 25 62   
   550d   52 05 32 72   
   5511   45            
                            ; Ply 11: 14-34 63-43 34-43 73-43 01-22 43-40 13-33 76-55 06-25 72-36 17-27 -> 36-47 (1007x)
   5512   0b 14 34 63       DB $0B, $14, $34, $63, $43, $34, $43, $73, $43, $01, $22, $43, $40, $13, $33, $76, $55, $06, $25, $72, $36, $17, $27, $36, $47
   5516   43 34 43 73   
   551a   43 01 22 43   
   551e   40 13 33 76   
   5522   55 06 25 72   
   5526   36 17 27 36   
   552a   47            
                            ; Ply 11: 14-34 63-43 34-43 73-43 01-22 43-40 13-33 76-55 06-25 72-45 05-32 -> 64-54 (948x)
   552b   0b 14 34 63       DB $0B, $14, $34, $63, $43, $34, $43, $73, $43, $01, $22, $43, $40, $13, $33, $76, $55, $06, $25, $72, $45, $05, $32, $64, $54
   552f   43 34 43 73   
   5533   43 01 22 43   
   5537   40 13 33 76   
   553b   55 06 25 72   
   553f   45 05 32 64   
   5543   54            
                            ; Ply 11: 14-34 63-43 34-43 73-43 01-22 43-40 13-33 76-55 06-25 72-45 25-44 -> 62-52 (519x)
   5544   0b 14 34 63       DB $0B, $14, $34, $63, $43, $34, $43, $73, $43, $01, $22, $43, $40, $13, $33, $76, $55, $06, $25, $72, $45, $25, $44, $62, $52
   5548   43 34 43 73   
   554c   43 01 22 43   
   5550   40 13 33 76   
   5554   55 06 25 72   
   5558   45 25 44 62   
   555c   52            
                            ; Ply 11: 14-34 63-53 13-33 76-55 01-22 66-56 15-35 75-66 06-25 62-42 05-41 -> 72-63 (952x)
   555d   0b 14 34 63       DB $0B, $14, $34, $63, $53, $13, $33, $76, $55, $01, $22, $66, $56, $15, $35, $75, $66, $06, $25, $62, $42, $05, $41, $72, $63
   5561   53 13 33 76   
   5565   55 01 22 66   
   5569   56 15 35 75   
   556d   66 06 25 62   
   5571   42 05 41 72   
   5575   63            
                            ; Ply 11: 14-34 63-53 13-33 76-55 01-22 66-56 15-35 75-66 06-25 62-42 33-42 -> 73-40 (1016x)
   5576   0b 14 34 63       DB $0B, $14, $34, $63, $53, $13, $33, $76, $55, $01, $22, $66, $56, $15, $35, $75, $66, $06, $25, $62, $42, $33, $42, $73, $40
   557a   53 13 33 76   
   557e   55 01 22 66   
   5582   56 15 35 75   
   5586   66 06 25 62   
   558a   42 33 42 73   
   558e   40            
                            ; Ply 11: 14-34 63-53 13-33 76-55 01-22 66-56 15-35 75-66 06-25 74-76 05-23 -> 71-52 (1217x)
   558f   0b 14 34 63       DB $0B, $14, $34, $63, $53, $13, $33, $76, $55, $01, $22, $66, $56, $15, $35, $75, $66, $06, $25, $74, $76, $05, $23, $71, $52
   5593   53 13 33 76   
   5597   55 01 22 66   
   559b   56 15 35 75   
   559f   66 06 25 74   
   55a3   76 05 23 71   
   55a7   52            
                        
                            ; === Ply 12 (krejcik-sacrifice-line, 2026-04-22) ===
                            ; Ply 12: ...e5f6 d7d5 -> b1c3 (develop; support center)
   55a8   0c 14 34 76       DB $0C, $14, $34, $76, $55, $34, $44, $55, $34, $13, $23, $34, $15, $04, $15, $71, $52, $06, $25, $65, $55, $44, $55, $63, $43, $01, $22
   55ac   55 34 44 55   
   55b0   34 13 23 34   
   55b4   15 04 15 71   
   55b8   52 06 25 65   
   55bc   55 44 55 63   
   55c0   43 01 22      
                        
                            ; === Ply 14 (krejcik-sacrifice-line, 2026-04-22) ===
                            ; Ply 14: ...b1c3 e7f6 -> f2g1 (KEY: tuck king to safety, unpin Nf3-Qd1)
   55c3   0e 14 34 76       DB $0E, $14, $34, $76, $55, $34, $44, $55, $34, $13, $23, $34, $15, $04, $15, $71, $52, $06, $25, $65, $55, $44, $55, $63, $43, $01, $22, $64, $55, $15, $06
   55c7   55 34 44 55   
   55cb   34 13 23 34   
   55cf   15 04 15 71   
   55d3   52 06 25 65   
   55d7   55 44 55 63   
   55db   43 01 22 64   
   55df   55 15 06      
                        
                        ; End of book marker
   55e2   ff                DB $FF
                        
                        ; Total size: 8610 bytes
                        ; ==============================================================================
                        ; TRANSPOSITION TABLE FUNCTIONS
                        ; ==============================================================================
                        ; Provides Zobrist hashing and transposition table lookup/store.
                        ;
                        ; Functions:
                        ;   HASH_INIT   - Compute full hash from current board position
                        ;   TT_CLEAR    - Clear all TT entries
                        ;   TT_PROBE    - Look up position in TT
                        ;   TT_STORE    - Store position result in TT
                        ;
                        ; Hash is updated incrementally by MAKE_MOVE/UNMAKE_MOVE (in makemove.asm)
                        ; ==============================================================================
                        
                        ; ==============================================================================
                        ; HASH_INIT - Compute Zobrist hash from current board position
                        ; ==============================================================================
                        ; Scans the board and XORs all piece-square keys, plus side/castling/EP.
                        ; Result stored in HASH_HI/HASH_LO.
                        ;
                        ; Uses: R7 (hash accumulator), R8 (temp), R9 (square counter), R10 (pointer)
                        ; ==============================================================================
   55e3                 HASH_INIT:
                            ; Initialize hash to zero
   55e3   f8 00             LDI 0
   55e5   b7                PHI 7
   55e6   a7                PLO 7               ; R7 = 0 (hash accumulator)
                        
                            ; Scan all 64 valid squares (0x88 format)
   55e7   f8 00             LDI 0
   55e9   a9                PLO 9               ; R9.0 = square index (0x88 format)
                        
   55ea                 HASH_INIT_LOOP:
                            ; Check if square is valid (not off-board)
   55ea   89                GLO 9
   55eb   fa 88             ANI $88
   55ed   ca 56 4f          LBNZ HASH_INIT_NEXT_SQ  ; Off-board, skip
                        
                            ; Get piece at this square
   55f0   f8 60             LDI HIGH(BOARD)
   55f2   ba                PHI 10
   55f3   89                GLO 9
   55f4   aa                PLO 10              ; R10 = BOARD + square
   55f5   0a                LDN 10              ; D = piece at square
   55f6   c2 56 4f          LBZ HASH_INIT_NEXT_SQ   ; Empty square, skip
                        
                            ; Have a piece - compute Zobrist key offset
                            ; piece_index = (piece & 7) - 1 for white, + 6 for black
                            ; Piece encoding: 1-6 = white P/N/B/R/Q/K, 9-14 = black
   55f9   a8                PLO 8               ; R8.0 = piece
   55fa   fa 07             ANI $07             ; D = piece type (1-6)
   55fc   ff 01             SMI 1               ; D = piece_type - 1 (0-5)
   55fe   ad                PLO 13              ; R13.0 = piece index base
                        
   55ff   88                GLO 8               ; Get piece again
   5600   fa 08             ANI $08             ; Check color bit
   5602   c2 56 09          LBZ HASH_INIT_WHITE
                            ; Black piece - add 6 to index
   5605   8d                GLO 13
   5606   fc 06             ADI 6
   5608   ad                PLO 13
   5609                 HASH_INIT_WHITE:
                        
                            ; Now compute square index (0-63 from 0x88)
                            ; sq64 = (sq88 >> 4) * 8 + (sq88 & 7) = rank*8 + file
   5609   89                GLO 9               ; 0x88 square
   560a   fa 07             ANI $07             ; D = file (0-7)
   560c   a8                PLO 8               ; R8.0 = file
   560d   89                GLO 9
   560e   fa 70             ANI $70             ; D = rank * 16 (masked)
   5610   f6                SHR                 ; D = rank * 8
   5611   52                STR 2               ; Save rank*8
   5612   88                GLO 8               ; D = file
   5613   f4                ADD                 ; D = rank*8 + file = sq64
   5614   a8                PLO 8               ; R8.0 = sq64 (0-63)
                        
                            ; Compute Zobrist table offset:
                            ; offset = piece_index * 128 + sq64 * 2
                            ; R13.0 = piece_index (0-11)
                            ; R8.0 = sq64 (0-63)
                        
                            ; First: piece_index * 128 = piece_index << 7
                            ; Since piece_index is 0-11, result fits in 16 bits
   5615   8d                GLO 13              ; piece_index (0-11)
   5616   fe                SHL                 ; x2
   5617   fe                SHL                 ; x4
   5618   fe                SHL                 ; x8
   5619   fe                SHL                 ; x16
   561a   fe                SHL                 ; x32
   561b   fe                SHL                 ; x64
   561c   b8                PHI 8               ; R8.1 = (piece_index * 64) = high part of offset
   561d   f8 00             LDI 0
   561f   c7                LSNF                ; Skip if no carry from last SHL
   5620   f8 01             LDI 1               ; Carry into high byte
                            ; Actually, piece_index * 128: need one more shift
                            ; Let me reconsider: piece * 128 = piece << 7
                            ; For piece=11: 11 << 7 = 1408 = $580
                            ; High byte = piece >> 1, low byte = (piece & 1) << 7
                        
                            ; Restart: piece_index * 128
   5622   8d                GLO 13              ; piece_index (0-11)
   5623   f6                SHR                 ; D = piece_index >> 1
   5624   b8                PHI 8               ; R8.1 = high byte of piece*128
   5625   8d                GLO 13
   5626   fa 01             ANI $01             ; D = piece_index & 1
   5628   c2 56 30          LBZ HASH_INIT_EVEN_PIECE
   562b   f8 80             LDI $80
   562d   c0 56 32          LBR HASH_INIT_ADD_SQ
   5630                 HASH_INIT_EVEN_PIECE:
   5630   f8 00             LDI 0
   5632                 HASH_INIT_ADD_SQ:
                            ; D = low byte of piece*128 (0 or $80)
                            ; Now add sq64 * 2
   5632   ad                PLO 13              ; R13.0 = temp low
   5633   88                GLO 8               ; sq64
   5634   fe                SHL                 ; sq64 * 2
   5635   52                STR 2
   5636   8d                GLO 13
   5637   f4                ADD                 ; D = low + sq*2
   5638   ad                PLO 13              ; R13.0 = offset low
   5639   98                GHI 8               ; high byte of piece*128
   563a   7c 00             ADCI 0              ; add carry
   563c   bd                PHI 13              ; R13.1 = offset high
                        
                            ; Now add ZOBRIST_PIECE_SQ base address
   563d   8d                GLO 13
   563e   fc 8f             ADI LOW(ZOBRIST_PIECE_SQ)
   5640   aa                PLO 10
   5641   9d                GHI 13
   5642   7c 58             ADCI HIGH(ZOBRIST_PIECE_SQ)
   5644   ba                PHI 10              ; R10 = address of Zobrist key
                        
                            ; XOR the 16-bit key into hash (R7)
   5645   4a                LDA 10              ; High byte of key
   5646   52                STR 2
   5647   97                GHI 7
   5648   f3                XOR
   5649   b7                PHI 7               ; hash_hi ^= key_hi
   564a   0a                LDN 10              ; Low byte of key
   564b   52                STR 2
   564c   87                GLO 7
   564d   f3                XOR
   564e   a7                PLO 7               ; hash_lo ^= key_lo
                        
   564f                 HASH_INIT_NEXT_SQ:
                            ; Next square
   564f   19                INC 9               ; R9.0++
   5650   89                GLO 9
   5651   fb 80             XRI $80             ; Check if we've passed square $7F
   5653   ca 55 ea          LBNZ HASH_INIT_LOOP
                        
                            ; Done with pieces. Now XOR side to move.
   5656   68 ca 60 80       RLDI 10, GAME_STATE
   565a   0a                LDN 10              ; D = side to move (0=white, 8=black)
   565b   c2 56 6c          LBZ HASH_SIDE_DONE
                            ; Black to move - XOR side key
   565e   68 ca 5e 8f       RLDI 10, ZOBRIST_SIDE
   5662   4a                LDA 10
   5663   52                STR 2
   5664   97                GHI 7
   5665   f3                XOR
   5666   b7                PHI 7
   5667   0a                LDN 10
   5668   52                STR 2
   5669   87                GLO 7
   566a   f3                XOR
   566b   a7                PLO 7
   566c                 HASH_SIDE_DONE:
                        
                            ; XOR castling rights
                            ; Castling is at GAME_STATE + STATE_CASTLING ($6081)
   566c   68 ca 60 81       RLDI 10, GAME_STATE + STATE_CASTLING
   5670   0a                LDN 10              ; D = castling rights
   5671   a9                PLO 9               ; R9.0 = castling bits
                        
                            ; Check each castling bit
                            ; White kingside (bit 0)
   5672   89                GLO 9
   5673   fa 01             ANI CASTLE_WK
   5675   c2 56 7b          LBZ HASH_NO_WK
   5678   d4 56 c2          CALL HASH_XOR_CASTLE_0
   567b                 HASH_NO_WK:
                            ; White queenside (bit 1)
   567b   89                GLO 9
   567c   fa 02             ANI CASTLE_WQ
   567e   c2 56 84          LBZ HASH_NO_WQ
   5681   d4 56 c9          CALL HASH_XOR_CASTLE_1
   5684                 HASH_NO_WQ:
                            ; Black kingside (bit 2)
   5684   89                GLO 9
   5685   fa 04             ANI CASTLE_BK
   5687   c2 56 8d          LBZ HASH_NO_BK
   568a   d4 56 d2          CALL HASH_XOR_CASTLE_2
   568d                 HASH_NO_BK:
                            ; Black queenside (bit 3)
   568d   89                GLO 9
   568e   fa 08             ANI CASTLE_BQ
   5690   c2 56 96          LBZ HASH_NO_BQ
   5693   d4 56 dd          CALL HASH_XOR_CASTLE_3
   5696                 HASH_NO_BQ:
                        
                            ; XOR en passant file if set
   5696   68 ca 60 80       RLDI 10, GAME_STATE
   569a   1a                INC 10
   569b   1a                INC 10              ; Point to EP square
   569c   0a                LDN 10              ; D = EP square ($FF if none)
   569d   fb ff             XRI $FF
   569f   c2 56 b8          LBZ HASH_NO_EP      ; No EP square
                            ; Have EP - get file (bits 0-2 of 0x88 square)
   56a2   0a                LDN 10
   56a3   fa 07             ANI $07             ; D = file (0-7)
   56a5   fe                SHL                 ; D = file * 2 (offset into ZOBRIST_EP)
   56a6   fc 99             ADI LOW(ZOBRIST_EP)
   56a8   aa                PLO 10
   56a9   f8 5e             LDI HIGH(ZOBRIST_EP)
   56ab   7c 00             ADCI 0
   56ad   ba                PHI 10              ; R10 = address of EP file key
   56ae   4a                LDA 10
   56af   52                STR 2
   56b0   97                GHI 7
   56b1   f3                XOR
   56b2   b7                PHI 7
   56b3   0a                LDN 10
   56b4   52                STR 2
   56b5   87                GLO 7
   56b6   f3                XOR
   56b7   a7                PLO 7
   56b8                 HASH_NO_EP:
                        
                            ; Store final hash
   56b8   68 ca 64 b9       RLDI 10, HASH_HI
   56bc   97                GHI 7
   56bd   5a                STR 10
   56be   1a                INC 10
   56bf   87                GLO 7
   56c0   5a                STR 10
                        
   56c1   d5                RETN
                        
                        ; Helper functions to XOR castling keys (avoids code duplication)
   56c2                 HASH_XOR_CASTLE_0:
   56c2   68 ca 5e 91       RLDI 10, ZOBRIST_CASTLE
   56c6   c0 56 e7          LBR HASH_XOR_CASTLE_DO
   56c9                 HASH_XOR_CASTLE_1:
   56c9   68 ca 5e 91       RLDI 10, ZOBRIST_CASTLE
   56cd   1a                INC 10
   56ce   1a                INC 10
   56cf   c0 56 e7          LBR HASH_XOR_CASTLE_DO
   56d2                 HASH_XOR_CASTLE_2:
   56d2   68 ca 5e 91       RLDI 10, ZOBRIST_CASTLE
   56d6   1a                INC 10
   56d7   1a                INC 10
   56d8   1a                INC 10
   56d9   1a                INC 10
   56da   c0 56 e7          LBR HASH_XOR_CASTLE_DO
   56dd                 HASH_XOR_CASTLE_3:
   56dd   68 ca 5e 91       RLDI 10, ZOBRIST_CASTLE
   56e1   1a                INC 10
   56e2   1a                INC 10
   56e3   1a                INC 10
   56e4   1a                INC 10
   56e5   1a                INC 10
   56e6   1a                INC 10
   56e7                 HASH_XOR_CASTLE_DO:
   56e7   4a                LDA 10
   56e8   52                STR 2
   56e9   97                GHI 7
   56ea   f3                XOR
   56eb   b7                PHI 7
   56ec   0a                LDN 10
   56ed   52                STR 2
   56ee   87                GLO 7
   56ef   f3                XOR
   56f0   a7                PLO 7
   56f1   d5                RETN
                        
                        ; ==============================================================================
                        ; TT_CLEAR - Clear all transposition table entries
                        ; ==============================================================================
                        ; Sets all TT entries to flag=TT_FLAG_NONE (0)
                        ; Should be called at start of new game or new position.
                        ;
                        ; Uses: R9 (counter), R10 (pointer)
                        ; ==============================================================================
   56f2                 TT_CLEAR:
   56f2   68 ca 68 00       RLDI 10, TT_TABLE
                        
                            ; Clear 256 entries × 8 bytes = 2048 bytes
                            ; Use R9 as 16-bit counter
   56f6   68 c9 08 00       RLDI 9, TT_ENTRIES * TT_ENTRY_SIZE
                        
   56fa                 TT_CLEAR_LOOP:
   56fa   f8 00             LDI 0               ; BUGFIX 2026-07-24: reload EVERY iteration — GHI/GLO
                                                ; below clobber D, so the old loop filled the table
                                                ; with counter bytes ($07 bands...), not zeros. Found
                                                ; via the 7/23 crash-scene $6840 dump. Junk "cleared"
                                                ; entries = patterned fake hashes = a possible
                                                ; contributor to same-side TT false hits.
   56fc   5a                STR 10
   56fd   1a                INC 10
   56fe   29                DEC 9
   56ff   99                GHI 9
   5700   ca 56 fa          LBNZ TT_CLEAR_LOOP
   5703   89                GLO 9
   5704   ca 56 fa          LBNZ TT_CLEAR_LOOP
                        
   5707   d5                RETN
                        
                        ; ==============================================================================
                        ; TT_PROBE - Look up current position in transposition table
                        ; ==============================================================================
                        ; Checks if current position (HASH_HI/LO) exists in TT.
                        ; If found and depth >= required, copies entry data to TT_* variables.
                        ;
                        ; Input:  D = required depth
                        ; Output: D = 1 if usable hit, 0 if miss
                        ;         If hit: TT_SCORE, TT_DEPTH, TT_FLAG, TT_MOVE populated
                        ;
                        ; Uses: R7 (hash), R8 (required depth), R10 (pointer)
                        ; ==============================================================================
   5708                 TT_PROBE:
   5708   a8                PLO 8               ; R8.0 = required depth
                        
   5709   68 c9 64 1d       RLDI 9, TRACE_WHERE
   570d   f8 b1             LDI $B1
   570f   59                STR 9              ; tracer: in TT_PROBE
                        
                            ; Clear TT_MOVE (prevents stale data if hash misses)
   5710   68 c9 64 c0       RLDI 9, TT_MOVE_HI
   5714   f8 00             LDI 0
   5716   59                STR 9
   5717   19                INC 9
   5718   59                STR 9               ; TT_MOVE_HI/LO = 0
                        
                            ; Load current hash
   5719   68 ca 64 b9       RLDI 10, HASH_HI
   571d   4a                LDA 10
   571e   b7                PHI 7
   571f   0a                LDN 10
   5720   a7                PLO 7               ; R7 = current hash
                        
                            ; Calculate TT entry address: TT_TABLE + (index * 8)
                            ; XOR-fold indexing (2026-05-15): index = (hash_hi XOR hash_lo) & $FF.
   5721   97                GHI 7               ; hash_hi
   5722   52                STR 2
   5723   87                GLO 7               ; hash_lo
   5724   f3                XOR                 ; D = hash_hi XOR hash_lo
   5725   fa ff             ANI TT_INDEX_MASK   ; Mask to table size
   5727   fe                SHL                 ; x2, carry into DF
   5728   aa                PLO 10
   5729   f8 00             LDI 0
   572b   7e                SHLC                ; carry into D
   572c   ba                PHI 10              ; R10.1 = high so far
   572d   8a                GLO 10
   572e   fe                SHL                 ; x4
   572f   aa                PLO 10
   5730   9a                GHI 10
   5731   7e                SHLC
   5732   ba                PHI 10
   5733   8a                GLO 10
   5734   fe                SHL                 ; x8
   5735   aa                PLO 10
   5736   9a                GHI 10
   5737   7e                SHLC
   5738   ba                PHI 10              ; R10 = index * 8
                        
                            ; Add TT_TABLE base
   5739   8a                GLO 10
   573a   fc 00             ADI LOW(TT_TABLE)
   573c   aa                PLO 10
   573d   9a                GHI 10
   573e   7c 68             ADCI HIGH(TT_TABLE)
   5740   ba                PHI 10              ; R10 = TT entry address
                        
                            ; Check if entry matches (compare stored hash with current)
   5741   4a                LDA 10              ; Entry hash_hi
   5742   52                STR 2
   5743   97                GHI 7
   5744   f3                XOR
   5745   ca 57 9e          LBNZ TT_PROBE_MISS
   5748   4a                LDA 10              ; Entry hash_lo
   5749   52                STR 2
   574a   87                GLO 7
   574b   f3                XOR
   574c   ca 57 9e          LBNZ TT_PROBE_MISS
                        
                            ; Hash matches! Save move for ordering (even if depth insufficient)
                            ; R10 at offset 2 (score_hi). Move is at offset 6-7.
   574f   1a                INC 10              ; → 3
   5750   1a                INC 10              ; → 4 (depth)
   5751   1a                INC 10              ; → 5 (flag)
   5752   1a                INC 10              ; → 6 (move_hi)
   5753   4a                LDA 10              ; D = move_hi, R10 → 7
   5754   73                STXD                ; push move_hi
   5755   0a                LDN 10              ; D = move_lo
   5756   73                STXD                ; push move_lo
                        
                            ; Write to TT_MOVE_HI/LO
   5757   68 c9 64 c0       RLDI 9, TT_MOVE_HI
   575b   60                IRX
   575c   72                LDXA                ; D = move_lo
   575d   19                INC 9
   575e   59                STR 9               ; TT_MOVE_LO = move_lo
   575f   29                DEC 9
   5760   f0                LDX                 ; D = move_hi
   5761   59                STR 9               ; TT_MOVE_HI = move_hi
                        
                            ; Navigate back to depth (offset 4)
   5762   2a                DEC 10              ; → 6
   5763   2a                DEC 10              ; → 5
   5764   2a                DEC 10              ; → 4 (depth)
                        
                            ; Check depth
   5765   0a                LDN 10              ; Entry depth
   5766   52                STR 2
   5767   88                GLO 8               ; Required depth
   5768   f5                SD                  ; D = entry_depth - required_depth
   5769   cb 57 9e          LBNF TT_PROBE_MISS  ; Borrow → depth insufficient (but TT_MOVE saved!)
                        
                            ; --- side-bit verification (2026-07-15): a 16-bit hash match can be a
                            ; DIFFERENT position (proven: loss8's +2341 = a white-to-move entry
                            ; served to a black-to-move node = sign inversion). Reject the SCORE on
                            ; side mismatch; the ordering move above is already saved (benign — a
                            ; wrong-position move matches nothing in the generated list).
   576c   1a                INC 10              ; → 5 (flag)
   576d   0a                LDN 10              ; D = entry flag (bit 3 = storing side)
   576e   52                STR 2
   576f   8c                GLO 12              ; current side to move ($00/$08)
   5770   f3                XOR
   5771   fa 08             ANI $08
   5773   ca 57 9e          LBNZ TT_PROBE_MISS  ; cross-side entry -> treat as miss
   5776   2a                DEC 10              ; → 4 (depth), as the flow below expects
                        
                            ; Usable hit! Copy entry data to TT_* variables
                            ; Back up to start of entry
   5777   2a                DEC 10
   5778   2a                DEC 10
   5779   2a                DEC 10
   577a   2a                DEC 10              ; R10 at entry start
                        
                            ; Copy to TT result variables
   577b   68 c9 64 bc       RLDI 9, TT_SCORE_HI
                        
   577f   1a                INC 10
   5780   1a                INC 10              ; Skip hash verification bytes
   5781   4a                LDA 10              ; score_hi
   5782   59                STR 9
   5783   19                INC 9
   5784   4a                LDA 10              ; score_lo
   5785   59                STR 9
   5786   19                INC 9
   5787   4a                LDA 10              ; depth
   5788   59                STR 9
   5789   19                INC 9
   578a   4a                LDA 10              ; flag
   578b   fa 07             ANI $07             ; strip the side bit — consumers compare bound types
   578d   59                STR 9
   578e   19                INC 9
   578f   4a                LDA 10              ; move_hi
   5790   59                STR 9
   5791   19                INC 9
   5792   0a                LDN 10              ; move_lo
   5793   59                STR 9
                        
                            ; Set TT_HIT = 1
   5794   68 ca 64 bb       RLDI 10, TT_HIT
   5798   f8 01             LDI 1
   579a   5a                STR 10
                        
   579b   f8 01             LDI 1               ; Return hit
   579d   d5                RETN
                        
   579e                 TT_PROBE_MISS:
                            ; Set TT_HIT = 0
   579e   68 ca 64 bb       RLDI 10, TT_HIT
   57a2   f8 00             LDI 0
   57a4   5a                STR 10
                        
   57a5   f8 00             LDI 0               ; Return miss
   57a7   d5                RETN
                        
                        ; ==============================================================================
                        ; TT_STORE - Store position result in transposition table
                        ; ==============================================================================
                        ; Stores current position with score, depth, flag, and best move.
                        ; Always replaces existing entry (replace-always scheme).
                        ;
                        ; Input:  Stack contains (push order): score_hi, score_lo, depth, flag
                        ;         BEST_MOVE contains best move
                        ; Actually, let's use memory variables for simplicity:
                        ;         SCORE_HI/LO = score to store
                        ;         D = depth
                        ;         R8.0 = flag
                        ;
                        ; Uses: R7 (hash), R9 (temp), R10 (pointer)
                        ; ==============================================================================
   57a8                 TT_STORE:
                            ; Save depth and flag
   57a8   73                STXD                ; Push depth
   57a9   88                GLO 8
   57aa   73                STXD                ; Push flag
                        
   57ab   68 ca 64 1d       RLDI 10, TRACE_WHERE
   57af   f8 b2             LDI $B2
   57b1   5a                STR 10              ; tracer: in TT_STORE
                        
                            ; Load current hash
   57b2   68 ca 64 b9       RLDI 10, HASH_HI
   57b6   4a                LDA 10
   57b7   b7                PHI 7
   57b8   0a                LDN 10
   57b9   a7                PLO 7               ; R7 = current hash
                        
                            ; Calculate TT entry address: TT_TABLE + (index * 8) — XOR-fold (must match TT_PROBE)
   57ba   97                GHI 7               ; hash_hi
   57bb   52                STR 2
   57bc   87                GLO 7               ; hash_lo
   57bd   f3                XOR                 ; D = hash_hi XOR hash_lo
   57be   fa ff             ANI TT_INDEX_MASK
   57c0   fe                SHL                 ; x2, carry into DF
   57c1   aa                PLO 10
   57c2   f8 00             LDI 0
   57c4   7e                SHLC
   57c5   ba                PHI 10
   57c6   8a                GLO 10
   57c7   fe                SHL                 ; x4
   57c8   aa                PLO 10
   57c9   9a                GHI 10
   57ca   7e                SHLC
   57cb   ba                PHI 10
   57cc   8a                GLO 10
   57cd   fe                SHL                 ; x8
   57ce   aa                PLO 10
   57cf   9a                GHI 10
   57d0   7e                SHLC
   57d1   ba                PHI 10              ; R10 = index * 8
                        
                            ; Add TT_TABLE base
   57d2   8a                GLO 10
   57d3   fc 00             ADI LOW(TT_TABLE)
   57d5   aa                PLO 10
   57d6   9a                GHI 10
   57d7   7c 68             ADCI HIGH(TT_TABLE)
   57d9   ba                PHI 10              ; R10 = TT entry address
                        
                            ; Write entry
   57da   97                GHI 7               ; hash_hi
   57db   5a                STR 10
   57dc   1a                INC 10
   57dd   87                GLO 7               ; hash_lo
   57de   5a                STR 10
   57df   1a                INC 10
                        
                            ; Score from SCORE_HI/LO
   57e0   68 c9 64 46       RLDI 9, SCORE_HI
   57e4   49                LDA 9               ; score_hi
   57e5   5a                STR 10
   57e6   1a                INC 10
   57e7   09                LDN 9               ; score_lo
   57e8   5a                STR 10
   57e9   1a                INC 10
                        
                            ; Depth and flag from stack
   57ea   60                IRX
   57eb   72                LDXA                ; flag
   57ec   a8                PLO 8               ; Save temporarily
   57ed   f0                LDX                 ; depth
   57ee   5a                STR 10
   57ef   1a                INC 10
                            ; --- side-bit (2026-07-15, the $1B81 collision fix): fold the storing
                            ; side into flag bit 3 so a 16-bit false hit can't cross perspectives.
   57f0   8c                GLO 12
   57f1   fa 08             ANI $08
   57f3   52                STR 2               ; M(2) = side bit (spent stack slot, safe scratch)
   57f4   88                GLO 8               ; flag
   57f5   f1                OR                  ; flag | side
   57f6   5a                STR 10
   57f7   1a                INC 10
                        
                            ; Best move from NODE_BEST_MOVE[ply]
   57f8   68 c9 64 48       RLDI 9, CURRENT_PLY
   57fc   09                LDN 9               ; D = ply
   57fd   fe                SHL                 ; D = ply * 2
   57fe   a9                PLO 9               ; R9.0 = offset (NODE_BEST_MOVE base = $6700, low = $00)
   57ff   f8 67             LDI HIGH(NODE_BEST_MOVE)
   5801   b9                PHI 9               ; R9 = $6700 + ply*2
   5802   49                LDA 9               ; from
   5803   5a                STR 10
   5804   1a                INC 10
   5805   09                LDN 9               ; to
   5806   5a                STR 10
                        
   5807   d5                RETN
                        
                        ; ==============================================================================
                        ; HASH_XOR_PIECE_SQ - XOR piece-square key into current hash
                        ; ==============================================================================
                        ; Used for incremental hash updates in MAKE_MOVE/UNMAKE_MOVE.
                        ;
                        ; Input:  R8.0 = piece (1-6 white, 9-14 black, or EMPTY=0 for no-op)
                        ;         R8.1 = square (0x88 format)
                        ; Output: HASH_HI/LO updated
                        ; Uses:   R7, R9, R10, R11, R13
                        ; ==============================================================================
                        ; --- DIAG-3 RELOCATION PAD (2026-07-24, hang hunt): 4 x $D1 shifts every
                        ; HXPS fetch address by +4. Discriminator for the $5858 fetch-failure class:
                        ; post-pad crash with R3=$5859 = fault is ADDRESS-locked ($5858 itself);
                        ; R3=$585D = fault FOLLOWS the instruction pattern (LDA/XOR/PHI sequence).
                        ; The pad bytes are SEP 1 = instant breakpoint if anything ever lands here.
   5808   d1 d1 d1 d1       DB $D1, $D1, $D1, $D1
   580c                 HASH_XOR_PIECE_SQ:
                            ; Skip if piece is EMPTY
   580c   88                GLO 8
   580d   c2 58 6e          LBZ HXPS_DONE
                        
                            ; Load current hash into R7
   5810   68 ca 64 b9       RLDI 10, HASH_HI
   5814   4a                LDA 10
   5815   b7                PHI 7
   5816   0a                LDN 10
   5817   a7                PLO 7               ; R7 = current hash
                        
                            ; Compute piece index (0-11)
                            ; piece_index = (piece & 7) - 1 for white, + 6 for black
   5818   88                GLO 8               ; piece
   5819   fa 07             ANI $07             ; piece type (1-6)
   581b   ff 01             SMI 1               ; piece_type - 1 (0-5)
   581d   ad                PLO 13              ; R13.0 = base index
                        
   581e   88                GLO 8               ; piece again
   581f   fa 08             ANI $08             ; color bit
   5821   c2 58 28          LBZ HXPS_WHITE
                            ; Black - add 6
   5824   8d                GLO 13
   5825   fc 06             ADI 6
   5827   ad                PLO 13
   5828                 HXPS_WHITE:
                        
                            ; Compute square index (0-63 from 0x88)
                            ; sq64 = (sq88 >> 4) * 8 + (sq88 & 7)
   5828   98                GHI 8               ; 0x88 square
   5829   fa 07             ANI $07             ; file
   582b   a9                PLO 9               ; R9.0 = file
   582c   98                GHI 8
   582d   fa 70             ANI $70             ; rank * 16
   582f   f6                SHR                 ; rank * 8
   5830   ab                PLO 11              ; R11.0 = rank*8 (use R11, NOT R7 - R7 has hash!)
   5831   89                GLO 9               ; file
   5832   52                STR 2               ; temp store on stack
   5833   8b                GLO 11              ; rank*8
   5834   f4                ADD                 ; rank*8 + file = sq64
   5835   a9                PLO 9               ; R9.0 = sq64
                        
                            ; Compute Zobrist offset: piece_index * 128 + sq64 * 2
                            ; piece * 128: high = piece >> 1, low = (piece & 1) << 7
   5836   8d                GLO 13              ; piece_index
   5837   f6                SHR                 ; piece >> 1
   5838   bd                PHI 13              ; R13.1 = high byte of piece*128
   5839   8d                GLO 13
   583a   fe                SHL                 ; Restore, then check bit 0
   583b   f6                SHR                 ; Back to original
   583c   fa 01             ANI $01
   583e   c2 58 46          LBZ HXPS_EVEN
   5841   f8 80             LDI $80
   5843   c0 58 48          LBR HXPS_ADD_SQ
   5846                 HXPS_EVEN:
   5846   f8 00             LDI 0
   5848                 HXPS_ADD_SQ:
                            ; D = low byte of piece*128 (0 or $80)
   5848   aa                PLO 10              ; R10.0 = temp low
   5849   89                GLO 9               ; sq64
   584a   fe                SHL                 ; sq64 * 2
   584b   52                STR 2
   584c   8a                GLO 10
   584d   f4                ADD                 ; low + sq*2
   584e   aa                PLO 10
   584f   9d                GHI 13              ; high of piece*128
   5850   7c 00             ADCI 0
   5852   ba                PHI 10              ; R10 = offset
                        
                            ; Add ZOBRIST_PIECE_SQ base
   5853   8a                GLO 10
   5854   fc 8f             ADI LOW(ZOBRIST_PIECE_SQ)
   5856   aa                PLO 10
   5857   9a                GHI 10
   5858   7c 58             ADCI HIGH(ZOBRIST_PIECE_SQ)
   585a   ba                PHI 10              ; R10 = key address
                        
                            ; XOR key into hash
   585b   4a                LDA 10              ; key_hi
   585c   52                STR 2
   585d   97                GHI 7
   585e   f3                XOR
   585f   b7                PHI 7
   5860   0a                LDN 10              ; key_lo
   5861   52                STR 2
   5862   87                GLO 7
   5863   f3                XOR
   5864   a7                PLO 7
                        
                            ; Store updated hash
   5865   68 ca 64 b9       RLDI 10, HASH_HI
   5869   97                GHI 7
   586a   5a                STR 10
   586b   1a                INC 10
   586c   87                GLO 7
   586d   5a                STR 10
                        
   586e                 HXPS_DONE:
   586e   d5                RETN
                        
                        ; ==============================================================================
                        ; HASH_XOR_SIDE - Toggle side-to-move in hash
                        ; ==============================================================================
                        ; Called after every move to flip the side-to-move bit in the hash.
                        ;
                        ; Uses: R7, R10
                        ; ==============================================================================
   586f                 HASH_XOR_SIDE:
                            ; Load current hash
   586f   68 ca 64 b9       RLDI 10, HASH_HI
   5873   4a                LDA 10
   5874   b7                PHI 7
   5875   0a                LDN 10
   5876   a7                PLO 7               ; R7 = current hash
                        
                            ; XOR with side key
   5877   68 ca 5e 8f       RLDI 10, ZOBRIST_SIDE
   587b   4a                LDA 10              ; key_hi
   587c   52                STR 2
   587d   97                GHI 7
   587e   f3                XOR
   587f   b7                PHI 7
   5880   0a                LDN 10              ; key_lo
   5881   52                STR 2
   5882   87                GLO 7
   5883   f3                XOR
   5884   a7                PLO 7
                        
                            ; Store updated hash
   5885   68 ca 64 b9       RLDI 10, HASH_HI
   5889   97                GHI 7
   588a   5a                STR 10
   588b   1a                INC 10
   588c   87                GLO 7
   588d   5a                STR 10
                        
   588e   d5                RETN
                        ; Zobrist hash keys for transposition table
                        ; Generated by gen_zobrist.py
                        ; Seed: 0x1802CAFE
                        ;
                        ; Piece indices:
                        ;   0-5:  White P, N, B, R, Q, K
                        ;   6-11: Black P, N, B, R, Q, K
                        ;
                        ; Square indices: 0-63 (rank*8 + file)
                        ;
                        
                        ; ===========================================
                        ; Piece-Square Keys (768 x 2 bytes = 1536 bytes)
                        ; Access: ZOBRIST_PIECE_SQ + (piece_index * 128) + (square * 2)
                        ; ===========================================
   588f                 ZOBRIST_PIECE_SQ:
                        ; Piece 0: WhiteP
   588f   63 c3 c7 79       DW $63C3, $C779, $3A3C, $7599  ; d1
   5893   3a 3c 75 99   
   5897   31 41 c2 d6       DW $3141, $C2D6, $D891, $CEC4  ; h1
   589b   d8 91 ce c4   
   589f   83 de 5b 37       DW $83DE, $5B37, $5799, $E158  ; d2
   58a3   57 99 e1 58   
   58a7   89 d7 ca 58       DW $89D7, $CA58, $6328, $A9A0  ; h2
   58ab   63 28 a9 a0   
   58af   bd 96 94 19       DW $BD96, $9419, $14B7, $2BBB  ; d3
   58b3   14 b7 2b bb   
   58b7   ca 09 ec 60       DW $CA09, $EC60, $3309, $E193  ; h3
   58bb   33 09 e1 93   
   58bf   c7 db a4 87       DW $C7DB, $A487, $9161, $CDA0  ; d4
   58c3   91 61 cd a0   
   58c7   92 ed 7c b2       DW $92ED, $7CB2, $3FED, $76AD  ; h4
   58cb   3f ed 76 ad   
   58cf   f4 98 dc 8d       DW $F498, $DC8D, $253F, $A4D4  ; d5
   58d3   25 3f a4 d4   
   58d7   f4 5f 58 d0       DW $F45F, $58D0, $96F8, $D38E  ; h5
   58db   96 f8 d3 8e   
   58df   be 90 b3 88       DW $BE90, $B388, $2956, $4BD7  ; d6
   58e3   29 56 4b d7   
   58e7   1d a9 8f 74       DW $1DA9, $8F74, $E33E, $B79E  ; h6
   58eb   e3 3e b7 9e   
   58ef   65 3a 50 49       DW $653A, $5049, $7A64, $D723  ; d7
   58f3   7a 64 d7 23   
   58f7   f7 59 82 a6       DW $F759, $82A6, $6262, $5690  ; h7
   58fb   62 62 56 90   
   58ff   6b b5 6f a2       DW $6BB5, $6FA2, $C473, $7178  ; d8
   5903   c4 73 71 78   
   5907   ab 05 6a e6       DW $AB05, $6AE6, $60BD, $625B  ; h8
   590b   60 bd 62 5b   
                        
                        ; Piece 1: WhiteN
   590f   65 73 45 1b       DW $6573, $451B, $BAE9, $50A5  ; d1
   5913   ba e9 50 a5   
   5917   3f 46 9d ca       DW $3F46, $9DCA, $82C8, $0506  ; h1
   591b   82 c8 05 06   
   591f   93 5e f6 99       DW $935E, $F699, $A8D1, $BF33  ; d2
   5923   a8 d1 bf 33   
   5927   ea a1 c3 46       DW $EAA1, $C346, $7B40, $CA8F  ; h2
   592b   7b 40 ca 8f   
   592f   21 69 ae 6d       DW $2169, $AE6D, $5255, $046F  ; d3
   5933   52 55 04 6f   
   5937   ba a9 52 99       DW $BAA9, $5299, $19D1, $3315  ; h3
   593b   19 d1 33 15   
   593f   19 ff dd 86       DW $19FF, $DD86, $EBF5, $5F4D  ; d4
   5943   eb f5 5f 4d   
   5947   f8 97 56 93       DW $F897, $5693, $87F7, $200E  ; h4
   594b   87 f7 20 0e   
   594f   a8 dd 1c d8       DW $A8DD, $1CD8, $E5E4, $37DC  ; d5
   5953   e5 e4 37 dc   
   5957   6b dc cd d3       DW $6BDC, $CDD3, $E48E, $B067  ; h5
   595b   e4 8e b0 67   
   595f   ba f8 31 d4       DW $BAF8, $31D4, $505B, $F7A1  ; d6
   5963   50 5b f7 a1   
   5967   d7 a0 26 5b       DW $D7A0, $265B, $C790, $F5F5  ; h6
   596b   c7 90 f5 f5   
   596f   11 2d 29 03       DW $112D, $2903, $F557, $0C67  ; d7
   5973   f5 57 0c 67   
   5977   d4 eb 39 e4       DW $D4EB, $39E4, $B9B7, $6780  ; h7
   597b   b9 b7 67 80   
   597f   a5 e1 29 9d       DW $A5E1, $299D, $D997, $EB5A  ; d8
   5983   d9 97 eb 5a   
   5987   9e cc 2b f0       DW $9ECC, $2BF0, $3448, $F7B5  ; h8
   598b   34 48 f7 b5   
                        
                        ; Piece 2: WhiteB
   598f   f2 27 bd 31       DW $F227, $BD31, $C3F0, $ABC6  ; d1
   5993   c3 f0 ab c6   
   5997   4c a0 20 3a       DW $4CA0, $203A, $E791, $A7E9  ; h1
   599b   e7 91 a7 e9   
   599f   2a 0b 22 41       DW $2A0B, $2241, $5B68, $13FC  ; d2
   59a3   5b 68 13 fc   
   59a7   15 8a 60 47       DW $158A, $6047, $9B2F, $C3AF  ; h2
   59ab   9b 2f c3 af   
   59af   ff ee bb 98       DW $FFEE, $BB98, $1C74, $3744  ; d3
   59b3   1c 74 37 44   
   59b7   0e 3b 3b 73       DW $0E3B, $3B73, $D76C, $4BE9  ; h3
   59bb   d7 6c 4b e9   
   59bf   56 4b 6a 9d       DW $564B, $6A9D, $DBC0, $108C  ; d4
   59c3   db c0 10 8c   
   59c7   b4 b2 11 97       DW $B4B2, $1197, $6D53, $F9DE  ; h4
   59cb   6d 53 f9 de   
   59cf   b3 ca 05 39       DW $B3CA, $0539, $1888, $FE31  ; d5
   59d3   18 88 fe 31   
   59d7   a4 0a 45 ad       DW $A40A, $45AD, $FAD7, $29DE  ; h5
   59db   fa d7 29 de   
   59df   ff 83 07 0c       DW $FF83, $070C, $8AC6, $EBC9  ; d6
   59e3   8a c6 eb c9   
   59e7   bc 17 68 a5       DW $BC17, $68A5, $F0D7, $0368  ; h6
   59eb   f0 d7 03 68   
   59ef   22 14 3e 2e       DW $2214, $3E2E, $4032, $C3FB  ; d7
   59f3   40 32 c3 fb   
   59f7   6c 61 c2 1f       DW $6C61, $C21F, $CB86, $8D1E  ; h7
   59fb   cb 86 8d 1e   
   59ff   43 08 e6 72       DW $4308, $E672, $50C2, $70E4  ; d8
   5a03   50 c2 70 e4   
   5a07   f0 58 70 f4       DW $F058, $70F4, $7D3F, $FA13  ; h8
   5a0b   7d 3f fa 13   
                        
                        ; Piece 3: WhiteR
   5a0f   76 8e 42 88       DW $768E, $4288, $58DB, $0C45  ; d1
   5a13   58 db 0c 45   
   5a17   85 ae c8 fd       DW $85AE, $C8FD, $EDE1, $EDCB  ; h1
   5a1b   ed e1 ed cb   
   5a1f   8d a4 8e 1f       DW $8DA4, $8E1F, $5BB3, $79C1  ; d2
   5a23   5b b3 79 c1   
   5a27   86 46 bb 89       DW $8646, $BB89, $7F58, $322A  ; h2
   5a2b   7f 58 32 2a   
   5a2f   59 22 fa 41       DW $5922, $FA41, $66F5, $90D7  ; d3
   5a33   66 f5 90 d7   
   5a37   b7 93 ab 72       DW $B793, $AB72, $7E38, $972E  ; h3
   5a3b   7e 38 97 2e   
   5a3f   2e c5 7c f6       DW $2EC5, $7CF6, $E3DC, $28CF  ; d4
   5a43   e3 dc 28 cf   
   5a47   3b 55 f8 6d       DW $3B55, $F86D, $79C3, $9F6C  ; h4
   5a4b   79 c3 9f 6c   
   5a4f   ba 7a a6 07       DW $BA7A, $A607, $149E, $FC4B  ; d5
   5a53   14 9e fc 4b   
   5a57   51 3b f1 0a       DW $513B, $F10A, $307A, $16A8  ; h5
   5a5b   30 7a 16 a8   
   5a5f   6b 7d 3a 05       DW $6B7D, $3A05, $8AA7, $24D3  ; d6
   5a63   8a a7 24 d3   
   5a67   00 a7 ec 0e       DW $00A7, $EC0E, $CBC5, $7230  ; h6
   5a6b   cb c5 72 30   
   5a6f   52 a1 f3 2d       DW $52A1, $F32D, $4058, $809F  ; d7
   5a73   40 58 80 9f   
   5a77   8e 49 f5 c9       DW $8E49, $F5C9, $9374, $127F  ; h7
   5a7b   93 74 12 7f   
   5a7f   67 e4 42 42       DW $67E4, $4242, $54C0, $F185  ; d8
   5a83   54 c0 f1 85   
   5a87   8b 4c c4 62       DW $8B4C, $C462, $0F2A, $1629  ; h8
   5a8b   0f 2a 16 29   
                        
                        ; Piece 4: WhiteQ
   5a8f   40 e5 98 bf       DW $40E5, $98BF, $4725, $BC37  ; d1
   5a93   47 25 bc 37   
   5a97   fb 55 37 93       DW $FB55, $3793, $5407, $0209  ; h1
   5a9b   54 07 02 09   
   5a9f   c8 71 35 df       DW $C871, $35DF, $867E, $3F3E  ; d2
   5aa3   86 7e 3f 3e   
   5aa7   98 59 e3 47       DW $9859, $E347, $FE7A, $7E67  ; h2
   5aab   fe 7a 7e 67   
   5aaf   a2 b9 e1 7f       DW $A2B9, $E17F, $EC66, $F7E6  ; d3
   5ab3   ec 66 f7 e6   
   5ab7   97 9a 26 2e       DW $979A, $262E, $5FED, $D011  ; h3
   5abb   5f ed d0 11   
   5abf   52 66 35 0a       DW $5266, $350A, $84D9, $E32F  ; d4
   5ac3   84 d9 e3 2f   
   5ac7   78 c0 17 3d       DW $78C0, $173D, $B589, $7E4B  ; h4
   5acb   b5 89 7e 4b   
   5acf   e9 67 34 f6       DW $E967, $34F6, $D4CE, $FD6D  ; d5
   5ad3   d4 ce fd 6d   
   5ad7   55 10 87 55       DW $5510, $8755, $C65F, $D36C  ; h5
   5adb   c6 5f d3 6c   
   5adf   d8 22 41 b5       DW $D822, $41B5, $5E7A, $4E7A  ; d6
   5ae3   5e 7a 4e 7a   
   5ae7   32 2b f0 21       DW $322B, $F021, $568F, $931D  ; h6
   5aeb   56 8f 93 1d   
   5aef   70 f1 a5 93       DW $70F1, $A593, $4843, $CD51  ; d7
   5af3   48 43 cd 51   
   5af7   04 f0 de bc       DW $04F0, $DEBC, $3D8A, $B691  ; h7
   5afb   3d 8a b6 91   
   5aff   39 13 6c 3c       DW $3913, $6C3C, $93CF, $47B1  ; d8
   5b03   93 cf 47 b1   
   5b07   12 63 bc 99       DW $1263, $BC99, $BAF8, $038D  ; h8
   5b0b   ba f8 03 8d   
                        
                        ; Piece 5: WhiteK
   5b0f   64 fb 3d 9d       DW $64FB, $3D9D, $20B1, $AFE6  ; d1
   5b13   20 b1 af e6   
   5b17   49 6c 95 91       DW $496C, $9591, $D3E2, $E4B1  ; h1
   5b1b   d3 e2 e4 b1   
   5b1f   e9 5e 2e 86       DW $E95E, $2E86, $E7E3, $289E  ; d2
   5b23   e7 e3 28 9e   
   5b27   f7 73 3c 31       DW $F773, $3C31, $0DCA, $A127  ; h2
   5b2b   0d ca a1 27   
   5b2f   3c 74 8a 6a       DW $3C74, $8A6A, $2ECB, $BE15  ; d3
   5b33   2e cb be 15   
   5b37   cf 70 77 14       DW $CF70, $7714, $71FE, $D8F8  ; h3
   5b3b   71 fe d8 f8   
   5b3f   45 24 73 74       DW $4524, $7374, $A073, $481F  ; d4
   5b43   a0 73 48 1f   
   5b47   88 3c 61 67       DW $883C, $6167, $8B9B, $57D2  ; h4
   5b4b   8b 9b 57 d2   
   5b4f   71 71 6f d0       DW $7171, $6FD0, $6806, $1873  ; d5
   5b53   68 06 18 73   
   5b57   3f bb 86 1c       DW $3FBB, $861C, $39C4, $81B5  ; h5
   5b5b   39 c4 81 b5   
   5b5f   8b 6a 5b 12       DW $8B6A, $5B12, $9346, $5710  ; d6
   5b63   93 46 57 10   
   5b67   f5 16 e7 d0       DW $F516, $E7D0, $35AA, $7084  ; h6
   5b6b   35 aa 70 84   
   5b6f   08 16 bb 9a       DW $0816, $BB9A, $CB30, $BE17  ; d7
   5b73   cb 30 be 17   
   5b77   94 f2 d3 63       DW $94F2, $D363, $5DD2, $C666  ; h7
   5b7b   5d d2 c6 66   
   5b7f   0e 82 15 53       DW $0E82, $1553, $A388, $E2B1  ; d8
   5b83   a3 88 e2 b1   
   5b87   27 d6 cb f2       DW $27D6, $CBF2, $CA65, $86B1  ; h8
   5b8b   ca 65 86 b1   
                        
                        ; Piece 6: BlackP
   5b8f   05 56 62 a1       DW $0556, $62A1, $65C1, $F4B7  ; d1
   5b93   65 c1 f4 b7   
   5b97   6e 64 c8 58       DW $6E64, $C858, $E41C, $ED22  ; h1
   5b9b   e4 1c ed 22   
   5b9f   5b 68 5e 16       DW $5B68, $5E16, $14D7, $CA90  ; d2
   5ba3   14 d7 ca 90   
   5ba7   e5 77 62 84       DW $E577, $6284, $7E3B, $4FA8  ; h2
   5bab   7e 3b 4f a8   
   5baf   4e 55 87 f5       DW $4E55, $87F5, $2BBD, $3DD6  ; d3
   5bb3   2b bd 3d d6   
   5bb7   f2 d1 da 0b       DW $F2D1, $DA0B, $5CF0, $BC8B  ; h3
   5bbb   5c f0 bc 8b   
   5bbf   e9 d7 e0 00       DW $E9D7, $E000, $9DBF, $2144  ; d4
   5bc3   9d bf 21 44   
   5bc7   94 ea ed 66       DW $94EA, $ED66, $83FC, $41BD  ; h4
   5bcb   83 fc 41 bd   
   5bcf   69 cb f6 db       DW $69CB, $F6DB, $7334, $8F04  ; d5
   5bd3   73 34 8f 04   
   5bd7   ae 7b 18 28       DW $AE7B, $1828, $66D8, $9C49  ; h5
   5bdb   66 d8 9c 49   
   5bdf   b5 73 0a 1b       DW $B573, $0A1B, $19A8, $82A0  ; d6
   5be3   19 a8 82 a0   
   5be7   78 22 70 9f       DW $7822, $709F, $0FC0, $4421  ; h6
   5beb   0f c0 44 21   
   5bef   99 03 cb 4d       DW $9903, $CB4D, $837D, $1F42  ; d7
   5bf3   83 7d 1f 42   
   5bf7   35 91 1d 3b       DW $3591, $1D3B, $A49E, $1783  ; h7
   5bfb   a4 9e 17 83   
   5bff   65 b2 05 41       DW $65B2, $0541, $883E, $ECED  ; d8
   5c03   88 3e ec ed   
   5c07   18 77 96 6c       DW $1877, $966C, $B610, $8D8A  ; h8
   5c0b   b6 10 8d 8a   
                        
                        ; Piece 7: BlackN
   5c0f   07 f8 b0 79       DW $07F8, $B079, $A4EE, $5DEB  ; d1
   5c13   a4 ee 5d eb   
   5c17   92 7e 83 e0       DW $927E, $83E0, $F525, $7C8C  ; h1
   5c1b   f5 25 7c 8c   
   5c1f   a8 db b8 db       DW $A8DB, $B8DB, $FEC6, $1E2F  ; d2
   5c23   fe c6 1e 2f   
   5c27   7c 48 3e 31       DW $7C48, $3E31, $F4E7, $204F  ; h2
   5c2b   f4 e7 20 4f   
   5c2f   58 54 57 31       DW $5854, $5731, $6127, $C1E6  ; d3
   5c33   61 27 c1 e6   
   5c37   89 1c 17 ee       DW $891C, $17EE, $2912, $A379  ; h3
   5c3b   29 12 a3 79   
   5c3f   64 cc 74 f9       DW $64CC, $74F9, $39DA, $B6E4  ; d4
   5c43   39 da b6 e4   
   5c47   2d 0e c3 fe       DW $2D0E, $C3FE, $EB17, $EFD3  ; h4
   5c4b   eb 17 ef d3   
   5c4f   22 e4 f8 e6       DW $22E4, $F8E6, $53E6, $D152  ; d5
   5c53   53 e6 d1 52   
   5c57   b4 43 5b d0       DW $B443, $5BD0, $C6B9, $00CD  ; h5
   5c5b   c6 b9 00 cd   
   5c5f   4f cf 38 92       DW $4FCF, $3892, $135E, $8DD8  ; d6
   5c63   13 5e 8d d8   
   5c67   ba b4 01 d3       DW $BAB4, $01D3, $52BF, $26C8  ; h6
   5c6b   52 bf 26 c8   
   5c6f   0f f8 38 e4       DW $0FF8, $38E4, $9D49, $0F8F  ; d7
   5c73   9d 49 0f 8f   
   5c77   cc 46 57 fc       DW $CC46, $57FC, $D61C, $78EB  ; h7
   5c7b   d6 1c 78 eb   
   5c7f   24 1a f5 8e       DW $241A, $F58E, $1A70, $D676  ; d8
   5c83   1a 70 d6 76   
   5c87   fa 07 c6 4d       DW $FA07, $C64D, $6D78, $90EA  ; h8
   5c8b   6d 78 90 ea   
                        
                        ; Piece 8: BlackB
   5c8f   aa 34 e3 a9       DW $AA34, $E3A9, $B061, $C35F  ; d1
   5c93   b0 61 c3 5f   
   5c97   ac eb c0 8a       DW $ACEB, $C08A, $E73F, $B0CD  ; h1
   5c9b   e7 3f b0 cd   
   5c9f   52 38 bf be       DW $5238, $BFBE, $CB9D, $BF8F  ; d2
   5ca3   cb 9d bf 8f   
   5ca7   03 fd 62 37       DW $03FD, $6237, $C158, $0B63  ; h2
   5cab   c1 58 0b 63   
   5caf   bf 9a fe 72       DW $BF9A, $FE72, $B17F, $2C1D  ; d3
   5cb3   b1 7f 2c 1d   
   5cb7   b3 13 97 ba       DW $B313, $97BA, $6898, $9A1D  ; h3
   5cbb   68 98 9a 1d   
   5cbf   97 6d f4 2d       DW $976D, $F42D, $08D2, $077B  ; d4
   5cc3   08 d2 07 7b   
   5cc7   9b bf 01 72       DW $9BBF, $0172, $CC56, $D1F0  ; h4
   5ccb   cc 56 d1 f0   
   5ccf   c4 c8 89 71       DW $C4C8, $8971, $EEF2, $5607  ; d5
   5cd3   ee f2 56 07   
   5cd7   f1 d2 df 23       DW $F1D2, $DF23, $F7B1, $B410  ; h5
   5cdb   f7 b1 b4 10   
   5cdf   be b0 ae a4       DW $BEB0, $AEA4, $4EEA, $37A2  ; d6
   5ce3   4e ea 37 a2   
   5ce7   c5 57 19 11       DW $C557, $1911, $6ED0, $A58F  ; h6
   5ceb   6e d0 a5 8f   
   5cef   02 bd 7f 37       DW $02BD, $7F37, $EE83, $14F8  ; d7
   5cf3   ee 83 14 f8   
   5cf7   dd eb 97 2e       DW $DDEB, $972E, $1E8D, $D753  ; h7
   5cfb   1e 8d d7 53   
   5cff   37 d8 d3 9a       DW $37D8, $D39A, $DD7F, $70A4  ; d8
   5d03   dd 7f 70 a4   
   5d07   06 2b 9e d4       DW $062B, $9ED4, $7788, $5D19  ; h8
   5d0b   77 88 5d 19   
                        
                        ; Piece 9: BlackR
   5d0f   d7 a0 4e 7a       DW $D7A0, $4E7A, $805A, $2C91  ; d1
   5d13   80 5a 2c 91   
   5d17   bb 65 e8 22       DW $BB65, $E822, $9AD6, $ACF0  ; h1
   5d1b   9a d6 ac f0   
   5d1f   da 3c 85 c7       DW $DA3C, $85C7, $F051, $CE39  ; d2
   5d23   f0 51 ce 39   
   5d27   0e fa 5d 4d       DW $0EFA, $5D4D, $7846, $044F  ; h2
   5d2b   78 46 04 4f   
   5d2f   c5 6d c4 e0       DW $C56D, $C4E0, $B230, $4CFE  ; d3
   5d33   b2 30 4c fe   
   5d37   9f be 19 d6       DW $9FBE, $19D6, $38AF, $0C67  ; h3
   5d3b   38 af 0c 67   
   5d3f   35 27 dc 54       DW $3527, $DC54, $94B4, $A05B  ; d4
   5d43   94 b4 a0 5b   
   5d47   8f 9c a1 9a       DW $8F9C, $A19A, $F749, $69C3  ; h4
   5d4b   f7 49 69 c3   
   5d4f   3c 1e 4b cf       DW $3C1E, $4BCF, $7C58, $1C12  ; d5
   5d53   7c 58 1c 12   
   5d57   a2 66 7e 28       DW $A266, $7E28, $F3CD, $EC45  ; h5
   5d5b   f3 cd ec 45   
   5d5f   23 ef b9 ed       DW $23EF, $B9ED, $24F4, $0B0F  ; d6
   5d63   24 f4 0b 0f   
   5d67   3e c0 bd dc       DW $3EC0, $BDDC, $4DA1, $FACD  ; h6
   5d6b   4d a1 fa cd   
   5d6f   5d f7 4c d6       DW $5DF7, $4CD6, $439B, $04FF  ; d7
   5d73   43 9b 04 ff   
   5d77   72 fb a6 0e       DW $72FB, $A60E, $252C, $E9E6  ; h7
   5d7b   25 2c e9 e6   
   5d7f   e1 f3 ff 00       DW $E1F3, $FF00, $D7A8, $D865  ; d8
   5d83   d7 a8 d8 65   
   5d87   9e 7a ce 92       DW $9E7A, $CE92, $68DB, $01FB  ; h8
   5d8b   68 db 01 fb   
                        
                        ; Piece 10: BlackQ
   5d8f   41 0e b2 b8       DW $410E, $B2B8, $F9F7, $7EC1  ; d1
   5d93   f9 f7 7e c1   
   5d97   e3 a1 a7 b6       DW $E3A1, $A7B6, $2EC5, $8079  ; h1
   5d9b   2e c5 80 79   
   5d9f   86 52 da 93       DW $8652, $DA93, $8FB5, $985B  ; d2
   5da3   8f b5 98 5b   
   5da7   65 a6 45 eb       DW $65A6, $45EB, $B93F, $A28D  ; h2
   5dab   b9 3f a2 8d   
   5daf   ff 94 b3 91       DW $FF94, $B391, $5286, $4931  ; d3
   5db3   52 86 49 31   
   5db7   76 ed 6a 92       DW $76ED, $6A92, $4E74, $992C  ; h3
   5dbb   4e 74 99 2c   
   5dbf   a2 cb 9c b5       DW $A2CB, $9CB5, $75DA, $6184  ; d4
   5dc3   75 da 61 84   
   5dc7   a5 e4 be 3d       DW $A5E4, $BE3D, $EB61, $C433  ; h4
   5dcb   eb 61 c4 33   
   5dcf   4f 36 a6 c5       DW $4F36, $A6C5, $322F, $5D8A  ; d5
   5dd3   32 2f 5d 8a   
   5dd7   6d ce 71 46       DW $6DCE, $7146, $294C, $F33E  ; h5
   5ddb   29 4c f3 3e   
   5ddf   ef 41 bb 0d       DW $EF41, $BB0D, $D863, $653D  ; d6
   5de3   d8 63 65 3d   
   5de7   4f b4 ba b7       DW $4FB4, $BAB7, $2018, $294F  ; h6
   5deb   20 18 29 4f   
   5def   d5 8c 88 db       DW $D58C, $88DB, $4C4D, $6056  ; d7
   5df3   4c 4d 60 56   
   5df7   9d 11 7c b3       DW $9D11, $7CB3, $CC8F, $7D5D  ; h7
   5dfb   cc 8f 7d 5d   
   5dff   57 0d 27 6e       DW $570D, $276E, $2CAE, $4D7C  ; d8
   5e03   2c ae 4d 7c   
   5e07   56 fc 4c 6d       DW $56FC, $4C6D, $9EC1, $F909  ; h8
   5e0b   9e c1 f9 09   
                        
                        ; Piece 11: BlackK
   5e0f   00 92 b3 b9       DW $0092, $B3B9, $D151, $FF42  ; d1
   5e13   d1 51 ff 42   
   5e17   5f 03 76 57       DW $5F03, $7657, $9C37, $1DC2  ; h1
   5e1b   9c 37 1d c2   
   5e1f   77 1e cb 8d       DW $771E, $CB8D, $929E, $BECF  ; d2
   5e23   92 9e be cf   
   5e27   f9 40 df 4d       DW $F940, $DF4D, $B04E, $4A9D  ; h2
   5e2b   b0 4e 4a 9d   
   5e2f   83 c4 19 09       DW $83C4, $1909, $E637, $5C93  ; d3
   5e33   e6 37 5c 93   
   5e37   26 95 35 b7       DW $2695, $35B7, $772E, $46BF  ; h3
   5e3b   77 2e 46 bf   
   5e3f   f6 45 ec 7a       DW $F645, $EC7A, $7913, $B85D  ; d4
   5e43   79 13 b8 5d   
   5e47   cd e3 0f 49       DW $CDE3, $0F49, $8C47, $14C8  ; h4
   5e4b   8c 47 14 c8   
   5e4f   9e 9e 9d bf       DW $9E9E, $9DBF, $21DE, $4554  ; d5
   5e53   21 de 45 54   
   5e57   9a f5 30 ca       DW $9AF5, $30CA, $1C9F, $35E7  ; h5
   5e5b   1c 9f 35 e7   
   5e5f   43 8e 1e b0       DW $438E, $1EB0, $ED9B, $C4B4  ; d6
   5e63   ed 9b c4 b4   
   5e67   a1 de 99 fd       DW $A1DE, $99FD, $39F4, $D0C1  ; h6
   5e6b   39 f4 d0 c1   
   5e6f   02 2b 51 da       DW $022B, $51DA, $A0CC, $8AC4  ; d7
   5e73   a0 cc 8a c4   
   5e77   3c 8b 35 b7       DW $3C8B, $35B7, $D3C6, $3A76  ; h7
   5e7b   d3 c6 3a 76   
   5e7f   39 c9 46 bc       DW $39C9, $46BC, $BC5F, $3D67  ; d8
   5e83   bc 5f 3d 67   
   5e87   14 90 ef bf       DW $1490, $EFBF, $BE55, $47D8  ; h8
   5e8b   be 55 47 d8   
                        
                        ; ===========================================
                        ; Side to Move Key (1 x 2 bytes)
                        ; XOR when black to move
                        ; ===========================================
   5e8f                 ZOBRIST_SIDE:
   5e8f   d2 d0             DW $D2D0
                        
                        ; ===========================================
                        ; Castling Rights Keys (4 x 2 bytes)
                        ; Index: 0=K, 1=Q, 2=k, 3=q
                        ; ===========================================
   5e91                 ZOBRIST_CASTLE:
   5e91   09 05             DW $0905  ; WhiteKingside
   5e93   14 41             DW $1441  ; WhiteQueenside
   5e95   10 92             DW $1092  ; BlackKingside
   5e97   bb 78             DW $BB78  ; BlackQueenside
                        
                        ; ===========================================
                        ; En Passant File Keys (8 x 2 bytes)
                        ; Index: 0=a-file, 7=h-file
                        ; ===========================================
   5e99                 ZOBRIST_EP:
   5e99   2d 66             DW $2D66  ; a-file
   5e9b   ac 1b             DW $AC1B  ; b-file
   5e9d   95 09             DW $9509  ; c-file
   5e9f   c4 34             DW $C434  ; d-file
   5ea1   42 ea             DW $42EA  ; e-file
   5ea3   ae 3b             DW $AE3B  ; f-file
   5ea5   51 8f             DW $518F  ; g-file
   5ea7   80 c8             DW $80C8  ; h-file
                        
                        ; Total: 781 keys, 1562 bytes
                        ; ==============================================================================
                        ; RCA 1802/1806 Chess Engine - Main Program
                        ; ==============================================================================
                        ; Entry point and main loop
                        ; ==============================================================================
                        ; ==============================================================================
                        ; Program Entry Point (build script adds ORG $0000)
                        ; ==============================================================================
                        ; ------------------------------------------------------------------------------
                        ; 1 Mode Entry - SCRT set up by 1, use 1 stack
                        ; ------------------------------------------------------------------------------
   5ea9                 START:
                            ; 1 has set up R4=CALL, R5=RET, R2=stack (at $7F77)
                            ; DO NOT reset R2! Monitor uses $7F78-$7FFF for static variables.
                            ; If we set R2=$7FFF, our stack would overwrite monitor variables,
                            ; breaking warm start at $8003.
   5ea9   e2                SEX 2 ; Ensure X = R2 for stack operations
                            ; --- ARM THE CRASH CATCHER (2026-07-23, Mark's design; see BP_VECTOR in
                            ; overflow-7b00.asm and interrupt_demo.asm). Enable IE via the inline-RET
                            ; idiom: SEX 3 makes RET consume the next byte ($23) as its (X,P) operand
                            ; -> IE=1, X=2, P=3, execution flows on. Then aim R0 (the IDLE-exit
                            ; vector) at BP_VECTOR. Zero runtime cost; /INT is hard-tied high and only
                            ; a deliberate probe ground on a frozen machine ever fires it. ---
   5eaa   e3                SEX 3 ; X = P: RET reads its operand inline
   5eab   70                RET ; IE <- 1; (X,P) <- $23 -> X=2, P=3
   5eac   23                DB $23 ; RET operand: X=2, P=3 (consumed, not executed)
   5ead   68 c0 7b a2       RLDI 0, BP_VECTOR ; R0 = IDLE-exit vector = the crash catcher
                            ; Serial I/O uses 1 entry points, no init needed
                            ; --- DIAG-3 TRIPWIRE SEED (2026-07-24, hang hunt, boot-once): fill the
                            ; MOVE_LIST region $7800-$7AFF with $D1 (SEP 1). Legit movegen writes
                            ; overwrite seeds harmlessly; legit code never executes or over-reads
                            ; list cells. Any WANDERING execution touching an unwritten cell fires
                            ; an instant breakpoint with full registers — converts silent near-miss
                            ; excursions (the unexplained $00 sweep at $7840-7F) into loud captures.
                            ; Boot-once deliberately: NOT in ucinewgame (its processing window
                            ; already drops serial bytes — see the PARTIAL_ECHO note in uci.asm).
   5eb1   68 ca 78 00       RLDI 10, $7800
   5eb5   68 c9 03 00       RLDI 9, $0300
   5eb9                 SEED_D1_LOOP:
   5eb9   f8 d1             LDI $D1 ; reload every iteration (GHI/GLO clobber D)
   5ebb   5a                STR 10
   5ebc   1a                INC 10
   5ebd   29                DEC 9
   5ebe   99                GHI 9
   5ebf   ca 5e b9          LBNZ SEED_D1_LOOP
   5ec2   89                GLO 9
   5ec3   ca 5e b9          LBNZ SEED_D1_LOOP
                            ; Clear workspace RAM ($6200-$64FF) to prevent stale variable bugs
   5ec6   d4 5e ec          CALL WORKSPACE_CLEAR
                            ; Initialize board to starting position
   5ec9   d4 00 a6          CALL INIT_BOARD
                            ; Initialize move history
   5ecc   d4 01 76          CALL INIT_MOVE_HISTORY
                            ; Clear transposition table (once at startup)
   5ecf   d4 56 f2          CALL TT_CLEAR
                            ; Send startup message
   5ed2   68 cf 5f 1f       RLDI 15, MSG_STARTUP
   5ed6   d4 5e e8          CALL PRINT_STRING
                            ; Initialize UCI
   5ed9   d4 2c fd          CALL UCI_INIT
                            ; Enter main loop
   5edc   c0 5e df          LBR MAIN_LOOP
                        ; ==============================================================================
                        ; Main Loop
                        ; ==============================================================================
   5edf                 MAIN_LOOP:
                            ; UCI: No prompt - engine waits silently for commands
                            ; Read and process UCI commands
   5edf   d4 2d 07          CALL UCI_READ_LINE
   5ee2   d4 2d 3e          CALL UCI_PROCESS_COMMAND
   5ee5   c0 5e df          LBR MAIN_LOOP
                        ; ==============================================================================
                        ; PRINT_STRING - Output null-terminated string
                        ; ==============================================================================
                        ; Input: F (R15) = pointer to string
                        ; Uses: F, D, R8 (temp save in standalone mode)
                        ; ==============================================================================
   5ee8                 PRINT_STRING:
                            ; 1 F_MSG uses R15 directly - single call, efficient
   5ee8   d4                SEP 4
   5ee9   ff 09             DW F_MSG
   5eeb   d5                RETN
                        ; ==============================================================================
                        ; WORKSPACE_CLEAR - Zero all workspace RAM ($6200-$67FF)
                        ; ==============================================================================
                        ; Clears 1536 bytes ($0600) to prevent stale variable bugs between runs.
                        ; Must be called before INIT_BOARD (which populates the board area).
                        ;
                        ; Range expanded 2026-04-24 from $6200-$64FF (768 bytes) to $6200-$67FF
                        ; (1536 bytes) to cover variables that have been added at $6500+ over time:
                        ; $6500-$66FD: HASH_HIST (510 bytes - repetition detection)
                        ; $6700-$670F: NODE_BEST_MOVE (16 bytes - per-ply best move)
                        ; $6710-$671F: W/B_PAWN_FILE_CT (16 bytes - eval transients)
                        ; $6720-$6721: W/B_QUEEN_SQ (eval transients)
                        ; $6722-$6741: FUTILITY_TABLE (relocated 2026-04-24, 8-ply futility data)
                        ; $6742-$67FF: free zone, cleared defensively
                        ; TT at $6800-$6FFF has its own TT_CLEAR routine.
                        ;
                        ; Uses: R9 (counter), R10 (pointer)
                        ; ==============================================================================
   5eec                 WORKSPACE_CLEAR:
   5eec   f8 62             LDI $62
   5eee   ba                PHI 10
   5eef   f8 00             LDI $00
   5ef1   aa                PLO 10 ; R10 = $6200
                            ; 1536 bytes = $0600
   5ef2   f8 06             LDI $06
   5ef4   b9                PHI 9
   5ef5   f8 00             LDI $00
   5ef7   a9                PLO 9 ; R9 = $0600
   5ef8                 WORKSPACE_CLEAR_LOOP:
   5ef8   f8 00             LDI 0 ; Value to write (must reload — GHI/GLO clobber D)
   5efa   5a                STR 10
   5efb   1a                INC 10
   5efc   29                DEC 9
   5efd   99                GHI 9
   5efe   ca 5e f8          LBNZ WORKSPACE_CLEAR_LOOP
   5f01   89                GLO 9
   5f02   ca 5e f8          LBNZ WORKSPACE_CLEAR_LOOP
                            ; Also clear MOVE_LIST area $7800-$7AFF (768 bytes).
                            ; MOVE_LIST was relocated $6200→$7800 in commit 3b16d64 for the d=5
                            ; expansion. Its zone now sits immediately below stack guard $7B00.
                            ; If GENERATE_MOVES is ever called with a corrupted count value, or
                            ; pointer math wanders past the per-ply allocation, residual data here
                            ; would decode as phantom moves. Zeroing means stale-bytes decode to
                            ; a1→a1 — still illegal but at least not a "real-looking" coordinates.
   5f05   f8 78             LDI $78
   5f07   ba                PHI 10
   5f08   f8 00             LDI $00
   5f0a   aa                PLO 10 ; R10 = $7800
   5f0b   f8 03             LDI $03
   5f0d   b9                PHI 9
   5f0e   f8 00             LDI $00
   5f10   a9                PLO 9 ; R9 = $0300 (768 bytes)
   5f11                 WORKSPACE_CLEAR_ML_LOOP:
   5f11   f8 00             LDI 0
   5f13   5a                STR 10
   5f14   1a                INC 10
   5f15   29                DEC 9
   5f16   99                GHI 9
   5f17   ca 5f 11          LBNZ WORKSPACE_CLEAR_ML_LOOP
   5f1a   89                GLO 9
   5f1b   ca 5f 11          LBNZ WORKSPACE_CLEAR_ML_LOOP
   5f1e   d5                RETN
                        ; ==============================================================================
                        ; Dead test/utility stubs (TEST_MOVE_GEN, TEST_MAKE_UNMAKE, TEST_SEARCH,
                        ; PRINT_BOARD, MOVE_TO_STRING, STRING_TO_MOVE) and the unused leftover strings
                        ; VERSION_STRING/ENGINE_NAME/ENGINE_AUTHOR removed 2026-05-18. The live UCI id
                        ; strings are STR_ID_NAME/STR_ID_AUTHOR in uci.asm; these had zero references.
                        ; Reclaims space so the binary tail stays below \$6000 (BOARD) after item-C.
                        ; ==============================================================================
                        ; ==============================================================================
                        ; Messages
                        ; ==============================================================================
   5f1f                 MSG_STARTUP:
   5f1f   0d 0a             DB 13, 10
   5f21   52 43 41 20       DB "RCA 1802/1806 Chess Engine", 13, 10
   5f25   31 38 30 32   
   5f29   2f 31 38 30   
   5f2d   36 20 43 68   
   5f31   65 73 73 20   
   5f35   45 6e 67 69   
   5f39   6e 65 0d 0a   
   5f3d   49 6e 69 74       DB "Initializing...", 13, 10
   5f41   69 61 6c 69   
   5f45   7a 69 6e 67   
   5f49   2e 2e 2e 0d   
   5f4d   0a            
   5f4e   00                DB 0
                        ; ==============================================================================
                        ; End of Main Program
                        ; ==============================================================================
                        ; ==============================================================================
                        ; OVERFLOW PAGE $7B00-$7BFF (256 B) — subroutine landing pad
                        ; ==============================================================================
                        ; This page is the ONLY free code region besides the main-segment tail (see
                        ; memory/high_memory_map_authoritative.md). This module is cat'ed LAST by
                        ; build.sh so its ORG cannot relocate any other module. Keep tenants small,
                        ; LEAF, and one-page; run tools/audit_table_pages.py after any change here.
                        ; ==============================================================================
   7b00                         ORG $7B00
                        
                        ; ------------------------------------------------------------------------------
                        ; OOO_DISCOMFORT - queenside-castle discomfort vs a developed enemy queen
                        ; (2026-07-08, task #53). The corpus shows 10 of 13 O-O-O losses castled (or
                        ; sat) queenside WHILE the enemy queen was developed on files a-d; 9 of 11
                        ; O-O-O wins had her home on d8. v3's ZONE_R proximity gate cannot see a
                        ; pre-aimed queen at castle time (a5 is rank-distance 4 from c1), so this term
                        ; supplies the anticipation: a standing penalty for queenside king posture
                        ; whenever the enemy queen stands developed on that wing, at ANY distance.
                        ; Self-healing: reads the live board each eval — penalty lifts when the queen
                        ; trades off or leaves the wing.
                        ;   White fires: wK on files a-c, ranks 1-2 AND bQ on files a-d, not home d8.
                        ;   Black mirror: bK files a-c, ranks 7-8 AND wQ files a-d, not home d1.
                        ; In:  nothing (reads GAME_STATE king squares + W/B_QUEEN_SQ trackers)
                        ; Out: D = signed net adjustment (-50 white-fire / +50 black-fire / 0 / 0 both)
                        ; Preserves R9, R12. Clobbers R10, R11, R13, D. LEAF. X=2 assumed (caller = EVALUATE).
                        ; ------------------------------------------------------------------------------
   7b00                 OOO_DISCOMFORT:
   7b00   68 cd 64 1d       RLDI 13, TRACE_WHERE
   7b04   f8 e4             LDI $E4
   7b06   5d                STR 13              ; tracer: in OOO_DISCOMFORT
   7b07   f8 00             LDI 0
   7b09   ab                PLO 11              ; R11.0 = signed net adjustment
                            ; --- white king in queenside posture? (files a-c, ranks 1-2) ---
   7b0a   68 ca 60 86       RLDI 10, GAME_STATE + STATE_W_KING_SQ
   7b0e   0a                LDN 10
   7b0f   fa 60             ANI $60
   7b11   ca 7b 52          LBNZ OOO_B_SIDE     ; rank > 2 -> no queenside-castle posture
   7b14   0a                LDN 10
   7b15   fa 07             ANI $07
   7b17   ff 03             SMI 3
   7b19   c3 7b 52          LBDF OOO_B_SIDE     ; file >= d -> not queenside
                            ; --- PAWN-STORM term (2026-07-30 exhibition-prep, loss19+loss23): both
                            ; O-O-O mates this week were PAWNS-FIRST storms — the queen arrived last,
                            ; so the queen-keyed term below stayed silent while a5/b5 (loss19) and
                            ; b5/a5 (loss23, from mv8) rolled in and Ra1#/Qa1# followed on the ripped
                            ; a-file. Signal: black storm pawn ON RANK 5 (a5/b5), -40 per file,
                            ; independent of the queen term; self-healing (read live each eval).
                            ; Rank 5 exactly, NOT missing-from-home: win36 (O-O-O blowout WIN)
                            ; castled with black a4-blocked + b6 — home-absence would have taxed a
                            ; proven-good castle; rank 5 is the crossing point where a storm is
                            ; committed but not yet landed, and separates all four probe games. ---
   7b1c   68 ca 60 40       RLDI 10, BOARD + $40
   7b20   0a                LDN 10              ; a5
   7b21   fb 09             XRI B_PAWN
   7b23   ca 7b 2a          LBNZ OOO_W_B5
   7b26   8b                GLO 11
   7b27   ff 28             SMI 40
   7b29   ab                PLO 11              ; net -= 40 (a-pawn storming)
   7b2a                 OOO_W_B5:
   7b2a   68 ca 60 41       RLDI 10, BOARD + $41
   7b2e   0a                LDN 10              ; b5
   7b2f   fb 09             XRI B_PAWN
   7b31   ca 7b 38          LBNZ OOO_W_QUEEN
   7b34   8b                GLO 11
   7b35   ff 28             SMI 40
   7b37   ab                PLO 11              ; net -= 40 (b-pawn storming)
   7b38                 OOO_W_QUEEN:
                            ; black queen developed on files a-d?
   7b38   68 ca 67 21       RLDI 10, B_QUEEN_SQ
   7b3c   0a                LDN 10
   7b3d   fb ff             XRI $FF
   7b3f   c2 7b 52          LBZ OOO_B_SIDE      ; no black queen -> quiet
   7b42   0a                LDN 10
   7b43   fb 73             XRI $73
   7b45   c2 7b 52          LBZ OOO_B_SIDE      ; home on d8 -> quiet (the 5 clean O-O-O wins)
   7b48   0a                LDN 10
   7b49   fa 04             ANI $04
   7b4b   ca 7b 52          LBNZ OOO_B_SIDE     ; files e-h -> not aimed at the queenside
   7b4e   8b                GLO 11
   7b4f   ff 4b             SMI 75
   7b51   ab                PLO 11              ; net -= 75 (white king uncomfortable; raised from 50
                                                ; 2026-07-14: master's v2 shield nets +25 PRO-castle in
                                                ; the loss4 probe — e1 misses d2+e2, c1 only d2 — so 50
                                                ; was outvoted; control probe immune, trigger-cold)
   7b52                 OOO_B_SIDE:
                            ; --- black king in queenside posture? (files a-c, ranks 7-8) ---
   7b52   68 ca 60 87       RLDI 10, GAME_STATE + STATE_B_KING_SQ
   7b56   0a                LDN 10
   7b57   fa 60             ANI $60
   7b59   fb 60             XRI $60
   7b5b   ca 7b a0          LBNZ OOO_DONE       ; rank nibble < $60 -> not on black's back two ranks
   7b5e   68 ca 60 87       RLDI 10, GAME_STATE + STATE_B_KING_SQ
   7b62   0a                LDN 10
   7b63   fa 07             ANI $07
   7b65   ff 03             SMI 3
   7b67   c3 7b a0          LBDF OOO_DONE       ; file >= d -> not queenside
                            ; --- mirror PAWN-STORM term: white storm pawn on rank 4 (a4/b4) ---
   7b6a   68 ca 60 30       RLDI 10, BOARD + $30
   7b6e   0a                LDN 10              ; a4
   7b6f   fb 01             XRI W_PAWN
   7b71   ca 7b 78          LBNZ OOO_B_B4
   7b74   8b                GLO 11
   7b75   fc 28             ADI 40
   7b77   ab                PLO 11              ; net += 40 (a-pawn storming vs black king)
   7b78                 OOO_B_B4:
   7b78   68 ca 60 31       RLDI 10, BOARD + $31
   7b7c   0a                LDN 10              ; b4
   7b7d   fb 01             XRI W_PAWN
   7b7f   ca 7b 86          LBNZ OOO_B_QUEEN
   7b82   8b                GLO 11
   7b83   fc 28             ADI 40
   7b85   ab                PLO 11              ; net += 40 (b-pawn storming vs black king)
   7b86                 OOO_B_QUEEN:
                            ; white queen developed on files a-d?
   7b86   68 ca 67 20       RLDI 10, W_QUEEN_SQ
   7b8a   0a                LDN 10
   7b8b   fb ff             XRI $FF
   7b8d   c2 7b a0          LBZ OOO_DONE        ; no white queen -> quiet
   7b90   0a                LDN 10
   7b91   fb 03             XRI $03
   7b93   c2 7b a0          LBZ OOO_DONE        ; home on d1 -> quiet
   7b96   0a                LDN 10
   7b97   fa 04             ANI $04
   7b99   ca 7b a0          LBNZ OOO_DONE       ; files e-h -> not aimed
   7b9c   8b                GLO 11
   7b9d   fc 4b             ADI 75
   7b9f   ab                PLO 11              ; net += 75 (black king uncomfortable; mirror of white)
   7ba0                 OOO_DONE:
   7ba0   8b                GLO 11              ; D = signed net
   7ba1   d5                RETN
                        
                        ; ==============================================================================
                        ; BP_VECTOR - IDLE-exit crash catcher (2026-07-23, Mark's design; tested in
                        ; interrupt_demo.asm). The 1806 loads P from R0 on IDL, so a wild-PC freeze
                        ; (the hang class: wild jump -> $00 byte -> IDLE) parks the CPU waiting on R0.
                        ; START arms R0 = BP_VECTOR and enables IE (SEX 3/RET/$23 inline idiom), so
                        ; grounding /INTERRUPT on a frozen machine executes THIS: MARK saves (X,P),
                        ; SEP 1 enters the BIOS breakpoint handler = FULL register dump — including
                        ; R3 = the address immediately after the fatal IDL = the crash site.
                        ; /INT is hard-tied high; only a deliberate probe ground ever triggers this.
                        ; Bonus signature: an armed frozen machine shows THIS address on the bus, not
                        ; the old $FCF7 boot fossil.
                        ; ==============================================================================
   7ba2                 BP_VECTOR:
   7ba2   79                MARK                ; T & M(R2) <- (X,P)
   7ba3   d1                SEP 1               ; -> BIOS breakpoint handler: full register dump
   7ba4   c0 80 03          LBR $8003           ; monitor warm start (safety, if handler returns)
                        
*                       	END
0000  A1            0070  A8            03e9  ADD_MOVE_ENCODED    64fe  ADV_PAWN_B
64fd  ADV_PAWN_W    2ed0  ALGEBRAIC_TO_SQUARE    000f  ALL_CASTLING    6442  ALPHA_HI  
6443  ALPHA_LO      040d  AME_FULL      2ef1  ATS_INVALID    01b5  ATTACK_CHECK_B_PAWNS
024c  ATTACK_CHECK_KING    0208  ATTACK_CHECK_KNIGHTS    02e7  ATTACK_CHECK_SLIDING    01e0  ATTACK_CHECK_W_PAWNS
02dd  ATTACK_FOUND    02db  ATTACK_FOUND_POP2    02d5  ATTACK_FOUND_POP3    0253  ATTACK_KING_LOOP
0280  ATTACK_KING_NEXT    020f  ATTACK_KNIGHT_LOOP    023c  ATTACK_KNIGHT_NEXT    01c9  ATTACK_PAWN_2
01f4  ATTACK_PAWN_W2    02df  ATTACK_RESTORE    032c  ATTACK_SLIDE_CHECK_DIAG    0347  ATTACK_SLIDE_CHECK_ORTH
02eb  ATTACK_SLIDE_LOOP    035f  ATTACK_SLIDE_NONE    0362  ATTACK_SLIDE_YES    2580  BAUD_RATE 
6410  BEST_MOVE     640e  BEST_SCORE_HI    640f  BEST_SCORE_LO    6444  BETA_HI   
6445  BETA_LO       0003  BISHOP_TYPE    014a  BISHOP_VALUE    0002  BIT_DELAY 
179b  BKS_DONE      0008  BLACK         30bf  BL_CHECK_MOVES    30ca  BL_COMPARE_LOOP
309d  BL_ENTRY_LOOP    30e1  BL_MATCH_FOUND    30fe  BL_NO_MATCH    30ef  BL_SKIP_ENTRY
30ed  BL_SKIP_TO    6000  BOARD         5000  BOARD_BASE    3093  BOOK_LOOKUP
644e  BOOK_MOVE_FROM    644f  BOOK_MOVE_TO    000f  BOOK_PLY_LIMIT    7ba2  BP_VECTOR 
02ef  BRK_ATTACK_SLIDE_LOOP    2689  BRK_QS_LOOP    000b  B_BISHOP      000e  B_KING    
000a  B_KNIGHT      0009  B_PAWN        6718  B_PAWN_FILE_CT    000d  B_QUEEN   
64b6  B_QUEEN_CNT    6721  B_QUEEN_SQ    000c  B_ROOK        641e  CANARY_HIT
64f7  CANARY_ZONE    0004  CASTLE_BK     0008  CASTLE_BQ     0001  CASTLE_WK 
0002  CASTLE_WQ     216d  CE_DONE       0028  CHECK_BONUS    179b  CHECK_BONUS_DONE
1791  CHECK_BONUS_SUB    0418  CHECK_EN_PASSANT    0426  CHECK_EP_NO    64da  CHECK_EXT_FLAG
0e01  CHECK_INSUFFICIENT_MATERIAL    0087  CHECK_STACK_OVERFLOW    0384  CHECK_TARGET_EMPTY    0381  CHECK_TARGET_FRIENDLY
038a  CHECK_TARGET_INVALID    0365  CHECK_TARGET_SQUARE    0e69  CIM_BLACK_B    0ea1  CIM_DRAW  
0e0a  CIM_LOOP      0e75  CIM_NEXT      0ea4  CIM_NOT_DRAW    015c  CLEAR_CASTLING_RIGHT
0000  CODE_START    0008  COLOR_MASK    6449  COMPARE_TEMP    0000  COSMAC_ELF_SIM
64c5  CURRENT_MAX_DEPTH    6448  CURRENT_PLY    0000  DEBUG_EVAL    0000  DEBUG_MOVES
0000  DEBUG_NODES    6405  DECODED_FLAGS    03c7  DECODE_MOVE_16BIT    03da  DECODE_TO_DONE
0006  DEFAULT_DEPTH    0001  DIR_E         00f0  DIR_N         00f1  DIR_NE    
00ef  DIR_NW        0010  DIR_S         0011  DIR_SE        000f  DIR_SW    
00ff  DIR_W         1442  EG_B_HI       1440  EG_B_POS      172d  EG_CHECK_BLACK
1706  EG_DB_GO      16f4  EG_DRIVE_BLACK    1739  EG_DRIVE_WHITE    174b  EG_DW_GO  
176f  EG_EDGE_DONE    1481  EG_NO_B_ADV    1471  EG_NO_W_ADV    64ec  EG_PIECE_COUNT
146a  EG_W_ADV_GO    1407  EG_W_HI       1405  EG_W_POS      0000  EMMA02    
0000  EMPTY         0000  EMU1802       03c2  ENCODE_FLAG_1    03bb  ENCODE_FLAG_2
03c6  ENCODE_HI_DONE    039b  ENCODE_LOW_DONE    038d  ENCODE_MOVE_16BIT    0006  ENDGAME_THRESHOLD_HI
0068  ENDGAME_THRESHOLD_LO    64a9  ENEMY_COLOR_TEMP    0ea7  EVALUATE      17a3  EVALUATE_MATERIAL
107f  EVAL_ADD_BLACK    1082  EVAL_ADD_WHITE    1000  EVAL_BB_TRACK    129a  EVAL_BDP_DONE
1275  EVAL_BDP_LOOP    1289  EVAL_BDP_NEXT    0fb3  EVAL_BP_ADD    0f8a  EVAL_BP_ADV
0fde  EVAL_BP_COUNT    0fbf  EVAL_BP_NOSAT    0fac  EVAL_BP_R2    0fb1  EVAL_BP_R3
0fa7  EVAL_BP_R4    105e  EVAL_BQ_TRACK    136f  EVAL_BR1_CLOSED    1367  EVAL_BR1_SEMI
13a2  EVAL_BR2_SEMI    102e  EVAL_BROOK_TRACK    13aa  EVAL_BR_DONE    103d  EVAL_BR_F2
64b0  EVAL_B_BISHOPS    64b3  EVAL_B_ROOK_F1    64b4  EVAL_B_ROOK_F2    0edc  EVAL_CLR_PAWN_CT
1096  EVAL_DONE     108c  EVAL_NEXT_SQUARE    0fc0  EVAL_NOT_ADV_PAWN    1008  EVAL_NOT_BISHOP_TRACK
0eba  EVAL_NOT_DEAD_DRAW    0feb  EVAL_NOT_PAWN_TRACK    106c  EVAL_NOT_QUEEN_TRACK    1043  EVAL_NOT_ROOK_TRACK
12be  EVAL_NO_BBP    1207  EVAL_NO_B_CASTLE    12ac  EVAL_NO_WBP    11f9  EVAL_NO_W_CASTLE
0f3f  EVAL_PB_BLACK    0f43  EVAL_PB_DONE    1a17  EVAL_PST      1a95  EVAL_PST_ADD
1aa3  EVAL_PST_ADD_WHITE    1a2f  EVAL_PST_LOOP    1aad  EVAL_PST_NEXT_SQ    1a92  EVAL_PST_POSITIVE
1a7c  EVAL_PST_WHITE    0f0b  EVAL_SCAN     64aa  EVAL_SKIP_PST    641d  EVAL_SQ_INDEX
6440  EVAL_TEMP1    6441  EVAL_TEMP2    126b  EVAL_WDP_DONE    1246  EVAL_WDP_LOOP
125a  EVAL_WDP_NEXT    0f7a  EVAL_WP_ADD    0f86  EVAL_WP_NOSAT    0f6e  EVAL_WP_R5
0f78  EVAL_WP_R6    0f73  EVAL_WP_R7    12f9  EVAL_WR1_CLOSED    12f1  EVAL_WR1_SEMI
132c  EVAL_WR2_SEMI    1334  EVAL_WR_DONE    1025  EVAL_WR_F2    64af  EVAL_W_BISHOPS
64b1  EVAL_W_ROOK_F1    64b2  EVAL_W_ROOK_F2    0000  FAST_EMU_SERIAL    014d  FLIP_SIDE 
0000  FUTILITY_MARGIN_D1_HI    0096  FUTILITY_MARGIN_D1_LO    0001  FUTILITY_MARGIN_D2_HI    00f4  FUTILITY_MARGIN_D2_LO
1f48  FUTILITY_NO_NEG    64a2  FUTILITY_OK    6722  FUTILITY_TABLE    ff09  F_MSG     
ff06  F_READ        ff03  F_TYPE        ff60  F_UINTOUT     644d  GAME_PLY  
6080  GAME_STATE    04d7  GENERATE_MOVES    0783  GEN_BISHOP    0433  GEN_CASTLE_BLACK
0457  GEN_CASTLE_BQ    04d4  GEN_CASTLE_DONE    0485  GEN_CASTLE_WHITE    04a9  GEN_CASTLE_WQ
0429  GEN_CASTLING_MOVES    641f  GEN_FROM_SQ    09b4  GEN_KG_CASTLING    090c  GEN_KG_DIR2
0924  GEN_KG_DIR3    093c  GEN_KG_DIR4    0954  GEN_KG_DIR5    096c  GEN_KG_DIR6
0984  GEN_KG_DIR7    099c  GEN_KG_DIR8    08f4  GEN_KING      06c0  GEN_KNIGHT
06d8  GEN_KN_DIR2    06f0  GEN_KN_DIR3    0708  GEN_KN_DIR4    0720  GEN_KN_DIR5
0738  GEN_KN_DIR6    0750  GEN_KN_DIR7    0768  GEN_KN_DIR8    0780  GEN_KN_DONE
641e  GEN_LOOP_CTR    0541  GEN_PAWN      0545  GEN_PAWN_BLACK    0586  GEN_PAWN_CAPTURES_B
063c  GEN_PAWN_CAPTURES_W    06bd  GEN_PAWN_DONE    05ab  GEN_PAWN_EP_LEFT_B    0663  GEN_PAWN_EP_LEFT_W
05e3  GEN_PAWN_EP_RIGHT_B    069d  GEN_PAWN_EP_RIGHT_W    040e  GEN_PAWN_PROMOTION    06b3  GEN_PAWN_PROMO_B
06b3  GEN_PAWN_PROMO_W    05be  GEN_PAWN_RIGHT_B    0676  GEN_PAWN_RIGHT_W    05f9  GEN_PAWN_WHITE
07a1  GEN_QUEEN     0792  GEN_ROOK      04ee  GEN_SCAN_BOARD    052b  GEN_SKIP_SQUARE
080a  GEN_SLIDE_E    080c  GEN_SLIDE_E_LOOP    0830  GEN_SLIDE_E_RET    07bc  GEN_SLIDE_N
07e3  GEN_SLIDE_NE    07e5  GEN_SLIDE_NE_LOOP    0809  GEN_SLIDE_NE_RET    08cd  GEN_SLIDE_NW
08cf  GEN_SLIDE_NW_LOOP    08f3  GEN_SLIDE_NW_RET    07be  GEN_SLIDE_N_LOOP    07e2  GEN_SLIDE_N_RET
0858  GEN_SLIDE_S    0831  GEN_SLIDE_SE    0833  GEN_SLIDE_SE_LOOP    0857  GEN_SLIDE_SE_RET
087f  GEN_SLIDE_SW    0881  GEN_SLIDE_SW_LOOP    08a5  GEN_SLIDE_SW_RET    085a  GEN_SLIDE_S_LOOP
087e  GEN_SLIDE_S_RET    08a6  GEN_SLIDE_W    08a8  GEN_SLIDE_W_LOOP    08cc  GEN_SLIDE_W_RET
0156  GET_CASTLING_RIGHTS    0169  GET_PIECE_AT    0173  GET_PIECE_INVALID    013e  GET_SIDE_TO_MOVE
05a8  GMP_B_CL_EMIT    05a6  GMP_B_CL_PROMO    05e0  GMP_B_CR_EMIT    05de  GMP_B_CR_PROMO
0660  GMP_W_CL_EMIT    065e  GMP_W_CL_PROMO    069a  GMP_W_CR_EMIT    0698  GMP_W_CR_PROMO
6407  GM_SCAN_IDX    0007  H1            0077  H8            0001  HALF_DELAY
64b9  HASH_HI       6500  HASH_HIST     64eb  HASH_HIST_COUNT    55e3  HASH_INIT 
5632  HASH_INIT_ADD_SQ    5630  HASH_INIT_EVEN_PIECE    55ea  HASH_INIT_LOOP    564f  HASH_INIT_NEXT_SQ
5609  HASH_INIT_WHITE    64ba  HASH_LO       568d  HASH_NO_BK    5696  HASH_NO_BQ
56b8  HASH_NO_EP    567b  HASH_NO_WK    5684  HASH_NO_WQ    566c  HASH_SIDE_DONE
56c2  HASH_XOR_CASTLE_0    56c9  HASH_XOR_CASTLE_1    56d2  HASH_XOR_CASTLE_2    56dd  HASH_XOR_CASTLE_3
56e7  HASH_XOR_CASTLE_DO    580c  HASH_XOR_PIECE_SQ    586f  HASH_XOR_SIDE    6400  HISTORY_PTR
0008  HIST_ENTRY_SIZE    13d7  HM_AMP_DONE    5848  HXPS_ADD_SQ    586e  HXPS_DONE 
5846  HXPS_EVEN     5828  HXPS_WHITE    2a24  INC_NODE_COUNT    2a44  INC_NODE_DONE
00a6  INIT_BOARD    00ef  INIT_BP       00ad  INIT_CLEAR    0176  INIT_MOVE_HISTORY
00df  INIT_WP       00ff  INVALID_SQ    0191  IS_CHECK_BLACK    01a0  IS_CHECK_TEST
019a  IS_CHECK_WHITE    018e  IS_IN_CHECK    01a4  IS_SQUARE_ATTACKED    2b76  ITER_ABORTED
64c2  ITER_BEST_FROM    64c3  ITER_BEST_TO    2b83  ITER_DONE     2b6b  ITER_INCREMENT
2aa5  ITER_LOOP     2b1d  ITER_NO_SOVF    64c8  ITER_SCORE_HI    64c9  ITER_SCORE_LO
64ed  ITER_START_ELAPSED    6420  KILLER_MOVES    1ad0  KING_CENTER_TABLE    1b10  KING_EDGE_TABLE
009e  KING_OFFSETS    1b50  KING_PROX_BONUS    17a6  KING_SAFETY    0006  KING_TYPE 
4e20  KING_VALUE    0096  KNIGHT_OFFSETS    0002  KNIGHT_TYPE    0140  KNIGHT_VALUE
16c9  KP_FILE_OK    16d6  KP_HAVE_DIST    16b9  KP_RANK_OK    16d5  KP_USE_RANK
181d  KS_FILE_OK    182a  KS_HAVE_DIST    180d  KS_RANK_OK    1847  KS_RET    
17c2  KS_SH_LOOP    17d6  KS_SH_NEXT    1842  KS_STORM_FULL    1829  KS_USE_RANK
1849  KS_ZERO       1fd6  LMR_CAPTURE_DONE    2264  LMR_DO_RESEARCH    64a5  LMR_IS_CAPTURE
64a3  LMR_MOVE_INDEX    1fd4  LMR_NOT_CAPTURE    214c  LMR_NO_EXTRA_DEC    22f6  LMR_NO_RESEARCH
64a6  LMR_OUTER     64a4  LMR_REDUCED    225e  LMR_RESEARCH_DIFF_SIGN    2122  LMR_SKIP  
64ef  LOOP_MOVE_CNT    64db  LOOP_MOVE_PTR    5edf  MAIN_LOOP     09bb  MAKE_MOVE 
000c  MAX_DEPTH     0008  MAX_PLY       0c19  MMRHC_A1      0c23  MMRHC_A8  
0c2a  MMRHC_CLEAR    0c1e  MMRHC_H1      0c28  MMRHC_H8      0a79  MM_BLACK_KING
0b1e  MM_CASTLE_DONE    0ac1  MM_CASTLE_KS    0af1  MM_CASTLE_QS    0a8c  MM_CLEAR_BLACK_CASTLE
0a88  MM_CLEAR_WHITE_CASTLE    0ba8  MM_DONE       0a8e  MM_DO_CLEAR_CASTLE    0b77  MM_EP_BLACK
0b82  MM_EP_CLEAR    0b85  MM_EP_DONE    0b6c  MM_EP_WHITE    0bd5  MM_HASH_GOT_PIECE
0bc6  MM_HASH_NOT_PROMO    0a56  MM_NOT_EP_CAP    0b2f  MM_NOT_KING    0a65  MM_NOT_PROMOTION
0b99  MM_RESET_HALFMOVE    0b9c  MM_ROOK_CHECK    0ba8  MM_ROOK_DONE    0c06  MM_ROOK_HOME_CHECK
0a7d  MM_STORE_KING    0a73  MM_WHITE_KING    644a  MOVECOUNT_TEMP    0001  MOVE_CASTLE
0002  MOVE_EP       6406  MOVE_FLAGS_TEMP    6402  MOVE_FROM     6090  MOVE_HIST 
7800  MOVE_LIST     0000  MOVE_NORMAL    0003  MOVE_PROMOTION    644b  MOVE_TEMP_HI
644c  MOVE_TEMP_LO    6403  MOVE_TO       5f1f  MSG_STARTUP    000f  NEG16_R7  
1b58  NEGAMAX       1be2  NEGAMAX_ABORT_RETURN    24ae  NEGAMAX_ALPHA_DIFF_SIGN    24b4  NEGAMAX_ALPHA_DO_UPDATE
24a8  NEGAMAX_ALPHA_HI_DIFF    2394  NEGAMAX_BETA_DIFF_SIGN    23cf  NEGAMAX_BETA_NOT_ROOT    1bea  NEGAMAX_BUDGET_OK
1cb5  NEGAMAX_CONTINUE    243e  NEGAMAX_DIFF_SIGN    239a  NEGAMAX_DO_BETA_CUTOFF    1f76  NEGAMAX_FUTILITY_R9_DONE
1f74  NEGAMAX_FUTILITY_R9_EVEN    1f90  NEGAMAX_HAS_MOVES    2438  NEGAMAX_HI_DIFF    252d  NEGAMAX_LEAF
20a9  NEGAMAX_LMP_DONE    24e8  NEGAMAX_LOOP_DONE    20de  NEGAMAX_MOVE_LEGAL    1f90  NEGAMAX_MOVE_LOOP
24cb  NEGAMAX_NEXT_MOVE    1c0d  NEGAMAX_NOT_FIFTY    2069  NEGAMAX_NOT_FUTILE    2409  NEGAMAX_NO_BETA_CUTOFF
254c  NEGAMAX_NO_MOVES    1e71  NEGAMAX_PLY_DONE    1e6f  NEGAMAX_PLY_EVEN    1b7f  NEGAMAX_PLY_OK
1b7e  NEGAMAX_PLY_RET    1e99  NEGAMAX_RESET_DONE    1e97  NEGAMAX_RESET_EVEN    24fb  NEGAMAX_RETURN
2444  NEGAMAX_SCORE_BETTER    1ecc  NEGAMAX_SKIP_CAPTURE_ORDER    1f77  NEGAMAX_SKIP_FUTILITY    1eb3  NEGAMAX_SKIP_KILLER
1eef  NEGAMAX_SKIP_TT_ORDER    2581  NEGAMAX_STALEMATE    1ca6  NEGAMAX_TT_MISS    1eef  NEGAMAX_TT_ORDER_CALL
2479  NEGAMAX_UPDATE_ALPHA    1da6  NMP_CHECK_SIGN    1dac  NMP_CUTOFF    1dc1  NMP_NO_CUTOFF
1dd3  NMP_SKIP      1ffd  NM_CASTLE_ILLEGAL    2010  NM_NOT_CASTLE    20bc  NM_NOT_PROMO
20be  NM_SET_PROMO    6412  NODES_SEARCHED    6700  NODE_BEST_MOVE    64c7  NODE_BUDGET_HI
6742  NODE_IN_CHECK    64d2  NODE_TT_FLAGS    00ff  NO_EP         0da7  NULL_MAKE_MOVE
64a7  NULL_MOVE_OK    64a8  NULL_SAVED_EP    0dc6  NULL_UNMAKE_MOVE    2a0d  OCF_ADVANCE_FRONT
2a23  OCF_DONE      29fa  OCF_DO_SWAP    29ec  OCF_IS_CAPTURE    2a0f  OCF_NEXT_MOVE
2a18  OCF_PASS_DONE    29bb  OCF_PASS_LOOP    29c1  OCF_SCAN_LOOP    29d8  OCF_TO_BIT0_CLR
1492  OG_B2         14a0  OG_BQ         14db  OG_NOT        14dd  OG_STORE  
14b7  OG_W2         14c5  OG_WQ         29ab  OKM_DONE      2926  OKM_K1_FOUND
291e  OKM_K1_NEXT    2935  OKM_K1_SWAP    2980  OKM_K2_FOUND    2978  OKM_K2_NEXT
2999  OKM_K2_SWAP    290a  OKM_SCAN_K1    2964  OKM_SCAN_K2    294a  OKM_TRY_KILLER2
7b78  OOO_B_B4      7b86  OOO_B_QUEEN    7b52  OOO_B_SIDE    7b00  OOO_DISCOMFORT
7ba0  OOO_DONE      11da  OOO_SEXT_GO    11d8  OOO_SEXT_POS    7b2a  OOO_W_B5  
7b38  OOO_W_QUEEN    3101  OPENING_BOOK    29ac  ORDER_CAPTURES_FIRST    28e1  ORDER_KILLER_MOVES
2875  ORDER_TT_MOVE    28e0  OTM_DONE      28bc  OTM_FOUND     28b4  OTM_NEXT  
28a0  OTM_SCAN      28cb  OTM_SWAP      2889  OTM_VALID     0001  PAWN_TYPE 
0064  PAWN_VALUE    64b7  PIECE_BALANCE    0007  PIECE_MASK    0df3  PIECE_VALUES
000a  PLY_FRAME_SIZE    6450  PLY_STATE_BASE    166d  PP_B_APPLY    15cb  PP_B_LOOP 
16a0  PP_B_NEXT     1634  PP_B_R2       162f  PP_B_R3       162a  PP_B_R4   
1625  PP_B_R5       1620  PP_B_R6       163d  PP_B_RA_LOOP    1658  PP_B_RA_RIGHT
1688  PP_B_RUN_OK    1636  PP_B_SUB      156a  PP_W_ADD      158a  PP_W_ADD_GO
1504  PP_W_LEFT_OK    14e9  PP_W_LOOP     15bc  PP_W_NEXT     157e  PP_W_OUTGUN
1554  PP_W_R3       1559  PP_W_R4       155e  PP_W_R5       1563  PP_W_R6   
1568  PP_W_R7       1510  PP_W_RIGHT_OK    15a4  PP_W_RUN_OK    1586  PP_W_SCALE
5ee8  PRINT_STRING    1909  PST_BISHOP    19c9  PST_KING      18c9  PST_KNIGHT
1889  PST_PAWN      1989  PST_QUEEN     1949  PST_ROOK      1a10  PST_TABLE_HI
1a09  PST_TABLE_LO    10da  QC_B_DONE     10c9  QC_B_LOOP     10b8  QC_W_DONE 
10a7  QC_W_LOOP     121e  QMOB_BLACK    1235  QMOB_DONE     185e  QM_DIR    
187a  QM_NEXT       1865  QM_STEP       1190  QP_B_DONE     1172  QP_B_FILE_OK
117f  QP_B_HAVE_DIST    1162  QP_B_RANK_OK    117e  QP_B_USE_RANK    1135  QP_W_DONE 
1117  QP_W_FILE_OK    1124  QP_W_HAVE_DIST    1107  QP_W_RANK_OK    1123  QP_W_USE_RANK
2623  QS_ALPHA_DIFF_SIGN    6418  QS_BEST_HI    6419  QS_BEST_LO    283c  QS_BETA_CUTOFF
2833  QS_BETA_CUT_DIFF    25ee  QS_BETA_DIFF_SIGN    279f  QS_CAPTURE_LEGAL    2841  QS_CAPTURE_LIMIT_HIT
2764  QS_DEF_OK     2797  QS_DEF_SKIP    2661  QS_DELTA_DIFF_SIGN    270d  QS_DELTA_DIFF_SIGN2
2713  QS_DELTA_NO_PRUNE    2667  QS_DELTA_PRUNE    27fd  QS_DIFF_SIGN    27f7  QS_HI_DIFF
2685  QS_LOOP       6780  QS_MOVE_LIST    641a  QS_MOVE_PTR_HI    641b  QS_MOVE_PTR_LO
2780  QS_NOT_PROMO    2632  QS_NO_ALPHA_UPDATE    25f4  QS_NO_BETA_CUTOFF    266c  QS_NO_DELTA_PRUNE
27b7  QS_NO_NEG     2849  QS_RETURN     25be  QS_SAVE_STANDPAT    2782  QS_SET_PROMO
641c  QS_TEMP       2803  QS_UPDATE     2629  QS_UPDATE_ALPHA    1881  QUEEN_DIRS
184c  QUEEN_MOBILITY    0dde  QUEEN_PROX_BONUS    0005  QUEEN_TYPE    0384  QUEEN_VALUE
259b  QUIESCENCE_SEARCH    1c34  REP_CHECK_LOOP    1c46  REP_DEC       1c4b  REP_NO_MATCH
1c45  REP_SKIP_LO    0054  RESTORE_PLY_STATE    1bf4  RETURN_DRAW    1e49  RFP_CHECK_SIGN
1e22  RFP_COMPARE    1e1a  RFP_DEPTH1    0000  RFP_MARGIN_D1_HI    0096  RFP_MARGIN_D1_LO
0001  RFP_MARGIN_D2_HI    002c  RFP_MARGIN_D2_LO    1dfc  RFP_NO_NEG    1e4f  RFP_PRUNE 
1e5b  RFP_SKIP      2fc8  RMV_DONE      2fa1  RMV_NEXT      2fa9  RMV_NOT_FOUND
2f8d  RMV_SCAN_LOOP    0004  ROOK_TYPE     01f4  ROOK_VALUE    0060  RPS_PLY_OK
1bb2  RTC_DELTA_POS    1bbe  RTC_NO_SAT    0ded  RUNNER_BONUS    0018  SAVE_PLY_STATE
6446  SCORE_HI      6447  SCORE_LO      64c4  SEARCH_ABORTED    6416  SEARCH_DEPTH
64cb  SEARCH_ELAPSED    2a45  SEARCH_POSITION    64ca  SEARCH_PREV_SECS    5eb9  SEED_D1_LOOP
2b84  SEND_UCI_INFO    0003  SERIAL_PRINT_STRING    0007  SERIAL_READ_CHAR    000b  SERIAL_WRITE_CHAR
0144  SET_SIDE_TO_MOVE    0de6  SHIELD_PEN    6080  SIDE          0024  SPS_PLY_OK
2a89  SP_CANARY_LP    3047  SQUARE_TO_ALGEBRAIC    0000  SQ_A1         0010  SQ_A2     
0060  SQ_A7         0070  SQ_A8         0001  SQ_B1         0071  SQ_B8     
0002  SQ_C1         0072  SQ_C8         0003  SQ_D1         0073  SQ_D8     
0004  SQ_E1         0014  SQ_E2         0064  SQ_E7         0074  SQ_E8     
0005  SQ_F1         0075  SQ_F8         0006  SQ_G1         0076  SQ_G8     
0007  SQ_H1         0017  SQ_H2         0067  SQ_H7         0077  SQ_H8     
0095  STACK_OK      64ee  STACK_OVERFLOW_FLAG    7fff  STACK_TOP     5ea9  START     
5080  STATE_BASE    0007  STATE_B_KING_SQ    0001  STATE_CASTLING    0002  STATE_EP_SQUARE
0005  STATE_FULLMOVE_HI    0004  STATE_FULLMOVE_LO    0003  STATE_HALFMOVE    0000  STATE_SIDE_TO_MOVE
0006  STATE_W_KING_SQ    64a0  STATIC_EVAL_HI    64a1  STATIC_EVAL_LO    2852  STORE_KILLER_MOVE
0dea  STORM_PEN     305a  STRCMP        306d  STRCMP_DIFF    306a  STRCMP_EQUAL
3070  STRNCMP       3086  STRNCMP_CHECK_END    3090  STRNCMP_DIFF    308d  STRNCMP_EQUAL
2ca8  STR_BESTMOVE    2c0c  STR_GO        2c3d  STR_ID_AUTHOR    2c24  STR_ID_NAME
2cb2  STR_INFO_DEPTH    2cd1  STR_INFO_RMV    2bfb  STR_ISREADY    2cc9  STR_NODES 
2c62  STR_OPTION_DEPTH    2c03  STR_POSITION    2c0f  STR_QUIT      2c9e  STR_READYOK
2cbe  STR_SCORE_CP    2c1f  STR_STOP      2bf7  STR_UCI       2c14  STR_UCINEWGAME
2c96  STR_UCIOK     2bb7  SUCI_POSITIVE    64c6  TARGET_DEPTH    641d  TRACE_WHERE
56f2  TT_CLEAR      56fa  TT_CLEAR_LOOP    64be  TT_DEPTH      0100  TT_ENTRIES
0008  TT_ENTRY_SIZE    64bf  TT_FLAG       0002  TT_FLAG_ALPHA    0003  TT_FLAG_BETA
0001  TT_FLAG_EXACT    0000  TT_FLAG_NONE    64bb  TT_HIT        00ff  TT_INDEX_MASK
64c0  TT_MOVE_HI    64c1  TT_MOVE_LO    0004  TT_OFF_DEPTH    0005  TT_OFF_FLAG
0000  TT_OFF_HASH_HI    0001  TT_OFF_HASH_LO    0006  TT_OFF_MOVE_HI    0007  TT_OFF_MOVE_LO
0002  TT_OFF_SCORE_HI    0003  TT_OFF_SCORE_LO    5708  TT_PROBE      579e  TT_PROBE_MISS
64bc  TT_SCORE_HI    64bd  TT_SCORE_LO    57a8  TT_STORE      6800  TT_TABLE  
0001  UART_DATA     0001  UART_RX_RDY    0002  UART_STATUS    0002  UART_TX_RDY
3041  UCI_BM_IS_PROMO    3046  UCI_BM_NO_PROMO    7000  UCI_BUFFER    07ff  UCI_BUFFER_LEN
2ef5  UCI_CMD_GO    2dbe  UCI_CMD_ISREADY    2dc6  UCI_CMD_POSITION    2fdd  UCI_CMD_QUIT
300b  UCI_CMD_STOP    2da1  UCI_CMD_UCI    2fe0  UCI_CMD_UCINEWGAME    2f57  UCI_GO_SEARCH
2f61  UCI_GO_SEND_MOVE    2f37  UCI_GO_SET_DEPTH    2ea1  UCI_HIST_DONE    2cfd  UCI_INIT  
2ecf  UCI_POS_DONE    2e1e  UCI_POS_MOVE_LOOP    2e2b  UCI_POS_PARSE_MOVE    2d3e  UCI_PROCESS_COMMAND
2e73  UCI_PROMO_BISHOP    2e7c  UCI_PROMO_DONE    2e78  UCI_PROMO_KNIGHT    2e69  UCI_PROMO_QUEEN
2e6e  UCI_PROMO_ROOK    2e7a  UCI_PROMO_STORE    0001  UCI_READY     2d2f  UCI_READ_DONE
2d07  UCI_READ_LINE    2d0f  UCI_READ_LOOP    300c  UCI_SEND_BEST_MOVE    64b8  UCI_STATE 
64cc  UINT_BUFFER    0c9c  UM_BLACK_KING    0c6a  UM_CAP_DONE    0cc5  UM_CASTLE_KS
0cf5  UM_CASTLE_QS    0d78  UM_HASH_GOT_PIECE    0d69  UM_HASH_NOT_PROMO    0d22  UM_NOT_KING
0c7c  UM_NOT_PROMOTION    0ca0  UM_STORE_KING    0c95  UM_WHITE_KING    6408  UNDO_CAPTURED
64ff  UNDO_CAP_SQ    640b  UNDO_CASTLING    640c  UNDO_EP       6409  UNDO_FROM 
640d  UNDO_HALFMOVE    6404  UNDO_PROMOTION    640a  UNDO_TO       0c2e  UNMAKE_MOVE
0001  USE_BIOS      0000  USE_BITBANG    0000  USE_EF1       0000  USE_EF2   
0001  USE_EF3       0000  USE_EF4       0000  USE_HISTORY    0000  USE_KILLER_MOVES
0000  USE_OPENING_BOOK    0000  USE_PST       0000  USE_TRANSPOSITION_TABLE    0000  USE_UART  
0000  WHITE         5eec  WORKSPACE_CLEAR    5ef8  WORKSPACE_CLEAR_LOOP    5f11  WORKSPACE_CLEAR_ML_LOOP
0003  W_BISHOP      0006  W_KING        0002  W_KNIGHT      0001  W_PAWN    
6710  W_PAWN_FILE_CT    0005  W_QUEEN       64b5  W_QUEEN_CNT    6720  W_QUEEN_SQ
0004  W_ROOK        5e91  ZOBRIST_CASTLE    5e99  ZOBRIST_EP    588f  ZOBRIST_PIECE_SQ
5e8f  ZOBRIST_SIDE    
